sop_uid,study_uid,series_uid,relative_path,original_path,filename,size_bytes
1.2.643.5.1.13.13.12.2.77.8252.14031015091008031013040205110915,1.2.643.5.1.13.13.12.2.77.8252.08110703091310150605090907130304,1.2.643.5.1.13.13.12.2.77.8252.07020303111406071106010615130206,1.2.840.113619.2.110.512719.20250403090444/series_004_3_CR/DXA/CR DXA/CR000000.dcm,C:\Users\Андрей\Desktop\Хакатон\Исследования\1.2.840.113619.2.110.512719.20250403090444\series_004_3_CR\DXA\CR DXA\CR000000.dcm,CR000000.dcm,88238
1.2.643.5.1.13.13.12.2.77.8252.03030811151201151502050615010000,1.2.643.5.1.13.13.12.2.77.8252.08110703091310150605090907130304,1.2.643.5.1.13.13.12.2.77.8252.07020303111406071106010615130206,1.2.840.113619.2.110.512719.20250403090444/series_004_3_CR/DXA/CR DXA/CR000001.dcm,C:\Users\Андрей\Desktop\Хакатон\Исследования\1.2.840.113619.2.110.512719.20250403090444\series_004_3_CR\DXA\CR DXA\CR000001.dcm,CR000001.dcm,67292
1.2.643.5.1.13.13.12.2.77.8252.06000812101106141213041404150112,1.2.643.5.1.13.13.12.2.77.8252.08110703091310150605090907130304,1.2.643.5.1.13.13.12.2.77.8252.07020303111406071106010615130206,1.2.840.113619.2.110.512719.20250403090444/series_004_3_CR/DXA/CR DXA/CR000002.dcm,C:\Users\Андрей\Desktop\Хакатон\Исследования\1.2.840.113619.2.110.512719.20250403090444\series_004_3_CR\DXA\CR DXA\CR000002.dcm,CR000002.dcm,75258
1.2.643.5.1.13.13.12.2.77.8252.10130209021503050013090302090705,1.2.643.5.1.13.13.12.2.77.8252.08110703091310150605090907130304,1.2.643.5.1.13.13.12.2.77.8252.07020303111406071106010615130206,1.2.840.113619.2.110.512719.20250403090444/series_004_3_CR/DXA/CR DXA/CR000003.dcm,C:\Users\Андрей\Desktop\Хакатон\Исследования\1.2.840.113619.2.110.512719.20250403090444\series_004_3_CR\DXA\CR DXA\CR000003.dcm,CR000003.dcm,75132
1.2.643.5.1.13.13.12.2.77.8252.13011105091309080008130511041109,1.2.643.5.1.13.13.12.2.77.8252.08110703091310150605090907130304,1.2.643.5.1.13.13.12.2.77.8252.07020303111406071106010615130206,1.2.840.113619.2.110.512719.20250403090444/series_004_3_CR/DXA/CR DXA/CR000004.dcm,C:\Users\Андрей\Desktop\Хакатон\Исследования\1.2.840.113619.2.110.512719.20250403090444\series_004_3_CR\DXA\CR DXA\CR000004.dcm,CR000004.dcm,67418
1.2.643.5.1.13.13.12.2.77.8252.04131215000514000414051510091103,1.2.643.5.1.13.13.12.2.77.8252.08110703091310150605090907130304,1.2.643.5.1.13.13.12.2.77.8252.07020303111406071106010615130206,1.2.840.113619.2.110.512719.20250403090444/series_004_3_CR/DXA/CR DXA/CR000005.dcm,C:\Users\Андрей\Desktop\Хакатон\Исследования\1.2.840.113619.2.110.512719.20250403090444\series_004_3_CR\DXA\CR DXA\CR000005.dcm,CR000005.dcm,88318
1.2.643.5.1.13.13.12.2.77.8252.06140010030611061314081200121305,1.2.643.5.1.13.13.12.2.77.8252.06000805130607060714150602050114,1.2.643.5.1.13.13.12.2.77.8252.05040708141011140110131207130812,1.2.840.113619.2.110.512719.20250403092052/series_003_3_CR/DXA/CR DXA/CR000000.dcm,C:\Users\Андрей\Desktop\Хакатон\Исследования\1.2.840.113619.2.110.512719.20250403092052\series_003_3_CR\DXA\CR DXA\CR000000.dcm,CR000000.dcm,67372
1.2.643.5.1.13.13.12.2.77.8252.09050515110402090102050206010406,1.2.643.5.1.13.13.12.2.77.8252.06000805130607060714150602050114,1.2.643.5.1.13.13.12.2.77.8252.05040708141011140110131207130812,1.2.840.113619.2.110.512719.20250403092052/series_003_3_CR/DXA/CR DXA/CR000001.dcm,C:\Users\Андрей\Desktop\Хакатон\Исследования\1.2.840.113619.2.110.512719.20250403092052\series_003_3_CR\DXA\CR DXA\CR000001.dcm,CR000001.dcm,96892
1.2.643.5.1.13.13.12.2.77.8252.09040712010609120601031410140610,1.2.643.5.1.13.13.12.2.77.8252.06000805130607060714150602050114,1.2.643.5.1.13.13.12.2.77.8252.05040708141011140110131207130812,1.2.840.113619.2.110.512719.20250403092052/series_003_3_CR/DXA/CR DXA/CR000002.dcm,C:\Users\Андрей\Desktop\Хакатон\Исследования\1.2.840.113619.2.110.512719.20250403092052\series_003_3_CR\DXA\CR DXA\CR000002.dcm,CR000002.dcm,75132
1.2.643.5.1.13.13.12.2.77.8252.07120303070106110214090814060908,1.2.643.5.1.13.13.12.2.77.8252.06000805130607060714150602050114,1.2.643.5.1.13.13.12.2.77.8252.05040708141011140110131207130812,1.2.840.113619.2.110.512719.20250403092052/series_003_3_CR/DXA/CR DXA/CR000003.dcm,C:\Users\Андрей\Desktop\Хакатон\Исследования\1.2.840.113619.2.110.512719.20250403092052\series_003_3_CR\DXA\CR DXA\CR000003.dcm,CR000003.dcm,75212
1.2.643.5.1.13.13.12.2.77.8252.14060811030909110008140112131212,1.2.643.5.1.13.13.12.2.77.8252.06000805130607060714150602050114,1.2.643.5.1.13.13.12.2.77.8252.05040708141011140110131207130812,1.2.840.113619.2.110.512719.20250403092052/series_003_3_CR/DXA/CR DXA/CR000004.dcm,C:\Users\Андрей\Desktop\Хакатон\Исследования\1.2.840.113619.2.110.512719.20250403092052\series_003_3_CR\DXA\CR DXA\CR000004.dcm,CR000004.dcm,67292
1.2.643.5.1.13.13.12.2.77.8252.06111207031100151513000412070105,1.2.643.5.1.13.13.12.2.77.8252.06000805130607060714150602050114,1.2.643.5.1.13.13.12.2.77.8252.05040708141011140110131207130812,1.2.840.113619.2.110.512719.20250403092052/series_003_3_CR/DXA/CR DXA/CR000005.dcm,C:\Users\Андрей\Desktop\Хакатон\Исследования\1.2.840.113619.2.110.512719.20250403092052\series_003_3_CR\DXA\CR DXA\CR000005.dcm,CR000005.dcm,96972
1.2.643.5.1.13.13.12.2.77.8252.07140808121311040315101301051200,1.2.643.5.1.13.13.12.2.77.8252.02060902040212120608040605100100,1.2.643.5.1.13.13.12.2.77.8252.00150800070710000601130003010101,1.2.840.113619.2.110.512719.20250407113211/series_001_2_CR/DXA/CR DXA/CR000000.dcm,C:\Users\Андрей\Desktop\Хакатон\Исследования\1.2.840.113619.2.110.512719.20250407113211\series_001_2_CR\DXA\CR DXA\CR000000.dcm,CR000000.dcm,75132
1.2.643.5.1.13.13.12.2.77.8252.10011302120900111505101501141402,1.2.643.5.1.13.13.12.2.77.8252.02060902040212120608040605100100,1.2.643.5.1.13.13.12.2.77.8252.00150800070710000601130003010101,1.2.840.113619.2.110.512719.20250407113211/series_001_2_CR/DXA/CR DXA/CR000001.dcm,C:\Users\Андрей\Desktop\Хакатон\Исследования\1.2.840.113619.2.110.512719.20250407113211\series_001_2_CR\DXA\CR DXA\CR000001.dcm,CR000001.dcm,75692
1.2.643.5.1.13.13.12.2.77.8252.03030413031313090107050002151508,1.2.643.5.1.13.13.12.2.77.8252.02060902040212120608040605100100,1.2.643.5.1.13.13.12.2.77.8252.00150800070710000601130003010101,1.2.840.113619.2.110.512719.20250407113211/series_001_2_CR/DXA/CR DXA/CR000002.dcm,C:\Users\Андрей\Desktop\Хакатон\Исследования\1.2.840.113619.2.110.512719.20250407113211\series_001_2_CR\DXA\CR DXA\CR000002.dcm,CR000002.dcm,75212
1.2.643.5.1.13.13.12.2.77.8252.13101207101114060008151413130115,1.2.643.5.1.13.13.12.2.77.8252.02060902040212120608040605100100,1.2.643.5.1.13.13.12.2.77.8252.00150800070710000601130003010101,1.2.840.113619.2.110.512719.20250407113211/series_001_2_CR/DXA/CR DXA/CR000003.dcm,C:\Users\Андрей\Desktop\Хакатон\Исследования\1.2.840.113619.2.110.512719.20250407113211\series_001_2_CR\DXA\CR DXA\CR000003.dcm,CR000003.dcm,88872
1.2.643.5.1.13.13.12.2.77.8252.07150612000412081110110102150004,1.2.643.5.1.13.13.12.2.77.8252.02060902040212120608040605100100,1.2.643.5.1.13.13.12.2.77.8252.00150800070710000601130003010101,1.2.840.113619.2.110.512719.20250407113211/series_001_2_CR/DXA/CR DXA/CR000004.dcm,C:\Users\Андрей\Desktop\Хакатон\Исследования\1.2.840.113619.2.110.512719.20250407113211\series_001_2_CR\DXA\CR DXA\CR000004.dcm,CR000004.dcm,88792
1.2.643.5.1.13.13.12.2.77.8252.08010006000103071201020606001302,1.2.643.5.1.13.13.12.2.77.8252.02060902040212120608040605100100,1.2.643.5.1.13.13.12.2.77.8252.00150800070710000601130003010101,1.2.840.113619.2.110.512719.20250407113211/series_001_2_CR/DXA/CR DXA/CR000005.dcm,C:\Users\Андрей\Desktop\Хакатон\Исследования\1.2.840.113619.2.110.512719.20250407113211\series_001_2_CR\DXA\CR DXA\CR000005.dcm,CR000005.dcm,75772
1.2.643.5.1.13.13.12.2.77.8252.07000215121313030213041009101409,1.2.643.5.1.13.13.12.2.77.8252.13060115000811100715140205030915,1.2.643.5.1.13.13.12.2.77.8252.11040905131208141412091115130905,2.25.10245777060263212829333021434108890537/series_003_2_CR/A2504412435 DXA/CR DXA/CR000000.dcm,C:\Users\Андрей\Desktop\Хакатон\Исследования\2.25.10245777060263212829333021434108890537\series_003_2_CR\A2504412435 DXA\CR DXA\CR000000.dcm,CR000000.dcm,83054
1.2.643.5.1.13.13.12.2.77.8252.14131410040814100713070401091213,1.2.643.5.1.13.13.12.2.77.8252.13060115000811100715140205030915,1.2.643.5.1.13.13.12.2.77.8252.11040905131208141412091115130905,2.25.10245777060263212829333021434108890537/series_003_2_CR/A2504412435 DXA/CR DXA/CR000001.dcm,C:\Users\Андрей\Desktop\Хакатон\Исследования\2.25.10245777060263212829333021434108890537\series_003_2_CR\A2504412435 DXA\CR DXA\CR000001.dcm,CR000001.dcm,96974
1.2.643.5.1.13.13.12.2.77.8252.03081500040505121009070211080902,1.2.643.5.1.13.13.12.2.77.8252.13060115000811100715140205030915,1.2.643.5.1.13.13.12.2.77.8252.11040905131208141412091115130905,2.25.10245777060263212829333021434108890537/series_003_2_CR/A2504412435 DXA/CR DXA/CR000002.dcm,C:\Users\Андрей\Desktop\Хакатон\Исследования\2.25.10245777060263212829333021434108890537\series_003_2_CR\A2504412435 DXA\CR DXA\CR000002.dcm,CR000002.dcm,83334
1.2.643.5.1.13.13.12.2.77.8252.01140903011212140408111315130511,1.2.643.5.1.13.13.12.2.77.8252.05091110020805070808081311010412,1.2.643.5.1.13.13.12.2.77.8252.02060214150705060904080407131009,2.25.102755089973625799055786462646268820450/series_002_2_CR/A2504257770 DXA/CR DXA/CR000000.dcm,C:\Users\Андрей\Desktop\Хакатон\Исследования\2.25.102755089973625799055786462646268820450\series_002_2_CR\A2504257770 DXA\CR DXA\CR000000.dcm,CR000000.dcm,67346
1.2.643.5.1.13.13.12.2.77.8252.10030113050111051002020402141304,1.2.643.5.1.13.13.12.2.77.8252.05091110020805070808081311010412,1.2.643.5.1.13.13.12.2.77.8252.02060214150705060904080407131009,2.25.102755089973625799055786462646268820450/series_002_2_CR/A2504257770 DXA/CR DXA/CR000001.dcm,C:\Users\Андрей\Desktop\Хакатон\Исследования\2.25.102755089973625799055786462646268820450\series_002_2_CR\A2504257770 DXA\CR DXA\CR000001.dcm,CR000001.dcm,87646
1.2.643.5.1.13.13.12.2.77.8252.10100907120107030904131503081506,1.2.643.5.1.13.13.12.2.77.8252.05091110020805070808081311010412,1.2.643.5.1.13.13.12.2.77.8252.02060214150705060904080407131009,2.25.102755089973625799055786462646268820450/series_002_2_CR/A2504257770 DXA/CR DXA/CR000002.dcm,C:\Users\Андрей\Desktop\Хакатон\Исследования\2.25.102755089973625799055786462646268820450\series_002_2_CR\A2504257770 DXA\CR DXA\CR000002.dcm,CR000002.dcm,74626
1.2.643.5.1.13.13.12.2.77.8252.11020107010405070800051206110610,1.2.643.5.1.13.13.12.2.77.8252.05091110020805070808081311010412,1.2.643.5.1.13.13.12.2.77.8252.02060214150705060904080407131009,2.25.102755089973625799055786462646268820450/series_002_2_CR/A2504257770 DXA/CR DXA/CR000003.dcm,C:\Users\Андрей\Desktop\Хакатон\Исследования\2.25.102755089973625799055786462646268820450\series_002_2_CR\A2504257770 DXA\CR DXA\CR000003.dcm,CR000003.dcm,74626
1.2.643.5.1.13.13.12.2.77.8252.07001207050006000600091513060701,1.2.643.5.1.13.13.12.2.77.8252.05091110020805070808081311010412,1.2.643.5.1.13.13.12.2.77.8252.02060214150705060904080407131009,2.25.102755089973625799055786462646268820450/series_002_2_CR/A2504257770 DXA/CR DXA/CR000004.dcm,C:\Users\Андрей\Desktop\Хакатон\Исследования\2.25.102755089973625799055786462646268820450\series_002_2_CR\A2504257770 DXA\CR DXA\CR000004.dcm,CR000004.dcm,87646
1.2.643.5.1.13.13.12.2.77.8252.10091111150614140108020903000009,1.2.643.5.1.13.13.12.2.77.8252.05091110020805070808081311010412,1.2.643.5.1.13.13.12.2.77.8252.02060214150705060904080407131009,2.25.102755089973625799055786462646268820450/series_002_2_CR/A2504257770 DXA/CR DXA/CR000005.dcm,C:\Users\Андрей\Desktop\Хакатон\Исследования\2.25.102755089973625799055786462646268820450\series_002_2_CR\A2504257770 DXA\CR DXA\CR000005.dcm,CR000005.dcm,67346
1.2.643.5.1.13.13.12.2.77.8252.10140807011010031112140700150015,1.2.643.5.1.13.13.12.2.77.8252.02150001030902110114090106081007,1.2.643.5.1.13.13.12.2.77.8252.14031404130111051113020901140508,2.25.102965897799404973225419898683246248872/series_001_2_CR/A250726353 DXA/CR DXA/CR000000.dcm,C:\Users\Андрей\Desktop\Хакатон\Исследования\2.25.102965897799404973225419898683246248872\series_001_2_CR\A250726353 DXA\CR DXA\CR000000.dcm,CR000000.dcm,67346
1.2.643.5.1.13.13.12.2.77.8252.11011413051206050400150606100110,1.2.643.5.1.13.13.12.2.77.8252.02150001030902110114090106081007,1.2.643.5.1.13.13.12.2.77.8252.14031404130111051113020901140508,2.25.102965897799404973225419898683246248872/series_001_2_CR/A250726353 DXA/CR DXA/CR000001.dcm,C:\Users\Андрей\Desktop\Хакатон\Исследования\2.25.102965897799404973225419898683246248872\series_001_2_CR\A250726353 DXA\CR DXA\CR000001.dcm,CR000001.dcm,96182
1.2.643.5.1.13.13.12.2.77.8252.06050309100102041203101101110913,1.2.643.5.1.13.13.12.2.77.8252.02150001030902110114090106081007,1.2.643.5.1.13.13.12.2.77.8252.14031404130111051113020901140508,2.25.102965897799404973225419898683246248872/series_001_2_CR/A250726353 DXA/CR DXA/CR000002.dcm,C:\Users\Андрей\Desktop\Хакатон\Исследования\2.25.102965897799404973225419898683246248872\series_001_2_CR\A250726353 DXA\CR DXA\CR000002.dcm,CR000002.dcm,75186
1.2.643.5.1.13.13.12.2.77.8252.15031208100010080909150509041308,1.2.643.5.1.13.13.12.2.77.8252.01081208070113050704060608151002,1.2.643.5.1.13.13.12.2.77.8252.12050900010703051402030614020613,2.25.103868781101960771917584077315578649178/series_001_3_CR/A2507485409 DXA/CR DXA/CR000000.dcm,C:\Users\Андрей\Desktop\Хакатон\Исследования\2.25.103868781101960771917584077315578649178\series_001_3_CR\A2507485409 DXA\CR DXA\CR000000.dcm,CR000000.dcm,91688
1.2.643.5.1.13.13.12.2.77.8252.12051209130410130502141403101414,1.2.643.5.1.13.13.12.2.77.8252.01081208070113050704060608151002,1.2.643.5.1.13.13.12.2.77.8252.12050900010703051402030614020613,2.25.103868781101960771917584077315578649178/series_001_3_CR/A2507485409 DXA/CR DXA/CR000001.dcm,C:\Users\Андрей\Desktop\Хакатон\Исследования\2.25.103868781101960771917584077315578649178\series_001_3_CR\A2507485409 DXA\CR DXA\CR000001.dcm,CR000001.dcm,91172
1.2.643.5.1.13.13.12.2.77.8252.08120904010605130814050710080508,1.2.643.5.1.13.13.12.2.77.8252.01081208070113050704060608151002,1.2.643.5.1.13.13.12.2.77.8252.12050900010703051402030614020613,2.25.103868781101960771917584077315578649178/series_001_3_CR/A2507485409 DXA/CR DXA/CR000002.dcm,C:\Users\Андрей\Desktop\Хакатон\Исследования\2.25.103868781101960771917584077315578649178\series_001_3_CR\A2507485409 DXA\CR DXA\CR000002.dcm,CR000002.dcm,88274
1.2.643.5.1.13.13.12.2.77.8252.00071307071102020311080215100104,1.2.643.5.1.13.13.12.2.77.8252.07010502020008121005080211011503,1.2.643.5.1.13.13.12.2.77.8252.02090908130314030815090205060103,2.25.105033841136787477881326326053319223817/series_001_2_CR/A250790559 DXA/CR DXA/CR000000.dcm,C:\Users\Андрей\Desktop\Хакатон\Исследования\2.25.105033841136787477881326326053319223817\series_001_2_CR\A250790559 DXA\CR DXA\CR000000.dcm,CR000000.dcm,96972
1.2.643.5.1.13.13.12.2.77.8252.12021012060504060503030002061208,1.2.643.5.1.13.13.12.2.77.8252.07010502020008121005080211011503,1.2.643.5.1.13.13.12.2.77.8252.02090908130314030815090205060103,2.25.105033841136787477881326326053319223817/series_001_2_CR/A250790559 DXA/CR DXA/CR000001.dcm,C:\Users\Андрей\Desktop\Хакатон\Исследования\2.25.105033841136787477881326326053319223817\series_001_2_CR\A250790559 DXA\CR DXA\CR000001.dcm,CR000001.dcm,97052
1.2.643.5.1.13.13.12.2.77.8252.11131406091213131205130612021414,1.2.643.5.1.13.13.12.2.77.8252.07010502020008121005080211011503,1.2.643.5.1.13.13.12.2.77.8252.02090908130314030815090205060103,2.25.105033841136787477881326326053319223817/series_001_2_CR/A250790559 DXA/CR DXA/CR000002.dcm,C:\Users\Андрей\Desktop\Хакатон\Исследования\2.25.105033841136787477881326326053319223817\series_001_2_CR\A250790559 DXA\CR DXA\CR000002.dcm,CR000002.dcm,75852
1.2.643.5.1.13.13.12.2.77.8252.14130208070502001411050502150202,1.2.643.5.1.13.13.12.2.77.8252.07010502020008121005080211011503,1.2.643.5.1.13.13.12.2.77.8252.02090908130314030815090205060103,2.25.105033841136787477881326326053319223817/series_001_2_CR/A250790559 DXA/CR DXA/CR000003.dcm,C:\Users\Андрей\Desktop\Хакатон\Исследования\2.25.105033841136787477881326326053319223817\series_001_2_CR\A250790559 DXA\CR DXA\CR000003.dcm,CR000003.dcm,67888
1.2.643.5.1.13.13.12.2.77.8252.11120508121303130402081303070008,1.2.643.5.1.13.13.12.2.77.8252.07010502020008121005080211011503,1.2.643.5.1.13.13.12.2.77.8252.02090908130314030815090205060103,2.25.105033841136787477881326326053319223817/series_001_2_CR/A250790559 DXA/CR DXA/CR000004.dcm,C:\Users\Андрей\Desktop\Хакатон\Исследования\2.25.105033841136787477881326326053319223817\series_001_2_CR\A250790559 DXA\CR DXA\CR000004.dcm,CR000004.dcm,68012
1.2.643.5.1.13.13.12.2.77.8252.03090510061307040702090411010105,1.2.643.5.1.13.13.12.2.77.8252.07010502020008121005080211011503,1.2.643.5.1.13.13.12.2.77.8252.02090908130314030815090205060103,2.25.105033841136787477881326326053319223817/series_001_2_CR/A250790559 DXA/CR DXA/CR000005.dcm,C:\Users\Андрей\Desktop\Хакатон\Исследования\2.25.105033841136787477881326326053319223817\series_001_2_CR\A250790559 DXA\CR DXA\CR000005.dcm,CR000005.dcm,75728
1.2.643.5.1.13.13.12.2.77.8252.14031513011512070711151413071213,1.2.643.5.1.13.13.12.2.77.8252.00011402030913150507081413120310,1.2.643.5.1.13.13.12.2.77.8252.14060700010215010604121013130202,2.25.108537195937431169718850276671337677972/series_002_2_CR/A250479795 DXA/CR DXA/CR000000.dcm,C:\Users\Андрей\Desktop\Хакатон\Исследования\2.25.108537195937431169718850276671337677972\series_002_2_CR\A250479795 DXA\CR DXA\CR000000.dcm,CR000000.dcm,88290
1.2.643.5.1.13.13.12.2.77.8252.07121414121104070401050315140813,1.2.643.5.1.13.13.12.2.77.8252.01021511080002000006040601030906,1.2.643.5.1.13.13.12.2.77.8252.06110201011504150103041213130110,2.25.11175860580562939441493697221497597640/series_003_2_CR/A2507431060 DXA/CR DXA/CR000000.dcm,C:\Users\Андрей\Desktop\Хакатон\Исследования\2.25.11175860580562939441493697221497597640\series_003_2_CR\A2507431060 DXA\CR DXA\CR000000.dcm,CR000000.dcm,99048
1.2.643.5.1.13.13.12.2.77.8252.11051001091403121310010813110103,1.2.643.5.1.13.13.12.2.77.8252.01021511080002000006040601030906,1.2.643.5.1.13.13.12.2.77.8252.06110201011504150103041213130110,2.25.11175860580562939441493697221497597640/series_003_2_CR/A2507431060 DXA/CR DXA/CR000001.dcm,C:\Users\Андрей\Desktop\Хакатон\Исследования\2.25.11175860580562939441493697221497597640\series_003_2_CR\A2507431060 DXA\CR DXA\CR000001.dcm,CR000001.dcm,96108
1.2.643.5.1.13.13.12.2.77.8252.12051512011202090502051206130907,1.2.643.5.1.13.13.12.2.77.8252.01021511080002000006040601030906,1.2.643.5.1.13.13.12.2.77.8252.06110201011504150103041213130110,2.25.11175860580562939441493697221497597640/series_003_2_CR/A2507431060 DXA/CR DXA/CR000002.dcm,C:\Users\Андрей\Desktop\Хакатон\Исследования\2.25.11175860580562939441493697221497597640\series_003_2_CR\A2507431060 DXA\CR DXA\CR000002.dcm,CR000002.dcm,83088
1.2.643.5.1.13.13.12.2.77.8252.08110803080105090710150006100300,1.2.643.5.1.13.13.12.2.77.8252.01021511080002000006040601030906,1.2.643.5.1.13.13.12.2.77.8252.06110201011504150103041213130110,2.25.11175860580562939441493697221497597640/series_003_2_CR/A2507431060 DXA/CR DXA/CR000003.dcm,C:\Users\Андрей\Desktop\Хакатон\Исследования\2.25.11175860580562939441493697221497597640\series_003_2_CR\A2507431060 DXA\CR DXA\CR000003.dcm,CR000003.dcm,83008
1.2.643.5.1.13.13.12.2.77.8252.13030903151515081500090603041412,1.2.643.5.1.13.13.12.2.77.8252.01021511080002000006040601030906,1.2.643.5.1.13.13.12.2.77.8252.06110201011504150103041213130110,2.25.11175860580562939441493697221497597640/series_003_2_CR/A2507431060 DXA/CR DXA/CR000004.dcm,C:\Users\Андрей\Desktop\Хакатон\Исследования\2.25.11175860580562939441493697221497597640\series_003_2_CR\A2507431060 DXA\CR DXA\CR000004.dcm,CR000004.dcm,96028
1.2.643.5.1.13.13.12.2.77.8252.08101400121500101415120401040211,1.2.643.5.1.13.13.12.2.77.8252.01021511080002000006040601030906,1.2.643.5.1.13.13.12.2.77.8252.06110201011504150103041213130110,2.25.11175860580562939441493697221497597640/series_003_2_CR/A2507431060 DXA/CR DXA/CR000005.dcm,C:\Users\Андрей\Desktop\Хакатон\Исследования\2.25.11175860580562939441493697221497597640\series_003_2_CR\A2507431060 DXA\CR DXA\CR000005.dcm,CR000005.dcm,98968
1.2.643.5.1.13.13.12.2.77.8252.15090515141309140806011408041204,1.2.643.5.1.13.13.12.2.77.8252.14150011111304110807130802031100,1.2.643.5.1.13.13.12.2.77.8252.05110008101209050614020515000101,2.25.112621744005021908434051268014787122937/series_002_2_CR/A2504301685 DXA/CR DXA/CR000000.dcm,C:\Users\Андрей\Desktop\Хакатон\Исследования\2.25.112621744005021908434051268014787122937\series_002_2_CR\A2504301685 DXA\CR DXA\CR000000.dcm,CR000000.dcm,88892
1.2.643.5.1.13.13.12.2.77.8252.03150400010605060115070904121304,1.2.643.5.1.13.13.12.2.77.8252.12090510061110050103011205010113,1.2.643.5.1.13.13.12.2.77.8252.02081303020303061507000314011215,2.25.114887542067602662452692698814728642117/series_001_2_CR/A2504131887 DXA/CR DXA/CR000000.dcm,C:\Users\Андрей\Desktop\Хакатон\Исследования\2.25.114887542067602662452692698814728642117\series_001_2_CR\A2504131887 DXA\CR DXA\CR000000.dcm,CR000000.dcm,91128
1.2.643.5.1.13.13.12.2.77.8252.15050814070214050107040604101305,1.2.643.5.1.13.13.12.2.77.8252.12090510061110050103011205010113,1.2.643.5.1.13.13.12.2.77.8252.02081303020303061507000314011215,2.25.114887542067602662452692698814728642117/series_001_2_CR/A2504131887 DXA/CR DXA/CR000001.dcm,C:\Users\Андрей\Desktop\Хакатон\Исследования\2.25.114887542067602662452692698814728642117\series_001_2_CR\A2504131887 DXA\CR DXA\CR000001.dcm,CR000001.dcm,91128
1.2.643.5.1.13.13.12.2.77.8252.00111415140915030904140513150113,1.2.643.5.1.13.13.12.2.77.8252.12090510061110050103011205010113,1.2.643.5.1.13.13.12.2.77.8252.02081303020303061507000314011215,2.25.114887542067602662452692698814728642117/series_001_2_CR/A2504131887 DXA/CR DXA/CR000002.dcm,C:\Users\Андрей\Desktop\Хакатон\Исследования\2.25.114887542067602662452692698814728642117\series_001_2_CR\A2504131887 DXA\CR DXA\CR000002.dcm,CR000002.dcm,91038
1.2.643.5.1.13.13.12.2.77.8252.08111114040702130902010708100700,1.2.643.5.1.13.13.12.2.77.8252.12090510061110050103011205010113,1.2.643.5.1.13.13.12.2.77.8252.02081303020303061507000314011215,2.25.114887542067602662452692698814728642117/series_001_2_CR/A2504131887 DXA/CR DXA/CR000003.dcm,C:\Users\Андрей\Desktop\Хакатон\Исследования\2.25.114887542067602662452692698814728642117\series_001_2_CR\A2504131887 DXA\CR DXA\CR000003.dcm,CR000003.dcm,91038
1.2.643.5.1.13.13.12.2.77.8252.10001500010311100907131007040004,1.2.643.5.1.13.13.12.2.77.8252.12090510061110050103011205010113,1.2.643.5.1.13.13.12.2.77.8252.02081303020303061507000314011215,2.25.114887542067602662452692698814728642117/series_001_2_CR/A2504131887 DXA/CR DXA/CR000004.dcm,C:\Users\Андрей\Desktop\Хакатон\Исследования\2.25.114887542067602662452692698814728642117\series_001_2_CR\A2504131887 DXA\CR DXA\CR000004.dcm,CR000004.dcm,97528
1.2.643.5.1.13.13.12.2.77.8252.11151502000914000710090013020813,1.2.643.5.1.13.13.12.2.77.8252.12090510061110050103011205010113,1.2.643.5.1.13.13.12.2.77.8252.02081303020303061507000314011215,2.25.114887542067602662452692698814728642117/series_001_2_CR/A2504131887 DXA/CR DXA/CR000005.dcm,C:\Users\Андрей\Desktop\Хакатон\Исследования\2.25.114887542067602662452692698814728642117\series_001_2_CR\A2504131887 DXA\CR DXA\CR000005.dcm,CR000005.dcm,91128
1.2.643.5.1.13.13.12.2.77.8252.10141411130204150513090803110213,1.2.643.5.1.13.13.12.2.77.8252.12090510061110050103011205010113,1.2.643.5.1.13.13.12.2.77.8252.02081303020303061507000314011215,2.25.114887542067602662452692698814728642117/series_001_2_CR/A2504131887 DXA/CR DXA/CR000006.dcm,C:\Users\Андрей\Desktop\Хакатон\Исследования\2.25.114887542067602662452692698814728642117\series_001_2_CR\A2504131887 DXA\CR DXA\CR000006.dcm,CR000006.dcm,91218
1.2.643.5.1.13.13.12.2.77.8252.09060814101015050208090100150206,1.2.643.5.1.13.13.12.2.77.8252.12090510061110050103011205010113,1.2.643.5.1.13.13.12.2.77.8252.02081303020303061507000314011215,2.25.114887542067602662452692698814728642117/series_001_2_CR/A2504131887 DXA/CR DXA/CR000007.dcm,C:\Users\Андрей\Desktop\Хакатон\Исследования\2.25.114887542067602662452692698814728642117\series_001_2_CR\A2504131887 DXA\CR DXA\CR000007.dcm,CR000007.dcm,97528
1.2.643.5.1.13.13.12.2.77.8252.11060402050912131204000502001414,1.2.643.5.1.13.13.12.2.77.8252.12090510061110050103011205010113,1.2.643.5.1.13.13.12.2.77.8252.02081303020303061507000314011215,2.25.114887542067602662452692698814728642117/series_001_2_CR/A2504131887 DXA/CR DXA/CR000008.dcm,C:\Users\Андрей\Desktop\Хакатон\Исследования\2.25.114887542067602662452692698814728642117\series_001_2_CR\A2504131887 DXA\CR DXA\CR000008.dcm,CR000008.dcm,91298
1.2.643.5.1.13.13.12.2.77.8252.04051301070809101001111312060114,1.2.643.5.1.13.13.12.2.77.8252.12090510061110050103011205010113,1.2.643.5.1.13.13.12.2.77.8252.02081303020303061507000314011215,2.25.114887542067602662452692698814728642117/series_001_2_CR/A2504131887 DXA/CR DXA/CR000009.dcm,C:\Users\Андрей\Desktop\Хакатон\Исследования\2.25.114887542067602662452692698814728642117\series_001_2_CR\A2504131887 DXA\CR DXA\CR000009.dcm,CR000009.dcm,91298
1.2.643.5.1.13.13.12.2.77.8252.08050414010100010110100910070904,1.2.643.5.1.13.13.12.2.77.8252.12090510061110050103011205010113,1.2.643.5.1.13.13.12.2.77.8252.02081303020303061507000314011215,2.25.114887542067602662452692698814728642117/series_001_2_CR/A2504131887 DXA/CR DXA/CR000010.dcm,C:\Users\Андрей\Desktop\Хакатон\Исследования\2.25.114887542067602662452692698814728642117\series_001_2_CR\A2504131887 DXA\CR DXA\CR000010.dcm,CR000010.dcm,97698
1.2.643.5.1.13.13.12.2.77.8252.13011301091003020814061203020304,1.2.643.5.1.13.13.12.2.77.8252.09001101031503060803041311070312,1.2.643.5.1.13.13.12.2.77.8252.15051111130111110005031000130012,2.25.116822802042655971810859435524105064465/series_003_2_CR/A2507273296 DXA/CR DXA/CR000000.dcm,C:\Users\Андрей\Desktop\Хакатон\Исследования\2.25.116822802042655971810859435524105064465\series_003_2_CR\A2507273296 DXA\CR DXA\CR000000.dcm,CR000000.dcm,67346
1.2.643.5.1.13.13.12.2.77.8252.01010713081306120510130101121412,1.2.643.5.1.13.13.12.2.77.8252.09001101031503060803041311070312,1.2.643.5.1.13.13.12.2.77.8252.15051111130111110005031000130012,2.25.116822802042655971810859435524105064465/series_003_2_CR/A2507273296 DXA/CR DXA/CR000001.dcm,C:\Users\Андрей\Desktop\Хакатон\Исследования\2.25.116822802042655971810859435524105064465\series_003_2_CR\A2507273296 DXA\CR DXA\CR000001.dcm,CR000001.dcm,67346
1.2.643.5.1.13.13.12.2.77.8252.05150512091506110304120408070606,1.2.643.5.1.13.13.12.2.77.8252.09001101031503060803041311070312,1.2.643.5.1.13.13.12.2.77.8252.15051111130111110005031000130012,2.25.116822802042655971810859435524105064465/series_003_2_CR/A2507273296 DXA/CR DXA/CR000002.dcm,C:\Users\Андрей\Desktop\Хакатон\Исследования\2.25.116822802042655971810859435524105064465\series_003_2_CR\A2507273296 DXA\CR DXA\CR000002.dcm,CR000002.dcm,97036
1.2.643.5.1.13.13.12.2.77.8252.02101009080308000015051512140806,1.2.643.5.1.13.13.12.2.77.8252.00101409100812000205071213151011,1.2.643.5.1.13.13.12.2.77.8252.07091105080407061114081111060515,2.25.122446767306607067205618235949445789306/series_001_2_CR/A2504255080 DXA/CR DXA/CR000000.dcm,C:\Users\Андрей\Desktop\Хакатон\Исследования\2.25.122446767306607067205618235949445789306\series_001_2_CR\A2504255080 DXA\CR DXA\CR000000.dcm,CR000000.dcm,59612
1.2.643.5.1.13.13.12.2.77.8252.02091106060004131215091000000909,1.2.643.5.1.13.13.12.2.77.8252.00101409100812000205071213151011,1.2.643.5.1.13.13.12.2.77.8252.07091105080407061114081111060515,2.25.122446767306607067205618235949445789306/series_001_2_CR/A2504255080 DXA/CR DXA/CR000001.dcm,C:\Users\Андрей\Desktop\Хакатон\Исследования\2.25.122446767306607067205618235949445789306\series_001_2_CR\A2504255080 DXA\CR DXA\CR000001.dcm,CR000001.dcm,67328
1.2.643.5.1.13.13.12.2.77.8252.15060100040008041103060904131005,1.2.643.5.1.13.13.12.2.77.8252.00101409100812000205071213151011,1.2.643.5.1.13.13.12.2.77.8252.07091105080407061114081111060515,2.25.122446767306607067205618235949445789306/series_001_2_CR/A2504255080 DXA/CR DXA/CR000002.dcm,C:\Users\Андрей\Desktop\Хакатон\Исследования\2.25.122446767306607067205618235949445789306\series_001_2_CR\A2504255080 DXA\CR DXA\CR000002.dcm,CR000002.dcm,97052
1.2.643.5.1.13.13.12.2.77.8252.03040807040905131500140112021404,1.2.643.5.1.13.13.12.2.77.8252.00101409100812000205071213151011,1.2.643.5.1.13.13.12.2.77.8252.07091105080407061114081111060515,2.25.122446767306607067205618235949445789306/series_001_2_CR/A2504255080 DXA/CR DXA/CR000003.dcm,C:\Users\Андрей\Desktop\Хакатон\Исследования\2.25.122446767306607067205618235949445789306\series_001_2_CR\A2504255080 DXA\CR DXA\CR000003.dcm,CR000003.dcm,59488
1.2.643.5.1.13.13.12.2.77.8252.11100905091110000105111305090709,1.2.643.5.1.13.13.12.2.77.8252.00101409100812000205071213151011,1.2.643.5.1.13.13.12.2.77.8252.07091105080407061114081111060515,2.25.122446767306607067205618235949445789306/series_001_2_CR/A2504255080 DXA/CR DXA/CR000004.dcm,C:\Users\Андрей\Desktop\Хакатон\Исследования\2.25.122446767306607067205618235949445789306\series_001_2_CR\A2504255080 DXA\CR DXA\CR000004.dcm,CR000004.dcm,67452
1.2.643.5.1.13.13.12.2.77.8252.09071502150602001009041214040315,1.2.643.5.1.13.13.12.2.77.8252.00101409100812000205071213151011,1.2.643.5.1.13.13.12.2.77.8252.07091105080407061114081111060515,2.25.122446767306607067205618235949445789306/series_001_2_CR/A2504255080 DXA/CR DXA/CR000005.dcm,C:\Users\Андрей\Desktop\Хакатон\Исследования\2.25.122446767306607067205618235949445789306\series_001_2_CR\A2504255080 DXA\CR DXA\CR000005.dcm,CR000005.dcm,96972
1.2.643.5.1.13.13.12.2.77.8252.12031311070507060813050800031313,1.2.643.5.1.13.13.12.2.77.8252.11130601031507131510140912150209,1.2.643.5.1.13.13.12.2.77.8252.07010103100307150507061113030803,2.25.123175695355749859846173904788591707879/series_001_2_CR/A250722449 DXA/CR DXA/CR000000.dcm,C:\Users\Андрей\Desktop\Хакатон\Исследования\2.25.123175695355749859846173904788591707879\series_001_2_CR\A250722449 DXA\CR DXA\CR000000.dcm,CR000000.dcm,88290
1.2.643.5.1.13.13.12.2.77.8252.04131510070001011107040403071102,1.2.643.5.1.13.13.12.2.77.8252.04120502090713030002100002030500,1.2.643.5.1.13.13.12.2.77.8252.01091403020812111514040306051201,2.25.124890633326693921702195356152595253940/series_002_2_CR/A2504263153 DXA/CR DXA/CR000000.dcm,C:\Users\Андрей\Desktop\Хакатон\Исследования\2.25.124890633326693921702195356152595253940\series_002_2_CR\A2504263153 DXA\CR DXA\CR000000.dcm,CR000000.dcm,88228
1.2.643.5.1.13.13.12.2.77.8252.08050506060410091114110412130504,1.2.643.5.1.13.13.12.2.77.8252.04120502090713030002100002030500,1.2.643.5.1.13.13.12.2.77.8252.01091403020812111514040306051201,2.25.124890633326693921702195356152595253940/series_002_2_CR/A2504263153 DXA/CR DXA/CR000001.dcm,C:\Users\Андрей\Desktop\Хакатон\Исследования\2.25.124890633326693921702195356152595253940\series_002_2_CR\A2504263153 DXA\CR DXA\CR000001.dcm,CR000001.dcm,74608
1.2.643.5.1.13.13.12.2.77.8252.10081312010805021201100507060411,1.2.643.5.1.13.13.12.2.77.8252.04120502090713030002100002030500,1.2.643.5.1.13.13.12.2.77.8252.01091403020812111514040306051201,2.25.124890633326693921702195356152595253940/series_002_2_CR/A2504263153 DXA/CR DXA/CR000002.dcm,C:\Users\Андрей\Desktop\Хакатон\Исследования\2.25.124890633326693921702195356152595253940\series_002_2_CR\A2504263153 DXA\CR DXA\CR000002.dcm,CR000002.dcm,82448
1.2.643.5.1.13.13.12.2.77.8252.06141210040207130507130606070312,1.2.643.5.1.13.13.12.2.77.8252.04020303131005050903141411050509,1.2.643.5.1.13.13.12.2.77.8252.08140808151310041506080514150202,2.25.125521310320333648427417313254965624364/series_001_2_CR/A250444126 DXA/CR DXA/CR000000.dcm,C:\Users\Андрей\Desktop\Хакатон\Исследования\2.25.125521310320333648427417313254965624364\series_001_2_CR\A250444126 DXA\CR DXA\CR000000.dcm,CR000000.dcm,80472
1.2.643.5.1.13.13.12.2.77.8252.08121504041301080101130415050611,1.2.643.5.1.13.13.12.2.77.8252.06000203070703071315151100081515,1.2.643.5.1.13.13.12.2.77.8252.04050505111301121515051308151002,2.25.126293418391331346694592071563510265596/series_002_3_CR/A2507250865 DXA/CR DXA/CR000000.dcm,C:\Users\Андрей\Desktop\Хакатон\Исследования\2.25.126293418391331346694592071563510265596\series_002_3_CR\A2507250865 DXA\CR DXA\CR000000.dcm,CR000000.dcm,83118
1.2.643.5.1.13.13.12.2.77.8252.10031005061115110908060312000307,1.2.643.5.1.13.13.12.2.77.8252.06000203070703071315151100081515,1.2.643.5.1.13.13.12.2.77.8252.04050505111301121515051308151002,2.25.126293418391331346694592071563510265596/series_002_3_CR/A2507250865 DXA/CR DXA/CR000001.dcm,C:\Users\Андрей\Desktop\Хакатон\Исследования\2.25.126293418391331346694592071563510265596\series_002_3_CR\A2507250865 DXA\CR DXA\CR000001.dcm,CR000001.dcm,96692
1.2.643.5.1.13.13.12.2.77.8252.11151304101402090112060913070605,1.2.643.5.1.13.13.12.2.77.8252.06000203070703071315151100081515,1.2.643.5.1.13.13.12.2.77.8252.04050505111301121515051308151002,2.25.126293418391331346694592071563510265596/series_002_3_CR/A2507250865 DXA/CR DXA/CR000002.dcm,C:\Users\Андрей\Desktop\Хакатон\Исследования\2.25.126293418391331346694592071563510265596\series_002_3_CR\A2507250865 DXA\CR DXA\CR000002.dcm,CR000002.dcm,60066
1.2.643.5.1.13.13.12.2.77.8252.13130511100900071404010502130909,1.2.643.5.1.13.13.12.2.77.8252.01100712050309061210070903020211,1.2.643.5.1.13.13.12.2.77.8252.11001009100713020715070907091012,2.25.127126130998341190348103034690069487890/series_002_2_CR/A250428736 DXA/CR DXA/CR000000.dcm,C:\Users\Андрей\Desktop\Хакатон\Исследования\2.25.127126130998341190348103034690069487890\series_002_2_CR\A250428736 DXA\CR DXA\CR000000.dcm,CR000000.dcm,96752
1.2.643.5.1.13.13.12.2.77.8252.10040807011312021210130513011200,1.2.643.5.1.13.13.12.2.77.8252.01100712050309061210070903020211,1.2.643.5.1.13.13.12.2.77.8252.11001009100713020715070907091012,2.25.127126130998341190348103034690069487890/series_002_2_CR/A250428736 DXA/CR DXA/CR000001.dcm,C:\Users\Андрей\Desktop\Хакатон\Исследования\2.25.127126130998341190348103034690069487890\series_002_2_CR\A250428736 DXA\CR DXA\CR000001.dcm,CR000001.dcm,89728
1.2.643.5.1.13.13.12.2.77.8252.03120008051300001208141011101302,1.2.643.5.1.13.13.12.2.77.8252.01100712050309061210070903020211,1.2.643.5.1.13.13.12.2.77.8252.11001009100713020715070907091012,2.25.127126130998341190348103034690069487890/series_002_2_CR/A250428736 DXA/CR DXA/CR000002.dcm,C:\Users\Андрей\Desktop\Хакатон\Исследования\2.25.127126130998341190348103034690069487890\series_002_2_CR\A250428736 DXA\CR DXA\CR000002.dcm,CR000002.dcm,89852
1.2.643.5.1.13.13.12.2.77.8252.01070801081413060013111012010201,1.2.643.5.1.13.13.12.2.77.8252.01100712050309061210070903020211,1.2.643.5.1.13.13.12.2.77.8252.11001009100713020715070907091012,2.25.127126130998341190348103034690069487890/series_002_2_CR/A250428736 DXA/CR DXA/CR000003.dcm,C:\Users\Андрей\Desktop\Хакатон\Исследования\2.25.127126130998341190348103034690069487890\series_002_2_CR\A250428736 DXA\CR DXA\CR000003.dcm,CR000003.dcm,59208
1.2.643.5.1.13.13.12.2.77.8252.14080500031007021314121106040303,1.2.643.5.1.13.13.12.2.77.8252.01100712050309061210070903020211,1.2.643.5.1.13.13.12.2.77.8252.11001009100713020715070907091012,2.25.127126130998341190348103034690069487890/series_002_2_CR/A250428736 DXA/CR DXA/CR000004.dcm,C:\Users\Андрей\Desktop\Хакатон\Исследования\2.25.127126130998341190348103034690069487890\series_002_2_CR\A250428736 DXA\CR DXA\CR000004.dcm,CR000004.dcm,96672
1.2.643.5.1.13.13.12.2.77.8252.03020502031409151006020306090105,1.2.643.5.1.13.13.12.2.77.8252.01100712050309061210070903020211,1.2.643.5.1.13.13.12.2.77.8252.11001009100713020715070907091012,2.25.127126130998341190348103034690069487890/series_002_2_CR/A250428736 DXA/CR DXA/CR000005.dcm,C:\Users\Андрей\Desktop\Хакатон\Исследования\2.25.127126130998341190348103034690069487890\series_002_2_CR\A250428736 DXA\CR DXA\CR000005.dcm,CR000005.dcm,59332
1.2.643.5.1.13.13.12.2.77.8252.07111115111305011108141412010801,1.2.643.5.1.13.13.12.2.77.8252.09130409131001141403120204031509,1.2.643.5.1.13.13.12.2.77.8252.14081015040803031104010909101002,2.25.12798473087614376830819854616447908612/series_002_2_CR/A2507538847 DXA/CR DXA/CR000000.dcm,C:\Users\Андрей\Desktop\Хакатон\Исследования\2.25.12798473087614376830819854616447908612\series_002_2_CR\A2507538847 DXA\CR DXA\CR000000.dcm,CR000000.dcm,96974
1.2.643.5.1.13.13.12.2.77.8252.02011409120209130807021302101100,1.2.643.5.1.13.13.12.2.77.8252.09130409131001141403120204031509,1.2.643.5.1.13.13.12.2.77.8252.14081015040803031104010909101002,2.25.12798473087614376830819854616447908612/series_002_2_CR/A2507538847 DXA/CR DXA/CR000001.dcm,C:\Users\Андрей\Desktop\Хакатон\Исследования\2.25.12798473087614376830819854616447908612\series_002_2_CR\A2507538847 DXA\CR DXA\CR000001.dcm,CR000001.dcm,101022
1.2.643.5.1.13.13.12.2.77.8252.07050602130910101513020700010509,1.2.643.5.1.13.13.12.2.77.8252.09130409131001141403120204031509,1.2.643.5.1.13.13.12.2.77.8252.14081015040803031104010909101002,2.25.12798473087614376830819854616447908612/series_002_2_CR/A2507538847 DXA/CR DXA/CR000002.dcm,C:\Users\Андрей\Desktop\Хакатон\Исследования\2.25.12798473087614376830819854616447908612\series_002_2_CR\A2507538847 DXA\CR DXA\CR000002.dcm,CR000002.dcm,102014
1.2.643.5.1.13.13.12.2.77.8252.02030508140000071310150302011113,1.2.643.5.1.13.13.12.2.77.8252.12090514001006040904030606011401,1.2.643.5.1.13.13.12.2.77.8252.07130405120111111507030310060806,2.25.128197189461989832465575162384360009377/series_001_2_CR/A2507216909 DXA/CR DXA/CR000000.dcm,C:\Users\Андрей\Desktop\Хакатон\Исследования\2.25.128197189461989832465575162384360009377\series_001_2_CR\A2507216909 DXA\CR DXA\CR000000.dcm,CR000000.dcm,96674
1.2.643.5.1.13.13.12.2.77.8252.09070705131210061514041509120513,1.2.643.5.1.13.13.12.2.77.8252.02080810120709040103090703140106,1.2.643.5.1.13.13.12.2.77.8252.03151000130214010504070008111505,2.25.128630285053087246379265602913470285158/series_003_2_CR/A2504394821 DXA/CR DXA/CR000000.dcm,C:\Users\Андрей\Desktop\Хакатон\Исследования\2.25.128630285053087246379265602913470285158\series_003_2_CR\A2504394821 DXA\CR DXA\CR000000.dcm,CR000000.dcm,95472
1.2.643.5.1.13.13.12.2.77.8252.09150805131402040209060509150410,1.2.643.5.1.13.13.12.2.77.8252.10140103050104100015110907140800,1.2.643.5.1.13.13.12.2.77.8252.13001207060704010711000314111409,2.25.128990540359421489042453547244535073735/series_002_2_CR/A2507388698 DXA/CR DXA/CR000000.dcm,C:\Users\Андрей\Desktop\Хакатон\Исследования\2.25.128990540359421489042453547244535073735\series_002_2_CR\A2507388698 DXA\CR DXA\CR000000.dcm,CR000000.dcm,76054
1.2.643.5.1.13.13.12.2.77.8252.11000605051111050207041006140905,1.2.643.5.1.13.13.12.2.77.8252.10140103050104100015110907140800,1.2.643.5.1.13.13.12.2.77.8252.13001207060704010711000314111409,2.25.128990540359421489042453547244535073735/series_002_2_CR/A2507388698 DXA/CR DXA/CR000001.dcm,C:\Users\Андрей\Desktop\Хакатон\Исследования\2.25.128990540359421489042453547244535073735\series_002_2_CR\A2507388698 DXA\CR DXA\CR000001.dcm,CR000001.dcm,97574
1.2.643.5.1.13.13.12.2.77.8252.09060004140611120111091509030603,1.2.643.5.1.13.13.12.2.77.8252.10140103050104100015110907140800,1.2.643.5.1.13.13.12.2.77.8252.13001207060704010711000314111409,2.25.128990540359421489042453547244535073735/series_002_2_CR/A2507388698 DXA/CR DXA/CR000002.dcm,C:\Users\Андрей\Desktop\Хакатон\Исследования\2.25.128990540359421489042453547244535073735\series_002_2_CR\A2507388698 DXA\CR DXA\CR000002.dcm,CR000002.dcm,76008
1.2.643.5.1.13.13.12.2.77.8252.02111507100612121000021204080801,1.2.643.5.1.13.13.12.2.77.8252.10140103050104100015110907140800,1.2.643.5.1.13.13.12.2.77.8252.13001207060704010711000314111409,2.25.128990540359421489042453547244535073735/series_002_2_CR/A2507388698 DXA/CR DXA/CR000003.dcm,C:\Users\Андрей\Desktop\Хакатон\Исследования\2.25.128990540359421489042453547244535073735\series_002_2_CR\A2507388698 DXA\CR DXA\CR000003.dcm,CR000003.dcm,76614
1.2.643.5.1.13.13.12.2.77.8252.04071014120313000711051010091409,1.2.643.5.1.13.13.12.2.77.8252.10140103050104100015110907140800,1.2.643.5.1.13.13.12.2.77.8252.13001207060704010711000314111409,2.25.128990540359421489042453547244535073735/series_002_2_CR/A2507388698 DXA/CR DXA/CR000004.dcm,C:\Users\Андрей\Desktop\Хакатон\Исследования\2.25.128990540359421489042453547244535073735\series_002_2_CR\A2507388698 DXA\CR DXA\CR000004.dcm,CR000004.dcm,97574
1.2.643.5.1.13.13.12.2.77.8252.12120911020011140507050515090906,1.2.643.5.1.13.13.12.2.77.8252.10140103050104100015110907140800,1.2.643.5.1.13.13.12.2.77.8252.13001207060704010711000314111409,2.25.128990540359421489042453547244535073735/series_002_2_CR/A2507388698 DXA/CR DXA/CR000005.dcm,C:\Users\Андрей\Desktop\Хакатон\Исследования\2.25.128990540359421489042453547244535073735\series_002_2_CR\A2507388698 DXA\CR DXA\CR000005.dcm,CR000005.dcm,76568
1.2.643.5.1.13.13.12.2.77.8252.00131503020212110600101502020700,1.2.643.5.1.13.13.12.2.77.8252.08111201111203050510020404121406,1.2.643.5.1.13.13.12.2.77.8252.11141107151507080610011102100811,2.25.129239680100193368599713239115902740628/series_003_3_CR/A250757345 DXA/CR DXA/CR000000.dcm,C:\Users\Андрей\Desktop\Хакатон\Исследования\2.25.129239680100193368599713239115902740628\series_003_3_CR\A250757345 DXA\CR DXA\CR000000.dcm,CR000000.dcm,91038
1.2.643.5.1.13.13.12.2.77.8252.12051101030200021506031210090702,1.2.643.5.1.13.13.12.2.77.8252.01101508090608101115020806060015,1.2.643.5.1.13.13.12.2.77.8252.00071407120513051408041503071313,2.25.13069823278093578548407087310307113784/series_003_2_CR/A2507242667 DXA/CR DXA/CR000000.dcm,C:\Users\Андрей\Desktop\Хакатон\Исследования\2.25.13069823278093578548407087310307113784\series_003_2_CR\A2507242667 DXA\CR DXA\CR000000.dcm,CR000000.dcm,59226
1.2.643.5.1.13.13.12.2.77.8252.05100110120015150515030506140402,1.2.643.5.1.13.13.12.2.77.8252.01101508090608101115020806060015,1.2.643.5.1.13.13.12.2.77.8252.00071407120513051408041503071313,2.25.13069823278093578548407087310307113784/series_003_2_CR/A2507242667 DXA/CR DXA/CR000001.dcm,C:\Users\Андрей\Desktop\Хакатон\Исследования\2.25.13069823278093578548407087310307113784\series_003_2_CR\A2507242667 DXA\CR DXA\CR000001.dcm,CR000001.dcm,104492
1.2.643.5.1.13.13.12.2.77.8252.06081211090913150712130913130401,1.2.643.5.1.13.13.12.2.77.8252.01101508090608101115020806060015,1.2.643.5.1.13.13.12.2.77.8252.00071407120513051408041503071313,2.25.13069823278093578548407087310307113784/series_003_2_CR/A2507242667 DXA/CR DXA/CR000002.dcm,C:\Users\Андрей\Desktop\Хакатон\Исследования\2.25.13069823278093578548407087310307113784\series_003_2_CR\A2507242667 DXA\CR DXA\CR000002.dcm,CR000002.dcm,51946
1.2.643.5.1.13.13.12.2.77.8252.13151303131009131214000609090104,1.2.643.5.1.13.13.12.2.77.8252.00030206020209110205100406021412,1.2.643.5.1.13.13.12.2.77.8252.04050802060906050904130603131503,2.25.132083163398091874662674590622589534350/series_003_2_CR/A2507386583 DXA Exam/CR DXA Images/CR000000.dcm,C:\Users\Андрей\Desktop\Хакатон\Исследования\2.25.132083163398091874662674590622589534350\series_003_2_CR\A2507386583 DXA Exam\CR DXA Images\CR000000.dcm,CR000000.dcm,98492
1.2.643.5.1.13.13.12.2.77.8252.15080409060108110106110204020115,1.2.643.5.1.13.13.12.2.77.8252.00030206020209110205100406021412,1.2.643.5.1.13.13.12.2.77.8252.04050802060906050904130603131503,2.25.132083163398091874662674590622589534350/series_003_2_CR/A2507386583 DXA Exam/CR DXA Images/CR000001.dcm,C:\Users\Андрей\Desktop\Хакатон\Исследования\2.25.132083163398091874662674590622589534350\series_003_2_CR\A2507386583 DXA Exam\CR DXA Images\CR000001.dcm,CR000001.dcm,97612
1.2.643.5.1.13.13.12.2.77.8252.06120903051105150112061201080014,1.2.643.5.1.13.13.12.2.77.8252.00030206020209110205100406021412,1.2.643.5.1.13.13.12.2.77.8252.04050802060906050904130603131503,2.25.132083163398091874662674590622589534350/series_003_2_CR/A2507386583 DXA Exam/CR DXA Images/CR000002.dcm,C:\Users\Андрей\Desktop\Хакатон\Исследования\2.25.132083163398091874662674590622589534350\series_003_2_CR\A2507386583 DXA Exam\CR DXA Images\CR000002.dcm,CR000002.dcm,98492
1.2.643.5.1.13.13.12.2.77.8252.05020106091400040809110708040301,1.2.643.5.1.13.13.12.2.77.8252.07060700030806121503030014110206,1.2.643.5.1.13.13.12.2.77.8252.00100415070311100312040914100100,2.25.132272637351979990811754009849547633391/series_003_3_CR/A2504141080 DXA/CR DXA/CR000000.dcm,C:\Users\Андрей\Desktop\Хакатон\Исследования\2.25.132272637351979990811754009849547633391\series_003_3_CR\A2504141080 DXA\CR DXA\CR000000.dcm,CR000000.dcm,74626
1.2.643.5.1.13.13.12.2.77.8252.15140601101305061400021505010802,1.2.643.5.1.13.13.12.2.77.8252.07060700030806121503030014110206,1.2.643.5.1.13.13.12.2.77.8252.00100415070311100312040914100100,2.25.132272637351979990811754009849547633391/series_003_3_CR/A2504141080 DXA/CR DXA/CR000001.dcm,C:\Users\Андрей\Desktop\Хакатон\Исследования\2.25.132272637351979990811754009849547633391\series_003_3_CR\A2504141080 DXA\CR DXA\CR000001.dcm,CR000001.dcm,74626
1.2.643.5.1.13.13.12.2.77.8252.07151108041411120004040810151209,1.2.643.5.1.13.13.12.2.77.8252.07060700030806121503030014110206,1.2.643.5.1.13.13.12.2.77.8252.00100415070311100312040914100100,2.25.132272637351979990811754009849547633391/series_003_3_CR/A2504141080 DXA/CR DXA/CR000002.dcm,C:\Users\Андрей\Desktop\Хакатон\Исследования\2.25.132272637351979990811754009849547633391\series_003_3_CR\A2504141080 DXA\CR DXA\CR000002.dcm,CR000002.dcm,88292
1.2.643.5.1.13.13.12.2.77.8252.02090003020511130407030106110206,1.2.643.5.1.13.13.12.2.77.8252.01011312130808040910091102031113,1.2.643.5.1.13.13.12.2.77.8252.02151214090809021309091201080709,2.25.13325817932854000792938662637654885530/series_002_2_CR/A2507365486 DXA/CR DXA/CR000000.dcm,C:\Users\Андрей\Desktop\Хакатон\Исследования\2.25.13325817932854000792938662637654885530\series_002_2_CR\A2507365486 DXA\CR DXA\CR000000.dcm,CR000000.dcm,96692
1.2.643.5.1.13.13.12.2.77.8252.04080409110008071309041404000111,1.2.643.5.1.13.13.12.2.77.8252.01011312130808040910091102031113,1.2.643.5.1.13.13.12.2.77.8252.02151214090809021309091201080709,2.25.13325817932854000792938662637654885530/series_002_2_CR/A2507365486 DXA/CR DXA/CR000001.dcm,C:\Users\Андрей\Desktop\Хакатон\Исследования\2.25.13325817932854000792938662637654885530\series_002_2_CR\A2507365486 DXA\CR DXA\CR000001.dcm,CR000001.dcm,67346
1.2.643.5.1.13.13.12.2.77.8252.11150104101400000200001411070008,1.2.643.5.1.13.13.12.2.77.8252.01011312130808040910091102031113,1.2.643.5.1.13.13.12.2.77.8252.02151214090809021309091201080709,2.25.13325817932854000792938662637654885530/series_002_2_CR/A2507365486 DXA/CR DXA/CR000002.dcm,C:\Users\Андрей\Desktop\Хакатон\Исследования\2.25.13325817932854000792938662637654885530\series_002_2_CR\A2507365486 DXA\CR DXA\CR000002.dcm,CR000002.dcm,67256
1.2.643.5.1.13.13.12.2.77.8252.00090714091003060206031503010409,1.2.643.5.1.13.13.12.2.77.8252.01011312130808040910091102031113,1.2.643.5.1.13.13.12.2.77.8252.02151214090809021309091201080709,2.25.13325817932854000792938662637654885530/series_002_2_CR/A2507365486 DXA/CR DXA/CR000003.dcm,C:\Users\Андрей\Desktop\Хакатон\Исследования\2.25.13325817932854000792938662637654885530\series_002_2_CR\A2507365486 DXA\CR DXA\CR000003.dcm,CR000003.dcm,67392
1.2.643.5.1.13.13.12.2.77.8252.13150808100913111314080101030008,1.2.643.5.1.13.13.12.2.77.8252.01011312130808040910091102031113,1.2.643.5.1.13.13.12.2.77.8252.02151214090809021309091201080709,2.25.13325817932854000792938662637654885530/series_002_2_CR/A2507365486 DXA/CR DXA/CR000004.dcm,C:\Users\Андрей\Desktop\Хакатон\Исследования\2.25.13325817932854000792938662637654885530\series_002_2_CR\A2507365486 DXA\CR DXA\CR000004.dcm,CR000004.dcm,67392
1.2.643.5.1.13.13.12.2.77.8252.11020707081006150000011408140609,1.2.643.5.1.13.13.12.2.77.8252.01011312130808040910091102031113,1.2.643.5.1.13.13.12.2.77.8252.02151214090809021309091201080709,2.25.13325817932854000792938662637654885530/series_002_2_CR/A2507365486 DXA/CR DXA/CR000005.dcm,C:\Users\Андрей\Desktop\Хакатон\Исследования\2.25.13325817932854000792938662637654885530\series_002_2_CR\A2507365486 DXA\CR DXA\CR000005.dcm,CR000005.dcm,66832
1.2.643.5.1.13.13.12.2.77.8252.10001304041304060303041004101403,1.2.643.5.1.13.13.12.2.77.8252.01011312130808040910091102031113,1.2.643.5.1.13.13.12.2.77.8252.02151214090809021309091201080709,2.25.13325817932854000792938662637654885530/series_002_2_CR/A2507365486 DXA/CR DXA/CR000006.dcm,C:\Users\Андрей\Desktop\Хакатон\Исследования\2.25.13325817932854000792938662637654885530\series_002_2_CR\A2507365486 DXA\CR DXA\CR000006.dcm,CR000006.dcm,66832
1.2.643.5.1.13.13.12.2.77.8252.12151114030903000211100702060009,1.2.643.5.1.13.13.12.2.77.8252.01011312130808040910091102031113,1.2.643.5.1.13.13.12.2.77.8252.02151214090809021309091201080709,2.25.13325817932854000792938662637654885530/series_002_2_CR/A2507365486 DXA/CR DXA/CR000007.dcm,C:\Users\Андрей\Desktop\Хакатон\Исследования\2.25.13325817932854000792938662637654885530\series_002_2_CR\A2507365486 DXA\CR DXA\CR000007.dcm,CR000007.dcm,67256
1.2.643.5.1.13.13.12.2.77.8252.02031303080313100507120501150506,1.2.643.5.1.13.13.12.2.77.8252.01011312130808040910091102031113,1.2.643.5.1.13.13.12.2.77.8252.02151214090809021309091201080709,2.25.13325817932854000792938662637654885530/series_002_2_CR/A2507365486 DXA/CR DXA/CR000008.dcm,C:\Users\Андрей\Desktop\Хакатон\Исследования\2.25.13325817932854000792938662637654885530\series_002_2_CR\A2507365486 DXA\CR DXA\CR000008.dcm,CR000008.dcm,66696
1.2.643.5.1.13.13.12.2.77.8252.06150706081207041203070111090707,1.2.643.5.1.13.13.12.2.77.8252.01011312130808040910091102031113,1.2.643.5.1.13.13.12.2.77.8252.02151214090809021309091201080709,2.25.13325817932854000792938662637654885530/series_002_2_CR/A2507365486 DXA/CR DXA/CR000009.dcm,C:\Users\Андрей\Desktop\Хакатон\Исследования\2.25.13325817932854000792938662637654885530\series_002_2_CR\A2507365486 DXA\CR DXA\CR000009.dcm,CR000009.dcm,66696
1.2.643.5.1.13.13.12.2.77.8252.06150108111302000413130014070915,1.2.643.5.1.13.13.12.2.77.8252.01011312130808040910091102031113,1.2.643.5.1.13.13.12.2.77.8252.02151214090809021309091201080709,2.25.13325817932854000792938662637654885530/series_002_2_CR/A2507365486 DXA/CR DXA/CR000010.dcm,C:\Users\Андрей\Desktop\Хакатон\Исследования\2.25.13325817932854000792938662637654885530\series_002_2_CR\A2507365486 DXA\CR DXA\CR000010.dcm,CR000010.dcm,96692
1.2.643.5.1.13.13.12.2.77.8252.07031408150101110505001201030207,1.2.643.5.1.13.13.12.2.77.8252.01011312130808040910091102031113,1.2.643.5.1.13.13.12.2.77.8252.02151214090809021309091201080709,2.25.13325817932854000792938662637654885530/series_002_2_CR/A2507365486 DXA/CR DXA/CR000011.dcm,C:\Users\Андрей\Desktop\Хакатон\Исследования\2.25.13325817932854000792938662637654885530\series_002_2_CR\A2507365486 DXA\CR DXA\CR000011.dcm,CR000011.dcm,66832
1.2.643.5.1.13.13.12.2.77.8252.14070208080209001506081402060503,1.2.643.5.1.13.13.12.2.77.8252.01011312130808040910091102031113,1.2.643.5.1.13.13.12.2.77.8252.02151214090809021309091201080709,2.25.13325817932854000792938662637654885530/series_002_2_CR/A2507365486 DXA/CR DXA/CR000012.dcm,C:\Users\Андрей\Desktop\Хакатон\Исследования\2.25.13325817932854000792938662637654885530\series_002_2_CR\A2507365486 DXA\CR DXA\CR000012.dcm,CR000012.dcm,96692
1.2.643.5.1.13.13.12.2.77.8252.04040803080402061202041005000304,1.2.643.5.1.13.13.12.2.77.8252.14001106061015010402061009020003,1.2.643.5.1.13.13.12.2.77.8252.11060306111211071015080504121210,2.25.134456506307367483341018281460841912845/series_002_2_CR/A2507120612 DXA/CR DXA/CR000000.dcm,C:\Users\Андрей\Desktop\Хакатон\Исследования\2.25.134456506307367483341018281460841912845\series_002_2_CR\A2507120612 DXA\CR DXA\CR000000.dcm,CR000000.dcm,83288
1.2.643.5.1.13.13.12.2.77.8252.13090607110001000310151006050113,1.2.643.5.1.13.13.12.2.77.8252.14001106061015010402061009020003,1.2.643.5.1.13.13.12.2.77.8252.11060306111211071015080504121210,2.25.134456506307367483341018281460841912845/series_002_2_CR/A2507120612 DXA/CR DXA/CR000001.dcm,C:\Users\Андрей\Desktop\Хакатон\Исследования\2.25.134456506307367483341018281460841912845\series_002_2_CR\A2507120612 DXA\CR DXA\CR000001.dcm,CR000001.dcm,96028
1.2.643.5.1.13.13.12.2.77.8252.14121200111500000012151207021305,1.2.643.5.1.13.13.12.2.77.8252.14001106061015010402061009020003,1.2.643.5.1.13.13.12.2.77.8252.11060306111211071015080504121210,2.25.134456506307367483341018281460841912845/series_002_2_CR/A2507120612 DXA/CR DXA/CR000002.dcm,C:\Users\Андрей\Desktop\Хакатон\Исследования\2.25.134456506307367483341018281460841912845\series_002_2_CR\A2507120612 DXA\CR DXA\CR000002.dcm,CR000002.dcm,83008
1.2.643.5.1.13.13.12.2.77.8252.04060811050000140014040410080212,1.2.643.5.1.13.13.12.2.77.8252.02111204140006020215081404050209,1.2.643.5.1.13.13.12.2.77.8252.09061313111512020211131004150400,2.25.135241889065705954191821710363605596815/series_003_3_CR/A250715060 DXA/CR DXA/CR000000.dcm,C:\Users\Андрей\Desktop\Хакатон\Исследования\2.25.135241889065705954191821710363605596815\series_003_3_CR\A250715060 DXA\CR DXA\CR000000.dcm,CR000000.dcm,75232
1.2.643.5.1.13.13.12.2.77.8252.12060607091105150404131215110908,1.2.643.5.1.13.13.12.2.77.8252.02111204140006020215081404050209,1.2.643.5.1.13.13.12.2.77.8252.09061313111512020211131004150400,2.25.135241889065705954191821710363605596815/series_003_3_CR/A250715060 DXA/CR DXA/CR000001.dcm,C:\Users\Андрей\Desktop\Хакатон\Исследования\2.25.135241889065705954191821710363605596815\series_003_3_CR\A250715060 DXA\CR DXA\CR000001.dcm,CR000001.dcm,105392
1.2.643.5.1.13.13.12.2.77.8252.09030712140506070904071003000708,1.2.643.5.1.13.13.12.2.77.8252.02110607061101140709130908071405,1.2.643.5.1.13.13.12.2.77.8252.15111204051104061107070701150414,2.25.13566237352084812982996047541944701548/series_002_2_CR/A2504268931 DXA/CR DXA/CR000000.dcm,C:\Users\Андрей\Desktop\Хакатон\Исследования\2.25.13566237352084812982996047541944701548\series_002_2_CR\A2504268931 DXA\CR DXA\CR000000.dcm,CR000000.dcm,97592
1.2.643.5.1.13.13.12.2.77.8252.02050314081501100100131400110412,1.2.643.5.1.13.13.12.2.77.8252.07080911030405120513131308130103,1.2.643.5.1.13.13.12.2.77.8252.02011507020103070708100513000215,2.25.137344827330550141320158285144101816664/series_003_3_CR/A2507146630 DXA/CR DXA/CR000000.dcm,C:\Users\Андрей\Desktop\Хакатон\Исследования\2.25.137344827330550141320158285144101816664\series_003_3_CR\A2507146630 DXA\CR DXA\CR000000.dcm,CR000000.dcm,96738
1.2.643.5.1.13.13.12.2.77.8252.14140312010015010504081306061203,1.2.643.5.1.13.13.12.2.77.8252.07080911030405120513131308130103,1.2.643.5.1.13.13.12.2.77.8252.02011507020103070708100513000215,2.25.137344827330550141320158285144101816664/series_003_3_CR/A2507146630 DXA/CR DXA/CR000001.dcm,C:\Users\Андрей\Desktop\Хакатон\Исследования\2.25.137344827330550141320158285144101816664\series_003_3_CR\A2507146630 DXA\CR DXA\CR000001.dcm,CR000001.dcm,75230
1.2.643.5.1.13.13.12.2.77.8252.03131510081105080011060404010511,1.2.643.5.1.13.13.12.2.77.8252.07080911030405120513131308130103,1.2.643.5.1.13.13.12.2.77.8252.02011507020103070708100513000215,2.25.137344827330550141320158285144101816664/series_003_3_CR/A2507146630 DXA/CR DXA/CR000002.dcm,C:\Users\Андрей\Desktop\Хакатон\Исследования\2.25.137344827330550141320158285144101816664\series_003_3_CR\A2507146630 DXA\CR DXA\CR000002.dcm,CR000002.dcm,67346
1.2.643.5.1.13.13.12.2.77.8252.05060902130204131205041207051405,1.2.643.5.1.13.13.12.2.77.8252.00091501080806120506120114090107,1.2.643.5.1.13.13.12.2.77.8252.12020303020401061308020605011214,2.25.137675513852774974135210999345676405116/series_001_2_CR/A2504106597 DXA/CR DXA/CR000000.dcm,C:\Users\Андрей\Desktop\Хакатон\Исследования\2.25.137675513852774974135210999345676405116\series_001_2_CR\A2504106597 DXA\CR DXA\CR000000.dcm,CR000000.dcm,96690
1.2.643.5.1.13.13.12.2.77.8252.01100509051301061200120505020711,1.2.643.5.1.13.13.12.2.77.8252.04111012020210100809111310020901,1.2.643.5.1.13.13.12.2.77.8252.15070309040300110003000703070201,2.25.13983650679559142983913935144968795415/series_003_2_CR/A2504335111 DXA/CR DXA/CR000000.dcm,C:\Users\Андрей\Desktop\Хакатон\Исследования\2.25.13983650679559142983913935144968795415\series_003_2_CR\A2504335111 DXA\CR DXA\CR000000.dcm,CR000000.dcm,88354
1.2.643.5.1.13.13.12.2.77.8252.02030711120805150008090200030710,1.2.643.5.1.13.13.12.2.77.8252.04111012020210100809111310020901,1.2.643.5.1.13.13.12.2.77.8252.15070309040300110003000703070201,2.25.13983650679559142983913935144968795415/series_003_2_CR/A2504335111 DXA/CR DXA/CR000001.dcm,C:\Users\Андрей\Desktop\Хакатон\Исследования\2.25.13983650679559142983913935144968795415\series_003_2_CR\A2504335111 DXA\CR DXA\CR000001.dcm,CR000001.dcm,82448
1.2.643.5.1.13.13.12.2.77.8252.05100908130706051511060907050202,1.2.643.5.1.13.13.12.2.77.8252.04111012020210100809111310020901,1.2.643.5.1.13.13.12.2.77.8252.15070309040300110003000703070201,2.25.13983650679559142983913935144968795415/series_003_2_CR/A2504335111 DXA/CR DXA/CR000002.dcm,C:\Users\Андрей\Desktop\Хакатон\Исследования\2.25.13983650679559142983913935144968795415\series_003_2_CR\A2504335111 DXA\CR DXA\CR000002.dcm,CR000002.dcm,82448
1.2.643.5.1.13.13.12.2.77.8252.07080813110202150000000512100700,1.2.643.5.1.13.13.12.2.77.8252.04111012020210100809111310020901,1.2.643.5.1.13.13.12.2.77.8252.15070309040300110003000703070201,2.25.13983650679559142983913935144968795415/series_003_2_CR/A2504335111 DXA/CR DXA/CR000003.dcm,C:\Users\Андрей\Desktop\Хакатон\Исследования\2.25.13983650679559142983913935144968795415\series_003_2_CR\A2504335111 DXA\CR DXA\CR000003.dcm,CR000003.dcm,88274
1.2.643.5.1.13.13.12.2.77.8252.04081012050615111107130109120010,1.2.643.5.1.13.13.12.2.77.8252.04111012020210100809111310020901,1.2.643.5.1.13.13.12.2.77.8252.15070309040300110003000703070201,2.25.13983650679559142983913935144968795415/series_003_2_CR/A2504335111 DXA/CR DXA/CR000004.dcm,C:\Users\Андрей\Desktop\Хакатон\Исследования\2.25.13983650679559142983913935144968795415\series_003_2_CR\A2504335111 DXA\CR DXA\CR000004.dcm,CR000004.dcm,82574
1.2.643.5.1.13.13.12.2.77.8252.02081511091502140105000012140914,1.2.643.5.1.13.13.12.2.77.8252.04111012020210100809111310020901,1.2.643.5.1.13.13.12.2.77.8252.15070309040300110003000703070201,2.25.13983650679559142983913935144968795415/series_003_2_CR/A2504335111 DXA/CR DXA/CR000005.dcm,C:\Users\Андрей\Desktop\Хакатон\Исследования\2.25.13983650679559142983913935144968795415\series_003_2_CR\A2504335111 DXA\CR DXA\CR000005.dcm,CR000005.dcm,82574
1.2.643.5.1.13.13.12.2.77.8252.01100715050305071000110707040014,1.2.643.5.1.13.13.12.2.77.8252.06041008131200110706010301000604,1.2.643.5.1.13.13.12.2.77.8252.11070904131012020713131101020302,2.25.144941557565802351596730914409170713112/series_001_2_CR/A250728979 DXA/CR DXA/CR000000.dcm,C:\Users\Андрей\Desktop\Хакатон\Исследования\2.25.144941557565802351596730914409170713112\series_001_2_CR\A250728979 DXA\CR DXA\CR000000.dcm,CR000000.dcm,76694
1.2.643.5.1.13.13.12.2.77.8252.05030004000114011306070703000900,1.2.643.5.1.13.13.12.2.77.8252.06041008131200110706010301000604,1.2.643.5.1.13.13.12.2.77.8252.11070904131012020713131101020302,2.25.144941557565802351596730914409170713112/series_001_2_CR/A250728979 DXA/CR DXA/CR000001.dcm,C:\Users\Андрей\Desktop\Хакатон\Исследования\2.25.144941557565802351596730914409170713112\series_001_2_CR\A250728979 DXA\CR DXA\CR000001.dcm,CR000001.dcm,76568
1.2.643.5.1.13.13.12.2.77.8252.14070202101304120203120502100808,1.2.643.5.1.13.13.12.2.77.8252.06041008131200110706010301000604,1.2.643.5.1.13.13.12.2.77.8252.11070904131012020713131101020302,2.25.144941557565802351596730914409170713112/series_001_2_CR/A250728979 DXA/CR DXA/CR000002.dcm,C:\Users\Андрей\Desktop\Хакатон\Исследования\2.25.144941557565802351596730914409170713112\series_001_2_CR\A250728979 DXA\CR DXA\CR000002.dcm,CR000002.dcm,76614
1.2.643.5.1.13.13.12.2.77.8252.03000804151513141409051310151514,1.2.643.5.1.13.13.12.2.77.8252.06041008131200110706010301000604,1.2.643.5.1.13.13.12.2.77.8252.11070904131012020713131101020302,2.25.144941557565802351596730914409170713112/series_001_2_CR/A250728979 DXA/CR DXA/CR000003.dcm,C:\Users\Андрей\Desktop\Хакатон\Исследования\2.25.144941557565802351596730914409170713112\series_001_2_CR\A250728979 DXA\CR DXA\CR000003.dcm,CR000003.dcm,76694
1.2.643.5.1.13.13.12.2.77.8252.10050606131001041108060208080404,1.2.643.5.1.13.13.12.2.77.8252.06041008131200110706010301000604,1.2.643.5.1.13.13.12.2.77.8252.11070904131012020713131101020302,2.25.144941557565802351596730914409170713112/series_001_2_CR/A250728979 DXA/CR DXA/CR000004.dcm,C:\Users\Андрей\Desktop\Хакатон\Исследования\2.25.144941557565802351596730914409170713112\series_001_2_CR\A250728979 DXA\CR DXA\CR000004.dcm,CR000004.dcm,76568
1.2.643.5.1.13.13.12.2.77.8252.13110302070015120304051003100511,1.2.643.5.1.13.13.12.2.77.8252.06041008131200110706010301000604,1.2.643.5.1.13.13.12.2.77.8252.11070904131012020713131101020302,2.25.144941557565802351596730914409170713112/series_001_2_CR/A250728979 DXA/CR DXA/CR000005.dcm,C:\Users\Андрей\Desktop\Хакатон\Исследования\2.25.144941557565802351596730914409170713112\series_001_2_CR\A250728979 DXA\CR DXA\CR000005.dcm,CR000005.dcm,76478
1.2.643.5.1.13.13.12.2.77.8252.14021109030605071205090308080911,1.2.643.5.1.13.13.12.2.77.8252.06041008131200110706010301000604,1.2.643.5.1.13.13.12.2.77.8252.11070904131012020713131101020302,2.25.144941557565802351596730914409170713112/series_001_2_CR/A250728979 DXA/CR DXA/CR000006.dcm,C:\Users\Андрей\Desktop\Хакатон\Исследования\2.25.144941557565802351596730914409170713112\series_001_2_CR\A250728979 DXA\CR DXA\CR000006.dcm,CR000006.dcm,98254
1.2.643.5.1.13.13.12.2.77.8252.02000707141211070603071400111001,1.2.643.5.1.13.13.12.2.77.8252.06041008131200110706010301000604,1.2.643.5.1.13.13.12.2.77.8252.11070904131012020713131101020302,2.25.144941557565802351596730914409170713112/series_001_2_CR/A250728979 DXA/CR DXA/CR000007.dcm,C:\Users\Андрей\Desktop\Хакатон\Исследования\2.25.144941557565802351596730914409170713112\series_001_2_CR\A250728979 DXA\CR DXA\CR000007.dcm,CR000007.dcm,76478
1.2.643.5.1.13.13.12.2.77.8252.12001403040706100907100308030007,1.2.643.5.1.13.13.12.2.77.8252.06041008131200110706010301000604,1.2.643.5.1.13.13.12.2.77.8252.11070904131012020713131101020302,2.25.144941557565802351596730914409170713112/series_001_2_CR/A250728979 DXA/CR DXA/CR000008.dcm,C:\Users\Андрей\Desktop\Хакатон\Исследования\2.25.144941557565802351596730914409170713112\series_001_2_CR\A250728979 DXA\CR DXA\CR000008.dcm,CR000008.dcm,98174
1.2.643.5.1.13.13.12.2.77.8252.03150209000513130305020013101408,1.2.643.5.1.13.13.12.2.77.8252.06041008131200110706010301000604,1.2.643.5.1.13.13.12.2.77.8252.11070904131012020713131101020302,2.25.144941557565802351596730914409170713112/series_001_2_CR/A250728979 DXA/CR DXA/CR000009.dcm,C:\Users\Андрей\Desktop\Хакатон\Исследования\2.25.144941557565802351596730914409170713112\series_001_2_CR\A250728979 DXA\CR DXA\CR000009.dcm,CR000009.dcm,98174
1.2.643.5.1.13.13.12.2.77.8252.08060612000510000609001512070103,1.2.643.5.1.13.13.12.2.77.8252.06041008131200110706010301000604,1.2.643.5.1.13.13.12.2.77.8252.11070904131012020713131101020302,2.25.144941557565802351596730914409170713112/series_001_2_CR/A250728979 DXA/CR DXA/CR000010.dcm,C:\Users\Андрей\Desktop\Хакатон\Исследования\2.25.144941557565802351596730914409170713112\series_001_2_CR\A250728979 DXA\CR DXA\CR000010.dcm,CR000010.dcm,76614
1.2.643.5.1.13.13.12.2.77.8252.06130104100900080002100912090901,1.2.643.5.1.13.13.12.2.77.8252.00020104100613061304040514090111,1.2.643.5.1.13.13.12.2.77.8252.14070808141011001105120011120007,2.25.145848300160680194368420189079847088556/series_002_2_CR/A2504248615 DXA Exam/CR DXA Images/CR000000.dcm,C:\Users\Андрей\Desktop\Хакатон\Исследования\2.25.145848300160680194368420189079847088556\series_002_2_CR\A2504248615 DXA Exam\CR DXA Images\CR000000.dcm,CR000000.dcm,98538
1.2.643.5.1.13.13.12.2.77.8252.09091111090903031309150614110215,1.2.643.5.1.13.13.12.2.77.8252.00020104100613061304040514090111,1.2.643.5.1.13.13.12.2.77.8252.14070808141011001105120011120007,2.25.145848300160680194368420189079847088556/series_002_2_CR/A2504248615 DXA Exam/CR DXA Images/CR000001.dcm,C:\Users\Андрей\Desktop\Хакатон\Исследования\2.25.145848300160680194368420189079847088556\series_002_2_CR\A2504248615 DXA Exam\CR DXA Images\CR000001.dcm,CR000001.dcm,97978
1.2.643.5.1.13.13.12.2.77.8252.07040802010906150312000007110303,1.2.643.5.1.13.13.12.2.77.8252.00020104100613061304040514090111,1.2.643.5.1.13.13.12.2.77.8252.14070808141011001105120011120007,2.25.145848300160680194368420189079847088556/series_002_2_CR/A2504248615 DXA Exam/CR DXA Images/CR000002.dcm,C:\Users\Андрей\Desktop\Хакатон\Исследования\2.25.145848300160680194368420189079847088556\series_002_2_CR\A2504248615 DXA Exam\CR DXA Images\CR000002.dcm,CR000002.dcm,88358
1.2.643.5.1.13.13.12.2.77.8252.07051313070907070603030815070904,1.2.643.5.1.13.13.12.2.77.8252.02060202021413001406000512080208,1.2.643.5.1.13.13.12.2.77.8252.15060712090112130410001208090603,2.25.151186844055172005615813066162721550889/series_002_2_CR/A250436130 DXA/CR DXA/CR000000.dcm,C:\Users\Андрей\Desktop\Хакатон\Исследования\2.25.151186844055172005615813066162721550889\series_002_2_CR\A250436130 DXA\CR DXA\CR000000.dcm,CR000000.dcm,104746
1.2.643.5.1.13.13.12.2.77.8252.06120514140811101106020900110711,1.2.643.5.1.13.13.12.2.77.8252.02060202021413001406000512080208,1.2.643.5.1.13.13.12.2.77.8252.15060712090112130410001208090603,2.25.151186844055172005615813066162721550889/series_002_2_CR/A250436130 DXA/CR DXA/CR000001.dcm,C:\Users\Андрей\Desktop\Хакатон\Исследования\2.25.151186844055172005615813066162721550889\series_002_2_CR\A250436130 DXA\CR DXA\CR000001.dcm,CR000001.dcm,82466
1.2.643.5.1.13.13.12.2.77.8252.07071507091013150605060411110414,1.2.643.5.1.13.13.12.2.77.8252.02060202021413001406000512080208,1.2.643.5.1.13.13.12.2.77.8252.15060712090112130410001208090603,2.25.151186844055172005615813066162721550889/series_002_2_CR/A250436130 DXA/CR DXA/CR000002.dcm,C:\Users\Андрей\Desktop\Хакатон\Исследования\2.25.151186844055172005615813066162721550889\series_002_2_CR\A250436130 DXA\CR DXA\CR000002.dcm,CR000002.dcm,74626
1.2.643.5.1.13.13.12.2.77.8252.09130714090405151215050914040809,1.2.643.5.1.13.13.12.2.77.8252.07100203071411091300120005090303,1.2.643.5.1.13.13.12.2.77.8252.14040700071514111407031412020703,2.25.156021661584944120526934974594604520993/series_003_2_CR/A2507142228 DXA/CR DXA/CR000000.dcm,C:\Users\Андрей\Desktop\Хакатон\Исследования\2.25.156021661584944120526934974594604520993\series_003_2_CR\A2507142228 DXA\CR DXA\CR000000.dcm,CR000000.dcm,96046
1.2.643.5.1.13.13.12.2.77.8252.09091502110711081102050610090100,1.2.643.5.1.13.13.12.2.77.8252.07100203071411091300120005090303,1.2.643.5.1.13.13.12.2.77.8252.14040700071514111407031412020703,2.25.156021661584944120526934974594604520993/series_003_2_CR/A2507142228 DXA/CR DXA/CR000001.dcm,C:\Users\Андрей\Desktop\Хакатон\Исследования\2.25.156021661584944120526934974594604520993\series_003_2_CR\A2507142228 DXA\CR DXA\CR000001.dcm,CR000001.dcm,74672
1.2.643.5.1.13.13.12.2.77.8252.02061505000012091414020201140711,1.2.643.5.1.13.13.12.2.77.8252.07100203071411091300120005090303,1.2.643.5.1.13.13.12.2.77.8252.14040700071514111407031412020703,2.25.156021661584944120526934974594604520993/series_003_2_CR/A2507142228 DXA/CR DXA/CR000002.dcm,C:\Users\Андрей\Desktop\Хакатон\Исследования\2.25.156021661584944120526934974594604520993\series_003_2_CR\A2507142228 DXA\CR DXA\CR000002.dcm,CR000002.dcm,74626
1.2.643.5.1.13.13.12.2.77.8252.12020806150405080200131300151004,1.2.643.5.1.13.13.12.2.77.8252.07100203071411091300120005090303,1.2.643.5.1.13.13.12.2.77.8252.14040700071514111407031412020703,2.25.156021661584944120526934974594604520993/series_003_2_CR/A2507142228 DXA/CR DXA/CR000003.dcm,C:\Users\Андрей\Desktop\Хакатон\Исследования\2.25.156021661584944120526934974594604520993\series_003_2_CR\A2507142228 DXA\CR DXA\CR000003.dcm,CR000003.dcm,74536
1.2.643.5.1.13.13.12.2.77.8252.04040506120312070613131201100500,1.2.643.5.1.13.13.12.2.77.8252.07100203071411091300120005090303,1.2.643.5.1.13.13.12.2.77.8252.14040700071514111407031412020703,2.25.156021661584944120526934974594604520993/series_003_2_CR/A2507142228 DXA/CR DXA/CR000004.dcm,C:\Users\Андрей\Desktop\Хакатон\Исследования\2.25.156021661584944120526934974594604520993\series_003_2_CR\A2507142228 DXA\CR DXA\CR000004.dcm,CR000004.dcm,74626
1.2.643.5.1.13.13.12.2.77.8252.04130713101511140710050408091506,1.2.643.5.1.13.13.12.2.77.8252.07100203071411091300120005090303,1.2.643.5.1.13.13.12.2.77.8252.14040700071514111407031412020703,2.25.156021661584944120526934974594604520993/series_003_2_CR/A2507142228 DXA/CR DXA/CR000005.dcm,C:\Users\Андрей\Desktop\Хакатон\Исследования\2.25.156021661584944120526934974594604520993\series_003_2_CR\A2507142228 DXA\CR DXA\CR000005.dcm,CR000005.dcm,74536
1.2.643.5.1.13.13.12.2.77.8252.11080103090607140209131008021505,1.2.643.5.1.13.13.12.2.77.8252.07100203071411091300120005090303,1.2.643.5.1.13.13.12.2.77.8252.14040700071514111407031412020703,2.25.156021661584944120526934974594604520993/series_003_2_CR/A2507142228 DXA/CR DXA/CR000006.dcm,C:\Users\Андрей\Desktop\Хакатон\Исследования\2.25.156021661584944120526934974594604520993\series_003_2_CR\A2507142228 DXA\CR DXA\CR000006.dcm,CR000006.dcm,74536
1.2.643.5.1.13.13.12.2.77.8252.05041404051513101304111210060012,1.2.643.5.1.13.13.12.2.77.8252.07100203071411091300120005090303,1.2.643.5.1.13.13.12.2.77.8252.14040700071514111407031412020703,2.25.156021661584944120526934974594604520993/series_003_2_CR/A2507142228 DXA/CR DXA/CR000007.dcm,C:\Users\Андрей\Desktop\Хакатон\Исследования\2.25.156021661584944120526934974594604520993\series_003_2_CR\A2507142228 DXA\CR DXA\CR000007.dcm,CR000007.dcm,74626
1.2.643.5.1.13.13.12.2.77.8252.10050703151214090610040504130101,1.2.643.5.1.13.13.12.2.77.8252.07100203071411091300120005090303,1.2.643.5.1.13.13.12.2.77.8252.14040700071514111407031412020703,2.25.156021661584944120526934974594604520993/series_003_2_CR/A2507142228 DXA/CR DXA/CR000008.dcm,C:\Users\Андрей\Desktop\Хакатон\Исследования\2.25.156021661584944120526934974594604520993\series_003_2_CR\A2507142228 DXA\CR DXA\CR000008.dcm,CR000008.dcm,96046
1.2.643.5.1.13.13.12.2.77.8252.01020015070311140900060907010202,1.2.643.5.1.13.13.12.2.77.8252.07100203071411091300120005090303,1.2.643.5.1.13.13.12.2.77.8252.14040700071514111407031412020703,2.25.156021661584944120526934974594604520993/series_003_2_CR/A2507142228 DXA/CR DXA/CR000009.dcm,C:\Users\Андрей\Desktop\Хакатон\Исследования\2.25.156021661584944120526934974594604520993\series_003_2_CR\A2507142228 DXA\CR DXA\CR000009.dcm,CR000009.dcm,74626
1.2.643.5.1.13.13.12.2.77.8252.11001008080504080903151311021305,1.2.643.5.1.13.13.12.2.77.8252.07100203071411091300120005090303,1.2.643.5.1.13.13.12.2.77.8252.14040700071514111407031412020703,2.25.156021661584944120526934974594604520993/series_003_2_CR/A2507142228 DXA/CR DXA/CR000010.dcm,C:\Users\Андрей\Desktop\Хакатон\Исследования\2.25.156021661584944120526934974594604520993\series_003_2_CR\A2507142228 DXA\CR DXA\CR000010.dcm,CR000010.dcm,74626
1.2.643.5.1.13.13.12.2.77.8252.10070914150303091307080902000612,1.2.643.5.1.13.13.12.2.77.8252.07100203071411091300120005090303,1.2.643.5.1.13.13.12.2.77.8252.14040700071514111407031412020703,2.25.156021661584944120526934974594604520993/series_003_2_CR/A2507142228 DXA/CR DXA/CR000011.dcm,C:\Users\Андрей\Desktop\Хакатон\Исследования\2.25.156021661584944120526934974594604520993\series_003_2_CR\A2507142228 DXA\CR DXA\CR000011.dcm,CR000011.dcm,96046
1.2.643.5.1.13.13.12.2.77.8252.04001402031200081204010009090110,1.2.643.5.1.13.13.12.2.77.8252.03010905090814080711141406121501,1.2.643.5.1.13.13.12.2.77.8252.06090615030507090305110605000508,2.25.156375884487675936513403083218009333856/series_003_2_CR/A250727121 DXA/CR DXA/CR000000.dcm,C:\Users\Андрей\Desktop\Хакатон\Исследования\2.25.156375884487675936513403083218009333856\series_003_2_CR\A250727121 DXA\CR DXA\CR000000.dcm,CR000000.dcm,83008
1.2.643.5.1.13.13.12.2.77.8252.07090311111312140315080706100515,1.2.643.5.1.13.13.12.2.77.8252.03010905090814080711141406121501,1.2.643.5.1.13.13.12.2.77.8252.06090615030507090305110605000508,2.25.156375884487675936513403083218009333856/series_003_2_CR/A250727121 DXA/CR DXA/CR000001.dcm,C:\Users\Андрей\Desktop\Хакатон\Исследования\2.25.156375884487675936513403083218009333856\series_003_2_CR\A250727121 DXA\CR DXA\CR000001.dcm,CR000001.dcm,96628
1.2.643.5.1.13.13.12.2.77.8252.14151108130201081305130506031009,1.2.643.5.1.13.13.12.2.77.8252.03010905090814080711141406121501,1.2.643.5.1.13.13.12.2.77.8252.06090615030507090305110605000508,2.25.156375884487675936513403083218009333856/series_003_2_CR/A250727121 DXA/CR DXA/CR000002.dcm,C:\Users\Андрей\Desktop\Хакатон\Исследования\2.25.156375884487675936513403083218009333856\series_003_2_CR\A250727121 DXA\CR DXA\CR000002.dcm,CR000002.dcm,82918
1.2.643.5.1.13.13.12.2.77.8252.14051207080309081314081508110108,1.2.643.5.1.13.13.12.2.77.8252.03010905090814080711141406121501,1.2.643.5.1.13.13.12.2.77.8252.06090615030507090305110605000508,2.25.156375884487675936513403083218009333856/series_003_2_CR/A250727121 DXA/CR DXA/CR000003.dcm,C:\Users\Андрей\Desktop\Хакатон\Исследования\2.25.156375884487675936513403083218009333856\series_003_2_CR\A250727121 DXA\CR DXA\CR000003.dcm,CR000003.dcm,96752
1.2.643.5.1.13.13.12.2.77.8252.00010208150107110206110212130810,1.2.643.5.1.13.13.12.2.77.8252.03010905090814080711141406121501,1.2.643.5.1.13.13.12.2.77.8252.06090615030507090305110605000508,2.25.156375884487675936513403083218009333856/series_003_2_CR/A250727121 DXA/CR DXA/CR000004.dcm,C:\Users\Андрей\Desktop\Хакатон\Исследования\2.25.156375884487675936513403083218009333856\series_003_2_CR\A250727121 DXA\CR DXA\CR000004.dcm,CR000004.dcm,83008
1.2.643.5.1.13.13.12.2.77.8252.09011413060403000011030100010009,1.2.643.5.1.13.13.12.2.77.8252.03010905090814080711141406121501,1.2.643.5.1.13.13.12.2.77.8252.06090615030507090305110605000508,2.25.156375884487675936513403083218009333856/series_003_2_CR/A250727121 DXA/CR DXA/CR000005.dcm,C:\Users\Андрей\Desktop\Хакатон\Исследования\2.25.156375884487675936513403083218009333856\series_003_2_CR\A250727121 DXA\CR DXA\CR000005.dcm,CR000005.dcm,83052
1.2.643.5.1.13.13.12.2.77.8252.08030713030704060311150311011102,1.2.643.5.1.13.13.12.2.77.8252.03010905090814080711141406121501,1.2.643.5.1.13.13.12.2.77.8252.06090615030507090305110605000508,2.25.156375884487675936513403083218009333856/series_003_2_CR/A250727121 DXA/CR DXA/CR000006.dcm,C:\Users\Андрей\Desktop\Хакатон\Исследования\2.25.156375884487675936513403083218009333856\series_003_2_CR\A250727121 DXA\CR DXA\CR000006.dcm,CR000006.dcm,82918
1.2.643.5.1.13.13.12.2.77.8252.05051104100602100505120514140315,1.2.643.5.1.13.13.12.2.77.8252.03010905090814080711141406121501,1.2.643.5.1.13.13.12.2.77.8252.06090615030507090305110605000508,2.25.156375884487675936513403083218009333856/series_003_2_CR/A250727121 DXA/CR DXA/CR000007.dcm,C:\Users\Андрей\Desktop\Хакатон\Исследования\2.25.156375884487675936513403083218009333856\series_003_2_CR\A250727121 DXA\CR DXA\CR000007.dcm,CR000007.dcm,83132
1.2.643.5.1.13.13.12.2.77.8252.02120313110611140813031405011300,1.2.643.5.1.13.13.12.2.77.8252.03010905090814080711141406121501,1.2.643.5.1.13.13.12.2.77.8252.06090615030507090305110605000508,2.25.156375884487675936513403083218009333856/series_003_2_CR/A250727121 DXA/CR DXA/CR000008.dcm,C:\Users\Андрей\Desktop\Хакатон\Исследования\2.25.156375884487675936513403083218009333856\series_003_2_CR\A250727121 DXA\CR DXA\CR000008.dcm,CR000008.dcm,82918
1.2.643.5.1.13.13.12.2.77.8252.01081107130715100908030700130001,1.2.643.5.1.13.13.12.2.77.8252.03010905090814080711141406121501,1.2.643.5.1.13.13.12.2.77.8252.06090615030507090305110605000508,2.25.156375884487675936513403083218009333856/series_003_2_CR/A250727121 DXA/CR DXA/CR000009.dcm,C:\Users\Андрей\Desktop\Хакатон\Исследования\2.25.156375884487675936513403083218009333856\series_003_2_CR\A250727121 DXA\CR DXA\CR000009.dcm,CR000009.dcm,96628
1.2.643.5.1.13.13.12.2.77.8252.02031105000207140511130815071303,1.2.643.5.1.13.13.12.2.77.8252.03010905090814080711141406121501,1.2.643.5.1.13.13.12.2.77.8252.06090615030507090305110605000508,2.25.156375884487675936513403083218009333856/series_003_2_CR/A250727121 DXA/CR DXA/CR000010.dcm,C:\Users\Андрей\Desktop\Хакатон\Исследования\2.25.156375884487675936513403083218009333856\series_003_2_CR\A250727121 DXA\CR DXA\CR000010.dcm,CR000010.dcm,83132
1.2.643.5.1.13.13.12.2.77.8252.12101514000107101207120412120213,1.2.643.5.1.13.13.12.2.77.8252.14051001011001020103110813110612,1.2.643.5.1.13.13.12.2.77.8252.14081310151415041505041304031410,2.25.156389075510671877606923458507011517218/series_001_2_CR/A2507389755 DXA/CR DXA/CR000000.dcm,C:\Users\Андрей\Desktop\Хакатон\Исследования\2.25.156389075510671877606923458507011517218\series_001_2_CR\A2507389755 DXA\CR DXA\CR000000.dcm,CR000000.dcm,83368
1.2.643.5.1.13.13.12.2.77.8252.05051100060005040907000403081502,1.2.643.5.1.13.13.12.2.77.8252.14051001011001020103110813110612,1.2.643.5.1.13.13.12.2.77.8252.14081310151415041505041304031410,2.25.156389075510671877606923458507011517218/series_001_2_CR/A2507389755 DXA/CR DXA/CR000001.dcm,C:\Users\Андрей\Desktop\Хакатон\Исследования\2.25.156389075510671877606923458507011517218\series_001_2_CR\A2507389755 DXA\CR DXA\CR000001.dcm,CR000001.dcm,83368
1.2.643.5.1.13.13.12.2.77.8252.10040508121311001415130412050515,1.2.643.5.1.13.13.12.2.77.8252.14051001011001020103110813110612,1.2.643.5.1.13.13.12.2.77.8252.14081310151415041505041304031410,2.25.156389075510671877606923458507011517218/series_001_2_CR/A2507389755 DXA/CR DXA/CR000002.dcm,C:\Users\Андрей\Desktop\Хакатон\Исследования\2.25.156389075510671877606923458507011517218\series_001_2_CR\A2507389755 DXA\CR DXA\CR000002.dcm,CR000002.dcm,88308
1.2.643.5.1.13.13.12.2.77.8252.12071112070710000412111310090807,1.2.643.5.1.13.13.12.2.77.8252.14051001011001020103110813110612,1.2.643.5.1.13.13.12.2.77.8252.14081310151415041505041304031410,2.25.156389075510671877606923458507011517218/series_001_2_CR/A2507389755 DXA/CR DXA/CR000003.dcm,C:\Users\Андрей\Desktop\Хакатон\Исследования\2.25.156389075510671877606923458507011517218\series_001_2_CR\A2507389755 DXA\CR DXA\CR000003.dcm,CR000003.dcm,88228
1.2.643.5.1.13.13.12.2.77.8252.05071102020515091408100612011404,1.2.643.5.1.13.13.12.2.77.8252.14051001011001020103110813110612,1.2.643.5.1.13.13.12.2.77.8252.14081310151415041505041304031410,2.25.156389075510671877606923458507011517218/series_001_2_CR/A2507389755 DXA/CR DXA/CR000004.dcm,C:\Users\Андрей\Desktop\Хакатон\Исследования\2.25.156389075510671877606923458507011517218\series_001_2_CR\A2507389755 DXA\CR DXA\CR000004.dcm,CR000004.dcm,83288
1.2.643.5.1.13.13.12.2.77.8252.06010215090214010805091400020206,1.2.643.5.1.13.13.12.2.77.8252.14051001011001020103110813110612,1.2.643.5.1.13.13.12.2.77.8252.14081310151415041505041304031410,2.25.156389075510671877606923458507011517218/series_001_2_CR/A2507389755 DXA/CR DXA/CR000005.dcm,C:\Users\Андрей\Desktop\Хакатон\Исследования\2.25.156389075510671877606923458507011517218\series_001_2_CR\A2507389755 DXA\CR DXA\CR000005.dcm,CR000005.dcm,83288
1.2.643.5.1.13.13.12.2.77.8252.15011410150513090204040606151204,1.2.643.5.1.13.13.12.2.77.8252.04090607151301101110121009081500,1.2.643.5.1.13.13.12.2.77.8252.06080700000403120414070715001409,2.25.157462338378550185821790046400986801350/series_001_2_CR/A2507498707 DXA/CR DXA/CR000000.dcm,C:\Users\Андрей\Desktop\Хакатон\Исследования\2.25.157462338378550185821790046400986801350\series_001_2_CR\A2507498707 DXA\CR DXA\CR000000.dcm,CR000000.dcm,88274
1.2.643.5.1.13.13.12.2.77.8252.14100604010411121207140303140506,1.2.643.5.1.13.13.12.2.77.8252.04090607151301101110121009081500,1.2.643.5.1.13.13.12.2.77.8252.06080700000403120414070715001409,2.25.157462338378550185821790046400986801350/series_001_2_CR/A2507498707 DXA/CR DXA/CR000001.dcm,C:\Users\Андрей\Desktop\Хакатон\Исследования\2.25.157462338378550185821790046400986801350\series_001_2_CR\A2507498707 DXA\CR DXA\CR000001.dcm,CR000001.dcm,67454
1.2.643.5.1.13.13.12.2.77.8252.15141103121505150805131303080314,1.2.643.5.1.13.13.12.2.77.8252.04090607151301101110121009081500,1.2.643.5.1.13.13.12.2.77.8252.06080700000403120414070715001409,2.25.157462338378550185821790046400986801350/series_001_2_CR/A2507498707 DXA/CR DXA/CR000002.dcm,C:\Users\Андрей\Desktop\Хакатон\Исследования\2.25.157462338378550185821790046400986801350\series_001_2_CR\A2507498707 DXA\CR DXA\CR000002.dcm,CR000002.dcm,88354
1.2.643.5.1.13.13.12.2.77.8252.01041213150709070704090905040703,1.2.643.5.1.13.13.12.2.77.8252.04090607151301101110121009081500,1.2.643.5.1.13.13.12.2.77.8252.06080700000403120414070715001409,2.25.157462338378550185821790046400986801350/series_001_2_CR/A2507498707 DXA/CR DXA/CR000003.dcm,C:\Users\Андрей\Desktop\Хакатон\Исследования\2.25.157462338378550185821790046400986801350\series_001_2_CR\A2507498707 DXA\CR DXA\CR000003.dcm,CR000003.dcm,67328
1.2.643.5.1.13.13.12.2.77.8252.01050311070609101401120201090506,1.2.643.5.1.13.13.12.2.77.8252.04090607151301101110121009081500,1.2.643.5.1.13.13.12.2.77.8252.06080700000403120414070715001409,2.25.157462338378550185821790046400986801350/series_001_2_CR/A2507498707 DXA/CR DXA/CR000004.dcm,C:\Users\Андрей\Desktop\Хакатон\Исследования\2.25.157462338378550185821790046400986801350\series_001_2_CR\A2507498707 DXA\CR DXA\CR000004.dcm,CR000004.dcm,67328
1.2.643.5.1.13.13.12.2.77.8252.04150901080711131310091006050208,1.2.643.5.1.13.13.12.2.77.8252.04090607151301101110121009081500,1.2.643.5.1.13.13.12.2.77.8252.06080700000403120414070715001409,2.25.157462338378550185821790046400986801350/series_001_2_CR/A2507498707 DXA/CR DXA/CR000005.dcm,C:\Users\Андрей\Desktop\Хакатон\Исследования\2.25.157462338378550185821790046400986801350\series_001_2_CR\A2507498707 DXA\CR DXA\CR000005.dcm,CR000005.dcm,67454
1.2.643.5.1.13.13.12.2.77.8252.09040703010601060814101313081104,1.2.643.5.1.13.13.12.2.77.8252.08130702060402020111101401090509,1.2.643.5.1.13.13.12.2.77.8252.02020415030514090514120506090201,2.25.158197739569377798130962967413133224194/series_002_2_CR/A2504245497 DXA/CR DXA/CR000000.dcm,C:\Users\Андрей\Desktop\Хакатон\Исследования\2.25.158197739569377798130962967413133224194\series_002_2_CR\A2504245497 DXA\CR DXA\CR000000.dcm,CR000000.dcm,88890
1.2.643.5.1.13.13.12.2.77.8252.11050703151212091005010115120315,1.2.643.5.1.13.13.12.2.77.8252.10030514041010111403040803061004,1.2.643.5.1.13.13.12.2.77.8252.01101001081013100709141206141212,2.25.158646777318759504110695916200521633609/series_003_6_CR/A2507266260 DXA/CR DXA/CR000000.dcm,C:\Users\Андрей\Desktop\Хакатон\Исследования\2.25.158646777318759504110695916200521633609\series_003_6_CR\A2507266260 DXA\CR DXA\CR000000.dcm,CR000000.dcm,83224
1.2.643.5.1.13.13.12.2.77.8252.08140602091513140007031414030212,1.2.643.5.1.13.13.12.2.77.8252.10030514041010111403040803061004,1.2.643.5.1.13.13.12.2.77.8252.01101001081013100709141206141212,2.25.158646777318759504110695916200521633609/series_003_6_CR/A2507266260 DXA/CR DXA/CR000001.dcm,C:\Users\Андрей\Desktop\Хакатон\Исследования\2.25.158646777318759504110695916200521633609\series_003_6_CR\A2507266260 DXA\CR DXA\CR000001.dcm,CR000001.dcm,87844
1.2.643.5.1.13.13.12.2.77.8252.09070206070204150105120502020002,1.2.643.5.1.13.13.12.2.77.8252.10030514041010111403040803061004,1.2.643.5.1.13.13.12.2.77.8252.01101001081013100709141206141212,2.25.158646777318759504110695916200521633609/series_003_6_CR/A2507266260 DXA/CR DXA/CR000002.dcm,C:\Users\Андрей\Desktop\Хакатон\Исследования\2.25.158646777318759504110695916200521633609\series_003_6_CR\A2507266260 DXA\CR DXA\CR000002.dcm,CR000002.dcm,87674
1.2.643.5.1.13.13.12.2.77.8252.03110108081008000413081502071511,1.2.643.5.1.13.13.12.2.77.8252.10030514041010111403040803061004,1.2.643.5.1.13.13.12.2.77.8252.01101001081013100709141206141212,2.25.158646777318759504110695916200521633609/series_003_6_CR/A2507266260 DXA/CR DXA/CR000003.dcm,C:\Users\Андрей\Desktop\Хакатон\Исследования\2.25.158646777318759504110695916200521633609\series_003_6_CR\A2507266260 DXA\CR DXA\CR000003.dcm,CR000003.dcm,82664
1.2.643.5.1.13.13.12.2.77.8252.12001515051514100814070205030801,1.2.643.5.1.13.13.12.2.77.8252.10030514041010111403040803061004,1.2.643.5.1.13.13.12.2.77.8252.01101001081013100709141206141212,2.25.158646777318759504110695916200521633609/series_003_6_CR/A2507266260 DXA/CR DXA/CR000004.dcm,C:\Users\Андрей\Desktop\Хакатон\Исследования\2.25.158646777318759504110695916200521633609\series_003_6_CR\A2507266260 DXA\CR DXA\CR000004.dcm,CR000004.dcm,82492
1.2.643.5.1.13.13.12.2.77.8252.15131010101502051307000500101007,1.2.643.5.1.13.13.12.2.77.8252.10030514041010111403040803061004,1.2.643.5.1.13.13.12.2.77.8252.01101001081013100709141206141212,2.25.158646777318759504110695916200521633609/series_003_6_CR/A2507266260 DXA/CR DXA/CR000005.dcm,C:\Users\Андрей\Desktop\Хакатон\Исследования\2.25.158646777318759504110695916200521633609\series_003_6_CR\A2507266260 DXA\CR DXA\CR000005.dcm,CR000005.dcm,83054
1.2.643.5.1.13.13.12.2.77.8252.04030712110411040711120105080700,1.2.643.5.1.13.13.12.2.77.8252.10030514041010111403040803061004,1.2.643.5.1.13.13.12.2.77.8252.01101001081013100709141206141212,2.25.158646777318759504110695916200521633609/series_003_6_CR/A2507266260 DXA/CR DXA/CR000006.dcm,C:\Users\Андрей\Desktop\Хакатон\Исследования\2.25.158646777318759504110695916200521633609\series_003_6_CR\A2507266260 DXA\CR DXA\CR000006.dcm,CR000006.dcm,83224
1.2.643.5.1.13.13.12.2.77.8252.14150106081013050013050511140613,1.2.643.5.1.13.13.12.2.77.8252.10030514041010111403040803061004,1.2.643.5.1.13.13.12.2.77.8252.01101001081013100709141206141212,2.25.158646777318759504110695916200521633609/series_003_6_CR/A2507266260 DXA/CR DXA/CR000007.dcm,C:\Users\Андрей\Desktop\Хакатон\Исследования\2.25.158646777318759504110695916200521633609\series_003_6_CR\A2507266260 DXA\CR DXA\CR000007.dcm,CR000007.dcm,82492
1.2.643.5.1.13.13.12.2.77.8252.01120709131111081211081313110800,1.2.643.5.1.13.13.12.2.77.8252.10030514041010111403040803061004,1.2.643.5.1.13.13.12.2.77.8252.01101001081013100709141206141212,2.25.158646777318759504110695916200521633609/series_003_6_CR/A2507266260 DXA/CR DXA/CR000008.dcm,C:\Users\Андрей\Desktop\Хакатон\Исследования\2.25.158646777318759504110695916200521633609\series_003_6_CR\A2507266260 DXA\CR DXA\CR000008.dcm,CR000008.dcm,87674
1.2.643.5.1.13.13.12.2.77.8252.10080511020009041308131206080209,1.2.643.5.1.13.13.12.2.77.8252.10030514041010111403040803061004,1.2.643.5.1.13.13.12.2.77.8252.01101001081013100709141206141212,2.25.158646777318759504110695916200521633609/series_003_6_CR/A2507266260 DXA/CR DXA/CR000009.dcm,C:\Users\Андрей\Desktop\Хакатон\Исследования\2.25.158646777318759504110695916200521633609\series_003_6_CR\A2507266260 DXA\CR DXA\CR000009.dcm,CR000009.dcm,87844
1.2.643.5.1.13.13.12.2.77.8252.13040700151412120600060201031309,1.2.643.5.1.13.13.12.2.77.8252.10030514041010111403040803061004,1.2.643.5.1.13.13.12.2.77.8252.01101001081013100709141206141212,2.25.158646777318759504110695916200521633609/series_003_6_CR/A2507266260 DXA/CR DXA/CR000010.dcm,C:\Users\Андрей\Desktop\Хакатон\Исследования\2.25.158646777318759504110695916200521633609\series_003_6_CR\A2507266260 DXA\CR DXA\CR000010.dcm,CR000010.dcm,82664
1.2.643.5.1.13.13.12.2.77.8252.01101303110802020807060303150105,1.2.643.5.1.13.13.12.2.77.8252.10030514041010111403040803061004,1.2.643.5.1.13.13.12.2.77.8252.00061404140502100104070113110714,2.25.158646777318759504110695916200521633609/series_004_2_CR/A2507266260 DXA/CR DXA/CR000000.dcm,C:\Users\Андрей\Desktop\Хакатон\Исследования\2.25.158646777318759504110695916200521633609\series_004_2_CR\A2507266260 DXA\CR DXA\CR000000.dcm,CR000000.dcm,87844
1.2.643.5.1.13.13.12.2.77.8252.07040712050005061000030214131300,1.2.643.5.1.13.13.12.2.77.8252.10030514041010111403040803061004,1.2.643.5.1.13.13.12.2.77.8252.00061404140502100104070113110714,2.25.158646777318759504110695916200521633609/series_004_2_CR/A2507266260 DXA/CR DXA/CR000001.dcm,C:\Users\Андрей\Desktop\Хакатон\Исследования\2.25.158646777318759504110695916200521633609\series_004_2_CR\A2507266260 DXA\CR DXA\CR000001.dcm,CR000001.dcm,83224
1.2.643.5.1.13.13.12.2.77.8252.07100810031004120210110309111304,1.2.643.5.1.13.13.12.2.77.8252.10030514041010111403040803061004,1.2.643.5.1.13.13.12.2.77.8252.00061404140502100104070113110714,2.25.158646777318759504110695916200521633609/series_004_2_CR/A2507266260 DXA/CR DXA/CR000002.dcm,C:\Users\Андрей\Desktop\Хакатон\Исследования\2.25.158646777318759504110695916200521633609\series_004_2_CR\A2507266260 DXA\CR DXA\CR000002.dcm,CR000002.dcm,87844
1.2.643.5.1.13.13.12.2.77.8252.07071202031002110807120405030608,1.2.643.5.1.13.13.12.2.77.8252.10030514041010111403040803061004,1.2.643.5.1.13.13.12.2.77.8252.00061404140502100104070113110714,2.25.158646777318759504110695916200521633609/series_004_2_CR/A2507266260 DXA/CR DXA/CR000003.dcm,C:\Users\Андрей\Desktop\Хакатон\Исследования\2.25.158646777318759504110695916200521633609\series_004_2_CR\A2507266260 DXA\CR DXA\CR000003.dcm,CR000003.dcm,82664
1.2.643.5.1.13.13.12.2.77.8252.02070215040314000714060301121012,1.2.643.5.1.13.13.12.2.77.8252.10030514041010111403040803061004,1.2.643.5.1.13.13.12.2.77.8252.00061404140502100104070113110714,2.25.158646777318759504110695916200521633609/series_004_2_CR/A2507266260 DXA/CR DXA/CR000004.dcm,C:\Users\Андрей\Desktop\Хакатон\Исследования\2.25.158646777318759504110695916200521633609\series_004_2_CR\A2507266260 DXA\CR DXA\CR000004.dcm,CR000004.dcm,83224
1.2.643.5.1.13.13.12.2.77.8252.14020109130502120101091201060702,1.2.643.5.1.13.13.12.2.77.8252.10030514041010111403040803061004,1.2.643.5.1.13.13.12.2.77.8252.00061404140502100104070113110714,2.25.158646777318759504110695916200521633609/series_004_2_CR/A2507266260 DXA/CR DXA/CR000005.dcm,C:\Users\Андрей\Desktop\Хакатон\Исследования\2.25.158646777318759504110695916200521633609\series_004_2_CR\A2507266260 DXA\CR DXA\CR000005.dcm,CR000005.dcm,87674
1.2.643.5.1.13.13.12.2.77.8252.10080501080902141107071310080400,1.2.643.5.1.13.13.12.2.77.8252.10030514041010111403040803061004,1.2.643.5.1.13.13.12.2.77.8252.00061404140502100104070113110714,2.25.158646777318759504110695916200521633609/series_004_2_CR/A2507266260 DXA/CR DXA/CR000006.dcm,C:\Users\Андрей\Desktop\Хакатон\Исследования\2.25.158646777318759504110695916200521633609\series_004_2_CR\A2507266260 DXA\CR DXA\CR000006.dcm,CR000006.dcm,82492
1.2.643.5.1.13.13.12.2.77.8252.05110305041311030310151512080811,1.2.643.5.1.13.13.12.2.77.8252.10030514041010111403040803061004,1.2.643.5.1.13.13.12.2.77.8252.00061404140502100104070113110714,2.25.158646777318759504110695916200521633609/series_004_2_CR/A2507266260 DXA/CR DXA/CR000007.dcm,C:\Users\Андрей\Desktop\Хакатон\Исследования\2.25.158646777318759504110695916200521633609\series_004_2_CR\A2507266260 DXA\CR DXA\CR000007.dcm,CR000007.dcm,83054
1.2.643.5.1.13.13.12.2.77.8252.05050408000609040210110603090612,1.2.643.5.1.13.13.12.2.77.8252.10030514041010111403040803061004,1.2.643.5.1.13.13.12.2.77.8252.00061404140502100104070113110714,2.25.158646777318759504110695916200521633609/series_004_2_CR/A2507266260 DXA/CR DXA/CR000008.dcm,C:\Users\Андрей\Desktop\Хакатон\Исследования\2.25.158646777318759504110695916200521633609\series_004_2_CR\A2507266260 DXA\CR DXA\CR000008.dcm,CR000008.dcm,87674
1.2.643.5.1.13.13.12.2.77.8252.09030907130311001200011206051201,1.2.643.5.1.13.13.12.2.77.8252.10030514041010111403040803061004,1.2.643.5.1.13.13.12.2.77.8252.00061404140502100104070113110714,2.25.158646777318759504110695916200521633609/series_004_2_CR/A2507266260 DXA/CR DXA/CR000009.dcm,C:\Users\Андрей\Desktop\Хакатон\Исследования\2.25.158646777318759504110695916200521633609\series_004_2_CR\A2507266260 DXA\CR DXA\CR000009.dcm,CR000009.dcm,82492
1.2.643.5.1.13.13.12.2.77.8252.14070407100802110204090510100607,1.2.643.5.1.13.13.12.2.77.8252.10030514041010111403040803061004,1.2.643.5.1.13.13.12.2.77.8252.00061404140502100104070113110714,2.25.158646777318759504110695916200521633609/series_004_2_CR/A2507266260 DXA/CR DXA/CR000010.dcm,C:\Users\Андрей\Desktop\Хакатон\Исследования\2.25.158646777318759504110695916200521633609\series_004_2_CR\A2507266260 DXA\CR DXA\CR000010.dcm,CR000010.dcm,83054
1.2.643.5.1.13.13.12.2.77.8252.02001101060409110302091107020305,1.2.643.5.1.13.13.12.2.77.8252.10030514041010111403040803061004,1.2.643.5.1.13.13.12.2.77.8252.00061404140502100104070113110714,2.25.158646777318759504110695916200521633609/series_004_2_CR/A2507266260 DXA/CR DXA/CR000011.dcm,C:\Users\Андрей\Desktop\Хакатон\Исследования\2.25.158646777318759504110695916200521633609\series_004_2_CR\A2507266260 DXA\CR DXA\CR000011.dcm,CR000011.dcm,82664
1.2.643.5.1.13.13.12.2.77.8252.02081311121209090807151401120110,1.2.643.5.1.13.13.12.2.77.8252.10030514041010111403040803061004,1.2.643.5.1.13.13.12.2.77.8252.00061404140502100104070113110714,2.25.158646777318759504110695916200521633609/series_004_2_CR/A2507266260 DXA/CR DXA/CR000012.dcm,C:\Users\Андрей\Desktop\Хакатон\Исследования\2.25.158646777318759504110695916200521633609\series_004_2_CR\A2507266260 DXA\CR DXA\CR000012.dcm,CR000012.dcm,87674
1.2.643.5.1.13.13.12.2.77.8252.04021100060501150502031503091205,1.2.643.5.1.13.13.12.2.77.8252.10030514041010111403040803061004,1.2.643.5.1.13.13.12.2.77.8252.00061404140502100104070113110714,2.25.158646777318759504110695916200521633609/series_004_2_CR/A2507266260 DXA/CR DXA/CR000013.dcm,C:\Users\Андрей\Desktop\Хакатон\Исследования\2.25.158646777318759504110695916200521633609\series_004_2_CR\A2507266260 DXA\CR DXA\CR000013.dcm,CR000013.dcm,87844
1.2.643.5.1.13.13.12.2.77.8252.08031403081214020202010408050515,1.2.643.5.1.13.13.12.2.77.8252.10030514041010111403040803061004,1.2.643.5.1.13.13.12.2.77.8252.00061404140502100104070113110714,2.25.158646777318759504110695916200521633609/series_004_2_CR/A2507266260 DXA/CR DXA/CR000014.dcm,C:\Users\Андрей\Desktop\Хакатон\Исследования\2.25.158646777318759504110695916200521633609\series_004_2_CR\A2507266260 DXA\CR DXA\CR000014.dcm,CR000014.dcm,82492
1.2.643.5.1.13.13.12.2.77.8252.12010614051405051206130410050708,1.2.643.5.1.13.13.12.2.77.8252.10030514041010111403040803061004,1.2.643.5.1.13.13.12.2.77.8252.00061404140502100104070113110714,2.25.158646777318759504110695916200521633609/series_004_2_CR/A2507266260 DXA/CR DXA/CR000015.dcm,C:\Users\Андрей\Desktop\Хакатон\Исследования\2.25.158646777318759504110695916200521633609\series_004_2_CR\A2507266260 DXA\CR DXA\CR000015.dcm,CR000015.dcm,82664
1.2.643.5.1.13.13.12.2.77.8252.05131012021403090403150713091114,1.2.643.5.1.13.13.12.2.77.8252.10030514041010111403040803061004,1.2.643.5.1.13.13.12.2.77.8252.00061404140502100104070113110714,2.25.158646777318759504110695916200521633609/series_004_2_CR/A2507266260 DXA/CR DXA/CR000016.dcm,C:\Users\Андрей\Desktop\Хакатон\Исследования\2.25.158646777318759504110695916200521633609\series_004_2_CR\A2507266260 DXA\CR DXA\CR000016.dcm,CR000016.dcm,83224
1.2.643.5.1.13.13.12.2.77.8252.11030505061512110108000404010908,1.2.643.5.1.13.13.12.2.77.8252.10030514041010111403040803061004,1.2.643.5.1.13.13.12.2.77.8252.00061404140502100104070113110714,2.25.158646777318759504110695916200521633609/series_004_2_CR/A2507266260 DXA/CR DXA/CR000017.dcm,C:\Users\Андрей\Desktop\Хакатон\Исследования\2.25.158646777318759504110695916200521633609\series_004_2_CR\A2507266260 DXA\CR DXA\CR000017.dcm,CR000017.dcm,83054
1.2.643.5.1.13.13.12.2.77.8252.03050413050004110015050414021412,1.2.643.5.1.13.13.12.2.77.8252.05080007010908151412021401130712,1.2.643.5.1.13.13.12.2.77.8252.11150310080213051304091401140312,2.25.159930383074323525630608416881201447861/series_002_2_CR/A2507139428 DXA/CR DXA/CR000000.dcm,C:\Users\Андрей\Desktop\Хакатон\Исследования\2.25.159930383074323525630608416881201447861\series_002_2_CR\A2507139428 DXA\CR DXA\CR000000.dcm,CR000000.dcm,88228
1.2.643.5.1.13.13.12.2.77.8252.05080909100510090906081209130901,1.2.643.5.1.13.13.12.2.77.8252.11031305020803120210110303010607,1.2.643.5.1.13.13.12.2.77.8252.15091501021210141510040001110809,2.25.164566280810634620154538016595892212884/series_001_2_CR/A2504291878 DXA Exam/CR DXA Images/CR000000.dcm,C:\Users\Андрей\Desktop\Хакатон\Исследования\2.25.164566280810634620154538016595892212884\series_001_2_CR\A2504291878 DXA Exam\CR DXA Images\CR000000.dcm,CR000000.dcm,98538
1.2.643.5.1.13.13.12.2.77.8252.02030112081401101404040904010405,1.2.643.5.1.13.13.12.2.77.8252.11031305020803120210110303010607,1.2.643.5.1.13.13.12.2.77.8252.15091501021210141510040001110809,2.25.164566280810634620154538016595892212884/series_001_2_CR/A2504291878 DXA Exam/CR DXA Images/CR000001.dcm,C:\Users\Андрей\Desktop\Хакатон\Исследования\2.25.164566280810634620154538016595892212884\series_001_2_CR\A2504291878 DXA Exam\CR DXA Images\CR000001.dcm,CR000001.dcm,87758
1.2.643.5.1.13.13.12.2.77.8252.00071210060602011311010906021407,1.2.643.5.1.13.13.12.2.77.8252.11031305020803120210110303010607,1.2.643.5.1.13.13.12.2.77.8252.15091501021210141510040001110809,2.25.164566280810634620154538016595892212884/series_001_2_CR/A2504291878 DXA Exam/CR DXA Images/CR000002.dcm,C:\Users\Андрей\Desktop\Хакатон\Исследования\2.25.164566280810634620154538016595892212884\series_001_2_CR\A2504291878 DXA Exam\CR DXA Images\CR000002.dcm,CR000002.dcm,98538
1.2.643.5.1.13.13.12.2.77.8252.14100208080000030010140812001111,1.2.643.5.1.13.13.12.2.77.8252.07040007120602101304050600010708,1.2.643.5.1.13.13.12.2.77.8252.00101104101403131203151307080003,2.25.165091430504580219034019815337441064349/series_001_2_CR/A2504415443 DXA/CR DXA/CR000000.dcm,C:\Users\Андрей\Desktop\Хакатон\Исследования\2.25.165091430504580219034019815337441064349\series_001_2_CR\A2504415443 DXA\CR DXA\CR000000.dcm,CR000000.dcm,67346
1.2.643.5.1.13.13.12.2.77.8252.12140710150813060013011403140807,1.2.643.5.1.13.13.12.2.77.8252.07040007120602101304050600010708,1.2.643.5.1.13.13.12.2.77.8252.00101104101403131203151307080003,2.25.165091430504580219034019815337441064349/series_001_2_CR/A2504415443 DXA/CR DXA/CR000001.dcm,C:\Users\Андрей\Desktop\Хакатон\Исследования\2.25.165091430504580219034019815337441064349\series_001_2_CR\A2504415443 DXA\CR DXA\CR000001.dcm,CR000001.dcm,74672
1.2.643.5.1.13.13.12.2.77.8252.01120104060301100213100004141203,1.2.643.5.1.13.13.12.2.77.8252.07040007120602101304050600010708,1.2.643.5.1.13.13.12.2.77.8252.00101104101403131203151307080003,2.25.165091430504580219034019815337441064349/series_001_2_CR/A2504415443 DXA/CR DXA/CR000002.dcm,C:\Users\Андрей\Desktop\Хакатон\Исследования\2.25.165091430504580219034019815337441064349\series_001_2_CR\A2504415443 DXA\CR DXA\CR000002.dcm,CR000002.dcm,87692
1.2.643.5.1.13.13.12.2.77.8252.03000107141315000207090502080502,1.2.643.5.1.13.13.12.2.77.8252.07040007120602101304050600010708,1.2.643.5.1.13.13.12.2.77.8252.00101104101403131203151307080003,2.25.165091430504580219034019815337441064349/series_001_2_CR/A2504415443 DXA/CR DXA/CR000003.dcm,C:\Users\Андрей\Desktop\Хакатон\Исследования\2.25.165091430504580219034019815337441064349\series_001_2_CR\A2504415443 DXA\CR DXA\CR000003.dcm,CR000003.dcm,87692
1.2.643.5.1.13.13.12.2.77.8252.12050607100307101401110010080508,1.2.643.5.1.13.13.12.2.77.8252.07040007120602101304050600010708,1.2.643.5.1.13.13.12.2.77.8252.00101104101403131203151307080003,2.25.165091430504580219034019815337441064349/series_001_2_CR/A2504415443 DXA/CR DXA/CR000004.dcm,C:\Users\Андрей\Desktop\Хакатон\Исследования\2.25.165091430504580219034019815337441064349\series_001_2_CR\A2504415443 DXA\CR DXA\CR000004.dcm,CR000004.dcm,67392
1.2.643.5.1.13.13.12.2.77.8252.02080910050503150405130310031107,1.2.643.5.1.13.13.12.2.77.8252.07040007120602101304050600010708,1.2.643.5.1.13.13.12.2.77.8252.00101104101403131203151307080003,2.25.165091430504580219034019815337441064349/series_001_2_CR/A2504415443 DXA/CR DXA/CR000005.dcm,C:\Users\Андрей\Desktop\Хакатон\Исследования\2.25.165091430504580219034019815337441064349\series_001_2_CR\A2504415443 DXA\CR DXA\CR000005.dcm,CR000005.dcm,74626
1.2.643.5.1.13.13.12.2.77.8252.03030806061309020808141008071213,1.2.643.5.1.13.13.12.2.77.8252.12060501010302051215051203010600,1.2.643.5.1.13.13.12.2.77.8252.15001211151402100804050812061111,2.25.165355673991587715046346525964554729786/series_003_3_CR/A2506448267 DXA/CR DXA/CR000000.dcm,C:\Users\Андрей\Desktop\Хакатон\Исследования\2.25.165355673991587715046346525964554729786\series_003_3_CR\A2506448267 DXA\CR DXA\CR000000.dcm,CR000000.dcm,74670
1.2.643.5.1.13.13.12.2.77.8252.05130006080703150808130311150104,1.2.643.5.1.13.13.12.2.77.8252.12060501010302051215051203010600,1.2.643.5.1.13.13.12.2.77.8252.15001211151402100804050812061111,2.25.165355673991587715046346525964554729786/series_003_3_CR/A2506448267 DXA/CR DXA/CR000001.dcm,C:\Users\Андрей\Desktop\Хакатон\Исследования\2.25.165355673991587715046346525964554729786\series_003_3_CR\A2506448267 DXA\CR DXA\CR000001.dcm,CR000001.dcm,96692
1.2.643.5.1.13.13.12.2.77.8252.05050004021105041108010100020012,1.2.643.5.1.13.13.12.2.77.8252.11061310061408070513110011010800,1.2.643.5.1.13.13.12.2.77.8252.13111000070401001208041400140709,2.25.167344201679287285499405412654740659745/series_003_2_CR/A2504249537 DXA/CR DXA/CR000000.dcm,C:\Users\Андрей\Desktop\Хакатон\Исследования\2.25.167344201679287285499405412654740659745\series_003_2_CR\A2504249537 DXA\CR DXA\CR000000.dcm,CR000000.dcm,75746
1.2.643.5.1.13.13.12.2.77.8252.03020203090713120707041512070302,1.2.643.5.1.13.13.12.2.77.8252.11061310061408070513110011010800,1.2.643.5.1.13.13.12.2.77.8252.13111000070401001208041400140709,2.25.167344201679287285499405412654740659745/series_003_2_CR/A2504249537 DXA/CR DXA/CR000001.dcm,C:\Users\Андрей\Desktop\Хакатон\Исследования\2.25.167344201679287285499405412654740659745\series_003_2_CR\A2504249537 DXA\CR DXA\CR000001.dcm,CR000001.dcm,75186
1.2.643.5.1.13.13.12.2.77.8252.06020510071406141308051102110806,1.2.643.5.1.13.13.12.2.77.8252.11061310061408070513110011010800,1.2.643.5.1.13.13.12.2.77.8252.13111000070401001208041400140709,2.25.167344201679287285499405412654740659745/series_003_2_CR/A2504249537 DXA/CR DXA/CR000002.dcm,C:\Users\Андрей\Desktop\Хакатон\Исследования\2.25.167344201679287285499405412654740659745\series_003_2_CR\A2504249537 DXA\CR DXA\CR000002.dcm,CR000002.dcm,89146
1.2.643.5.1.13.13.12.2.77.8252.03110714040901011514120512140506,1.2.643.5.1.13.13.12.2.77.8252.11061310061408070513110011010800,1.2.643.5.1.13.13.12.2.77.8252.13111000070401001208041400140709,2.25.167344201679287285499405412654740659745/series_003_2_CR/A2504249537 DXA/CR DXA/CR000003.dcm,C:\Users\Андрей\Desktop\Хакатон\Исследования\2.25.167344201679287285499405412654740659745\series_003_2_CR\A2504249537 DXA\CR DXA\CR000003.dcm,CR000003.dcm,75186
1.2.643.5.1.13.13.12.2.77.8252.04140115150705031110051301090913,1.2.643.5.1.13.13.12.2.77.8252.11061310061408070513110011010800,1.2.643.5.1.13.13.12.2.77.8252.13111000070401001208041400140709,2.25.167344201679287285499405412654740659745/series_003_2_CR/A2504249537 DXA/CR DXA/CR000004.dcm,C:\Users\Андрей\Desktop\Хакатон\Исследования\2.25.167344201679287285499405412654740659745\series_003_2_CR\A2504249537 DXA\CR DXA\CR000004.dcm,CR000004.dcm,89146
1.2.643.5.1.13.13.12.2.77.8252.10110808050405011511051303070302,1.2.643.5.1.13.13.12.2.77.8252.11061310061408070513110011010800,1.2.643.5.1.13.13.12.2.77.8252.13111000070401001208041400140709,2.25.167344201679287285499405412654740659745/series_003_2_CR/A2504249537 DXA/CR DXA/CR000005.dcm,C:\Users\Андрей\Desktop\Хакатон\Исследования\2.25.167344201679287285499405412654740659745\series_003_2_CR\A2504249537 DXA\CR DXA\CR000005.dcm,CR000005.dcm,75746
1.2.643.5.1.13.13.12.2.77.8252.09031014151115011007041507060209,1.2.643.5.1.13.13.12.2.77.8252.09131109110213080611001502040813,1.2.643.5.1.13.13.12.2.77.8252.14131202151512000515141002040115,2.25.16773626720107440979805052259711419763/series_004_2_CR/A2507537392 DXA/CR DXA/CR000000.dcm,C:\Users\Андрей\Desktop\Хакатон\Исследования\2.25.16773626720107440979805052259711419763\series_004_2_CR\A2507537392 DXA\CR DXA\CR000000.dcm,CR000000.dcm,88256
1.2.643.5.1.13.13.12.2.77.8252.15000110101510080415120006131402,1.2.643.5.1.13.13.12.2.77.8252.09131109110213080611001502040813,1.2.643.5.1.13.13.12.2.77.8252.14131202151512000515141002040115,2.25.16773626720107440979805052259711419763/series_004_2_CR/A2507537392 DXA/CR DXA/CR000001.dcm,C:\Users\Андрей\Desktop\Хакатон\Исследования\2.25.16773626720107440979805052259711419763\series_004_2_CR\A2507537392 DXA\CR DXA\CR000001.dcm,CR000001.dcm,74500
1.2.643.5.1.13.13.12.2.77.8252.07111109140703130315001513000701,1.2.643.5.1.13.13.12.2.77.8252.09131109110213080611001502040813,1.2.643.5.1.13.13.12.2.77.8252.14131202151512000515141002040115,2.25.16773626720107440979805052259711419763/series_004_2_CR/A2507537392 DXA/CR DXA/CR000002.dcm,C:\Users\Андрей\Desktop\Хакатон\Исследования\2.25.16773626720107440979805052259711419763\series_004_2_CR\A2507537392 DXA\CR DXA\CR000002.dcm,CR000002.dcm,74636
1.2.643.5.1.13.13.12.2.77.8252.15061506101401070412150108010615,1.2.643.5.1.13.13.12.2.77.8252.09131109110213080611001502040813,1.2.643.5.1.13.13.12.2.77.8252.14131202151512000515141002040115,2.25.16773626720107440979805052259711419763/series_004_2_CR/A2507537392 DXA/CR DXA/CR000003.dcm,C:\Users\Андрей\Desktop\Хакатон\Исследования\2.25.16773626720107440979805052259711419763\series_004_2_CR\A2507537392 DXA\CR DXA\CR000003.dcm,CR000003.dcm,88256
1.2.643.5.1.13.13.12.2.77.8252.13040605040810031203041510031012,1.2.643.5.1.13.13.12.2.77.8252.09131109110213080611001502040813,1.2.643.5.1.13.13.12.2.77.8252.14131202151512000515141002040115,2.25.16773626720107440979805052259711419763/series_004_2_CR/A2507537392 DXA/CR DXA/CR000004.dcm,C:\Users\Андрей\Desktop\Хакатон\Исследования\2.25.16773626720107440979805052259711419763\series_004_2_CR\A2507537392 DXA\CR DXA\CR000004.dcm,CR000004.dcm,74636
1.2.643.5.1.13.13.12.2.77.8252.02071412140202140114070213030205,1.2.643.5.1.13.13.12.2.77.8252.09131109110213080611001502040813,1.2.643.5.1.13.13.12.2.77.8252.14131202151512000515141002040115,2.25.16773626720107440979805052259711419763/series_004_2_CR/A2507537392 DXA/CR DXA/CR000005.dcm,C:\Users\Андрей\Desktop\Хакатон\Исследования\2.25.16773626720107440979805052259711419763\series_004_2_CR\A2507537392 DXA\CR DXA\CR000005.dcm,CR000005.dcm,74636
1.2.643.5.1.13.13.12.2.77.8252.11120907150103150102101200080104,1.2.643.5.1.13.13.12.2.77.8252.09131109110213080611001502040813,1.2.643.5.1.13.13.12.2.77.8252.14131202151512000515141002040115,2.25.16773626720107440979805052259711419763/series_004_2_CR/A2507537392 DXA/CR DXA/CR000006.dcm,C:\Users\Андрей\Desktop\Хакатон\Исследования\2.25.16773626720107440979805052259711419763\series_004_2_CR\A2507537392 DXA\CR DXA\CR000006.dcm,CR000006.dcm,74500
1.2.643.5.1.13.13.12.2.77.8252.00120605081302140615061408051413,1.2.643.5.1.13.13.12.2.77.8252.09131109110213080611001502040813,1.2.643.5.1.13.13.12.2.77.8252.14131202151512000515141002040115,2.25.16773626720107440979805052259711419763/series_004_2_CR/A2507537392 DXA/CR DXA/CR000007.dcm,C:\Users\Андрей\Desktop\Хакатон\Исследования\2.25.16773626720107440979805052259711419763\series_004_2_CR\A2507537392 DXA\CR DXA\CR000007.dcm,CR000007.dcm,74500
1.2.643.5.1.13.13.12.2.77.8252.13060012130706071508131506061110,1.2.643.5.1.13.13.12.2.77.8252.09131109110213080611001502040813,1.2.643.5.1.13.13.12.2.77.8252.14131202151512000515141002040115,2.25.16773626720107440979805052259711419763/series_004_2_CR/A2507537392 DXA/CR DXA/CR000008.dcm,C:\Users\Андрей\Desktop\Хакатон\Исследования\2.25.16773626720107440979805052259711419763\series_004_2_CR\A2507537392 DXA\CR DXA\CR000008.dcm,CR000008.dcm,74636
1.2.643.5.1.13.13.12.2.77.8252.09020303070910070711011409031209,1.2.643.5.1.13.13.12.2.77.8252.09131109110213080611001502040813,1.2.643.5.1.13.13.12.2.77.8252.14131202151512000515141002040115,2.25.16773626720107440979805052259711419763/series_004_2_CR/A2507537392 DXA/CR DXA/CR000009.dcm,C:\Users\Андрей\Desktop\Хакатон\Исследования\2.25.16773626720107440979805052259711419763\series_004_2_CR\A2507537392 DXA\CR DXA\CR000009.dcm,CR000009.dcm,74590
1.2.643.5.1.13.13.12.2.77.8252.04101314021103041302071314011203,1.2.643.5.1.13.13.12.2.77.8252.09131109110213080611001502040813,1.2.643.5.1.13.13.12.2.77.8252.14131202151512000515141002040115,2.25.16773626720107440979805052259711419763/series_004_2_CR/A2507537392 DXA/CR DXA/CR000010.dcm,C:\Users\Андрей\Desktop\Хакатон\Исследования\2.25.16773626720107440979805052259711419763\series_004_2_CR\A2507537392 DXA\CR DXA\CR000010.dcm,CR000010.dcm,74590
1.2.643.5.1.13.13.12.2.77.8252.03120113151010021310000801051000,1.2.643.5.1.13.13.12.2.77.8252.09131109110213080611001502040813,1.2.643.5.1.13.13.12.2.77.8252.14131202151512000515141002040115,2.25.16773626720107440979805052259711419763/series_004_2_CR/A2507537392 DXA/CR DXA/CR000011.dcm,C:\Users\Андрей\Desktop\Хакатон\Исследования\2.25.16773626720107440979805052259711419763\series_004_2_CR\A2507537392 DXA\CR DXA\CR000011.dcm,CR000011.dcm,88256
1.2.643.5.1.13.13.12.2.77.8252.10050700041001040614050614130103,1.2.643.5.1.13.13.12.2.77.8252.11120509060313030005050308070506,1.2.643.5.1.13.13.12.2.77.8252.01061004031115060909070403001204,2.25.168317503020329569414190677927680518621/series_004_2_CR/A2507557128 DXA/CR DXA/CR000000.dcm,C:\Users\Андрей\Desktop\Хакатон\Исследования\2.25.168317503020329569414190677927680518621\series_004_2_CR\A2507557128 DXA\CR DXA\CR000000.dcm,CR000000.dcm,74636
1.2.643.5.1.13.13.12.2.77.8252.04081410150705000907120005030306,1.2.643.5.1.13.13.12.2.77.8252.11120509060313030005050308070506,1.2.643.5.1.13.13.12.2.77.8252.01061004031115060909070403001204,2.25.168317503020329569414190677927680518621/series_004_2_CR/A2507557128 DXA/CR DXA/CR000001.dcm,C:\Users\Андрей\Desktop\Хакатон\Исследования\2.25.168317503020329569414190677927680518621\series_004_2_CR\A2507557128 DXA\CR DXA\CR000001.dcm,CR000001.dcm,74500
1.2.643.5.1.13.13.12.2.77.8252.10010207001309070508110212031008,1.2.643.5.1.13.13.12.2.77.8252.11120509060313030005050308070506,1.2.643.5.1.13.13.12.2.77.8252.01061004031115060909070403001204,2.25.168317503020329569414190677927680518621/series_004_2_CR/A2507557128 DXA/CR DXA/CR000002.dcm,C:\Users\Андрей\Desktop\Хакатон\Исследования\2.25.168317503020329569414190677927680518621\series_004_2_CR\A2507557128 DXA\CR DXA\CR000002.dcm,CR000002.dcm,74500
1.2.643.5.1.13.13.12.2.77.8252.08150001020008051511060800070004,1.2.643.5.1.13.13.12.2.77.8252.11120509060313030005050308070506,1.2.643.5.1.13.13.12.2.77.8252.01061004031115060909070403001204,2.25.168317503020329569414190677927680518621/series_004_2_CR/A2507557128 DXA/CR DXA/CR000003.dcm,C:\Users\Андрей\Desktop\Хакатон\Исследования\2.25.168317503020329569414190677927680518621\series_004_2_CR\A2507557128 DXA\CR DXA\CR000003.dcm,CR000003.dcm,79256
1.2.643.5.1.13.13.12.2.77.8252.03110002011112060400010906040109,1.2.643.5.1.13.13.12.2.77.8252.11120509060313030005050308070506,1.2.643.5.1.13.13.12.2.77.8252.01061004031115060909070403001204,2.25.168317503020329569414190677927680518621/series_004_2_CR/A2507557128 DXA/CR DXA/CR000004.dcm,C:\Users\Андрей\Desktop\Хакатон\Исследования\2.25.168317503020329569414190677927680518621\series_004_2_CR\A2507557128 DXA\CR DXA\CR000004.dcm,CR000004.dcm,82476
1.2.643.5.1.13.13.12.2.77.8252.01130115100005150714080303151110,1.2.643.5.1.13.13.12.2.77.8252.11120509060313030005050308070506,1.2.643.5.1.13.13.12.2.77.8252.01061004031115060909070403001204,2.25.168317503020329569414190677927680518621/series_004_2_CR/A2507557128 DXA/CR DXA/CR000005.dcm,C:\Users\Андрей\Desktop\Хакатон\Исследования\2.25.168317503020329569414190677927680518621\series_004_2_CR\A2507557128 DXA\CR DXA\CR000005.dcm,CR000005.dcm,74590
1.2.643.5.1.13.13.12.2.77.8252.14030405080503070005090010011210,1.2.643.5.1.13.13.12.2.77.8252.11120509060313030005050308070506,1.2.643.5.1.13.13.12.2.77.8252.01061004031115060909070403001204,2.25.168317503020329569414190677927680518621/series_004_2_CR/A2507557128 DXA/CR DXA/CR000006.dcm,C:\Users\Андрей\Desktop\Хакатон\Исследования\2.25.168317503020329569414190677927680518621\series_004_2_CR\A2507557128 DXA\CR DXA\CR000006.dcm,CR000006.dcm,79256
1.2.643.5.1.13.13.12.2.77.8252.02031311110004131100010706000003,1.2.643.5.1.13.13.12.2.77.8252.11120509060313030005050308070506,1.2.643.5.1.13.13.12.2.77.8252.01061004031115060909070403001204,2.25.168317503020329569414190677927680518621/series_004_2_CR/A2507557128 DXA/CR DXA/CR000007.dcm,C:\Users\Андрей\Desktop\Хакатон\Исследования\2.25.168317503020329569414190677927680518621\series_004_2_CR\A2507557128 DXA\CR DXA\CR000007.dcm,CR000007.dcm,82340
1.2.643.5.1.13.13.12.2.77.8252.14040413080712030012001414011512,1.2.643.5.1.13.13.12.2.77.8252.11120509060313030005050308070506,1.2.643.5.1.13.13.12.2.77.8252.01061004031115060909070403001204,2.25.168317503020329569414190677927680518621/series_004_2_CR/A2507557128 DXA/CR DXA/CR000008.dcm,C:\Users\Андрей\Desktop\Хакатон\Исследования\2.25.168317503020329569414190677927680518621\series_004_2_CR\A2507557128 DXA\CR DXA\CR000008.dcm,CR000008.dcm,82476
1.2.643.5.1.13.13.12.2.77.8252.09111007121406000411060915050407,1.2.643.5.1.13.13.12.2.77.8252.11120509060313030005050308070506,1.2.643.5.1.13.13.12.2.77.8252.01061004031115060909070403001204,2.25.168317503020329569414190677927680518621/series_004_2_CR/A2507557128 DXA/CR DXA/CR000009.dcm,C:\Users\Андрей\Desktop\Хакатон\Исследования\2.25.168317503020329569414190677927680518621\series_004_2_CR\A2507557128 DXA\CR DXA\CR000009.dcm,CR000009.dcm,79256
1.2.643.5.1.13.13.12.2.77.8252.06080402070700011103140402140007,1.2.643.5.1.13.13.12.2.77.8252.11120509060313030005050308070506,1.2.643.5.1.13.13.12.2.77.8252.01061004031115060909070403001204,2.25.168317503020329569414190677927680518621/series_004_2_CR/A2507557128 DXA/CR DXA/CR000010.dcm,C:\Users\Андрей\Desktop\Хакатон\Исследования\2.25.168317503020329569414190677927680518621\series_004_2_CR\A2507557128 DXA\CR DXA\CR000010.dcm,CR000010.dcm,74636
1.2.643.5.1.13.13.12.2.77.8252.05090510080809140209120604081002,1.2.643.5.1.13.13.12.2.77.8252.11120509060313030005050308070506,1.2.643.5.1.13.13.12.2.77.8252.01061004031115060909070403001204,2.25.168317503020329569414190677927680518621/series_004_2_CR/A2507557128 DXA/CR DXA/CR000011.dcm,C:\Users\Андрей\Desktop\Хакатон\Исследования\2.25.168317503020329569414190677927680518621\series_004_2_CR\A2507557128 DXA\CR DXA\CR000011.dcm,CR000011.dcm,82474
1.2.643.5.1.13.13.12.2.77.8252.03020907090204060013031106111312,1.2.643.5.1.13.13.12.2.77.8252.11130805080112021004150213051005,1.2.643.5.1.13.13.12.2.77.8252.00111204020012000215120801151101,2.25.169242707068684757906797344800977707240/series_003_2_CR/A2507185832 DXA/CR DXA/CR000000.dcm,C:\Users\Андрей\Desktop\Хакатон\Исследования\2.25.169242707068684757906797344800977707240\series_003_2_CR\A2507185832 DXA\CR DXA\CR000000.dcm,CR000000.dcm,87092
1.2.643.5.1.13.13.12.2.77.8252.08131412000401011215150704040610,1.2.643.5.1.13.13.12.2.77.8252.07141114011403010702060406101512,1.2.643.5.1.13.13.12.2.77.8252.12100801091103050003041011100712,2.25.172445998420765569384934552191547932566/series_004_2_CR/A2507368766 DXA/CR DXA/CR000000.dcm,C:\Users\Андрей\Desktop\Хакатон\Исследования\2.25.172445998420765569384934552191547932566\series_004_2_CR\A2507368766 DXA\CR DXA\CR000000.dcm,CR000000.dcm,96074
1.2.643.5.1.13.13.12.2.77.8252.05030907080814020708000711150507,1.2.643.5.1.13.13.12.2.77.8252.07141114011403010702060406101512,1.2.643.5.1.13.13.12.2.77.8252.12100801091103050003041011100712,2.25.172445998420765569384934552191547932566/series_004_2_CR/A2507368766 DXA/CR DXA/CR000001.dcm,C:\Users\Андрей\Desktop\Хакатон\Исследования\2.25.172445998420765569384934552191547932566\series_004_2_CR\A2507368766 DXA\CR DXA\CR000001.dcm,CR000001.dcm,83054
1.2.643.5.1.13.13.12.2.77.8252.15151313120000020410110702050700,1.2.643.5.1.13.13.12.2.77.8252.07141114011403010702060406101512,1.2.643.5.1.13.13.12.2.77.8252.12100801091103050003041011100712,2.25.172445998420765569384934552191547932566/series_004_2_CR/A2507368766 DXA/CR DXA/CR000002.dcm,C:\Users\Андрей\Desktop\Хакатон\Исследования\2.25.172445998420765569384934552191547932566\series_004_2_CR\A2507368766 DXA\CR DXA\CR000002.dcm,CR000002.dcm,90332
1.2.643.5.1.13.13.12.2.77.8252.01091510011014070612050311031410,1.2.643.5.1.13.13.12.2.77.8252.02011400121411091003041007011307,1.2.643.5.1.13.13.12.2.77.8252.11130606051313071008031004040615,2.25.173731186748227489808861376513577450951/series_002_2_CR/A2507188958 DXA/CR DXA/CR000000.dcm,C:\Users\Андрей\Desktop\Хакатон\Исследования\2.25.173731186748227489808861376513577450951\series_002_2_CR\A2507188958 DXA\CR DXA\CR000000.dcm,CR000000.dcm,88290
1.2.643.5.1.13.13.12.2.77.8252.04070212140009090002060410031413,1.2.643.5.1.13.13.12.2.77.8252.02011400121411091003041007011307,1.2.643.5.1.13.13.12.2.77.8252.11130606051313071008031004040615,2.25.173731186748227489808861376513577450951/series_002_2_CR/A2507188958 DXA/CR DXA/CR000001.dcm,C:\Users\Андрей\Desktop\Хакатон\Исследования\2.25.173731186748227489808861376513577450951\series_002_2_CR\A2507188958 DXA\CR DXA\CR000001.dcm,CR000001.dcm,75186
1.2.643.5.1.13.13.12.2.77.8252.10100404000008120405081411021306,1.2.643.5.1.13.13.12.2.77.8252.09090912081008051408101503020807,1.2.643.5.1.13.13.12.2.77.8252.03010814070205050511130211051307,2.25.173753313169335820519632380691065649420/series_003_2_CR/A2504265499 DXA/CR DXA/CR000000.dcm,C:\Users\Андрей\Desktop\Хакатон\Исследования\2.25.173753313169335820519632380691065649420\series_003_2_CR\A2504265499 DXA\CR DXA\CR000000.dcm,CR000000.dcm,59398
1.2.643.5.1.13.13.12.2.77.8252.04131502110204030305140811061103,1.2.643.5.1.13.13.12.2.77.8252.09090912081008051408101503020807,1.2.643.5.1.13.13.12.2.77.8252.03010814070205050511130211051307,2.25.173753313169335820519632380691065649420/series_003_2_CR/A2504265499 DXA/CR DXA/CR000001.dcm,C:\Users\Андрей\Desktop\Хакатон\Исследования\2.25.173753313169335820519632380691065649420\series_003_2_CR\A2504265499 DXA\CR DXA\CR000001.dcm,CR000001.dcm,59614
1.2.643.5.1.13.13.12.2.77.8252.13001014110608151112110112061114,1.2.643.5.1.13.13.12.2.77.8252.09090912081008051408101503020807,1.2.643.5.1.13.13.12.2.77.8252.03010814070205050511130211051307,2.25.173753313169335820519632380691065649420/series_003_2_CR/A2504265499 DXA/CR DXA/CR000002.dcm,C:\Users\Андрей\Desktop\Хакатон\Исследования\2.25.173753313169335820519632380691065649420\series_003_2_CR\A2504265499 DXA\CR DXA\CR000002.dcm,CR000002.dcm,97054
1.2.643.5.1.13.13.12.2.77.8252.04111300031205120703050100121209,1.2.643.5.1.13.13.12.2.77.8252.09090912081008051408101503020807,1.2.643.5.1.13.13.12.2.77.8252.03010814070205050511130211051307,2.25.173753313169335820519632380691065649420/series_003_2_CR/A2504265499 DXA/CR DXA/CR000003.dcm,C:\Users\Андрей\Desktop\Хакатон\Исследования\2.25.173753313169335820519632380691065649420\series_003_2_CR\A2504265499 DXA\CR DXA\CR000003.dcm,CR000003.dcm,67888
1.2.643.5.1.13.13.12.2.77.8252.14060111140409011305070812141414,1.2.643.5.1.13.13.12.2.77.8252.09090912081008051408101503020807,1.2.643.5.1.13.13.12.2.77.8252.03010814070205050511130211051307,2.25.173753313169335820519632380691065649420/series_003_2_CR/A2504265499 DXA/CR DXA/CR000004.dcm,C:\Users\Андрей\Desktop\Хакатон\Исследования\2.25.173753313169335820519632380691065649420\series_003_2_CR\A2504265499 DXA\CR DXA\CR000004.dcm,CR000004.dcm,59534
1.2.643.5.1.13.13.12.2.77.8252.15000310101315070007100105150401,1.2.643.5.1.13.13.12.2.77.8252.09090912081008051408101503020807,1.2.643.5.1.13.13.12.2.77.8252.03010814070205050511130211051307,2.25.173753313169335820519632380691065649420/series_003_2_CR/A2504265499 DXA/CR DXA/CR000005.dcm,C:\Users\Андрей\Desktop\Хакатон\Исследования\2.25.173753313169335820519632380691065649420\series_003_2_CR\A2504265499 DXA\CR DXA\CR000005.dcm,CR000005.dcm,96928
1.2.643.5.1.13.13.12.2.77.8252.05130004120107120511100914090711,1.2.643.5.1.13.13.12.2.77.8252.09090912081008051408101503020807,1.2.643.5.1.13.13.12.2.77.8252.03010814070205050511130211051307,2.25.173753313169335820519632380691065649420/series_003_2_CR/A2504265499 DXA/CR DXA/CR000006.dcm,C:\Users\Андрей\Desktop\Хакатон\Исследования\2.25.173753313169335820519632380691065649420\series_003_2_CR\A2504265499 DXA\CR DXA\CR000006.dcm,CR000006.dcm,59488
1.2.643.5.1.13.13.12.2.77.8252.14100508051012080011140911030615,1.2.643.5.1.13.13.12.2.77.8252.09090912081008051408101503020807,1.2.643.5.1.13.13.12.2.77.8252.03010814070205050511130211051307,2.25.173753313169335820519632380691065649420/series_003_2_CR/A2504265499 DXA/CR DXA/CR000007.dcm,C:\Users\Андрей\Desktop\Хакатон\Исследования\2.25.173753313169335820519632380691065649420\series_003_2_CR\A2504265499 DXA\CR DXA\CR000007.dcm,CR000007.dcm,68014
1.2.643.5.1.13.13.12.2.77.8252.04041008080502040914000415071204,1.2.643.5.1.13.13.12.2.77.8252.09090912081008051408101503020807,1.2.643.5.1.13.13.12.2.77.8252.03010814070205050511130211051307,2.25.173753313169335820519632380691065649420/series_003_2_CR/A2504265499 DXA/CR DXA/CR000008.dcm,C:\Users\Андрей\Desktop\Хакатон\Исследования\2.25.173753313169335820519632380691065649420\series_003_2_CR\A2504265499 DXA\CR DXA\CR000008.dcm,CR000008.dcm,96928
1.2.643.5.1.13.13.12.2.77.8252.03020200150014080308080615120500,1.2.643.5.1.13.13.12.2.77.8252.09090912081008051408101503020807,1.2.643.5.1.13.13.12.2.77.8252.03010814070205050511130211051307,2.25.173753313169335820519632380691065649420/series_003_2_CR/A2504265499 DXA/CR DXA/CR000009.dcm,C:\Users\Андрей\Desktop\Хакатон\Исследования\2.25.173753313169335820519632380691065649420\series_003_2_CR\A2504265499 DXA\CR DXA\CR000009.dcm,CR000009.dcm,67888
1.2.643.5.1.13.13.12.2.77.8252.13141514150708151311080810050711,1.2.643.5.1.13.13.12.2.77.8252.09090912081008051408101503020807,1.2.643.5.1.13.13.12.2.77.8252.03010814070205050511130211051307,2.25.173753313169335820519632380691065649420/series_003_2_CR/A2504265499 DXA/CR DXA/CR000010.dcm,C:\Users\Андрей\Desktop\Хакатон\Исследования\2.25.173753313169335820519632380691065649420\series_003_2_CR\A2504265499 DXA\CR DXA\CR000010.dcm,CR000010.dcm,67798
1.2.643.5.1.13.13.12.2.77.8252.06070803110509120507010310141201,1.2.643.5.1.13.13.12.2.77.8252.01091501110815031100020500130014,1.2.643.5.1.13.13.12.2.77.8252.11140901141007031208030207071507,2.25.175881661753775295785039265792986971602/series_003_2_CR/A2507266462 DXA/CR DXA/CR000000.dcm,C:\Users\Андрей\Desktop\Хакатон\Исследования\2.25.175881661753775295785039265792986971602\series_003_2_CR\A2507266462 DXA\CR DXA\CR000000.dcm,CR000000.dcm,67238
1.2.643.5.1.13.13.12.2.77.8252.14060403060314010506081209070311,1.2.643.5.1.13.13.12.2.77.8252.01091501110815031100020500130014,1.2.643.5.1.13.13.12.2.77.8252.11140901141007031208030207071507,2.25.175881661753775295785039265792986971602/series_003_2_CR/A2507266462 DXA/CR DXA/CR000001.dcm,C:\Users\Андрей\Desktop\Хакатон\Исследования\2.25.175881661753775295785039265792986971602\series_003_2_CR\A2507266462 DXA\CR DXA\CR000001.dcm,CR000001.dcm,96154
1.2.643.5.1.13.13.12.2.77.8252.10000603030913050503020611051415,1.2.643.5.1.13.13.12.2.77.8252.01091501110815031100020500130014,1.2.643.5.1.13.13.12.2.77.8252.11140901141007031208030207071507,2.25.175881661753775295785039265792986971602/series_003_2_CR/A2507266462 DXA/CR DXA/CR000002.dcm,C:\Users\Андрей\Desktop\Хакатон\Исследования\2.25.175881661753775295785039265792986971602\series_003_2_CR\A2507266462 DXA\CR DXA\CR000002.dcm,CR000002.dcm,66894
1.2.643.5.1.13.13.12.2.77.8252.06110514030914051115040913030103,1.2.643.5.1.13.13.12.2.77.8252.01091501110815031100020500130014,1.2.643.5.1.13.13.12.2.77.8252.11140901141007031208030207071507,2.25.175881661753775295785039265792986971602/series_003_2_CR/A2507266462 DXA/CR DXA/CR000003.dcm,C:\Users\Андрей\Desktop\Хакатон\Исследования\2.25.175881661753775295785039265792986971602\series_003_2_CR\A2507266462 DXA\CR DXA\CR000003.dcm,CR000003.dcm,67454
1.2.643.5.1.13.13.12.2.77.8252.12071204070300150506091512141413,1.2.643.5.1.13.13.12.2.77.8252.08010308000211020503020307091312,1.2.643.5.1.13.13.12.2.77.8252.13081212101011121109100110130513,2.25.175903805423871105435148927871625232853/series_001_2_CR/A2507159447 DXA/CR DXA/CR000000.dcm,C:\Users\Андрей\Desktop\Хакатон\Исследования\2.25.175903805423871105435148927871625232853\series_001_2_CR\A2507159447 DXA\CR DXA\CR000000.dcm,CR000000.dcm,96074
1.2.643.5.1.13.13.12.2.77.8252.13151105000600070510031109011109,1.2.643.5.1.13.13.12.2.77.8252.08010308000211020503020307091312,1.2.643.5.1.13.13.12.2.77.8252.13081212101011121109100110130513,2.25.175903805423871105435148927871625232853/series_001_2_CR/A2507159447 DXA/CR DXA/CR000001.dcm,C:\Users\Андрей\Desktop\Хакатон\Исследования\2.25.175903805423871105435148927871625232853\series_001_2_CR\A2507159447 DXA\CR DXA\CR000001.dcm,CR000001.dcm,82448
1.2.643.5.1.13.13.12.2.77.8252.15100208060002090813060606131404,1.2.643.5.1.13.13.12.2.77.8252.08010308000211020503020307091312,1.2.643.5.1.13.13.12.2.77.8252.13081212101011121109100110130513,2.25.175903805423871105435148927871625232853/series_001_2_CR/A2507159447 DXA/CR DXA/CR000002.dcm,C:\Users\Андрей\Desktop\Хакатон\Исследования\2.25.175903805423871105435148927871625232853\series_001_2_CR\A2507159447 DXA\CR DXA\CR000002.dcm,CR000002.dcm,82448
1.2.643.5.1.13.13.12.2.77.8252.11051514070611150905020505061111,1.2.643.5.1.13.13.12.2.77.8252.15150900091406150103131401151205,1.2.643.5.1.13.13.12.2.77.8252.07080602091013101109020612001309,2.25.17706555930735581384953296958427669848/series_004_3_CR/A2504146513 DXA/CR DXA/CR000000.dcm,C:\Users\Андрей\Desktop\Хакатон\Исследования\2.25.17706555930735581384953296958427669848\series_004_3_CR\A2504146513 DXA\CR DXA\CR000000.dcm,CR000000.dcm,74672
1.2.643.5.1.13.13.12.2.77.8252.03050114141207061001080502130215,1.2.643.5.1.13.13.12.2.77.8252.15150900091406150103131401151205,1.2.643.5.1.13.13.12.2.77.8252.07080602091013101109020612001309,2.25.17706555930735581384953296958427669848/series_004_3_CR/A2504146513 DXA/CR DXA/CR000001.dcm,C:\Users\Андрей\Desktop\Хакатон\Исследования\2.25.17706555930735581384953296958427669848\series_004_3_CR\A2504146513 DXA\CR DXA\CR000001.dcm,CR000001.dcm,87692
1.2.643.5.1.13.13.12.2.77.8252.02140511090200100603110807051014,1.2.643.5.1.13.13.12.2.77.8252.15150900091406150103131401151205,1.2.643.5.1.13.13.12.2.77.8252.07080602091013101109020612001309,2.25.17706555930735581384953296958427669848/series_004_3_CR/A2504146513 DXA/CR DXA/CR000002.dcm,C:\Users\Андрей\Desktop\Хакатон\Исследования\2.25.17706555930735581384953296958427669848\series_004_3_CR\A2504146513 DXA\CR DXA\CR000002.dcm,CR000002.dcm,87692
1.2.643.5.1.13.13.12.2.77.8252.08081313070715151208110603030015,1.2.643.5.1.13.13.12.2.77.8252.15150900091406150103131401151205,1.2.643.5.1.13.13.12.2.77.8252.07080602091013101109020612001309,2.25.17706555930735581384953296958427669848/series_004_3_CR/A2504146513 DXA/CR DXA/CR000003.dcm,C:\Users\Андрей\Desktop\Хакатон\Исследования\2.25.17706555930735581384953296958427669848\series_004_3_CR\A2504146513 DXA\CR DXA\CR000003.dcm,CR000003.dcm,74672
1.2.643.5.1.13.13.12.2.77.8252.04041511061006011303010701020104,1.2.643.5.1.13.13.12.2.77.8252.15150900091406150103131401151205,1.2.643.5.1.13.13.12.2.77.8252.07080602091013101109020612001309,2.25.17706555930735581384953296958427669848/series_004_3_CR/A2504146513 DXA/CR DXA/CR000004.dcm,C:\Users\Андрей\Desktop\Хакатон\Исследования\2.25.17706555930735581384953296958427669848\series_004_3_CR\A2504146513 DXA\CR DXA\CR000004.dcm,CR000004.dcm,74626
1.2.643.5.1.13.13.12.2.77.8252.14111104000112000401050109111415,1.2.643.5.1.13.13.12.2.77.8252.15150900091406150103131401151205,1.2.643.5.1.13.13.12.2.77.8252.07080602091013101109020612001309,2.25.17706555930735581384953296958427669848/series_004_3_CR/A2504146513 DXA/CR DXA/CR000005.dcm,C:\Users\Андрей\Desktop\Хакатон\Исследования\2.25.17706555930735581384953296958427669848\series_004_3_CR\A2504146513 DXA\CR DXA\CR000005.dcm,CR000005.dcm,74672
1.2.643.5.1.13.13.12.2.77.8252.04150214121314031409051312111410,1.2.643.5.1.13.13.12.2.77.8252.11110412020614040803060513120911,1.2.643.5.1.13.13.12.2.77.8252.09141406121204141006141407100209,2.25.177745077805190810016231350557005569203/series_002_2_CR/A2504273759 DXA/CR DXA/CR000000.dcm,C:\Users\Андрей\Desktop\Хакатон\Исследования\2.25.177745077805190810016231350557005569203\series_002_2_CR\A2504273759 DXA\CR DXA\CR000000.dcm,CR000000.dcm,66830
1.2.643.5.1.13.13.12.2.77.8252.03031110041309110901030612131412,1.2.643.5.1.13.13.12.2.77.8252.11110412020614040803060513120911,1.2.643.5.1.13.13.12.2.77.8252.09141406121204141006141407100209,2.25.177745077805190810016231350557005569203/series_002_2_CR/A2504273759 DXA/CR DXA/CR000001.dcm,C:\Users\Андрей\Desktop\Хакатон\Исследования\2.25.177745077805190810016231350557005569203\series_002_2_CR\A2504273759 DXA\CR DXA\CR000001.dcm,CR000001.dcm,96946
1.2.643.5.1.13.13.12.2.77.8252.10151201011509101414030411060512,1.2.643.5.1.13.13.12.2.77.8252.11110412020614040803060513120911,1.2.643.5.1.13.13.12.2.77.8252.09141406121204141006141407100209,2.25.177745077805190810016231350557005569203/series_002_2_CR/A2504273759 DXA/CR DXA/CR000002.dcm,C:\Users\Андрей\Desktop\Хакатон\Исследования\2.25.177745077805190810016231350557005569203\series_002_2_CR\A2504273759 DXA\CR DXA\CR000002.dcm,CR000002.dcm,96946
1.2.643.5.1.13.13.12.2.77.8252.00141000101506010405040508081209,1.2.643.5.1.13.13.12.2.77.8252.11110412020614040803060513120911,1.2.643.5.1.13.13.12.2.77.8252.09141406121204141006141407100209,2.25.177745077805190810016231350557005569203/series_002_2_CR/A2504273759 DXA/CR DXA/CR000003.dcm,C:\Users\Андрей\Desktop\Хакатон\Исследования\2.25.177745077805190810016231350557005569203\series_002_2_CR\A2504273759 DXA\CR DXA\CR000003.dcm,CR000003.dcm,66786
1.2.643.5.1.13.13.12.2.77.8252.06130700140211110505051411010711,1.2.643.5.1.13.13.12.2.77.8252.11110412020614040803060513120911,1.2.643.5.1.13.13.12.2.77.8252.09141406121204141006141407100209,2.25.177745077805190810016231350557005569203/series_002_2_CR/A2504273759 DXA/CR DXA/CR000004.dcm,C:\Users\Андрей\Desktop\Хакатон\Исследования\2.25.177745077805190810016231350557005569203\series_002_2_CR\A2504273759 DXA\CR DXA\CR000004.dcm,CR000004.dcm,66786
1.2.643.5.1.13.13.12.2.77.8252.01001108050505090405071008120805,1.2.643.5.1.13.13.12.2.77.8252.11110412020614040803060513120911,1.2.643.5.1.13.13.12.2.77.8252.09141406121204141006141407100209,2.25.177745077805190810016231350557005569203/series_002_2_CR/A2504273759 DXA/CR DXA/CR000005.dcm,C:\Users\Андрей\Desktop\Хакатон\Исследования\2.25.177745077805190810016231350557005569203\series_002_2_CR\A2504273759 DXA\CR DXA\CR000005.dcm,CR000005.dcm,66832
1.2.643.5.1.13.13.12.2.77.8252.14110604050810020100071004090404,1.2.643.5.1.13.13.12.2.77.8252.05000609021402010711070801100904,1.2.643.5.1.13.13.12.2.77.8252.14000502030613150203060804141514,2.25.178533355209696795441380751187185128893/series_003_2_CR/A2507155452 DXA/CR DXA/CR000000.dcm,C:\Users\Андрей\Desktop\Хакатон\Исследования\2.25.178533355209696795441380751187185128893\series_003_2_CR\A2507155452 DXA\CR DXA\CR000000.dcm,CR000000.dcm,96674
1.2.643.5.1.13.13.12.2.77.8252.14150808010700150501131415040808,1.2.643.5.1.13.13.12.2.77.8252.04121102011402150303110508111305,1.2.643.5.1.13.13.12.2.77.8252.11020308140308080111011302120105,2.25.181196659018348153828200695057897449628/series_004_2_CR/A2507370620 DXA/CR DXA/CR000000.dcm,C:\Users\Андрей\Desktop\Хакатон\Исследования\2.25.181196659018348153828200695057897449628\series_004_2_CR\A2507370620 DXA\CR DXA\CR000000.dcm,CR000000.dcm,83072
1.2.643.5.1.13.13.12.2.77.8252.07040306041313130904140702020908,1.2.643.5.1.13.13.12.2.77.8252.04121102011402150303110508111305,1.2.643.5.1.13.13.12.2.77.8252.11020308140308080111011302120105,2.25.181196659018348153828200695057897449628/series_004_2_CR/A2507370620 DXA/CR DXA/CR000001.dcm,C:\Users\Андрей\Desktop\Хакатон\Исследования\2.25.181196659018348153828200695057897449628\series_004_2_CR\A2507370620 DXA\CR DXA\CR000001.dcm,CR000001.dcm,75792
1.2.643.5.1.13.13.12.2.77.8252.08141015091400020302110912090508,1.2.643.5.1.13.13.12.2.77.8252.04121102011402150303110508111305,1.2.643.5.1.13.13.12.2.77.8252.11020308140308080111011302120105,2.25.181196659018348153828200695057897449628/series_004_2_CR/A2507370620 DXA/CR DXA/CR000002.dcm,C:\Users\Андрей\Desktop\Хакатон\Исследования\2.25.181196659018348153828200695057897449628\series_004_2_CR\A2507370620 DXA\CR DXA\CR000002.dcm,CR000002.dcm,96646
1.2.643.5.1.13.13.12.2.77.8252.07130015011404020601141211131000,1.2.643.5.1.13.13.12.2.77.8252.04121102011402150303110508111305,1.2.643.5.1.13.13.12.2.77.8252.11020308140308080111011302120105,2.25.181196659018348153828200695057897449628/series_004_2_CR/A2507370620 DXA/CR DXA/CR000003.dcm,C:\Users\Андрей\Desktop\Хакатон\Исследования\2.25.181196659018348153828200695057897449628\series_004_2_CR\A2507370620 DXA\CR DXA\CR000003.dcm,CR000003.dcm,96646
1.2.643.5.1.13.13.12.2.77.8252.07070209131108100009081313101204,1.2.643.5.1.13.13.12.2.77.8252.04121102011402150303110508111305,1.2.643.5.1.13.13.12.2.77.8252.11020308140308080111011302120105,2.25.181196659018348153828200695057897449628/series_004_2_CR/A2507370620 DXA/CR DXA/CR000004.dcm,C:\Users\Андрей\Desktop\Хакатон\Исследования\2.25.181196659018348153828200695057897449628\series_004_2_CR\A2507370620 DXA\CR DXA\CR000004.dcm,CR000004.dcm,75746
1.2.643.5.1.13.13.12.2.77.8252.03001212011504090610110601060006,1.2.643.5.1.13.13.12.2.77.8252.04121102011402150303110508111305,1.2.643.5.1.13.13.12.2.77.8252.11020308140308080111011302120105,2.25.181196659018348153828200695057897449628/series_004_2_CR/A2507370620 DXA/CR DXA/CR000005.dcm,C:\Users\Андрей\Desktop\Хакатон\Исследования\2.25.181196659018348153828200695057897449628\series_004_2_CR\A2507370620 DXA\CR DXA\CR000005.dcm,CR000005.dcm,75656
1.2.643.5.1.13.13.12.2.77.8252.11080509070315011108060003120408,1.2.643.5.1.13.13.12.2.77.8252.04121102011402150303110508111305,1.2.643.5.1.13.13.12.2.77.8252.11020308140308080111011302120105,2.25.181196659018348153828200695057897449628/series_004_2_CR/A2507370620 DXA/CR DXA/CR000006.dcm,C:\Users\Андрей\Desktop\Хакатон\Исследования\2.25.181196659018348153828200695057897449628\series_004_2_CR\A2507370620 DXA\CR DXA\CR000006.dcm,CR000006.dcm,83026
1.2.643.5.1.13.13.12.2.77.8252.13100414021307020008020611130410,1.2.643.5.1.13.13.12.2.77.8252.04121102011402150303110508111305,1.2.643.5.1.13.13.12.2.77.8252.11020308140308080111011302120105,2.25.181196659018348153828200695057897449628/series_004_2_CR/A2507370620 DXA/CR DXA/CR000007.dcm,C:\Users\Андрей\Desktop\Хакатон\Исследования\2.25.181196659018348153828200695057897449628\series_004_2_CR\A2507370620 DXA\CR DXA\CR000007.dcm,CR000007.dcm,82936
1.2.643.5.1.13.13.12.2.77.8252.00010603011503150401111314061209,1.2.643.5.1.13.13.12.2.77.8252.04121102011402150303110508111305,1.2.643.5.1.13.13.12.2.77.8252.11020308140308080111011302120105,2.25.181196659018348153828200695057897449628/series_004_2_CR/A2507370620 DXA/CR DXA/CR000008.dcm,C:\Users\Андрей\Desktop\Хакатон\Исследования\2.25.181196659018348153828200695057897449628\series_004_2_CR\A2507370620 DXA\CR DXA\CR000008.dcm,CR000008.dcm,83026
1.2.643.5.1.13.13.12.2.77.8252.08041100070615121300141413020001,1.2.643.5.1.13.13.12.2.77.8252.04121102011402150303110508111305,1.2.643.5.1.13.13.12.2.77.8252.11020308140308080111011302120105,2.25.181196659018348153828200695057897449628/series_004_2_CR/A2507370620 DXA/CR DXA/CR000009.dcm,C:\Users\Андрей\Desktop\Хакатон\Исследования\2.25.181196659018348153828200695057897449628\series_004_2_CR\A2507370620 DXA\CR DXA\CR000009.dcm,CR000009.dcm,75746
1.2.643.5.1.13.13.12.2.77.8252.08060613070108000200131403151214,1.2.643.5.1.13.13.12.2.77.8252.04121102011402150303110508111305,1.2.643.5.1.13.13.12.2.77.8252.11020308140308080111011302120105,2.25.181196659018348153828200695057897449628/series_004_2_CR/A2507370620 DXA/CR DXA/CR000010.dcm,C:\Users\Андрей\Desktop\Хакатон\Исследования\2.25.181196659018348153828200695057897449628\series_004_2_CR\A2507370620 DXA\CR DXA\CR000010.dcm,CR000010.dcm,82936
1.2.643.5.1.13.13.12.2.77.8252.15131206051500011310060914011411,1.2.643.5.1.13.13.12.2.77.8252.04121102011402150303110508111305,1.2.643.5.1.13.13.12.2.77.8252.11020308140308080111011302120105,2.25.181196659018348153828200695057897449628/series_004_2_CR/A2507370620 DXA/CR DXA/CR000011.dcm,C:\Users\Андрей\Desktop\Хакатон\Исследования\2.25.181196659018348153828200695057897449628\series_004_2_CR\A2507370620 DXA\CR DXA\CR000011.dcm,CR000011.dcm,96646
1.2.643.5.1.13.13.12.2.77.8252.00110402080602151505051001010810,1.2.643.5.1.13.13.12.2.77.8252.04121102011402150303110508111305,1.2.643.5.1.13.13.12.2.77.8252.11020308140308080111011302120105,2.25.181196659018348153828200695057897449628/series_004_2_CR/A2507370620 DXA/CR DXA/CR000012.dcm,C:\Users\Андрей\Desktop\Хакатон\Исследования\2.25.181196659018348153828200695057897449628\series_004_2_CR\A2507370620 DXA\CR DXA\CR000012.dcm,CR000012.dcm,75656
1.2.643.5.1.13.13.12.2.77.8252.04151306060901060605121400081206,1.2.643.5.1.13.13.12.2.77.8252.04101108050208091310021407111214,1.2.643.5.1.13.13.12.2.77.8252.09090615000912121103081014020013,2.25.184198356665635336833172191504278054074/series_004_2_CR/A250788286 DXA/CR DXA/CR000000.dcm,C:\Users\Андрей\Desktop\Хакатон\Исследования\2.25.184198356665635336833172191504278054074\series_004_2_CR\A250788286 DXA\CR DXA\CR000000.dcm,CR000000.dcm,88828
1.2.643.5.1.13.13.12.2.77.8252.11141409010404080202090702050104,1.2.643.5.1.13.13.12.2.77.8252.04101108050208091310021407111214,1.2.643.5.1.13.13.12.2.77.8252.09090615000912121103081014020013,2.25.184198356665635336833172191504278054074/series_004_2_CR/A250788286 DXA/CR DXA/CR000001.dcm,C:\Users\Андрей\Desktop\Хакатон\Исследования\2.25.184198356665635336833172191504278054074\series_004_2_CR\A250788286 DXA\CR DXA\CR000001.dcm,CR000001.dcm,91128
1.2.643.5.1.13.13.12.2.77.8252.02150805140008141106110606070801,1.2.643.5.1.13.13.12.2.77.8252.04101108050208091310021407111214,1.2.643.5.1.13.13.12.2.77.8252.09090615000912121103081014020013,2.25.184198356665635336833172191504278054074/series_004_2_CR/A250788286 DXA/CR DXA/CR000002.dcm,C:\Users\Андрей\Desktop\Хакатон\Исследования\2.25.184198356665635336833172191504278054074\series_004_2_CR\A250788286 DXA\CR DXA\CR000002.dcm,CR000002.dcm,90568
1.2.643.5.1.13.13.12.2.77.8252.01110601131107041511021510061211,1.2.643.5.1.13.13.12.2.77.8252.04030111120106061513080209011000,1.2.643.5.1.13.13.12.2.77.8252.05140705011202140213150202150102,2.25.186201010600484120326273381077449377115/series_004_2_CR/A250777475 DXA/CR DXA/CR000000.dcm,C:\Users\Андрей\Desktop\Хакатон\Исследования\2.25.186201010600484120326273381077449377115\series_004_2_CR\A250777475 DXA\CR DXA\CR000000.dcm,CR000000.dcm,74518
1.2.643.5.1.13.13.12.2.77.8252.09061504020803021006021501021304,1.2.643.5.1.13.13.12.2.77.8252.04030111120106061513080209011000,1.2.643.5.1.13.13.12.2.77.8252.05140705011202140213150202150102,2.25.186201010600484120326273381077449377115/series_004_2_CR/A250777475 DXA/CR DXA/CR000001.dcm,C:\Users\Андрей\Desktop\Хакатон\Исследования\2.25.186201010600484120326273381077449377115\series_004_2_CR\A250777475 DXA\CR DXA\CR000001.dcm,CR000001.dcm,74734
1.2.643.5.1.13.13.12.2.77.8252.00091315091215060415120908060402,1.2.643.5.1.13.13.12.2.77.8252.04030111120106061513080209011000,1.2.643.5.1.13.13.12.2.77.8252.05140705011202140213150202150102,2.25.186201010600484120326273381077449377115/series_004_2_CR/A250777475 DXA/CR DXA/CR000002.dcm,C:\Users\Андрей\Desktop\Хакатон\Исследования\2.25.186201010600484120326273381077449377115\series_004_2_CR\A250777475 DXA\CR DXA\CR000002.dcm,CR000002.dcm,74734
1.2.643.5.1.13.13.12.2.77.8252.01141302020713050903060503061314,1.2.643.5.1.13.13.12.2.77.8252.04030111120106061513080209011000,1.2.643.5.1.13.13.12.2.77.8252.05140705011202140213150202150102,2.25.186201010600484120326273381077449377115/series_004_2_CR/A250777475 DXA/CR DXA/CR000003.dcm,C:\Users\Андрей\Desktop\Хакатон\Исследования\2.25.186201010600484120326273381077449377115\series_004_2_CR\A250777475 DXA\CR DXA\CR000003.dcm,CR000003.dcm,74608
1.2.643.5.1.13.13.12.2.77.8252.13051209051006081503100907110310,1.2.643.5.1.13.13.12.2.77.8252.04030111120106061513080209011000,1.2.643.5.1.13.13.12.2.77.8252.05140705011202140213150202150102,2.25.186201010600484120326273381077449377115/series_004_2_CR/A250777475 DXA/CR DXA/CR000004.dcm,C:\Users\Андрей\Desktop\Хакатон\Исследования\2.25.186201010600484120326273381077449377115\series_004_2_CR\A250777475 DXA\CR DXA\CR000004.dcm,CR000004.dcm,74654
1.2.643.5.1.13.13.12.2.77.8252.07131015031512050310021202060000,1.2.643.5.1.13.13.12.2.77.8252.04030111120106061513080209011000,1.2.643.5.1.13.13.12.2.77.8252.05140705011202140213150202150102,2.25.186201010600484120326273381077449377115/series_004_2_CR/A250777475 DXA/CR DXA/CR000005.dcm,C:\Users\Андрей\Desktop\Хакатон\Исследования\2.25.186201010600484120326273381077449377115\series_004_2_CR\A250777475 DXA\CR DXA\CR000005.dcm,CR000005.dcm,74518
1.2.643.5.1.13.13.12.2.77.8252.01060001050009070514040213010802,1.2.643.5.1.13.13.12.2.77.8252.04030111120106061513080209011000,1.2.643.5.1.13.13.12.2.77.8252.05140705011202140213150202150102,2.25.186201010600484120326273381077449377115/series_004_2_CR/A250777475 DXA/CR DXA/CR000006.dcm,C:\Users\Андрей\Desktop\Хакатон\Исследования\2.25.186201010600484120326273381077449377115\series_004_2_CR\A250777475 DXA\CR DXA\CR000006.dcm,CR000006.dcm,74608
1.2.643.5.1.13.13.12.2.77.8252.07140512060315100814061103061308,1.2.643.5.1.13.13.12.2.77.8252.04030111120106061513080209011000,1.2.643.5.1.13.13.12.2.77.8252.05140705011202140213150202150102,2.25.186201010600484120326273381077449377115/series_004_2_CR/A250777475 DXA/CR DXA/CR000007.dcm,C:\Users\Андрей\Desktop\Хакатон\Исследования\2.25.186201010600484120326273381077449377115\series_004_2_CR\A250777475 DXA\CR DXA\CR000007.dcm,CR000007.dcm,96154
1.2.643.5.1.13.13.12.2.77.8252.05080405071204150306061400051307,1.2.643.5.1.13.13.12.2.77.8252.04030111120106061513080209011000,1.2.643.5.1.13.13.12.2.77.8252.05140705011202140213150202150102,2.25.186201010600484120326273381077449377115/series_004_2_CR/A250777475 DXA/CR DXA/CR000008.dcm,C:\Users\Андрей\Desktop\Хакатон\Исследования\2.25.186201010600484120326273381077449377115\series_004_2_CR\A250777475 DXA\CR DXA\CR000008.dcm,CR000008.dcm,74518
1.2.643.5.1.13.13.12.2.77.8252.13020010101411130307011411150509,1.2.643.5.1.13.13.12.2.77.8252.04030111120106061513080209011000,1.2.643.5.1.13.13.12.2.77.8252.05140705011202140213150202150102,2.25.186201010600484120326273381077449377115/series_004_2_CR/A250777475 DXA/CR DXA/CR000009.dcm,C:\Users\Андрей\Desktop\Хакатон\Исследования\2.25.186201010600484120326273381077449377115\series_004_2_CR\A250777475 DXA\CR DXA\CR000009.dcm,CR000009.dcm,74608
1.2.643.5.1.13.13.12.2.77.8252.07061504011201061005090406100203,1.2.643.5.1.13.13.12.2.77.8252.04030111120106061513080209011000,1.2.643.5.1.13.13.12.2.77.8252.05140705011202140213150202150102,2.25.186201010600484120326273381077449377115/series_004_2_CR/A250777475 DXA/CR DXA/CR000010.dcm,C:\Users\Андрей\Desktop\Хакатон\Исследования\2.25.186201010600484120326273381077449377115\series_004_2_CR\A250777475 DXA\CR DXA\CR000010.dcm,CR000010.dcm,96028
1.2.643.5.1.13.13.12.2.77.8252.04100315041404021215101114140602,1.2.643.5.1.13.13.12.2.77.8252.04030111120106061513080209011000,1.2.643.5.1.13.13.12.2.77.8252.05140705011202140213150202150102,2.25.186201010600484120326273381077449377115/series_004_2_CR/A250777475 DXA/CR DXA/CR000011.dcm,C:\Users\Андрей\Desktop\Хакатон\Исследования\2.25.186201010600484120326273381077449377115\series_004_2_CR\A250777475 DXA\CR DXA\CR000011.dcm,CR000011.dcm,96028
1.2.643.5.1.13.13.12.2.77.8252.11050911061500091304001000100608,1.2.643.5.1.13.13.12.2.77.8252.08070600001410030512060707091212,1.2.643.5.1.13.13.12.2.77.8252.13080308120406131510011114140214,2.25.190331309633057244929837507901317950031/series_001_2_CR/A250791815 DXA/CR DXA/CR000000.dcm,C:\Users\Андрей\Desktop\Хакатон\Исследования\2.25.190331309633057244929837507901317950031\series_001_2_CR\A250791815 DXA\CR DXA\CR000000.dcm,CR000000.dcm,67374
1.2.643.5.1.13.13.12.2.77.8252.13070805121401080100090313021511,1.2.643.5.1.13.13.12.2.77.8252.08070600001410030512060707091212,1.2.643.5.1.13.13.12.2.77.8252.13080308120406131510011114140214,2.25.190331309633057244929837507901317950031/series_001_2_CR/A250791815 DXA/CR DXA/CR000001.dcm,C:\Users\Андрей\Desktop\Хакатон\Исследования\2.25.190331309633057244929837507901317950031\series_001_2_CR\A250791815 DXA\CR DXA\CR000001.dcm,CR000001.dcm,67238
1.2.643.5.1.13.13.12.2.77.8252.06100709031109071008120605101311,1.2.643.5.1.13.13.12.2.77.8252.08070600001410030512060707091212,1.2.643.5.1.13.13.12.2.77.8252.13080308120406131510011114140214,2.25.190331309633057244929837507901317950031/series_001_2_CR/A250791815 DXA/CR DXA/CR000002.dcm,C:\Users\Андрей\Desktop\Хакатон\Исследования\2.25.190331309633057244929837507901317950031\series_001_2_CR\A250791815 DXA\CR DXA\CR000002.dcm,CR000002.dcm,67498
1.2.643.5.1.13.13.12.2.77.8252.11100109131006120600020910050910,1.2.643.5.1.13.13.12.2.77.8252.08070600001410030512060707091212,1.2.643.5.1.13.13.12.2.77.8252.13080308120406131510011114140214,2.25.190331309633057244929837507901317950031/series_001_2_CR/A250791815 DXA/CR DXA/CR000003.dcm,C:\Users\Андрей\Desktop\Хакатон\Исследования\2.25.190331309633057244929837507901317950031\series_001_2_CR\A250791815 DXA\CR DXA\CR000003.dcm,CR000003.dcm,96974
1.2.643.5.1.13.13.12.2.77.8252.03000010070307110614031003090302,1.2.643.5.1.13.13.12.2.77.8252.08070600001410030512060707091212,1.2.643.5.1.13.13.12.2.77.8252.13080308120406131510011114140214,2.25.190331309633057244929837507901317950031/series_001_2_CR/A250791815 DXA/CR DXA/CR000004.dcm,C:\Users\Андрей\Desktop\Хакатон\Исследования\2.25.190331309633057244929837507901317950031\series_001_2_CR\A250791815 DXA\CR DXA\CR000004.dcm,CR000004.dcm,67238
1.2.643.5.1.13.13.12.2.77.8252.02040104021012120313090806030008,1.2.643.5.1.13.13.12.2.77.8252.08070600001410030512060707091212,1.2.643.5.1.13.13.12.2.77.8252.13080308120406131510011114140214,2.25.190331309633057244929837507901317950031/series_001_2_CR/A250791815 DXA/CR DXA/CR000005.dcm,C:\Users\Андрей\Desktop\Хакатон\Исследования\2.25.190331309633057244929837507901317950031\series_001_2_CR\A250791815 DXA\CR DXA\CR000005.dcm,CR000005.dcm,97098
1.2.643.5.1.13.13.12.2.77.8252.03020007121211050710080207000313,1.2.643.5.1.13.13.12.2.77.8252.08070600001410030512060707091212,1.2.643.5.1.13.13.12.2.77.8252.13080308120406131510011114140214,2.25.190331309633057244929837507901317950031/series_001_2_CR/A250791815 DXA/CR DXA/CR000006.dcm,C:\Users\Андрей\Desktop\Хакатон\Исследования\2.25.190331309633057244929837507901317950031\series_001_2_CR\A250791815 DXA\CR DXA\CR000006.dcm,CR000006.dcm,67328
1.2.643.5.1.13.13.12.2.77.8252.10061312041507151308110106051414,1.2.643.5.1.13.13.12.2.77.8252.08070600001410030512060707091212,1.2.643.5.1.13.13.12.2.77.8252.13080308120406131510011114140214,2.25.190331309633057244929837507901317950031/series_001_2_CR/A250791815 DXA/CR DXA/CR000007.dcm,C:\Users\Андрей\Desktop\Хакатон\Исследования\2.25.190331309633057244929837507901317950031\series_001_2_CR\A250791815 DXA\CR DXA\CR000007.dcm,CR000007.dcm,67374
1.2.643.5.1.13.13.12.2.77.8252.06130501091009001200080400150413,1.2.643.5.1.13.13.12.2.77.8252.08070600001410030512060707091212,1.2.643.5.1.13.13.12.2.77.8252.13080308120406131510011114140214,2.25.190331309633057244929837507901317950031/series_001_2_CR/A250791815 DXA/CR DXA/CR000008.dcm,C:\Users\Андрей\Desktop\Хакатон\Исследования\2.25.190331309633057244929837507901317950031\series_001_2_CR\A250791815 DXA\CR DXA\CR000008.dcm,CR000008.dcm,96974
1.2.643.5.1.13.13.12.2.77.8252.11100404131302060711141306031414,1.2.643.5.1.13.13.12.2.77.8252.08070600001410030512060707091212,1.2.643.5.1.13.13.12.2.77.8252.13080308120406131510011114140214,2.25.190331309633057244929837507901317950031/series_001_2_CR/A250791815 DXA/CR DXA/CR000009.dcm,C:\Users\Андрей\Desktop\Хакатон\Исследования\2.25.190331309633057244929837507901317950031\series_001_2_CR\A250791815 DXA\CR DXA\CR000009.dcm,CR000009.dcm,67372
1.2.643.5.1.13.13.12.2.77.8252.09051315030213060214031014080701,1.2.643.5.1.13.13.12.2.77.8252.08070600001410030512060707091212,1.2.643.5.1.13.13.12.2.77.8252.13080308120406131510011114140214,2.25.190331309633057244929837507901317950031/series_001_2_CR/A250791815 DXA/CR DXA/CR000010.dcm,C:\Users\Андрей\Desktop\Хакатон\Исследования\2.25.190331309633057244929837507901317950031\series_001_2_CR\A250791815 DXA\CR DXA\CR000010.dcm,CR000010.dcm,67498
1.2.643.5.1.13.13.12.2.77.8252.04000404020304020301120408100801,1.2.643.5.1.13.13.12.2.77.8252.13050309140908091510010214121510,1.2.643.5.1.13.13.12.2.77.8252.11021410060614050600151205091103,2.25.190807933410234695931591553323782771995/series_002_3_CR/A250762254 DXA/CR DXA/CR000000.dcm,C:\Users\Андрей\Desktop\Хакатон\Исследования\2.25.190807933410234695931591553323782771995\series_002_3_CR\A250762254 DXA\CR DXA\CR000000.dcm,CR000000.dcm,96692
1.2.643.5.1.13.13.12.2.77.8252.10101410111513000809081215030802,1.2.643.5.1.13.13.12.2.77.8252.13050309140908091510010214121510,1.2.643.5.1.13.13.12.2.77.8252.11021410060614050600151205091103,2.25.190807933410234695931591553323782771995/series_002_3_CR/A250762254 DXA/CR DXA/CR000001.dcm,C:\Users\Андрей\Desktop\Хакатон\Исследования\2.25.190807933410234695931591553323782771995\series_002_3_CR\A250762254 DXA\CR DXA\CR000001.dcm,CR000001.dcm,83306
1.2.643.5.1.13.13.12.2.77.8252.02120211101306000510080011031411,1.2.643.5.1.13.13.12.2.77.8252.13011101150906100811130003020808,1.2.643.5.1.13.13.12.2.77.8252.02010102061305140611020613010604,2.25.215177279960644564778148238928738915103/series_002_2_CR/A2504147013 DXA/CR DXA/CR000000.dcm,C:\Users\Андрей\Desktop\Хакатон\Исследования\2.25.215177279960644564778148238928738915103\series_002_2_CR\A2504147013 DXA\CR DXA\CR000000.dcm,CR000000.dcm,91208
1.2.643.5.1.13.13.12.2.77.8252.05011012001311141515001115080104,1.2.643.5.1.13.13.12.2.77.8252.13011101150906100811130003020808,1.2.643.5.1.13.13.12.2.77.8252.02010102061305140611020613010604,2.25.215177279960644564778148238928738915103/series_002_2_CR/A2504147013 DXA/CR DXA/CR000001.dcm,C:\Users\Андрей\Desktop\Хакатон\Исследования\2.25.215177279960644564778148238928738915103\series_002_2_CR\A2504147013 DXA\CR DXA\CR000001.dcm,CR000001.dcm,88908
1.2.643.5.1.13.13.12.2.77.8252.00070615051510041500030210150312,1.2.643.5.1.13.13.12.2.77.8252.13011101150906100811130003020808,1.2.643.5.1.13.13.12.2.77.8252.02010102061305140611020613010604,2.25.215177279960644564778148238928738915103/series_002_2_CR/A2504147013 DXA/CR DXA/CR000002.dcm,C:\Users\Андрей\Desktop\Хакатон\Исследования\2.25.215177279960644564778148238928738915103\series_002_2_CR\A2504147013 DXA\CR DXA\CR000002.dcm,CR000002.dcm,83368
1.2.643.5.1.13.13.12.2.77.8252.02080006130815010800091303020804,1.2.643.5.1.13.13.12.2.77.8252.13011101150906100811130003020808,1.2.643.5.1.13.13.12.2.77.8252.02010102061305140611020613010604,2.25.215177279960644564778148238928738915103/series_002_2_CR/A2504147013 DXA/CR DXA/CR000003.dcm,C:\Users\Андрей\Desktop\Хакатон\Исследования\2.25.215177279960644564778148238928738915103\series_002_2_CR\A2504147013 DXA\CR DXA\CR000003.dcm,CR000003.dcm,91128
1.2.643.5.1.13.13.12.2.77.8252.13140203110104081414101201001405,1.2.643.5.1.13.13.12.2.77.8252.13011101150906100811130003020808,1.2.643.5.1.13.13.12.2.77.8252.02010102061305140611020613010604,2.25.215177279960644564778148238928738915103/series_002_2_CR/A2504147013 DXA/CR DXA/CR000004.dcm,C:\Users\Андрей\Desktop\Хакатон\Исследования\2.25.215177279960644564778148238928738915103\series_002_2_CR\A2504147013 DXA\CR DXA\CR000004.dcm,CR000004.dcm,88828
1.2.643.5.1.13.13.12.2.77.8252.02091115080411030312040600000701,1.2.643.5.1.13.13.12.2.77.8252.15060506051311040306151405130812,1.2.643.5.1.13.13.12.2.77.8252.04120000090305141313121412081209,2.25.217397325224876728316360420804118329081/series_002_2_CR/A250474631 DXA/CR DXA/CR000000.dcm,C:\Users\Андрей\Desktop\Хакатон\Исследования\2.25.217397325224876728316360420804118329081\series_002_2_CR\A250474631 DXA\CR DXA\CR000000.dcm,CR000000.dcm,75168
1.2.643.5.1.13.13.12.2.77.8252.10000400041408060608031009090710,1.2.643.5.1.13.13.12.2.77.8252.15060506051311040306151405130812,1.2.643.5.1.13.13.12.2.77.8252.04120000090305141313121412081209,2.25.217397325224876728316360420804118329081/series_002_2_CR/A250474631 DXA/CR DXA/CR000001.dcm,C:\Users\Андрей\Desktop\Хакатон\Исследования\2.25.217397325224876728316360420804118329081\series_002_2_CR\A250474631 DXA\CR DXA\CR000001.dcm,CR000001.dcm,67328
1.2.643.5.1.13.13.12.2.77.8252.04131001000110131311121304090609,1.2.643.5.1.13.13.12.2.77.8252.15060506051311040306151405130812,1.2.643.5.1.13.13.12.2.77.8252.04120000090305141313121412081209,2.25.217397325224876728316360420804118329081/series_002_2_CR/A250474631 DXA/CR DXA/CR000002.dcm,C:\Users\Андрей\Desktop\Хакатон\Исследования\2.25.217397325224876728316360420804118329081\series_002_2_CR\A250474631 DXA\CR DXA\CR000002.dcm,CR000002.dcm,96928
1.2.643.5.1.13.13.12.2.77.8252.01120903030308120114061013030505,1.2.643.5.1.13.13.12.2.77.8252.15060506051311040306151405130812,1.2.643.5.1.13.13.12.2.77.8252.04120000090305141313121412081209,2.25.217397325224876728316360420804118329081/series_002_2_CR/A250474631 DXA/CR DXA/CR000003.dcm,C:\Users\Андрей\Desktop\Хакатон\Исследования\2.25.217397325224876728316360420804118329081\series_002_2_CR\A250474631 DXA\CR DXA\CR000003.dcm,CR000003.dcm,67238
1.2.643.5.1.13.13.12.2.77.8252.03000813041512141007100304081206,1.2.643.5.1.13.13.12.2.77.8252.15060506051311040306151405130812,1.2.643.5.1.13.13.12.2.77.8252.04120000090305141313121412081209,2.25.217397325224876728316360420804118329081/series_002_2_CR/A250474631 DXA/CR DXA/CR000004.dcm,C:\Users\Андрей\Desktop\Хакатон\Исследования\2.25.217397325224876728316360420804118329081\series_002_2_CR\A250474631 DXA\CR DXA\CR000004.dcm,CR000004.dcm,96928
1.2.643.5.1.13.13.12.2.77.8252.13021514070905140715121507140313,1.2.643.5.1.13.13.12.2.77.8252.15060506051311040306151405130812,1.2.643.5.1.13.13.12.2.77.8252.04120000090305141313121412081209,2.25.217397325224876728316360420804118329081/series_002_2_CR/A250474631 DXA/CR DXA/CR000005.dcm,C:\Users\Андрей\Desktop\Хакатон\Исследования\2.25.217397325224876728316360420804118329081\series_002_2_CR\A250474631 DXA\CR DXA\CR000005.dcm,CR000005.dcm,97008
1.2.643.5.1.13.13.12.2.77.8252.08100408121001020706011402110914,1.2.643.5.1.13.13.12.2.77.8252.15060506051311040306151405130812,1.2.643.5.1.13.13.12.2.77.8252.04120000090305141313121412081209,2.25.217397325224876728316360420804118329081/series_002_2_CR/A250474631 DXA/CR DXA/CR000006.dcm,C:\Users\Андрей\Desktop\Хакатон\Исследования\2.25.217397325224876728316360420804118329081\series_002_2_CR\A250474631 DXA\CR DXA\CR000006.dcm,CR000006.dcm,75168
1.2.643.5.1.13.13.12.2.77.8252.15101108070415081206070914081510,1.2.643.5.1.13.13.12.2.77.8252.15060506051311040306151405130812,1.2.643.5.1.13.13.12.2.77.8252.04120000090305141313121412081209,2.25.217397325224876728316360420804118329081/series_002_2_CR/A250474631 DXA/CR DXA/CR000007.dcm,C:\Users\Андрей\Desktop\Хакатон\Исследования\2.25.217397325224876728316360420804118329081\series_002_2_CR\A250474631 DXA\CR DXA\CR000007.dcm,CR000007.dcm,75248
1.2.643.5.1.13.13.12.2.77.8252.14010614131006141014100714050813,1.2.643.5.1.13.13.12.2.77.8252.15060506051311040306151405130812,1.2.643.5.1.13.13.12.2.77.8252.04120000090305141313121412081209,2.25.217397325224876728316360420804118329081/series_002_2_CR/A250474631 DXA/CR DXA/CR000008.dcm,C:\Users\Андрей\Desktop\Хакатон\Исследования\2.25.217397325224876728316360420804118329081\series_002_2_CR\A250474631 DXA\CR DXA\CR000008.dcm,CR000008.dcm,67408
1.2.643.5.1.13.13.12.2.77.8252.07081006110204030410140712110010,1.2.643.5.1.13.13.12.2.77.8252.15060506051311040306151405130812,1.2.643.5.1.13.13.12.2.77.8252.04120000090305141313121412081209,2.25.217397325224876728316360420804118329081/series_002_2_CR/A250474631 DXA/CR DXA/CR000009.dcm,C:\Users\Андрей\Desktop\Хакатон\Исследования\2.25.217397325224876728316360420804118329081\series_002_2_CR\A250474631 DXA\CR DXA\CR000009.dcm,CR000009.dcm,75078
1.2.643.5.1.13.13.12.2.77.8252.03030902090804040112070613130312,1.2.643.5.1.13.13.12.2.77.8252.15060506051311040306151405130812,1.2.643.5.1.13.13.12.2.77.8252.04120000090305141313121412081209,2.25.217397325224876728316360420804118329081/series_002_2_CR/A250474631 DXA/CR DXA/CR000010.dcm,C:\Users\Андрей\Desktop\Хакатон\Исследования\2.25.217397325224876728316360420804118329081\series_002_2_CR\A250474631 DXA\CR DXA\CR000010.dcm,CR000010.dcm,67328
1.2.643.5.1.13.13.12.2.77.8252.03010603150012061509030005111300,1.2.643.5.1.13.13.12.2.77.8252.04071115100300090601031200020808,1.2.643.5.1.13.13.12.2.77.8252.00101504150305151101041001111112,2.25.220866240977467582196609708837940253840/series_001_2_CR/A2504258893 DXA/CR DXA/CR000000.dcm,C:\Users\Андрей\Desktop\Хакатон\Исследования\2.25.220866240977467582196609708837940253840\series_001_2_CR\A2504258893 DXA\CR DXA\CR000000.dcm,CR000000.dcm,96628
1.2.643.5.1.13.13.12.2.77.8252.02051208030605070510050510081213,1.2.643.5.1.13.13.12.2.77.8252.11000715091405120315010100101510,1.2.643.5.1.13.13.12.2.77.8252.01150502051203071101150005011315,2.25.234651502352368356456298825489565282446/series_002_2_CR/A2504307193 DXA/CR DXA/CR000000.dcm,C:\Users\Андрей\Desktop\Хакатон\Исследования\2.25.234651502352368356456298825489565282446\series_002_2_CR\A2504307193 DXA\CR DXA\CR000000.dcm,CR000000.dcm,66678
1.2.643.5.1.13.13.12.2.77.8252.05090510140315010003130007000910,1.2.643.5.1.13.13.12.2.77.8252.11000715091405120315010100101510,1.2.643.5.1.13.13.12.2.77.8252.01150502051203071101150005011315,2.25.234651502352368356456298825489565282446/series_002_2_CR/A2504307193 DXA/CR DXA/CR000001.dcm,C:\Users\Андрей\Desktop\Хакатон\Исследования\2.25.234651502352368356456298825489565282446\series_002_2_CR\A2504307193 DXA\CR DXA\CR000001.dcm,CR000001.dcm,66856
1.2.643.5.1.13.13.12.2.77.8252.09031307051100020212010511060414,1.2.643.5.1.13.13.12.2.77.8252.11000715091405120315010100101510,1.2.643.5.1.13.13.12.2.77.8252.01150502051203071101150005011315,2.25.234651502352368356456298825489565282446/series_002_2_CR/A2504307193 DXA/CR DXA/CR000002.dcm,C:\Users\Андрей\Desktop\Хакатон\Исследования\2.25.234651502352368356456298825489565282446\series_002_2_CR\A2504307193 DXA\CR DXA\CR000002.dcm,CR000002.dcm,88916
1.2.643.5.1.13.13.12.2.77.8252.09140613011500120102030800080807,1.2.643.5.1.13.13.12.2.77.8252.11000715091405120315010100101510,1.2.643.5.1.13.13.12.2.77.8252.01150502051203071101150005011315,2.25.234651502352368356456298825489565282446/series_002_2_CR/A2504307193 DXA/CR DXA/CR000003.dcm,C:\Users\Андрей\Desktop\Хакатон\Исследования\2.25.234651502352368356456298825489565282446\series_002_2_CR\A2504307193 DXA\CR DXA\CR000003.dcm,CR000003.dcm,59576
1.2.643.5.1.13.13.12.2.77.8252.09061112071413071402070608030006,1.2.643.5.1.13.13.12.2.77.8252.11000715091405120315010100101510,1.2.643.5.1.13.13.12.2.77.8252.01150502051203071101150005011315,2.25.234651502352368356456298825489565282446/series_002_2_CR/A2504307193 DXA/CR DXA/CR000004.dcm,C:\Users\Андрей\Desktop\Хакатон\Исследования\2.25.234651502352368356456298825489565282446\series_002_2_CR\A2504307193 DXA\CR DXA\CR000004.dcm,CR000004.dcm,59702
1.2.643.5.1.13.13.12.2.77.8252.14111506040710041211031511080401,1.2.643.5.1.13.13.12.2.77.8252.11000715091405120315010100101510,1.2.643.5.1.13.13.12.2.77.8252.01150502051203071101150005011315,2.25.234651502352368356456298825489565282446/series_002_2_CR/A2504307193 DXA/CR DXA/CR000005.dcm,C:\Users\Андрей\Desktop\Хакатон\Исследования\2.25.234651502352368356456298825489565282446\series_002_2_CR\A2504307193 DXA\CR DXA\CR000005.dcm,CR000005.dcm,59534
1.2.643.5.1.13.13.12.2.77.8252.10051211011505050506141504040101,1.2.643.5.1.13.13.12.2.77.8252.11000715091405120315010100101510,1.2.643.5.1.13.13.12.2.77.8252.01150502051203071101150005011315,2.25.234651502352368356456298825489565282446/series_002_2_CR/A2504307193 DXA/CR DXA/CR000006.dcm,C:\Users\Андрей\Desktop\Хакатон\Исследования\2.25.234651502352368356456298825489565282446\series_002_2_CR\A2504307193 DXA\CR DXA\CR000006.dcm,CR000006.dcm,88916
1.2.643.5.1.13.13.12.2.77.8252.15100402090103120615100706141310,1.2.643.5.1.13.13.12.2.77.8252.11000715091405120315010100101510,1.2.643.5.1.13.13.12.2.77.8252.01150502051203071101150005011315,2.25.234651502352368356456298825489565282446/series_002_2_CR/A2504307193 DXA/CR DXA/CR000007.dcm,C:\Users\Андрей\Desktop\Хакатон\Исследования\2.25.234651502352368356456298825489565282446\series_002_2_CR\A2504307193 DXA\CR DXA\CR000007.dcm,CR000007.dcm,66982
1.2.643.5.1.13.13.12.2.77.8252.10021305031009110615021114111114,1.2.643.5.1.13.13.12.2.77.8252.11000715091405120315010100101510,1.2.643.5.1.13.13.12.2.77.8252.01150502051203071101150005011315,2.25.234651502352368356456298825489565282446/series_002_2_CR/A2504307193 DXA/CR DXA/CR000008.dcm,C:\Users\Андрей\Desktop\Хакатон\Исследования\2.25.234651502352368356456298825489565282446\series_002_2_CR\A2504307193 DXA\CR DXA\CR000008.dcm,CR000008.dcm,89042
1.2.643.5.1.13.13.12.2.77.8252.09110410141103030507060004110108,1.2.643.5.1.13.13.12.2.77.8252.11000715091405120315010100101510,1.2.643.5.1.13.13.12.2.77.8252.01150502051203071101150005011315,2.25.234651502352368356456298825489565282446/series_002_2_CR/A2504307193 DXA/CR DXA/CR000009.dcm,C:\Users\Андрей\Desktop\Хакатон\Исследования\2.25.234651502352368356456298825489565282446\series_002_2_CR\A2504307193 DXA\CR DXA\CR000009.dcm,CR000009.dcm,59398
1.2.643.5.1.13.13.12.2.77.8252.15060200100906151411000112060511,1.2.643.5.1.13.13.12.2.77.8252.11000715091405120315010100101510,1.2.643.5.1.13.13.12.2.77.8252.01150502051203071101150005011315,2.25.234651502352368356456298825489565282446/series_002_2_CR/A2504307193 DXA/CR DXA/CR000010.dcm,C:\Users\Андрей\Desktop\Хакатон\Исследования\2.25.234651502352368356456298825489565282446\series_002_2_CR\A2504307193 DXA\CR DXA\CR000010.dcm,CR000010.dcm,66768
1.2.643.5.1.13.13.12.2.77.8252.06051510010614000404080600020603,1.2.643.5.1.13.13.12.2.77.8252.01010712071105151008051412091100,1.2.643.5.1.13.13.12.2.77.8252.06130909061410141208061013120615,2.25.247714038039430659432048101646401574824/series_002_2_CR/A2504238024 DXA Exam/CR DXA Images/CR000000.dcm,C:\Users\Андрей\Desktop\Хакатон\Исследования\2.25.247714038039430659432048101646401574824\series_002_2_CR\A2504238024 DXA Exam\CR DXA Images\CR000000.dcm,CR000000.dcm,98492
1.2.643.5.1.13.13.12.2.77.8252.13110800060502010303101404091303,1.2.643.5.1.13.13.12.2.77.8252.01010712071105151008051412091100,1.2.643.5.1.13.13.12.2.77.8252.06130909061410141208061013120615,2.25.247714038039430659432048101646401574824/series_002_2_CR/A2504238024 DXA Exam/CR DXA Images/CR000001.dcm,C:\Users\Андрей\Desktop\Хакатон\Исследования\2.25.247714038039430659432048101646401574824\series_002_2_CR\A2504238024 DXA Exam\CR DXA Images\CR000001.dcm,CR000001.dcm,97932
1.2.643.5.1.13.13.12.2.77.8252.06030210110500061108030910090908,1.2.643.5.1.13.13.12.2.77.8252.01010712071105151008051412091100,1.2.643.5.1.13.13.12.2.77.8252.06130909061410141208061013120615,2.25.247714038039430659432048101646401574824/series_002_2_CR/A2504238024 DXA Exam/CR DXA Images/CR000002.dcm,C:\Users\Андрей\Desktop\Хакатон\Исследования\2.25.247714038039430659432048101646401574824\series_002_2_CR\A2504238024 DXA Exam\CR DXA Images\CR000002.dcm,CR000002.dcm,96112
1.2.643.5.1.13.13.12.2.77.8252.12031014110715041000030602140501,1.2.643.5.1.13.13.12.2.77.8252.13000111030510001210030508000815,1.2.643.5.1.13.13.12.2.77.8252.08110913110510141103120003011000,2.25.269648774413746842548908998641183395622/series_001_2_CR/A2504393664 DXA/CR DXA/CR000000.dcm,C:\Users\Андрей\Desktop\Хакатон\Исследования\2.25.269648774413746842548908998641183395622\series_001_2_CR\A2504393664 DXA\CR DXA\CR000000.dcm,CR000000.dcm,75232
1.2.643.5.1.13.13.12.2.77.8252.02001209000515050108060411111311,1.2.643.5.1.13.13.12.2.77.8252.13000111030510001210030508000815,1.2.643.5.1.13.13.12.2.77.8252.08110913110510141103120003011000,2.25.269648774413746842548908998641183395622/series_001_2_CR/A2504393664 DXA/CR DXA/CR000001.dcm,C:\Users\Андрей\Desktop\Хакатон\Исследования\2.25.269648774413746842548908998641183395622\series_001_2_CR\A2504393664 DXA\CR DXA\CR000001.dcm,CR000001.dcm,96692
1.2.643.5.1.13.13.12.2.77.8252.12130902030702050210110604020115,1.2.643.5.1.13.13.12.2.77.8252.13000111030510001210030508000815,1.2.643.5.1.13.13.12.2.77.8252.08110913110510141103120003011000,2.25.269648774413746842548908998641183395622/series_001_2_CR/A2504393664 DXA/CR DXA/CR000002.dcm,C:\Users\Андрей\Desktop\Хакатон\Исследования\2.25.269648774413746842548908998641183395622\series_001_2_CR\A2504393664 DXA\CR DXA\CR000002.dcm,CR000002.dcm,74672
1.2.643.5.1.13.13.12.2.77.8252.11081308031311040302130506061304,1.2.643.5.1.13.13.12.2.77.8252.05011409090000061404080803060404,1.2.643.5.1.13.13.12.2.77.8252.05130512040712060505140403050714,2.25.269742577365511543488820993979123763373/series_003_2_CR/A250477751 DXA/CR DXA/CR000000.dcm,C:\Users\Андрей\Desktop\Хакатон\Исследования\2.25.269742577365511543488820993979123763373\series_003_2_CR\A250477751 DXA\CR DXA\CR000000.dcm,CR000000.dcm,96116
1.2.643.5.1.13.13.12.2.77.8252.01011201030601080312040805131303,1.2.643.5.1.13.13.12.2.77.8252.15120712020613071211131414040509,1.2.643.5.1.13.13.12.2.77.8252.08120315010100010409121104030313,2.25.272690031744216183651627058502316132741/series_002_2_CR/A2504373414 DXA/CR DXA/CR000000.dcm,C:\Users\Андрей\Desktop\Хакатон\Исследования\2.25.272690031744216183651627058502316132741\series_002_2_CR\A2504373414 DXA\CR DXA\CR000000.dcm,CR000000.dcm,99158
1.2.643.5.1.13.13.12.2.77.8252.06030606140315081407041104141012,1.2.643.5.1.13.13.12.2.77.8252.15120712020613071211131414040509,1.2.643.5.1.13.13.12.2.77.8252.08120315010100010409121104030313,2.25.272690031744216183651627058502316132741/series_002_2_CR/A2504373414 DXA/CR DXA/CR000001.dcm,C:\Users\Андрей\Desktop\Хакатон\Исследования\2.25.272690031744216183651627058502316132741\series_002_2_CR\A2504373414 DXA\CR DXA\CR000001.dcm,CR000001.dcm,98254
1.2.643.5.1.13.13.12.2.77.8252.15091411140404110408151008030010,1.2.643.5.1.13.13.12.2.77.8252.15120712020613071211131414040509,1.2.643.5.1.13.13.12.2.77.8252.08120315010100010409121104030313,2.25.272690031744216183651627058502316132741/series_002_2_CR/A2504373414 DXA/CR DXA/CR000002.dcm,C:\Users\Андрей\Desktop\Хакатон\Исследования\2.25.272690031744216183651627058502316132741\series_002_2_CR\A2504373414 DXA\CR DXA\CR000002.dcm,CR000002.dcm,91254
1.2.643.5.1.13.13.12.2.77.8252.12111114061412150313141006121511,1.2.643.5.1.13.13.12.2.77.8252.15120712020613071211131414040509,1.2.643.5.1.13.13.12.2.77.8252.08120315010100010409121104030313,2.25.272690031744216183651627058502316132741/series_002_2_CR/A2504373414 DXA/CR DXA/CR000003.dcm,C:\Users\Андрей\Desktop\Хакатон\Исследования\2.25.272690031744216183651627058502316132741\series_002_2_CR\A2504373414 DXA\CR DXA\CR000003.dcm,CR000003.dcm,91174
1.2.643.5.1.13.13.12.2.77.8252.11001315081502000300100815110411,1.2.643.5.1.13.13.12.2.77.8252.15120712020613071211131414040509,1.2.643.5.1.13.13.12.2.77.8252.08120315010100010409121104030313,2.25.272690031744216183651627058502316132741/series_002_2_CR/A2504373414 DXA/CR DXA/CR000004.dcm,C:\Users\Андрей\Desktop\Хакатон\Исследования\2.25.272690031744216183651627058502316132741\series_002_2_CR\A2504373414 DXA\CR DXA\CR000004.dcm,CR000004.dcm,99374
1.2.643.5.1.13.13.12.2.77.8252.05061403001014150211070209121100,1.2.643.5.1.13.13.12.2.77.8252.15120712020613071211131414040509,1.2.643.5.1.13.13.12.2.77.8252.08120315010100010409121104030313,2.25.272690031744216183651627058502316132741/series_002_2_CR/A2504373414 DXA/CR DXA/CR000005.dcm,C:\Users\Андрей\Desktop\Хакатон\Исследования\2.25.272690031744216183651627058502316132741\series_002_2_CR\A2504373414 DXA\CR DXA\CR000005.dcm,CR000005.dcm,99248
1.2.643.5.1.13.13.12.2.77.8252.07020101080211090714060800071015,1.2.643.5.1.13.13.12.2.77.8252.15120712020613071211131414040509,1.2.643.5.1.13.13.12.2.77.8252.08120315010100010409121104030313,2.25.272690031744216183651627058502316132741/series_002_2_CR/A2504373414 DXA/CR DXA/CR000006.dcm,C:\Users\Андрей\Desktop\Хакатон\Исследования\2.25.272690031744216183651627058502316132741\series_002_2_CR\A2504373414 DXA\CR DXA\CR000006.dcm,CR000006.dcm,98174
1.2.643.5.1.13.13.12.2.77.8252.10090104061310110414150206150115,1.2.643.5.1.13.13.12.2.77.8252.15120712020613071211131414040509,1.2.643.5.1.13.13.12.2.77.8252.08120315010100010409121104030313,2.25.272690031744216183651627058502316132741/series_002_2_CR/A2504373414 DXA/CR DXA/CR000007.dcm,C:\Users\Андрей\Desktop\Хакатон\Исследования\2.25.272690031744216183651627058502316132741\series_002_2_CR\A2504373414 DXA\CR DXA\CR000007.dcm,CR000007.dcm,99294
1.2.643.5.1.13.13.12.2.77.8252.03130108120702021004141402130400,1.2.643.5.1.13.13.12.2.77.8252.15120712020613071211131414040509,1.2.643.5.1.13.13.12.2.77.8252.08120315010100010409121104030313,2.25.272690031744216183651627058502316132741/series_002_2_CR/A2504373414 DXA/CR DXA/CR000008.dcm,C:\Users\Андрей\Desktop\Хакатон\Исследования\2.25.272690031744216183651627058502316132741\series_002_2_CR\A2504373414 DXA\CR DXA\CR000008.dcm,CR000008.dcm,91128
1.2.643.5.1.13.13.12.2.77.8252.05090009071111050211130101070710,1.2.643.5.1.13.13.12.2.77.8252.15120712020613071211131414040509,1.2.643.5.1.13.13.12.2.77.8252.08120315010100010409121104030313,2.25.272690031744216183651627058502316132741/series_002_2_CR/A2504373414 DXA/CR DXA/CR000009.dcm,C:\Users\Андрей\Desktop\Хакатон\Исследования\2.25.272690031744216183651627058502316132741\series_002_2_CR\A2504373414 DXA\CR DXA\CR000009.dcm,CR000009.dcm,98174
1.2.643.5.1.13.13.12.2.77.8252.06121304010102150202081301011406,1.2.643.5.1.13.13.12.2.77.8252.15120712020613071211131414040509,1.2.643.5.1.13.13.12.2.77.8252.08120315010100010409121104030313,2.25.272690031744216183651627058502316132741/series_002_2_CR/A2504373414 DXA/CR DXA/CR000010.dcm,C:\Users\Андрей\Desktop\Хакатон\Исследования\2.25.272690031744216183651627058502316132741\series_002_2_CR\A2504373414 DXA\CR DXA\CR000010.dcm,CR000010.dcm,91038
1.2.643.5.1.13.13.12.2.77.8252.13000009090006001202001212051006,1.2.643.5.1.13.13.12.2.77.8252.06111506140814121408000710091014,1.2.643.5.1.13.13.12.2.77.8252.15050207150815021005011510050008,2.25.276415754443998872860614500027519740375/series_002_2_CR/A2504387089 DXA/CR DXA/CR000000.dcm,C:\Users\Андрей\Desktop\Хакатон\Исследования\2.25.276415754443998872860614500027519740375\series_002_2_CR\A2504387089 DXA\CR DXA\CR000000.dcm,CR000000.dcm,88954
1.2.643.5.1.13.13.12.2.77.8252.00080112010710030607090609070409,1.2.643.5.1.13.13.12.2.77.8252.06111506140814121408000710091014,1.2.643.5.1.13.13.12.2.77.8252.15050207150815021005011510050008,2.25.276415754443998872860614500027519740375/series_002_2_CR/A2504387089 DXA/CR DXA/CR000001.dcm,C:\Users\Андрей\Desktop\Хакатон\Исследования\2.25.276415754443998872860614500027519740375\series_002_2_CR\A2504387089 DXA\CR DXA\CR000001.dcm,CR000001.dcm,88828
1.2.643.5.1.13.13.12.2.77.8252.01080011050715071510151108031409,1.2.643.5.1.13.13.12.2.77.8252.06111506140814121408000710091014,1.2.643.5.1.13.13.12.2.77.8252.15050207150815021005011510050008,2.25.276415754443998872860614500027519740375/series_002_2_CR/A2504387089 DXA/CR DXA/CR000002.dcm,C:\Users\Андрей\Desktop\Хакатон\Исследования\2.25.276415754443998872860614500027519740375\series_002_2_CR\A2504387089 DXA\CR DXA\CR000002.dcm,CR000002.dcm,83414
1.2.643.5.1.13.13.12.2.77.8252.12100615051100140712150704150801,1.2.643.5.1.13.13.12.2.77.8252.06111506140814121408000710091014,1.2.643.5.1.13.13.12.2.77.8252.15050207150815021005011510050008,2.25.276415754443998872860614500027519740375/series_002_2_CR/A2504387089 DXA/CR DXA/CR000003.dcm,C:\Users\Андрей\Desktop\Хакатон\Исследования\2.25.276415754443998872860614500027519740375\series_002_2_CR\A2504387089 DXA\CR DXA\CR000003.dcm,CR000003.dcm,83414
1.2.643.5.1.13.13.12.2.77.8252.06120002061108140400041203121102,1.2.643.5.1.13.13.12.2.77.8252.06111506140814121408000710091014,1.2.643.5.1.13.13.12.2.77.8252.15050207150815021005011510050008,2.25.276415754443998872860614500027519740375/series_002_2_CR/A2504387089 DXA/CR DXA/CR000004.dcm,C:\Users\Андрей\Desktop\Хакатон\Исследования\2.25.276415754443998872860614500027519740375\series_002_2_CR\A2504387089 DXA\CR DXA\CR000004.dcm,CR000004.dcm,83288
1.2.643.5.1.13.13.12.2.77.8252.15130815100101091501031008111015,1.2.643.5.1.13.13.12.2.77.8252.06111506140814121408000710091014,1.2.643.5.1.13.13.12.2.77.8252.15050207150815021005011510050008,2.25.276415754443998872860614500027519740375/series_002_2_CR/A2504387089 DXA/CR DXA/CR000005.dcm,C:\Users\Андрей\Desktop\Хакатон\Исследования\2.25.276415754443998872860614500027519740375\series_002_2_CR\A2504387089 DXA\CR DXA\CR000005.dcm,CR000005.dcm,83334
1.2.643.5.1.13.13.12.2.77.8252.11140100091110050501140207060912,1.2.643.5.1.13.13.12.2.77.8252.01150001000900060703031302131108,1.2.643.5.1.13.13.12.2.77.8252.14011210061013090708120005031309,2.25.277752758923974029595977676354128739670/series_002_2_CR/A2504223752 DXA/CR DXA/CR000000.dcm,C:\Users\Андрей\Desktop\Хакатон\Исследования\2.25.277752758923974029595977676354128739670\series_002_2_CR\A2504223752 DXA\CR DXA\CR000000.dcm,CR000000.dcm,74626
1.2.643.5.1.13.13.12.2.77.8252.05010011080903070300131415001403,1.2.643.5.1.13.13.12.2.77.8252.01150001000900060703031302131108,1.2.643.5.1.13.13.12.2.77.8252.14011210061013090708120005031309,2.25.277752758923974029595977676354128739670/series_002_2_CR/A2504223752 DXA/CR DXA/CR000001.dcm,C:\Users\Андрей\Desktop\Хакатон\Исследования\2.25.277752758923974029595977676354128739670\series_002_2_CR\A2504223752 DXA\CR DXA\CR000001.dcm,CR000001.dcm,74626
1.2.643.5.1.13.13.12.2.77.8252.09010705011309010307011213150407,1.2.643.5.1.13.13.12.2.77.8252.01150001000900060703031302131108,1.2.643.5.1.13.13.12.2.77.8252.14011210061013090708120005031309,2.25.277752758923974029595977676354128739670/series_002_2_CR/A2504223752 DXA/CR DXA/CR000002.dcm,C:\Users\Андрей\Desktop\Хакатон\Исследования\2.25.277752758923974029595977676354128739670\series_002_2_CR\A2504223752 DXA\CR DXA\CR000002.dcm,CR000002.dcm,74626
1.2.643.5.1.13.13.12.2.77.8252.05101415070003100803120514081507,1.2.643.5.1.13.13.12.2.77.8252.01150001000900060703031302131108,1.2.643.5.1.13.13.12.2.77.8252.14011210061013090708120005031309,2.25.277752758923974029595977676354128739670/series_002_2_CR/A2504223752 DXA/CR DXA/CR000003.dcm,C:\Users\Андрей\Desktop\Хакатон\Исследования\2.25.277752758923974029595977676354128739670\series_002_2_CR\A2504223752 DXA\CR DXA\CR000003.dcm,CR000003.dcm,74626
1.2.643.5.1.13.13.12.2.77.8252.07090609050707040704081509101500,1.2.643.5.1.13.13.12.2.77.8252.01150001000900060703031302131108,1.2.643.5.1.13.13.12.2.77.8252.14011210061013090708120005031309,2.25.277752758923974029595977676354128739670/series_002_2_CR/A2504223752 DXA/CR DXA/CR000004.dcm,C:\Users\Андрей\Desktop\Хакатон\Исследования\2.25.277752758923974029595977676354128739670\series_002_2_CR\A2504223752 DXA\CR DXA\CR000004.dcm,CR000004.dcm,87046
1.2.643.5.1.13.13.12.2.77.8252.15080302090100001214141305071301,1.2.643.5.1.13.13.12.2.77.8252.01150001000900060703031302131108,1.2.643.5.1.13.13.12.2.77.8252.14011210061013090708120005031309,2.25.277752758923974029595977676354128739670/series_002_2_CR/A2504223752 DXA/CR DXA/CR000005.dcm,C:\Users\Андрей\Desktop\Хакатон\Исследования\2.25.277752758923974029595977676354128739670\series_002_2_CR\A2504223752 DXA\CR DXA\CR000005.dcm,CR000005.dcm,87046
1.2.643.5.1.13.13.12.2.77.8252.11091010090201121300090614051311,1.2.643.5.1.13.13.12.2.77.8252.06121310051313071012071011000214,1.2.643.5.1.13.13.12.2.77.8252.14130309100700021109000104041309,2.25.286999464611662854355201599068538813496/series_003_2_CR/A2504223477 DXA/CR DXA/CR000000.dcm,C:\Users\Андрей\Desktop\Хакатон\Исследования\2.25.286999464611662854355201599068538813496\series_003_2_CR\A2504223477 DXA\CR DXA\CR000000.dcm,CR000000.dcm,75746
1.2.643.5.1.13.13.12.2.77.8252.02141512030209141106060309030501,1.2.643.5.1.13.13.12.2.77.8252.06121310051313071012071011000214,1.2.643.5.1.13.13.12.2.77.8252.14130309100700021109000104041309,2.25.286999464611662854355201599068538813496/series_003_2_CR/A2504223477 DXA/CR DXA/CR000001.dcm,C:\Users\Андрей\Desktop\Хакатон\Исследования\2.25.286999464611662854355201599068538813496\series_003_2_CR\A2504223477 DXA\CR DXA\CR000001.dcm,CR000001.dcm,88846
1.2.643.5.1.13.13.12.2.77.8252.15080906090913051107110915140103,1.2.643.5.1.13.13.12.2.77.8252.06121310051313071012071011000214,1.2.643.5.1.13.13.12.2.77.8252.14130309100700021109000104041309,2.25.286999464611662854355201599068538813496/series_003_2_CR/A2504223477 DXA/CR DXA/CR000002.dcm,C:\Users\Андрей\Desktop\Хакатон\Исследования\2.25.286999464611662854355201599068538813496\series_003_2_CR\A2504223477 DXA\CR DXA\CR000002.dcm,CR000002.dcm,75746
1.2.643.5.1.13.13.12.2.77.8252.02060612071110031306070811070605,1.2.643.5.1.13.13.12.2.77.8252.06121310051313071012071011000214,1.2.643.5.1.13.13.12.2.77.8252.14130309100700021109000104041309,2.25.286999464611662854355201599068538813496/series_003_2_CR/A2504223477 DXA/CR DXA/CR000003.dcm,C:\Users\Андрей\Desktop\Хакатон\Исследования\2.25.286999464611662854355201599068538813496\series_003_2_CR\A2504223477 DXA\CR DXA\CR000003.dcm,CR000003.dcm,75746
1.2.643.5.1.13.13.12.2.77.8252.08001013010106001102020015031109,1.2.643.5.1.13.13.12.2.77.8252.06121310051313071012071011000214,1.2.643.5.1.13.13.12.2.77.8252.14130309100700021109000104041309,2.25.286999464611662854355201599068538813496/series_003_2_CR/A2504223477 DXA/CR DXA/CR000004.dcm,C:\Users\Андрей\Desktop\Хакатон\Исследования\2.25.286999464611662854355201599068538813496\series_003_2_CR\A2504223477 DXA\CR DXA\CR000004.dcm,CR000004.dcm,88846
1.2.643.5.1.13.13.12.2.77.8252.11130511020109141404120604130811,1.2.643.5.1.13.13.12.2.77.8252.06121310051313071012071011000214,1.2.643.5.1.13.13.12.2.77.8252.14130309100700021109000104041309,2.25.286999464611662854355201599068538813496/series_003_2_CR/A2504223477 DXA/CR DXA/CR000005.dcm,C:\Users\Андрей\Desktop\Хакатон\Исследования\2.25.286999464611662854355201599068538813496\series_003_2_CR\A2504223477 DXA\CR DXA\CR000005.dcm,CR000005.dcm,75746
1.2.643.5.1.13.13.12.2.77.8252.09040806151211060704090912150608,1.2.643.5.1.13.13.12.2.77.8252.09020304121009030507130509070701,1.2.643.5.1.13.13.12.2.77.8252.01080812060112021110060103101107,2.25.29638026465755240167985424461715024381/series_004_3_CR/A2504115579 DXA/CR DXA/CR000000.dcm,C:\Users\Андрей\Desktop\Хакатон\Исследования\2.25.29638026465755240167985424461715024381\series_004_3_CR\A2504115579 DXA\CR DXA\CR000000.dcm,CR000000.dcm,75808
1.2.643.5.1.13.13.12.2.77.8252.12021011000615031102060001101203,1.2.643.5.1.13.13.12.2.77.8252.09020304121009030507130509070701,1.2.643.5.1.13.13.12.2.77.8252.01080812060112021110060103101107,2.25.29638026465755240167985424461715024381/series_004_3_CR/A2504115579 DXA/CR DXA/CR000001.dcm,C:\Users\Андрей\Desktop\Хакатон\Исследования\2.25.29638026465755240167985424461715024381\series_004_3_CR\A2504115579 DXA\CR DXA\CR000001.dcm,CR000001.dcm,96108
1.2.643.5.1.13.13.12.2.77.8252.11100504100006050214040402081303,1.2.643.5.1.13.13.12.2.77.8252.09020304121009030507130509070701,1.2.643.5.1.13.13.12.2.77.8252.01080812060112021110060103101107,2.25.29638026465755240167985424461715024381/series_004_3_CR/A2504115579 DXA/CR DXA/CR000002.dcm,C:\Users\Андрей\Desktop\Хакатон\Исследования\2.25.29638026465755240167985424461715024381\series_004_3_CR\A2504115579 DXA\CR DXA\CR000002.dcm,CR000002.dcm,75638
1.2.643.5.1.13.13.12.2.77.8252.12090901030412121214030908040015,1.2.643.5.1.13.13.12.2.77.8252.09020304121009030507130509070701,1.2.643.5.1.13.13.12.2.77.8252.01080812060112021110060103101107,2.25.29638026465755240167985424461715024381/series_004_3_CR/A2504115579 DXA/CR DXA/CR000003.dcm,C:\Users\Андрей\Desktop\Хакатон\Исследования\2.25.29638026465755240167985424461715024381\series_004_3_CR\A2504115579 DXA\CR DXA\CR000003.dcm,CR000003.dcm,75808
1.2.643.5.1.13.13.12.2.77.8252.05140704131104071313121101000313,1.2.643.5.1.13.13.12.2.77.8252.13070707001109051012021502000705,1.2.643.5.1.13.13.12.2.77.8252.12051206141406090404101206130507,2.25.306921081709806079165809721263236241032/series_002_2_CR/A2504381177 DXA/CR DXA/CR000000.dcm,C:\Users\Андрей\Desktop\Хакатон\Исследования\2.25.306921081709806079165809721263236241032\series_002_2_CR\A2504381177 DXA\CR DXA\CR000000.dcm,CR000000.dcm,95428
1.2.643.5.1.13.13.12.2.77.8252.10011315050807060809100706050011,1.2.643.5.1.13.13.12.2.77.8252.04040806101100130101150009051415,1.2.643.5.1.13.13.12.2.77.8252.15071204140404081015140705041306,2.25.307021710202910067378603383388989711646/series_004_2_CR/A2504110565 DXA/CR DXA/CR000000.dcm,C:\Users\Андрей\Desktop\Хакатон\Исследования\2.25.307021710202910067378603383388989711646\series_004_2_CR\A2504110565 DXA\CR DXA\CR000000.dcm,CR000000.dcm,97036
1.2.643.5.1.13.13.12.2.77.8252.12090115120005000603040515131409,1.2.643.5.1.13.13.12.2.77.8252.04040806101100130101150009051415,1.2.643.5.1.13.13.12.2.77.8252.15071204140404081015140705041306,2.25.307021710202910067378603383388989711646/series_004_2_CR/A2504110565 DXA/CR DXA/CR000001.dcm,C:\Users\Андрей\Desktop\Хакатон\Исследования\2.25.307021710202910067378603383388989711646\series_004_2_CR\A2504110565 DXA\CR DXA\CR000001.dcm,CR000001.dcm,75836
1.2.643.5.1.13.13.12.2.77.8252.04030803131507080109070101120910,1.2.643.5.1.13.13.12.2.77.8252.04040806101100130101150009051415,1.2.643.5.1.13.13.12.2.77.8252.15071204140404081015140705041306,2.25.307021710202910067378603383388989711646/series_004_2_CR/A2504110565 DXA/CR DXA/CR000002.dcm,C:\Users\Андрей\Desktop\Хакатон\Исследования\2.25.307021710202910067378603383388989711646\series_004_2_CR\A2504110565 DXA\CR DXA\CR000002.dcm,CR000002.dcm,75656
1.2.643.5.1.13.13.12.2.77.8252.08080707141115140509110700030200,1.2.643.5.1.13.13.12.2.77.8252.04040806101100130101150009051415,1.2.643.5.1.13.13.12.2.77.8252.15071204140404081015140705041306,2.25.307021710202910067378603383388989711646/series_004_2_CR/A2504110565 DXA/CR DXA/CR000003.dcm,C:\Users\Андрей\Desktop\Хакатон\Исследования\2.25.307021710202910067378603383388989711646\series_004_2_CR\A2504110565 DXA\CR DXA\CR000003.dcm,CR000003.dcm,75792
1.2.643.5.1.13.13.12.2.77.8252.09020610121102091006070609000414,1.2.643.5.1.13.13.12.2.77.8252.04040806101100130101150009051415,1.2.643.5.1.13.13.12.2.77.8252.15071204140404081015140705041306,2.25.307021710202910067378603383388989711646/series_004_2_CR/A2504110565 DXA/CR DXA/CR000004.dcm,C:\Users\Андрей\Desktop\Хакатон\Исследования\2.25.307021710202910067378603383388989711646\series_004_2_CR\A2504110565 DXA\CR DXA\CR000004.dcm,CR000004.dcm,75792
1.2.643.5.1.13.13.12.2.77.8252.09141210051000000105030213061514,1.2.643.5.1.13.13.12.2.77.8252.04040806101100130101150009051415,1.2.643.5.1.13.13.12.2.77.8252.15071204140404081015140705041306,2.25.307021710202910067378603383388989711646/series_004_2_CR/A2504110565 DXA/CR DXA/CR000005.dcm,C:\Users\Андрей\Desktop\Хакатон\Исследования\2.25.307021710202910067378603383388989711646\series_004_2_CR\A2504110565 DXA\CR DXA\CR000005.dcm,CR000005.dcm,75836
1.2.643.5.1.13.13.12.2.77.8252.10030011090613091008080403130712,1.2.643.5.1.13.13.12.2.77.8252.04040806101100130101150009051415,1.2.643.5.1.13.13.12.2.77.8252.15071204140404081015140705041306,2.25.307021710202910067378603383388989711646/series_004_2_CR/A2504110565 DXA/CR DXA/CR000006.dcm,C:\Users\Андрей\Desktop\Хакатон\Исследования\2.25.307021710202910067378603383388989711646\series_004_2_CR\A2504110565 DXA\CR DXA\CR000006.dcm,CR000006.dcm,75836
1.2.643.5.1.13.13.12.2.77.8252.10091201060313121514040903111108,1.2.643.5.1.13.13.12.2.77.8252.04040806101100130101150009051415,1.2.643.5.1.13.13.12.2.77.8252.15071204140404081015140705041306,2.25.307021710202910067378603383388989711646/series_004_2_CR/A2504110565 DXA/CR DXA/CR000007.dcm,C:\Users\Андрей\Desktop\Хакатон\Исследования\2.25.307021710202910067378603383388989711646\series_004_2_CR\A2504110565 DXA\CR DXA\CR000007.dcm,CR000007.dcm,75656
1.2.643.5.1.13.13.12.2.77.8252.08061203141300041506070501101310,1.2.643.5.1.13.13.12.2.77.8252.04040806101100130101150009051415,1.2.643.5.1.13.13.12.2.77.8252.15071204140404081015140705041306,2.25.307021710202910067378603383388989711646/series_004_2_CR/A2504110565 DXA/CR DXA/CR000008.dcm,C:\Users\Андрей\Desktop\Хакатон\Исследования\2.25.307021710202910067378603383388989711646\series_004_2_CR\A2504110565 DXA\CR DXA\CR000008.dcm,CR000008.dcm,75656
1.2.643.5.1.13.13.12.2.77.8252.01080203060404010906011511140504,1.2.643.5.1.13.13.12.2.77.8252.04040806101100130101150009051415,1.2.643.5.1.13.13.12.2.77.8252.15071204140404081015140705041306,2.25.307021710202910067378603383388989711646/series_004_2_CR/A2504110565 DXA/CR DXA/CR000009.dcm,C:\Users\Андрей\Desktop\Хакатон\Исследования\2.25.307021710202910067378603383388989711646\series_004_2_CR\A2504110565 DXA\CR DXA\CR000009.dcm,CR000009.dcm,75836
1.2.643.5.1.13.13.12.2.77.8252.02020610071014010106090300080911,1.2.643.5.1.13.13.12.2.77.8252.04040806101100130101150009051415,1.2.643.5.1.13.13.12.2.77.8252.15071204140404081015140705041306,2.25.307021710202910067378603383388989711646/series_004_2_CR/A2504110565 DXA/CR DXA/CR000010.dcm,C:\Users\Андрей\Desktop\Хакатон\Исследования\2.25.307021710202910067378603383388989711646\series_004_2_CR\A2504110565 DXA\CR DXA\CR000010.dcm,CR000010.dcm,97036
1.2.643.5.1.13.13.12.2.77.8252.00041503151008120109091101041101,1.2.643.5.1.13.13.12.2.77.8252.04040806101100130101150009051415,1.2.643.5.1.13.13.12.2.77.8252.15071204140404081015140705041306,2.25.307021710202910067378603383388989711646/series_004_2_CR/A2504110565 DXA/CR DXA/CR000011.dcm,C:\Users\Андрей\Desktop\Хакатон\Исследования\2.25.307021710202910067378603383388989711646\series_004_2_CR\A2504110565 DXA\CR DXA\CR000011.dcm,CR000011.dcm,97036
1.2.643.5.1.13.13.12.2.77.8252.03121103130007121510030803050514,1.2.643.5.1.13.13.12.2.77.8252.06051105050701010502031403141206,1.2.643.5.1.13.13.12.2.77.8252.14120701130808111501020800140103,2.25.309085571913348252136520206003694446566/series_002_2_CR/A2504116267 DXA/CR DXA/CR000000.dcm,C:\Users\Андрей\Desktop\Хакатон\Исследования\2.25.309085571913348252136520206003694446566\series_002_2_CR\A2504116267 DXA\CR DXA\CR000000.dcm,CR000000.dcm,87046
1.2.643.5.1.13.13.12.2.77.8252.07070904150315000704031208001011,1.2.643.5.1.13.13.12.2.77.8252.06051105050701010502031403141206,1.2.643.5.1.13.13.12.2.77.8252.14120701130808111501020800140103,2.25.309085571913348252136520206003694446566/series_002_2_CR/A2504116267 DXA/CR DXA/CR000001.dcm,C:\Users\Андрей\Desktop\Хакатон\Исследования\2.25.309085571913348252136520206003694446566\series_002_2_CR\A2504116267 DXA\CR DXA\CR000001.dcm,CR000001.dcm,82466
1.2.643.5.1.13.13.12.2.77.8252.09030700121011131209150303151015,1.2.643.5.1.13.13.12.2.77.8252.06051105050701010502031403141206,1.2.643.5.1.13.13.12.2.77.8252.14120701130808111501020800140103,2.25.309085571913348252136520206003694446566/series_002_2_CR/A2504116267 DXA/CR DXA/CR000002.dcm,C:\Users\Андрей\Desktop\Хакатон\Исследования\2.25.309085571913348252136520206003694446566\series_002_2_CR\A2504116267 DXA\CR DXA\CR000002.dcm,CR000002.dcm,82466
1.2.643.5.1.13.13.12.2.77.8252.02000306061002040514101500000812,1.2.643.5.1.13.13.12.2.77.8252.10110305110802141404051200020210,1.2.643.5.1.13.13.12.2.77.8252.07011008140115080712051515030109,2.25.314147167453134440746270747484612743945/series_002_2_CR/A2504224780 DXA/CR DXA/CR000000.dcm,C:\Users\Андрей\Desktop\Хакатон\Исследования\2.25.314147167453134440746270747484612743945\series_002_2_CR\A2504224780 DXA\CR DXA\CR000000.dcm,CR000000.dcm,67888
1.2.643.5.1.13.13.12.2.77.8252.01130904120915050401031210031001,1.2.643.5.1.13.13.12.2.77.8252.10110305110802141404051200020210,1.2.643.5.1.13.13.12.2.77.8252.07011008140115080712051515030109,2.25.314147167453134440746270747484612743945/series_002_2_CR/A2504224780 DXA/CR DXA/CR000001.dcm,C:\Users\Андрей\Desktop\Хакатон\Исследования\2.25.314147167453134440746270747484612743945\series_002_2_CR\A2504224780 DXA\CR DXA\CR000001.dcm,CR000001.dcm,67888
1.2.643.5.1.13.13.12.2.77.8252.02120204101515130306021007150210,1.2.643.5.1.13.13.12.2.77.8252.10110305110802141404051200020210,1.2.643.5.1.13.13.12.2.77.8252.07011008140115080712051515030109,2.25.314147167453134440746270747484612743945/series_002_2_CR/A2504224780 DXA/CR DXA/CR000002.dcm,C:\Users\Андрей\Desktop\Хакатон\Исследования\2.25.314147167453134440746270747484612743945\series_002_2_CR\A2504224780 DXA\CR DXA\CR000002.dcm,CR000002.dcm,96028
1.2.643.5.1.13.13.12.2.77.8252.06061007030610120805010913100711,1.2.643.5.1.13.13.12.2.77.8252.10000214070110110712041100051105,1.2.643.5.1.13.13.12.2.77.8252.03011300140915050213001401111214,2.25.322202456901330781765399791024580391565/series_002_2_CR/A2504350020 DXA/CR DXA/CR000000.dcm,C:\Users\Андрей\Desktop\Хакатон\Исследования\2.25.322202456901330781765399791024580391565\series_002_2_CR\A2504350020 DXA\CR DXA\CR000000.dcm,CR000000.dcm,88874
1.2.643.5.1.13.13.12.2.77.8252.13110108131113110013070512051310,1.2.643.5.1.13.13.12.2.77.8252.09061205050201001102041514000912,1.2.643.5.1.13.13.12.2.77.8252.08020505090007041013141208140011,2.25.338439598607961312040815816824093323492/series_002_2_CR/A2504147124 DXA/CR DXA/CR000000.dcm,C:\Users\Андрей\Desktop\Хакатон\Исследования\2.25.338439598607961312040815816824093323492\series_002_2_CR\A2504147124 DXA\CR DXA\CR000000.dcm,CR000000.dcm,96628
1.2.643.5.1.13.13.12.2.77.8252.05111003151314100612100700031506,1.2.643.5.1.13.13.12.2.77.8252.00021509100701140314011205150113,1.2.643.5.1.13.13.12.2.77.8252.15061002151310031205140602100908,2.25.339027809107632348165171236474821772940/series_001_2_CR/A2504349642 DXA/CR DXA/CR000000.dcm,C:\Users\Андрей\Desktop\Хакатон\Исследования\2.25.339027809107632348165171236474821772940\series_001_2_CR\A2504349642 DXA\CR DXA\CR000000.dcm,CR000000.dcm,90568
1.2.643.5.1.13.13.12.2.77.8252.04091012040015061107090014081504,1.2.643.5.1.13.13.12.2.77.8252.00021509100701140314011205150113,1.2.643.5.1.13.13.12.2.77.8252.15061002151310031205140602100908,2.25.339027809107632348165171236474821772940/series_001_2_CR/A2504349642 DXA/CR DXA/CR000001.dcm,C:\Users\Андрей\Desktop\Хакатон\Исследования\2.25.339027809107632348165171236474821772940\series_001_2_CR\A2504349642 DXA\CR DXA\CR000001.dcm,CR000001.dcm,88228
1.2.643.5.1.13.13.12.2.77.8252.11010912010413080807030107050600,1.2.643.5.1.13.13.12.2.77.8252.00021509100701140314011205150113,1.2.643.5.1.13.13.12.2.77.8252.15061002151310031205140602100908,2.25.339027809107632348165171236474821772940/series_001_2_CR/A2504349642 DXA/CR DXA/CR000002.dcm,C:\Users\Андрей\Desktop\Хакатон\Исследования\2.25.339027809107632348165171236474821772940\series_001_2_CR\A2504349642 DXA\CR DXA\CR000002.dcm,CR000002.dcm,90288
1.2.643.5.1.13.13.12.2.77.8252.02060903061507111201080601150903,1.2.643.5.1.13.13.12.2.77.8252.00021509100701140314011205150113,1.2.643.5.1.13.13.12.2.77.8252.15061002151310031205140602100908,2.25.339027809107632348165171236474821772940/series_001_2_CR/A2504349642 DXA/CR DXA/CR000003.dcm,C:\Users\Андрей\Desktop\Хакатон\Исследования\2.25.339027809107632348165171236474821772940\series_001_2_CR\A2504349642 DXA\CR DXA\CR000003.dcm,CR000003.dcm,90368
1.2.643.5.1.13.13.12.2.77.8252.09100506150509030310111310041309,1.2.643.5.1.13.13.12.2.77.8252.00021509100701140314011205150113,1.2.643.5.1.13.13.12.2.77.8252.15061002151310031205140602100908,2.25.339027809107632348165171236474821772940/series_001_2_CR/A2504349642 DXA/CR DXA/CR000004.dcm,C:\Users\Андрей\Desktop\Хакатон\Исследования\2.25.339027809107632348165171236474821772940\series_001_2_CR\A2504349642 DXA\CR DXA\CR000004.dcm,CR000004.dcm,88308
1.2.643.5.1.13.13.12.2.77.8252.02080414020805070003121215081311,1.2.643.5.1.13.13.12.2.77.8252.00021509100701140314011205150113,1.2.643.5.1.13.13.12.2.77.8252.15061002151310031205140602100908,2.25.339027809107632348165171236474821772940/series_001_2_CR/A2504349642 DXA/CR DXA/CR000005.dcm,C:\Users\Андрей\Desktop\Хакатон\Исследования\2.25.339027809107632348165171236474821772940\series_001_2_CR\A2504349642 DXA\CR DXA\CR000005.dcm,CR000005.dcm,90648
1.2.643.5.1.13.13.12.2.77.8252.14120712151005010200040708001308,1.2.643.5.1.13.13.12.2.77.8252.02100613110404001511060101141303,1.2.643.5.1.13.13.12.2.77.8252.09151511100403000109030912060414,2.25.340839477910528898406207279980417945/series_001_2_CR/A2504224555 DXA Exam/CR DXA Images/CR000000.dcm,C:\Users\Андрей\Desktop\Хакатон\Исследования\2.25.340839477910528898406207279980417945\series_001_2_CR\A2504224555 DXA Exam\CR DXA Images\CR000000.dcm,CR000000.dcm,98538
1.2.643.5.1.13.13.12.2.77.8252.05030701101012140702110704000714,1.2.643.5.1.13.13.12.2.77.8252.02100613110404001511060101141303,1.2.643.5.1.13.13.12.2.77.8252.09151511100403000109030912060414,2.25.340839477910528898406207279980417945/series_001_2_CR/A2504224555 DXA Exam/CR DXA Images/CR000001.dcm,C:\Users\Андрей\Desktop\Хакатон\Исследования\2.25.340839477910528898406207279980417945\series_001_2_CR\A2504224555 DXA Exam\CR DXA Images\CR000001.dcm,CR000001.dcm,98538
1.2.643.5.1.13.13.12.2.77.8252.12111312010203070900101115051015,1.2.643.5.1.13.13.12.2.77.8252.02100613110404001511060101141303,1.2.643.5.1.13.13.12.2.77.8252.09151511100403000109030912060414,2.25.340839477910528898406207279980417945/series_001_2_CR/A2504224555 DXA Exam/CR DXA Images/CR000002.dcm,C:\Users\Андрей\Desktop\Хакатон\Исследования\2.25.340839477910528898406207279980417945\series_001_2_CR\A2504224555 DXA Exam\CR DXA Images\CR000002.dcm,CR000002.dcm,96758
1.2.643.5.1.13.13.12.2.77.8252.05001409080504151204111500000514,1.2.643.5.1.13.13.12.2.77.8252.08050709020911100006011108031308,1.2.643.5.1.13.13.12.2.77.8252.09081500150104070409071106080210,2.25.37515662379281069436632838996073181551/series_001_2_CR/A2504329840 DXA/CR DXA/CR000000.dcm,C:\Users\Андрей\Desktop\Хакатон\Исследования\2.25.37515662379281069436632838996073181551\series_001_2_CR\A2504329840 DXA\CR DXA\CR000000.dcm,CR000000.dcm,88892
1.2.643.5.1.13.13.12.2.77.8252.12090208061115110101131315120813,1.2.643.5.1.13.13.12.2.77.8252.08050709020911100006011108031308,1.2.643.5.1.13.13.12.2.77.8252.09081500150104070409071106080210,2.25.37515662379281069436632838996073181551/series_001_2_CR/A2504329840 DXA/CR DXA/CR000001.dcm,C:\Users\Андрей\Desktop\Хакатон\Исследования\2.25.37515662379281069436632838996073181551\series_001_2_CR\A2504329840 DXA\CR DXA\CR000001.dcm,CR000001.dcm,75232
1.2.643.5.1.13.13.12.2.77.8252.08110803070615141513021414111001,1.2.643.5.1.13.13.12.2.77.8252.08050709020911100006011108031308,1.2.643.5.1.13.13.12.2.77.8252.09081500150104070409071106080210,2.25.37515662379281069436632838996073181551/series_001_2_CR/A2504329840 DXA/CR DXA/CR000002.dcm,C:\Users\Андрей\Desktop\Хакатон\Исследования\2.25.37515662379281069436632838996073181551\series_001_2_CR\A2504329840 DXA\CR DXA\CR000002.dcm,CR000002.dcm,75232
1.2.643.5.1.13.13.12.2.77.8252.00030605020706130003080307080701,1.2.643.5.1.13.13.12.2.77.8252.14030514000710060800130100011214,1.2.643.5.1.13.13.12.2.77.8252.11091003050804121202060901081407,2.25.39068163399801173920284179500049527111/series_002_2_CR/A2504195842 DXA/CR DXA/CR000000.dcm,C:\Users\Андрей\Desktop\Хакатон\Исследования\2.25.39068163399801173920284179500049527111\series_002_2_CR\A2504195842 DXA\CR DXA\CR000000.dcm,CR000000.dcm,67328
1.2.643.5.1.13.13.12.2.77.8252.07150610130411050211021514011106,1.2.643.5.1.13.13.12.2.77.8252.14030514000710060800130100011214,1.2.643.5.1.13.13.12.2.77.8252.11091003050804121202060901081407,2.25.39068163399801173920284179500049527111/series_002_2_CR/A2504195842 DXA/CR DXA/CR000001.dcm,C:\Users\Андрей\Desktop\Хакатон\Исследования\2.25.39068163399801173920284179500049527111\series_002_2_CR\A2504195842 DXA\CR DXA\CR000001.dcm,CR000001.dcm,67328
1.2.643.5.1.13.13.12.2.77.8252.15141302131508150312140605060212,1.2.643.5.1.13.13.12.2.77.8252.14030514000710060800130100011214,1.2.643.5.1.13.13.12.2.77.8252.11091003050804121202060901081407,2.25.39068163399801173920284179500049527111/series_002_2_CR/A2504195842 DXA/CR DXA/CR000002.dcm,C:\Users\Андрей\Desktop\Хакатон\Исследования\2.25.39068163399801173920284179500049527111\series_002_2_CR\A2504195842 DXA\CR DXA\CR000002.dcm,CR000002.dcm,96928
1.2.643.5.1.13.13.12.2.77.8252.06080100090802110008000311010501,1.2.643.5.1.13.13.12.2.77.8252.06031007110009040706001109051004,1.2.643.5.1.13.13.12.2.77.8252.06150509041511060815120402071400,2.25.48906424954135283790354958243772558962/series_001_2_CR/A2504185596 DXA Exam/CR DXA Images/CR000000.dcm,C:\Users\Андрей\Desktop\Хакатон\Исследования\2.25.48906424954135283790354958243772558962\series_001_2_CR\A2504185596 DXA Exam\CR DXA Images\CR000000.dcm,CR000000.dcm,98538
1.2.643.5.1.13.13.12.2.77.8252.03010404051000131408111209140108,1.2.643.5.1.13.13.12.2.77.8252.06031007110009040706001109051004,1.2.643.5.1.13.13.12.2.77.8252.06150509041511060815120402071400,2.25.48906424954135283790354958243772558962/series_001_2_CR/A2504185596 DXA Exam/CR DXA Images/CR000001.dcm,C:\Users\Андрей\Desktop\Хакатон\Исследования\2.25.48906424954135283790354958243772558962\series_001_2_CR\A2504185596 DXA Exam\CR DXA Images\CR000001.dcm,CR000001.dcm,97978
1.2.643.5.1.13.13.12.2.77.8252.02031401091510001200041308031003,1.2.643.5.1.13.13.12.2.77.8252.06031007110009040706001109051004,1.2.643.5.1.13.13.12.2.77.8252.06150509041511060815120402071400,2.25.48906424954135283790354958243772558962/series_001_2_CR/A2504185596 DXA Exam/CR DXA Images/CR000002.dcm,C:\Users\Андрей\Desktop\Хакатон\Исследования\2.25.48906424954135283790354958243772558962\series_001_2_CR\A2504185596 DXA Exam\CR DXA Images\CR000002.dcm,CR000002.dcm,97058
1.2.643.5.1.13.13.12.2.77.8252.07120809010109050202061111011110,1.2.643.5.1.13.13.12.2.77.8252.12150004000513030900100606011509,1.2.643.5.1.13.13.12.2.77.8252.03041508100907031415091515100302,2.25.52532476139575422857225834315571570912/series_001_2_CR/A2504247961 DXA/CR DXA/CR000000.dcm,C:\Users\Андрей\Desktop\Хакатон\Исследования\2.25.52532476139575422857225834315571570912\series_001_2_CR\A2504247961 DXA\CR DXA\CR000000.dcm,CR000000.dcm,96074
1.2.643.5.1.13.13.12.2.77.8252.07081506021006111207090213090701,1.2.643.5.1.13.13.12.2.77.8252.14030804041506011403100115131006,1.2.643.5.1.13.13.12.2.77.8252.03091114100414000409141111150705,2.25.52982400970721161435951723390541696819/series_001_2_CR/A2504331065 DXA/CR DXA/CR000000.dcm,C:\Users\Андрей\Desktop\Хакатон\Исследования\2.25.52982400970721161435951723390541696819\series_001_2_CR\A2504331065 DXA\CR DXA\CR000000.dcm,CR000000.dcm,82376
1.2.643.5.1.13.13.12.2.77.8252.06001210040802120801060507001509,1.2.643.5.1.13.13.12.2.77.8252.14030804041506011403100115131006,1.2.643.5.1.13.13.12.2.77.8252.03091114100414000409141111150705,2.25.52982400970721161435951723390541696819/series_001_2_CR/A2504331065 DXA/CR DXA/CR000001.dcm,C:\Users\Андрей\Desktop\Хакатон\Исследования\2.25.52982400970721161435951723390541696819\series_001_2_CR\A2504331065 DXA\CR DXA\CR000001.dcm,CR000001.dcm,82376
1.2.643.5.1.13.13.12.2.77.8252.02030504060005060505040905021305,1.2.643.5.1.13.13.12.2.77.8252.14030804041506011403100115131006,1.2.643.5.1.13.13.12.2.77.8252.03091114100414000409141111150705,2.25.52982400970721161435951723390541696819/series_001_2_CR/A2504331065 DXA/CR DXA/CR000002.dcm,C:\Users\Андрей\Desktop\Хакатон\Исследования\2.25.52982400970721161435951723390541696819\series_001_2_CR\A2504331065 DXA\CR DXA\CR000002.dcm,CR000002.dcm,96692
1.2.643.5.1.13.13.12.2.77.8252.15141212090108110812010201000904,1.2.643.5.1.13.13.12.2.77.8252.14030804041506011403100115131006,1.2.643.5.1.13.13.12.2.77.8252.03091114100414000409141111150705,2.25.52982400970721161435951723390541696819/series_001_2_CR/A2504331065 DXA/CR DXA/CR000003.dcm,C:\Users\Андрей\Desktop\Хакатон\Исследования\2.25.52982400970721161435951723390541696819\series_001_2_CR\A2504331065 DXA\CR DXA\CR000003.dcm,CR000003.dcm,82376
1.2.643.5.1.13.13.12.2.77.8252.06130007090800051113070612071205,1.2.643.5.1.13.13.12.2.77.8252.14030804041506011403100115131006,1.2.643.5.1.13.13.12.2.77.8252.03091114100414000409141111150705,2.25.52982400970721161435951723390541696819/series_001_2_CR/A2504331065 DXA/CR DXA/CR000004.dcm,C:\Users\Андрей\Desktop\Хакатон\Исследования\2.25.52982400970721161435951723390541696819\series_001_2_CR\A2504331065 DXA\CR DXA\CR000004.dcm,CR000004.dcm,96692
1.2.643.5.1.13.13.12.2.77.8252.13060812000809140915061004151307,1.2.643.5.1.13.13.12.2.77.8252.14030804041506011403100115131006,1.2.643.5.1.13.13.12.2.77.8252.03091114100414000409141111150705,2.25.52982400970721161435951723390541696819/series_001_2_CR/A2504331065 DXA/CR DXA/CR000005.dcm,C:\Users\Андрей\Desktop\Хакатон\Исследования\2.25.52982400970721161435951723390541696819\series_001_2_CR\A2504331065 DXA\CR DXA\CR000005.dcm,CR000005.dcm,82466
1.2.643.5.1.13.13.12.2.77.8252.14150614130710030701101012031106,1.2.643.5.1.13.13.12.2.77.8252.14030804041506011403100115131006,1.2.643.5.1.13.13.12.2.77.8252.03091114100414000409141111150705,2.25.52982400970721161435951723390541696819/series_001_2_CR/A2504331065 DXA/CR DXA/CR000006.dcm,C:\Users\Андрей\Desktop\Хакатон\Исследования\2.25.52982400970721161435951723390541696819\series_001_2_CR\A2504331065 DXA\CR DXA\CR000006.dcm,CR000006.dcm,82512
1.2.643.5.1.13.13.12.2.77.8252.10071506040807070913151311141504,1.2.643.5.1.13.13.12.2.77.8252.14030804041506011403100115131006,1.2.643.5.1.13.13.12.2.77.8252.03091114100414000409141111150705,2.25.52982400970721161435951723390541696819/series_001_2_CR/A2504331065 DXA/CR DXA/CR000007.dcm,C:\Users\Андрей\Desktop\Хакатон\Исследования\2.25.52982400970721161435951723390541696819\series_001_2_CR\A2504331065 DXA\CR DXA\CR000007.dcm,CR000007.dcm,82512
1.2.643.5.1.13.13.12.2.77.8252.02060605151213121009151302130207,1.2.643.5.1.13.13.12.2.77.8252.15041203090015060404010507050405,1.2.643.5.1.13.13.12.2.77.8252.09130608040005130909061009090112,2.25.54396839637320114639948764487283877793/series_003_2_CR/A2504111090 DXA/CR DXA/CR000000.dcm,C:\Users\Андрей\Desktop\Хакатон\Исследования\2.25.54396839637320114639948764487283877793\series_003_2_CR\A2504111090 DXA\CR DXA\CR000000.dcm,CR000000.dcm,96672
1.2.643.5.1.13.13.12.2.77.8252.07101010011513020401030213080905,1.2.643.5.1.13.13.12.2.77.8252.13101512050003031109001004060403,1.2.643.5.1.13.13.12.2.77.8252.06071414091308091103060512110104,2.25.59542620917302828428419211045951914336/series_001_2_CR/A2504303391 DXA/CR DXA/CR000000.dcm,C:\Users\Андрей\Desktop\Хакатон\Исследования\2.25.59542620917302828428419211045951914336\series_001_2_CR\A2504303391 DXA\CR DXA\CR000000.dcm,CR000000.dcm,96092
1.2.643.5.1.13.13.12.2.77.8252.11130315030911081202140406010814,1.2.643.5.1.13.13.12.2.77.8252.09110800100012120800030006041405,1.2.643.5.1.13.13.12.2.77.8252.08100111130501010601020704090413,2.25.65954778282254353457041255543338557112/series_004_3_CR/A2504246289 DXA/CR DXA/CR000000.dcm,C:\Users\Андрей\Desktop\Хакатон\Исследования\2.25.65954778282254353457041255543338557112\series_004_3_CR\A2504246289 DXA\CR DXA\CR000000.dcm,CR000000.dcm,83026
1.2.643.5.1.13.13.12.2.77.8252.10000615050107010300151404090301,1.2.643.5.1.13.13.12.2.77.8252.09110800100012120800030006041405,1.2.643.5.1.13.13.12.2.77.8252.08100111130501010601020704090413,2.25.65954778282254353457041255543338557112/series_004_3_CR/A2504246289 DXA/CR DXA/CR000001.dcm,C:\Users\Андрей\Desktop\Хакатон\Исследования\2.25.65954778282254353457041255543338557112\series_004_3_CR\A2504246289 DXA\CR DXA\CR000001.dcm,CR000001.dcm,83026
1.2.643.5.1.13.13.12.2.77.8252.05111111030105140803060510040613,1.2.643.5.1.13.13.12.2.77.8252.09110800100012120800030006041405,1.2.643.5.1.13.13.12.2.77.8252.08100111130501010601020704090413,2.25.65954778282254353457041255543338557112/series_004_3_CR/A2504246289 DXA/CR DXA/CR000002.dcm,C:\Users\Андрей\Desktop\Хакатон\Исследования\2.25.65954778282254353457041255543338557112\series_004_3_CR\A2504246289 DXA\CR DXA\CR000002.dcm,CR000002.dcm,96990
1.2.643.5.1.13.13.12.2.77.8252.02091011000006010704070004091411,1.2.643.5.1.13.13.12.2.77.8252.00140708141309070509131215090805,1.2.643.5.1.13.13.12.2.77.8252.01040209090909150912030510060713,2.25.66397484472966116002950503539482860450/series_001_2_CR/A2504194637 DXA/CR DXA/CR000000.dcm,C:\Users\Андрей\Desktop\Хакатон\Исследования\2.25.66397484472966116002950503539482860450\series_001_2_CR\A2504194637 DXA\CR DXA\CR000000.dcm,CR000000.dcm,67238
1.2.643.5.1.13.13.12.2.77.8252.08151215001015040112061102060812,1.2.643.5.1.13.13.12.2.77.8252.00140708141309070509131215090805,1.2.643.5.1.13.13.12.2.77.8252.01040209090909150912030510060713,2.25.66397484472966116002950503539482860450/series_001_2_CR/A2504194637 DXA/CR DXA/CR000001.dcm,C:\Users\Андрей\Desktop\Хакатон\Исследования\2.25.66397484472966116002950503539482860450\series_001_2_CR\A2504194637 DXA\CR DXA\CR000001.dcm,CR000001.dcm,67590
1.2.643.5.1.13.13.12.2.77.8252.03111115071204110106020413091215,1.2.643.5.1.13.13.12.2.77.8252.00140708141309070509131215090805,1.2.643.5.1.13.13.12.2.77.8252.01040209090909150912030510060713,2.25.66397484472966116002950503539482860450/series_001_2_CR/A2504194637 DXA/CR DXA/CR000002.dcm,C:\Users\Андрей\Desktop\Хакатон\Исследования\2.25.66397484472966116002950503539482860450\series_001_2_CR\A2504194637 DXA\CR DXA\CR000002.dcm,CR000002.dcm,67372
1.2.643.5.1.13.13.12.2.77.8252.08021214010408050013070405100802,1.2.643.5.1.13.13.12.2.77.8252.00140708141309070509131215090805,1.2.643.5.1.13.13.12.2.77.8252.01040209090909150912030510060713,2.25.66397484472966116002950503539482860450/series_001_2_CR/A2504194637 DXA/CR DXA/CR000003.dcm,C:\Users\Андрей\Desktop\Хакатон\Исследования\2.25.66397484472966116002950503539482860450\series_001_2_CR\A2504194637 DXA\CR DXA\CR000003.dcm,CR000003.dcm,90660
1.2.643.5.1.13.13.12.2.77.8252.01011407000709010910090115010000,1.2.643.5.1.13.13.12.2.77.8252.00140708141309070509131215090805,1.2.643.5.1.13.13.12.2.77.8252.01040209090909150912030510060713,2.25.66397484472966116002950503539482860450/series_001_2_CR/A2504194637 DXA/CR DXA/CR000004.dcm,C:\Users\Андрей\Desktop\Хакатон\Исследования\2.25.66397484472966116002950503539482860450\series_001_2_CR\A2504194637 DXA\CR DXA\CR000004.dcm,CR000004.dcm,97020
1.2.643.5.1.13.13.12.2.77.8252.15121501030904011113060500050403,1.2.643.5.1.13.13.12.2.77.8252.00140708141309070509131215090805,1.2.643.5.1.13.13.12.2.77.8252.01040209090909150912030510060713,2.25.66397484472966116002950503539482860450/series_001_2_CR/A2504194637 DXA/CR DXA/CR000005.dcm,C:\Users\Андрей\Desktop\Хакатон\Исследования\2.25.66397484472966116002950503539482860450\series_001_2_CR\A2504194637 DXA\CR DXA\CR000005.dcm,CR000005.dcm,67420
1.2.643.5.1.13.13.12.2.77.8252.10040310131315131311011115051512,1.2.643.5.1.13.13.12.2.77.8252.00140708141309070509131215090805,1.2.643.5.1.13.13.12.2.77.8252.01040209090909150912030510060713,2.25.66397484472966116002950503539482860450/series_001_2_CR/A2504194637 DXA/CR DXA/CR000006.dcm,C:\Users\Андрей\Desktop\Хакатон\Исследования\2.25.66397484472966116002950503539482860450\series_001_2_CR\A2504194637 DXA\CR DXA\CR000006.dcm,CR000006.dcm,90614
1.2.643.5.1.13.13.12.2.77.8252.13130501101110040009090201091209,1.2.643.5.1.13.13.12.2.77.8252.00140708141309070509131215090805,1.2.643.5.1.13.13.12.2.77.8252.01040209090909150912030510060713,2.25.66397484472966116002950503539482860450/series_001_2_CR/A2504194637 DXA/CR DXA/CR000007.dcm,C:\Users\Андрей\Desktop\Хакатон\Исследования\2.25.66397484472966116002950503539482860450\series_001_2_CR\A2504194637 DXA\CR DXA\CR000007.dcm,CR000007.dcm,90830
1.2.643.5.1.13.13.12.2.77.8252.15080405040711111211130015010914,1.2.643.5.1.13.13.12.2.77.8252.00140708141309070509131215090805,1.2.643.5.1.13.13.12.2.77.8252.01040209090909150912030510060713,2.25.66397484472966116002950503539482860450/series_001_2_CR/A2504194637 DXA/CR DXA/CR000008.dcm,C:\Users\Андрей\Desktop\Хакатон\Исследования\2.25.66397484472966116002950503539482860450\series_001_2_CR\A2504194637 DXA\CR DXA\CR000008.dcm,CR000008.dcm,97190
1.2.643.5.1.13.13.12.2.77.8252.00121200081108110912041503010000,1.2.643.5.1.13.13.12.2.77.8252.00140708141309070509131215090805,1.2.643.5.1.13.13.12.2.77.8252.01040209090909150912030510060713,2.25.66397484472966116002950503539482860450/series_001_2_CR/A2504194637 DXA/CR DXA/CR000009.dcm,C:\Users\Андрей\Desktop\Хакатон\Исследования\2.25.66397484472966116002950503539482860450\series_001_2_CR\A2504194637 DXA\CR DXA\CR000009.dcm,CR000009.dcm,97020
1.2.643.5.1.13.13.12.2.77.8252.10080308141508151114100414150301,1.2.643.5.1.13.13.12.2.77.8252.00140708141309070509131215090805,1.2.643.5.1.13.13.12.2.77.8252.01040209090909150912030510060713,2.25.66397484472966116002950503539482860450/series_001_2_CR/A2504194637 DXA/CR DXA/CR000010.dcm,C:\Users\Андрей\Desktop\Хакатон\Исследования\2.25.66397484472966116002950503539482860450\series_001_2_CR\A2504194637 DXA\CR DXA\CR000010.dcm,CR000010.dcm,90478
1.2.643.5.1.13.13.12.2.77.8252.00031305050707070014000611130907,1.2.643.5.1.13.13.12.2.77.8252.04140410030403000101120807100701,1.2.643.5.1.13.13.12.2.77.8252.15150500050407071102141505020212,2.25.73070100851377917031356937075051545239/series_002_2_CR/A2504239110 DXA/CR DXA/CR000000.dcm,C:\Users\Андрей\Desktop\Хакатон\Исследования\2.25.73070100851377917031356937075051545239\series_002_2_CR\A2504239110 DXA\CR DXA\CR000000.dcm,CR000000.dcm,66894
1.2.643.5.1.13.13.12.2.77.8252.09110310111109140609041514031010,1.2.643.5.1.13.13.12.2.77.8252.04140410030403000101120807100701,1.2.643.5.1.13.13.12.2.77.8252.15150500050407071102141505020212,2.25.73070100851377917031356937075051545239/series_002_2_CR/A2504239110 DXA/CR DXA/CR000001.dcm,C:\Users\Андрей\Desktop\Хакатон\Исследования\2.25.73070100851377917031356937075051545239\series_002_2_CR\A2504239110 DXA\CR DXA\CR000001.dcm,CR000001.dcm,66894
1.2.643.5.1.13.13.12.2.77.8252.03041015000108071402071509131313,1.2.643.5.1.13.13.12.2.77.8252.04140410030403000101120807100701,1.2.643.5.1.13.13.12.2.77.8252.15150500050407071102141505020212,2.25.73070100851377917031356937075051545239/series_002_2_CR/A2504239110 DXA/CR DXA/CR000002.dcm,C:\Users\Андрей\Desktop\Хакатон\Исследования\2.25.73070100851377917031356937075051545239\series_002_2_CR\A2504239110 DXA\CR DXA\CR000002.dcm,CR000002.dcm,87754
1.2.643.5.1.13.13.12.2.77.8252.07150604010711031305090702140107,1.2.643.5.1.13.13.12.2.77.8252.04140410030403000101120807100701,1.2.643.5.1.13.13.12.2.77.8252.15150500050407071102141505020212,2.25.73070100851377917031356937075051545239/series_002_2_CR/A2504239110 DXA/CR DXA/CR000003.dcm,C:\Users\Андрей\Desktop\Хакатон\Исследования\2.25.73070100851377917031356937075051545239\series_002_2_CR\A2504239110 DXA\CR DXA\CR000003.dcm,CR000003.dcm,87674
1.2.643.5.1.13.13.12.2.77.8252.13090506040311041500070413151313,1.2.643.5.1.13.13.12.2.77.8252.04140410030403000101120807100701,1.2.643.5.1.13.13.12.2.77.8252.15150500050407071102141505020212,2.25.73070100851377917031356937075051545239/series_002_2_CR/A2504239110 DXA/CR DXA/CR000004.dcm,C:\Users\Андрей\Desktop\Хакатон\Исследования\2.25.73070100851377917031356937075051545239\series_002_2_CR\A2504239110 DXA\CR DXA\CR000004.dcm,CR000004.dcm,66768
1.2.643.5.1.13.13.12.2.77.8252.12110509121413070408000802041201,1.2.643.5.1.13.13.12.2.77.8252.04140410030403000101120807100701,1.2.643.5.1.13.13.12.2.77.8252.15150500050407071102141505020212,2.25.73070100851377917031356937075051545239/series_002_2_CR/A2504239110 DXA/CR DXA/CR000005.dcm,C:\Users\Андрей\Desktop\Хакатон\Исследования\2.25.73070100851377917031356937075051545239\series_002_2_CR\A2504239110 DXA\CR DXA\CR000005.dcm,CR000005.dcm,66768
1.2.643.5.1.13.13.12.2.77.8252.14130302090906050506100315000611,1.2.643.5.1.13.13.12.2.77.8252.02001413040700010813000013120308,1.2.643.5.1.13.13.12.2.77.8252.02100401020501070101020415010113,2.25.76710355977373089612172037086913478687/series_002_3_CR/A2504104830 DXA/CR DXA/CR000000.dcm,C:\Users\Андрей\Desktop\Хакатон\Исследования\2.25.76710355977373089612172037086913478687\series_002_3_CR\A2504104830 DXA\CR DXA\CR000000.dcm,CR000000.dcm,75916
1.2.643.5.1.13.13.12.2.77.8252.06151311061015011100110511080701,1.2.643.5.1.13.13.12.2.77.8252.02001413040700010813000013120308,1.2.643.5.1.13.13.12.2.77.8252.02100401020501070101020415010113,2.25.76710355977373089612172037086913478687/series_002_3_CR/A2504104830 DXA/CR DXA/CR000001.dcm,C:\Users\Андрей\Desktop\Хакатон\Исследования\2.25.76710355977373089612172037086913478687\series_002_3_CR\A2504104830 DXA\CR DXA\CR000001.dcm,CR000001.dcm,97116
1.2.643.5.1.13.13.12.2.77.8252.02050808061207030811150709091509,1.2.643.5.1.13.13.12.2.77.8252.02001413040700010813000013120308,1.2.643.5.1.13.13.12.2.77.8252.02100401020501070101020415010113,2.25.76710355977373089612172037086913478687/series_002_3_CR/A2504104830 DXA/CR DXA/CR000002.dcm,C:\Users\Андрей\Desktop\Хакатон\Исследования\2.25.76710355977373089612172037086913478687\series_002_3_CR\A2504104830 DXA\CR DXA\CR000002.dcm,CR000002.dcm,83476
1.2.643.5.1.13.13.12.2.77.8252.05120913001500151408091003040415,1.2.643.5.1.13.13.12.2.77.8252.11011102050904000102020212011404,1.2.643.5.1.13.13.12.2.77.8252.09101403080614110910141101020904,2.25.78999454687125053757525542837745968726/series_004_3_CR/A2504222617 DXA/CR DXA/CR000000.dcm,C:\Users\Андрей\Desktop\Хакатон\Исследования\2.25.78999454687125053757525542837745968726\series_004_3_CR\A2504222617 DXA\CR DXA\CR000000.dcm,CR000000.dcm,75918
1.2.643.5.1.13.13.12.2.77.8252.07150713040501120002001009141410,1.2.643.5.1.13.13.12.2.77.8252.11011102050904000102020212011404,1.2.643.5.1.13.13.12.2.77.8252.09101403080614110910141101020904,2.25.78999454687125053757525542837745968726/series_004_3_CR/A2504222617 DXA/CR DXA/CR000001.dcm,C:\Users\Андрей\Desktop\Хакатон\Исследования\2.25.78999454687125053757525542837745968726\series_004_3_CR\A2504222617 DXA\CR DXA\CR000001.dcm,CR000001.dcm,75918
1.2.643.5.1.13.13.12.2.77.8252.11011500050713141305050211140308,1.2.643.5.1.13.13.12.2.77.8252.11011102050904000102020212011404,1.2.643.5.1.13.13.12.2.77.8252.09101403080614110910141101020904,2.25.78999454687125053757525542837745968726/series_004_3_CR/A2504222617 DXA/CR DXA/CR000002.dcm,C:\Users\Андрей\Desktop\Хакатон\Исследования\2.25.78999454687125053757525542837745968726\series_004_3_CR\A2504222617 DXA\CR DXA\CR000002.dcm,CR000002.dcm,97118
1.2.643.5.1.13.13.12.2.77.8252.15121403061107000609060400100413,1.2.643.5.1.13.13.12.2.77.8252.07120201111314111500000602130205,1.2.643.5.1.13.13.12.2.77.8252.00100612020405021008090413031313,2.25.82912555346523716720160717883917565880/series_002_2_CR/A2504149480 DXA/CR DXA/CR000000.dcm,C:\Users\Андрей\Desktop\Хакатон\Исследования\2.25.82912555346523716720160717883917565880\series_002_2_CR\A2504149480 DXA\CR DXA\CR000000.dcm,CR000000.dcm,75168
1.2.643.5.1.13.13.12.2.77.8252.14111212050609060202121515040103,1.2.643.5.1.13.13.12.2.77.8252.07120201111314111500000602130205,1.2.643.5.1.13.13.12.2.77.8252.00100612020405021008090413031313,2.25.82912555346523716720160717883917565880/series_002_2_CR/A2504149480 DXA/CR DXA/CR000001.dcm,C:\Users\Андрей\Desktop\Хакатон\Исследования\2.25.82912555346523716720160717883917565880\series_002_2_CR\A2504149480 DXA\CR DXA\CR000001.dcm,CR000001.dcm,88954
1.2.643.5.1.13.13.12.2.77.8252.07130510130614040904060413131200,1.2.643.5.1.13.13.12.2.77.8252.07120201111314111500000602130205,1.2.643.5.1.13.13.12.2.77.8252.00100612020405021008090413031313,2.25.82912555346523716720160717883917565880/series_002_2_CR/A2504149480 DXA/CR DXA/CR000002.dcm,C:\Users\Андрей\Desktop\Хакатон\Исследования\2.25.82912555346523716720160717883917565880\series_002_2_CR\A2504149480 DXA\CR DXA\CR000002.dcm,CR000002.dcm,75728
1.2.643.5.1.13.13.12.2.77.8252.06060810060308150905140912050013,1.2.643.5.1.13.13.12.2.77.8252.07120201111314111500000602130205,1.2.643.5.1.13.13.12.2.77.8252.00100612020405021008090413031313,2.25.82912555346523716720160717883917565880/series_002_2_CR/A2504149480 DXA/CR DXA/CR000003.dcm,C:\Users\Андрей\Desktop\Хакатон\Исследования\2.25.82912555346523716720160717883917565880\series_002_2_CR\A2504149480 DXA\CR DXA\CR000003.dcm,CR000003.dcm,75294
1.2.643.5.1.13.13.12.2.77.8252.13130903011502030304101506090814,1.2.643.5.1.13.13.12.2.77.8252.07120201111314111500000602130205,1.2.643.5.1.13.13.12.2.77.8252.00100612020405021008090413031313,2.25.82912555346523716720160717883917565880/series_002_2_CR/A2504149480 DXA/CR DXA/CR000004.dcm,C:\Users\Андрей\Desktop\Хакатон\Исследования\2.25.82912555346523716720160717883917565880\series_002_2_CR\A2504149480 DXA\CR DXA\CR000004.dcm,CR000004.dcm,75854
1.2.643.5.1.13.13.12.2.77.8252.15001111061311011106030303001309,1.2.643.5.1.13.13.12.2.77.8252.07120201111314111500000602130205,1.2.643.5.1.13.13.12.2.77.8252.00100612020405021008090413031313,2.25.82912555346523716720160717883917565880/series_002_2_CR/A2504149480 DXA/CR DXA/CR000005.dcm,C:\Users\Андрей\Desktop\Хакатон\Исследования\2.25.82912555346523716720160717883917565880\series_002_2_CR\A2504149480 DXA\CR DXA\CR000005.dcm,CR000005.dcm,88874
1.2.643.5.1.13.13.12.2.77.8252.10041006131411151513070104110809,1.2.643.5.1.13.13.12.2.77.8252.07060506150205030514061006111408,1.2.643.5.1.13.13.12.2.77.8252.06100105150806011106150506020006,2.25.87718478011637131470224319788530286374/series_002_2_CR/A2504337993 DXA/CR DXA/CR000000.dcm,C:\Users\Андрей\Desktop\Хакатон\Исследования\2.25.87718478011637131470224319788530286374\series_002_2_CR\A2504337993 DXA\CR DXA\CR000000.dcm,CR000000.dcm,88274
1.2.643.5.1.13.13.12.2.77.8252.06111209081313111015020309051508,1.2.643.5.1.13.13.12.2.77.8252.09131504151204000006060612091203,1.2.643.5.1.13.13.12.2.77.8252.13030104140510150400010900100609,2.25.87869906212286587478854831452123526595/series_002_2_CR/A250419699 DXA/CR DXA/CR000000.dcm,C:\Users\Андрей\Desktop\Хакатон\Исследования\2.25.87869906212286587478854831452123526595\series_002_2_CR\A250419699 DXA\CR DXA\CR000000.dcm,CR000000.dcm,83288
1.2.643.5.1.13.13.12.2.77.8252.04050904100201141507070306131511,1.2.643.5.1.13.13.12.2.77.8252.09131504151204000006060612091203,1.2.643.5.1.13.13.12.2.77.8252.13030104140510150400010900100609,2.25.87869906212286587478854831452123526595/series_002_2_CR/A250419699 DXA/CR DXA/CR000001.dcm,C:\Users\Андрей\Desktop\Хакатон\Исследования\2.25.87869906212286587478854831452123526595\series_002_2_CR\A250419699 DXA\CR DXA\CR000001.dcm,CR000001.dcm,96628
1.2.643.5.1.13.13.12.2.77.8252.15101115041306031303150405131115,1.2.643.5.1.13.13.12.2.77.8252.09131504151204000006060612091203,1.2.643.5.1.13.13.12.2.77.8252.13030104140510150400010900100609,2.25.87869906212286587478854831452123526595/series_002_2_CR/A250419699 DXA/CR DXA/CR000002.dcm,C:\Users\Андрей\Desktop\Хакатон\Исследования\2.25.87869906212286587478854831452123526595\series_002_2_CR\A250419699 DXA\CR DXA\CR000002.dcm,CR000002.dcm,83008
1.2.643.5.1.13.13.12.2.77.8252.08061201060114131102110802141411,1.2.643.5.1.13.13.12.2.77.8252.07090507040208000106080811060202,1.2.643.5.1.13.13.12.2.77.8252.14060202051507031210120406080205,2.25.91981043841368764114007975581101713077/series_003_2_CR/A250496619 DXA/CR DXA/CR000000.dcm,C:\Users\Андрей\Desktop\Хакатон\Исследования\2.25.91981043841368764114007975581101713077\series_003_2_CR\A250496619 DXA\CR DXA\CR000000.dcm,CR000000.dcm,83352
1.2.643.5.1.13.13.12.2.77.8252.04141409090807040100020211061514,1.2.643.5.1.13.13.12.2.77.8252.07090507040208000106080811060202,1.2.643.5.1.13.13.12.2.77.8252.14060202051507031210120406080205,2.25.91981043841368764114007975581101713077/series_003_2_CR/A250496619 DXA/CR DXA/CR000001.dcm,C:\Users\Андрей\Desktop\Хакатон\Исследования\2.25.91981043841368764114007975581101713077\series_003_2_CR\A250496619 DXA\CR DXA\CR000001.dcm,CR000001.dcm,83216
1.2.643.5.1.13.13.12.2.77.8252.04000607141411061507120106050309,1.2.643.5.1.13.13.12.2.77.8252.07090507040208000106080811060202,1.2.643.5.1.13.13.12.2.77.8252.14060202051507031210120406080205,2.25.91981043841368764114007975581101713077/series_003_2_CR/A250496619 DXA/CR DXA/CR000002.dcm,C:\Users\Андрей\Desktop\Хакатон\Исследования\2.25.91981043841368764114007975581101713077\series_003_2_CR\A250496619 DXA\CR DXA\CR000002.dcm,CR000002.dcm,83776
1.2.643.5.1.13.13.12.2.77.8252.03130309141409040708100214070815,1.2.643.5.1.13.13.12.2.77.8252.07090507040208000106080811060202,1.2.643.5.1.13.13.12.2.77.8252.14060202051507031210120406080205,2.25.91981043841368764114007975581101713077/series_003_2_CR/A250496619 DXA/CR DXA/CR000003.dcm,C:\Users\Андрей\Desktop\Хакатон\Исследования\2.25.91981043841368764114007975581101713077\series_003_2_CR\A250496619 DXA\CR DXA\CR000003.dcm,CR000003.dcm,83352
1.2.643.5.1.13.13.12.2.77.8252.07021003040810040809000711080701,1.2.643.5.1.13.13.12.2.77.8252.07090507040208000106080811060202,1.2.643.5.1.13.13.12.2.77.8252.14060202051507031210120406080205,2.25.91981043841368764114007975581101713077/series_003_2_CR/A250496619 DXA/CR DXA/CR000004.dcm,C:\Users\Андрей\Desktop\Хакатон\Исследования\2.25.91981043841368764114007975581101713077\series_003_2_CR\A250496619 DXA\CR DXA\CR000004.dcm,CR000004.dcm,96992
1.2.643.5.1.13.13.12.2.77.8252.04111101091200130111070203120509,1.2.643.5.1.13.13.12.2.77.8252.07090507040208000106080811060202,1.2.643.5.1.13.13.12.2.77.8252.14060202051507031210120406080205,2.25.91981043841368764114007975581101713077/series_003_2_CR/A250496619 DXA/CR DXA/CR000005.dcm,C:\Users\Андрей\Desktop\Хакатон\Исследования\2.25.91981043841368764114007975581101713077\series_003_2_CR\A250496619 DXA\CR DXA\CR000005.dcm,CR000005.dcm,83912
1.2.643.5.1.13.13.12.2.77.8252.04141300131506141004121211120710,1.2.643.5.1.13.13.12.2.77.8252.07090507040208000106080811060202,1.2.643.5.1.13.13.12.2.77.8252.14060202051507031210120406080205,2.25.91981043841368764114007975581101713077/series_003_2_CR/A250496619 DXA/CR DXA/CR000006.dcm,C:\Users\Андрей\Desktop\Хакатон\Исследования\2.25.91981043841368764114007975581101713077\series_003_2_CR\A250496619 DXA\CR DXA\CR000006.dcm,CR000006.dcm,83776
1.2.643.5.1.13.13.12.2.77.8252.09031306140406050914091115001515,1.2.643.5.1.13.13.12.2.77.8252.07090507040208000106080811060202,1.2.643.5.1.13.13.12.2.77.8252.14060202051507031210120406080205,2.25.91981043841368764114007975581101713077/series_003_2_CR/A250496619 DXA/CR DXA/CR000007.dcm,C:\Users\Андрей\Desktop\Хакатон\Исследования\2.25.91981043841368764114007975581101713077\series_003_2_CR\A250496619 DXA\CR DXA\CR000007.dcm,CR000007.dcm,83912
1.2.643.5.1.13.13.12.2.77.8252.03070910041410130909021014090904,1.2.643.5.1.13.13.12.2.77.8252.07090507040208000106080811060202,1.2.643.5.1.13.13.12.2.77.8252.14060202051507031210120406080205,2.25.91981043841368764114007975581101713077/series_003_2_CR/A250496619 DXA/CR DXA/CR000008.dcm,C:\Users\Андрей\Desktop\Хакатон\Исследования\2.25.91981043841368764114007975581101713077\series_003_2_CR\A250496619 DXA\CR DXA\CR000008.dcm,CR000008.dcm,83352
1.2.643.5.1.13.13.12.2.77.8252.01031400050508070812091015000904,1.2.643.5.1.13.13.12.2.77.8252.07090507040208000106080811060202,1.2.643.5.1.13.13.12.2.77.8252.14060202051507031210120406080205,2.25.91981043841368764114007975581101713077/series_003_2_CR/A250496619 DXA/CR DXA/CR000009.dcm,C:\Users\Андрей\Desktop\Хакатон\Исследования\2.25.91981043841368764114007975581101713077\series_003_2_CR\A250496619 DXA\CR DXA\CR000009.dcm,CR000009.dcm,96992
1.2.643.5.1.13.13.12.2.77.8252.07120905081404061009060805020905,1.2.643.5.1.13.13.12.2.77.8252.07090507040208000106080811060202,1.2.643.5.1.13.13.12.2.77.8252.14060202051507031210120406080205,2.25.91981043841368764114007975581101713077/series_003_2_CR/A250496619 DXA/CR DXA/CR000010.dcm,C:\Users\Андрей\Desktop\Хакатон\Исследования\2.25.91981043841368764114007975581101713077\series_003_2_CR\A250496619 DXA\CR DXA\CR000010.dcm,CR000010.dcm,96992
1.2.643.5.1.13.13.12.2.77.8252.07130502151014041012130400130108,1.2.643.5.1.13.13.12.2.77.8252.07090507040208000106080811060202,1.2.643.5.1.13.13.12.2.77.8252.14060202051507031210120406080205,2.25.91981043841368764114007975581101713077/series_003_2_CR/A250496619 DXA/CR DXA/CR000011.dcm,C:\Users\Андрей\Desktop\Хакатон\Исследования\2.25.91981043841368764114007975581101713077\series_003_2_CR\A250496619 DXA\CR DXA\CR000011.dcm,CR000011.dcm,83912
