source,annotation_dicom_path,annotation_relative_path,sop_uid,canonical_relative_path,dicom_private_label,dicom_private_notes,dicom_private_annotator,dicom_private_datetime,dicom_match_status
Размеченные,C:\Users\Андрей\Desktop\Хакатон\Размеченные\1.2.840.113619.2.110.512719.20250403090444\series_004_3_CR\DXA\CR DXA\2.25.169242707068684757906797344800977707240\series_003_2_CR\A2507185832 DXA\CR DXA\CR000000.dcm,1.2.840.113619.2.110.512719.20250403090444/series_004_3_CR/DXA/CR DXA/2.25.169242707068684757906797344800977707240/series_003_2_CR/A2507185832 DXA/CR DXA/CR000000.dcm,1.2.643.5.1.13.13.12.2.77.8252.03020907090204060013031106111312,2.25.169242707068684757906797344800977707240/series_003_2_CR/A2507185832 DXA/CR DXA/CR000000.dcm,SPINE,,Maksim,20260916161019.634015,uid_match
Размеченные,C:\Users\Андрей\Desktop\Хакатон\Размеченные\1.2.840.113619.2.110.512719.20250403090444\series_004_3_CR\DXA\CR DXA\2.25.172445998420765569384934552191547932566\series_004_2_CR\A2507368766 DXA\CR DXA\CR000000.dcm,1.2.840.113619.2.110.512719.20250403090444/series_004_3_CR/DXA/CR DXA/2.25.172445998420765569384934552191547932566/series_004_2_CR/A2507368766 DXA/CR DXA/CR000000.dcm,1.2.643.5.1.13.13.12.2.77.8252.08131412000401011215150704040610,2.25.172445998420765569384934552191547932566/series_004_2_CR/A2507368766 DXA/CR DXA/CR000000.dcm,SPINE,,Maksim,20260916161023.467669,uid_match
Размеченные,C:\Users\Андрей\Desktop\Хакатон\Размеченные\1.2.840.113619.2.110.512719.20250403090444\series_004_3_CR\DXA\CR DXA\2.25.172445998420765569384934552191547932566\series_004_2_CR\A2507368766 DXA\CR DXA\CR000001.dcm,1.2.840.113619.2.110.512719.20250403090444/series_004_3_CR/DXA/CR DXA/2.25.172445998420765569384934552191547932566/series_004_2_CR/A2507368766 DXA/CR DXA/CR000001.dcm,1.2.643.5.1.13.13.12.2.77.8252.05030907080814020708000711150507,2.25.172445998420765569384934552191547932566/series_004_2_CR/A2507368766 DXA/CR DXA/CR000001.dcm,LEG,,Maksim,20260916161026.049371,uid_match
Размеченные,C:\Users\Андрей\Desktop\Хакатон\Размеченные\1.2.840.113619.2.110.512719.20250403090444\series_004_3_CR\DXA\CR DXA\2.25.172445998420765569384934552191547932566\series_004_2_CR\A2507368766 DXA\CR DXA\CR000002.dcm,1.2.840.113619.2.110.512719.20250403090444/series_004_3_CR/DXA/CR DXA/2.25.172445998420765569384934552191547932566/series_004_2_CR/A2507368766 DXA/CR DXA/CR000002.dcm,1.2.643.5.1.13.13.12.2.77.8252.15151313120000020410110702050700,2.25.172445998420765569384934552191547932566/series_004_2_CR/A2507368766 DXA/CR DXA/CR000002.dcm,LEG,,Maksim,20260916161028.068202,uid_match
Размеченные,C:\Users\Андрей\Desktop\Хакатон\Размеченные\1.2.840.113619.2.110.512719.20250403090444\series_004_3_CR\DXA\CR DXA\2.25.173731186748227489808861376513577450951\series_002_2_CR\A2507188958 DXA\CR DXA\CR000000.dcm,1.2.840.113619.2.110.512719.20250403090444/series_004_3_CR/DXA/CR DXA/2.25.173731186748227489808861376513577450951/series_002_2_CR/A2507188958 DXA/CR DXA/CR000000.dcm,1.2.643.5.1.13.13.12.2.77.8252.01091510011014070612050311031410,2.25.173731186748227489808861376513577450951/series_002_2_CR/A2507188958 DXA/CR DXA/CR000000.dcm,SPINE,,Maksim,20260916161030.492271,uid_match
Размеченные,C:\Users\Андрей\Desktop\Хакатон\Размеченные\1.2.840.113619.2.110.512719.20250403090444\series_004_3_CR\DXA\CR DXA\2.25.173731186748227489808861376513577450951\series_002_2_CR\A2507188958 DXA\CR DXA\CR000001.dcm,1.2.840.113619.2.110.512719.20250403090444/series_004_3_CR/DXA/CR DXA/2.25.173731186748227489808861376513577450951/series_002_2_CR/A2507188958 DXA/CR DXA/CR000001.dcm,1.2.643.5.1.13.13.12.2.77.8252.04070212140009090002060410031413,2.25.173731186748227489808861376513577450951/series_002_2_CR/A2507188958 DXA/CR DXA/CR000001.dcm,LEG,,Maksim,20260916161032.470656,uid_match
Размеченные,C:\Users\Андрей\Desktop\Хакатон\Размеченные\1.2.840.113619.2.110.512719.20250403090444\series_004_3_CR\DXA\CR DXA\2.25.173753313169335820519632380691065649420\series_003_2_CR\A2504265499 DXA\CR DXA\CR000000.dcm,1.2.840.113619.2.110.512719.20250403090444/series_004_3_CR/DXA/CR DXA/2.25.173753313169335820519632380691065649420/series_003_2_CR/A2504265499 DXA/CR DXA/CR000000.dcm,1.2.643.5.1.13.13.12.2.77.8252.10100404000008120405081411021306,2.25.173753313169335820519632380691065649420/series_003_2_CR/A2504265499 DXA/CR DXA/CR000000.dcm,LEG,,Maksim,20260916161035.113968,uid_match
Размеченные,C:\Users\Андрей\Desktop\Хакатон\Размеченные\1.2.840.113619.2.110.512719.20250403090444\series_004_3_CR\DXA\CR DXA\2.25.173753313169335820519632380691065649420\series_003_2_CR\A2504265499 DXA\CR DXA\CR000001.dcm,1.2.840.113619.2.110.512719.20250403090444/series_004_3_CR/DXA/CR DXA/2.25.173753313169335820519632380691065649420/series_003_2_CR/A2504265499 DXA/CR DXA/CR000001.dcm,1.2.643.5.1.13.13.12.2.77.8252.04131502110204030305140811061103,2.25.173753313169335820519632380691065649420/series_003_2_CR/A2504265499 DXA/CR DXA/CR000001.dcm,LEG,,Maksim,20260916161037.059762,uid_match
Размеченные,C:\Users\Андрей\Desktop\Хакатон\Размеченные\1.2.840.113619.2.110.512719.20250403090444\series_004_3_CR\DXA\CR DXA\2.25.173753313169335820519632380691065649420\series_003_2_CR\A2504265499 DXA\CR DXA\CR000002.dcm,1.2.840.113619.2.110.512719.20250403090444/series_004_3_CR/DXA/CR DXA/2.25.173753313169335820519632380691065649420/series_003_2_CR/A2504265499 DXA/CR DXA/CR000002.dcm,1.2.643.5.1.13.13.12.2.77.8252.13001014110608151112110112061114,2.25.173753313169335820519632380691065649420/series_003_2_CR/A2504265499 DXA/CR DXA/CR000002.dcm,SPINE,,Maksim,20260916161039.084372,uid_match
Размеченные,C:\Users\Андрей\Desktop\Хакатон\Размеченные\1.2.840.113619.2.110.512719.20250403090444\series_004_3_CR\DXA\CR DXA\2.25.173753313169335820519632380691065649420\series_003_2_CR\A2504265499 DXA\CR DXA\CR000003.dcm,1.2.840.113619.2.110.512719.20250403090444/series_004_3_CR/DXA/CR DXA/2.25.173753313169335820519632380691065649420/series_003_2_CR/A2504265499 DXA/CR DXA/CR000003.dcm,1.2.643.5.1.13.13.12.2.77.8252.04111300031205120703050100121209,2.25.173753313169335820519632380691065649420/series_003_2_CR/A2504265499 DXA/CR DXA/CR000003.dcm,LEG,,Maksim,20260916161041.071416,uid_match
Размеченные,C:\Users\Андрей\Desktop\Хакатон\Размеченные\1.2.840.113619.2.110.512719.20250403090444\series_004_3_CR\DXA\CR DXA\2.25.173753313169335820519632380691065649420\series_003_2_CR\A2504265499 DXA\CR DXA\CR000004.dcm,1.2.840.113619.2.110.512719.20250403090444/series_004_3_CR/DXA/CR DXA/2.25.173753313169335820519632380691065649420/series_003_2_CR/A2504265499 DXA/CR DXA/CR000004.dcm,1.2.643.5.1.13.13.12.2.77.8252.14060111140409011305070812141414,2.25.173753313169335820519632380691065649420/series_003_2_CR/A2504265499 DXA/CR DXA/CR000004.dcm,LEG,,Maksim,20260916161043.320268,uid_match
Размеченные,C:\Users\Андрей\Desktop\Хакатон\Размеченные\1.2.840.113619.2.110.512719.20250403090444\series_004_3_CR\DXA\CR DXA\2.25.173753313169335820519632380691065649420\series_003_2_CR\A2504265499 DXA\CR DXA\CR000005.dcm,1.2.840.113619.2.110.512719.20250403090444/series_004_3_CR/DXA/CR DXA/2.25.173753313169335820519632380691065649420/series_003_2_CR/A2504265499 DXA/CR DXA/CR000005.dcm,1.2.643.5.1.13.13.12.2.77.8252.15000310101315070007100105150401,2.25.173753313169335820519632380691065649420/series_003_2_CR/A2504265499 DXA/CR DXA/CR000005.dcm,SPINE,,Maksim,20260916161046.968022,uid_match
Размеченные,C:\Users\Андрей\Desktop\Хакатон\Размеченные\1.2.840.113619.2.110.512719.20250403090444\series_004_3_CR\DXA\CR DXA\2.25.173753313169335820519632380691065649420\series_003_2_CR\A2504265499 DXA\CR DXA\CR000006.dcm,1.2.840.113619.2.110.512719.20250403090444/series_004_3_CR/DXA/CR DXA/2.25.173753313169335820519632380691065649420/series_003_2_CR/A2504265499 DXA/CR DXA/CR000006.dcm,1.2.643.5.1.13.13.12.2.77.8252.05130004120107120511100914090711,2.25.173753313169335820519632380691065649420/series_003_2_CR/A2504265499 DXA/CR DXA/CR000006.dcm,LEG,,Maksim,20260916161119.112699,uid_match
Размеченные,C:\Users\Андрей\Desktop\Хакатон\Размеченные\1.2.840.113619.2.110.512719.20250403090444\series_004_3_CR\DXA\CR DXA\2.25.173753313169335820519632380691065649420\series_003_2_CR\A2504265499 DXA\CR DXA\CR000007.dcm,1.2.840.113619.2.110.512719.20250403090444/series_004_3_CR/DXA/CR DXA/2.25.173753313169335820519632380691065649420/series_003_2_CR/A2504265499 DXA/CR DXA/CR000007.dcm,1.2.643.5.1.13.13.12.2.77.8252.14100508051012080011140911030615,2.25.173753313169335820519632380691065649420/series_003_2_CR/A2504265499 DXA/CR DXA/CR000007.dcm,LEG,,Maksim,20260916161122.940305,uid_match
Размеченные,C:\Users\Андрей\Desktop\Хакатон\Размеченные\1.2.840.113619.2.110.512719.20250403090444\series_004_3_CR\DXA\CR DXA\2.25.173753313169335820519632380691065649420\series_003_2_CR\A2504265499 DXA\CR DXA\CR000008.dcm,1.2.840.113619.2.110.512719.20250403090444/series_004_3_CR/DXA/CR DXA/2.25.173753313169335820519632380691065649420/series_003_2_CR/A2504265499 DXA/CR DXA/CR000008.dcm,1.2.643.5.1.13.13.12.2.77.8252.04041008080502040914000415071204,2.25.173753313169335820519632380691065649420/series_003_2_CR/A2504265499 DXA/CR DXA/CR000008.dcm,SPINE,,Maksim,20260916161124.834056,uid_match
Размеченные,C:\Users\Андрей\Desktop\Хакатон\Размеченные\1.2.840.113619.2.110.512719.20250403090444\series_004_3_CR\DXA\CR DXA\2.25.173753313169335820519632380691065649420\series_003_2_CR\A2504265499 DXA\CR DXA\CR000009.dcm,1.2.840.113619.2.110.512719.20250403090444/series_004_3_CR/DXA/CR DXA/2.25.173753313169335820519632380691065649420/series_003_2_CR/A2504265499 DXA/CR DXA/CR000009.dcm,1.2.643.5.1.13.13.12.2.77.8252.03020200150014080308080615120500,2.25.173753313169335820519632380691065649420/series_003_2_CR/A2504265499 DXA/CR DXA/CR000009.dcm,LEG,,Maksim,20260916161128.524855,uid_match
Размеченные,C:\Users\Андрей\Desktop\Хакатон\Размеченные\1.2.840.113619.2.110.512719.20250403090444\series_004_3_CR\DXA\CR DXA\2.25.173753313169335820519632380691065649420\series_003_2_CR\A2504265499 DXA\CR DXA\CR000010.dcm,1.2.840.113619.2.110.512719.20250403090444/series_004_3_CR/DXA/CR DXA/2.25.173753313169335820519632380691065649420/series_003_2_CR/A2504265499 DXA/CR DXA/CR000010.dcm,1.2.643.5.1.13.13.12.2.77.8252.13141514150708151311080810050711,2.25.173753313169335820519632380691065649420/series_003_2_CR/A2504265499 DXA/CR DXA/CR000010.dcm,LEG,,,20260916161130.358513,uid_match
Размеченные,C:\Users\Андрей\Desktop\Хакатон\Размеченные\1.2.840.113619.2.110.512719.20250403090444\series_004_3_CR\DXA\CR DXA\2.25.175881661753775295785039265792986971602\series_003_2_CR\A2507266462 DXA\CR DXA\CR000000.dcm,1.2.840.113619.2.110.512719.20250403090444/series_004_3_CR/DXA/CR DXA/2.25.175881661753775295785039265792986971602/series_003_2_CR/A2507266462 DXA/CR DXA/CR000000.dcm,1.2.643.5.1.13.13.12.2.77.8252.06070803110509120507010310141201,2.25.175881661753775295785039265792986971602/series_003_2_CR/A2507266462 DXA/CR DXA/CR000000.dcm,LEG,,,20260916161131.913628,uid_match
Размеченные,C:\Users\Андрей\Desktop\Хакатон\Размеченные\1.2.840.113619.2.110.512719.20250403090444\series_004_3_CR\DXA\CR DXA\2.25.175881661753775295785039265792986971602\series_003_2_CR\A2507266462 DXA\CR DXA\CR000001.dcm,1.2.840.113619.2.110.512719.20250403090444/series_004_3_CR/DXA/CR DXA/2.25.175881661753775295785039265792986971602/series_003_2_CR/A2507266462 DXA/CR DXA/CR000001.dcm,1.2.643.5.1.13.13.12.2.77.8252.14060403060314010506081209070311,2.25.175881661753775295785039265792986971602/series_003_2_CR/A2507266462 DXA/CR DXA/CR000001.dcm,SPINE,,,20260916161133.320157,uid_match
Размеченные,C:\Users\Андрей\Desktop\Хакатон\Размеченные\1.2.840.113619.2.110.512719.20250403090444\series_004_3_CR\DXA\CR DXA\2.25.175881661753775295785039265792986971602\series_003_2_CR\A2507266462 DXA\CR DXA\CR000002.dcm,1.2.840.113619.2.110.512719.20250403090444/series_004_3_CR/DXA/CR DXA/2.25.175881661753775295785039265792986971602/series_003_2_CR/A2507266462 DXA/CR DXA/CR000002.dcm,1.2.643.5.1.13.13.12.2.77.8252.10000603030913050503020611051415,2.25.175881661753775295785039265792986971602/series_003_2_CR/A2507266462 DXA/CR DXA/CR000002.dcm,LEG,,,20260916161134.981716,uid_match
Размеченные,C:\Users\Андрей\Desktop\Хакатон\Размеченные\1.2.840.113619.2.110.512719.20250403090444\series_004_3_CR\DXA\CR DXA\2.25.175881661753775295785039265792986971602\series_003_2_CR\A2507266462 DXA\CR DXA\CR000003.dcm,1.2.840.113619.2.110.512719.20250403090444/series_004_3_CR/DXA/CR DXA/2.25.175881661753775295785039265792986971602/series_003_2_CR/A2507266462 DXA/CR DXA/CR000003.dcm,1.2.643.5.1.13.13.12.2.77.8252.06110514030914051115040913030103,2.25.175881661753775295785039265792986971602/series_003_2_CR/A2507266462 DXA/CR DXA/CR000003.dcm,LEG,,,20260916161138.604224,uid_match
Размеченные,C:\Users\Андрей\Desktop\Хакатон\Размеченные\1.2.840.113619.2.110.512719.20250403090444\series_004_3_CR\DXA\CR DXA\2.25.175903805423871105435148927871625232853\series_001_2_CR\A2507159447 DXA\CR DXA\CR000000.dcm,1.2.840.113619.2.110.512719.20250403090444/series_004_3_CR/DXA/CR DXA/2.25.175903805423871105435148927871625232853/series_001_2_CR/A2507159447 DXA/CR DXA/CR000000.dcm,1.2.643.5.1.13.13.12.2.77.8252.12071204070300150506091512141413,2.25.175903805423871105435148927871625232853/series_001_2_CR/A2507159447 DXA/CR DXA/CR000000.dcm,SPINE,,,20260916161140.337003,uid_match
Размеченные,C:\Users\Андрей\Desktop\Хакатон\Размеченные\1.2.840.113619.2.110.512719.20250403090444\series_004_3_CR\DXA\CR DXA\2.25.175903805423871105435148927871625232853\series_001_2_CR\A2507159447 DXA\CR DXA\CR000001.dcm,1.2.840.113619.2.110.512719.20250403090444/series_004_3_CR/DXA/CR DXA/2.25.175903805423871105435148927871625232853/series_001_2_CR/A2507159447 DXA/CR DXA/CR000001.dcm,1.2.643.5.1.13.13.12.2.77.8252.13151105000600070510031109011109,2.25.175903805423871105435148927871625232853/series_001_2_CR/A2507159447 DXA/CR DXA/CR000001.dcm,LEG,,,20260916161141.994039,uid_match
Размеченные,C:\Users\Андрей\Desktop\Хакатон\Размеченные\1.2.840.113619.2.110.512719.20250403090444\series_004_3_CR\DXA\CR DXA\2.25.175903805423871105435148927871625232853\series_001_2_CR\A2507159447 DXA\CR DXA\CR000002.dcm,1.2.840.113619.2.110.512719.20250403090444/series_004_3_CR/DXA/CR DXA/2.25.175903805423871105435148927871625232853/series_001_2_CR/A2507159447 DXA/CR DXA/CR000002.dcm,1.2.643.5.1.13.13.12.2.77.8252.15100208060002090813060606131404,2.25.175903805423871105435148927871625232853/series_001_2_CR/A2507159447 DXA/CR DXA/CR000002.dcm,LEG,,,20260916161143.581766,uid_match
Размеченные,C:\Users\Андрей\Desktop\Хакатон\Размеченные\1.2.840.113619.2.110.512719.20250403090444\series_004_3_CR\DXA\CR DXA\2.25.17706555930735581384953296958427669848\series_004_3_CR\A2504146513 DXA\CR DXA\CR000000.dcm,1.2.840.113619.2.110.512719.20250403090444/series_004_3_CR/DXA/CR DXA/2.25.17706555930735581384953296958427669848/series_004_3_CR/A2504146513 DXA/CR DXA/CR000000.dcm,1.2.643.5.1.13.13.12.2.77.8252.11051514070611150905020505061111,2.25.17706555930735581384953296958427669848/series_004_3_CR/A2504146513 DXA/CR DXA/CR000000.dcm,LEG,,,20260916161145.358277,uid_match
Размеченные,C:\Users\Андрей\Desktop\Хакатон\Размеченные\1.2.840.113619.2.110.512719.20250403090444\series_004_3_CR\DXA\CR DXA\2.25.17706555930735581384953296958427669848\series_004_3_CR\A2504146513 DXA\CR DXA\CR000001.dcm,1.2.840.113619.2.110.512719.20250403090444/series_004_3_CR/DXA/CR DXA/2.25.17706555930735581384953296958427669848/series_004_3_CR/A2504146513 DXA/CR DXA/CR000001.dcm,1.2.643.5.1.13.13.12.2.77.8252.03050114141207061001080502130215,2.25.17706555930735581384953296958427669848/series_004_3_CR/A2504146513 DXA/CR DXA/CR000001.dcm,SPINE,,,20260916161147.179539,uid_match
Размеченные,C:\Users\Андрей\Desktop\Хакатон\Размеченные\1.2.840.113619.2.110.512719.20250403090444\series_004_3_CR\DXA\CR DXA\2.25.17706555930735581384953296958427669848\series_004_3_CR\A2504146513 DXA\CR DXA\CR000002.dcm,1.2.840.113619.2.110.512719.20250403090444/series_004_3_CR/DXA/CR DXA/2.25.17706555930735581384953296958427669848/series_004_3_CR/A2504146513 DXA/CR DXA/CR000002.dcm,1.2.643.5.1.13.13.12.2.77.8252.02140511090200100603110807051014,2.25.17706555930735581384953296958427669848/series_004_3_CR/A2504146513 DXA/CR DXA/CR000002.dcm,SPINE,,,20260916161149.147978,uid_match
Размеченные,C:\Users\Андрей\Desktop\Хакатон\Размеченные\1.2.840.113619.2.110.512719.20250403090444\series_004_3_CR\DXA\CR DXA\2.25.17706555930735581384953296958427669848\series_004_3_CR\A2504146513 DXA\CR DXA\CR000003.dcm,1.2.840.113619.2.110.512719.20250403090444/series_004_3_CR/DXA/CR DXA/2.25.17706555930735581384953296958427669848/series_004_3_CR/A2504146513 DXA/CR DXA/CR000003.dcm,1.2.643.5.1.13.13.12.2.77.8252.08081313070715151208110603030015,2.25.17706555930735581384953296958427669848/series_004_3_CR/A2504146513 DXA/CR DXA/CR000003.dcm,LEG,,,20260916161150.665160,uid_match
Размеченные,C:\Users\Андрей\Desktop\Хакатон\Размеченные\1.2.840.113619.2.110.512719.20250403090444\series_004_3_CR\DXA\CR DXA\2.25.17706555930735581384953296958427669848\series_004_3_CR\A2504146513 DXA\CR DXA\CR000004.dcm,1.2.840.113619.2.110.512719.20250403090444/series_004_3_CR/DXA/CR DXA/2.25.17706555930735581384953296958427669848/series_004_3_CR/A2504146513 DXA/CR DXA/CR000004.dcm,1.2.643.5.1.13.13.12.2.77.8252.04041511061006011303010701020104,2.25.17706555930735581384953296958427669848/series_004_3_CR/A2504146513 DXA/CR DXA/CR000004.dcm,LEG,,,20260916161152.011420,uid_match
Размеченные,C:\Users\Андрей\Desktop\Хакатон\Размеченные\1.2.840.113619.2.110.512719.20250403090444\series_004_3_CR\DXA\CR DXA\2.25.17706555930735581384953296958427669848\series_004_3_CR\A2504146513 DXA\CR DXA\CR000005.dcm,1.2.840.113619.2.110.512719.20250403090444/series_004_3_CR/DXA/CR DXA/2.25.17706555930735581384953296958427669848/series_004_3_CR/A2504146513 DXA/CR DXA/CR000005.dcm,1.2.643.5.1.13.13.12.2.77.8252.14111104000112000401050109111415,2.25.17706555930735581384953296958427669848/series_004_3_CR/A2504146513 DXA/CR DXA/CR000005.dcm,LEG,,,20260916161153.469187,uid_match
Размеченные,C:\Users\Андрей\Desktop\Хакатон\Размеченные\1.2.840.113619.2.110.512719.20250403090444\series_004_3_CR\DXA\CR DXA\2.25.177745077805190810016231350557005569203\series_002_2_CR\A2504273759 DXA\CR DXA\CR000000.dcm,1.2.840.113619.2.110.512719.20250403090444/series_004_3_CR/DXA/CR DXA/2.25.177745077805190810016231350557005569203/series_002_2_CR/A2504273759 DXA/CR DXA/CR000000.dcm,1.2.643.5.1.13.13.12.2.77.8252.04150214121314031409051312111410,2.25.177745077805190810016231350557005569203/series_002_2_CR/A2504273759 DXA/CR DXA/CR000000.dcm,LEG,,,20260916161155.222517,uid_match
Размеченные,C:\Users\Андрей\Desktop\Хакатон\Размеченные\1.2.840.113619.2.110.512719.20250403090444\series_004_3_CR\DXA\CR DXA\2.25.177745077805190810016231350557005569203\series_002_2_CR\A2504273759 DXA\CR DXA\CR000001.dcm,1.2.840.113619.2.110.512719.20250403090444/series_004_3_CR/DXA/CR DXA/2.25.177745077805190810016231350557005569203/series_002_2_CR/A2504273759 DXA/CR DXA/CR000001.dcm,1.2.643.5.1.13.13.12.2.77.8252.03031110041309110901030612131412,2.25.177745077805190810016231350557005569203/series_002_2_CR/A2504273759 DXA/CR DXA/CR000001.dcm,SPINE,,,20260916161157.113608,uid_match
Размеченные,C:\Users\Андрей\Desktop\Хакатон\Размеченные\1.2.840.113619.2.110.512719.20250403090444\series_004_3_CR\DXA\CR DXA\2.25.177745077805190810016231350557005569203\series_002_2_CR\A2504273759 DXA\CR DXA\CR000002.dcm,1.2.840.113619.2.110.512719.20250403090444/series_004_3_CR/DXA/CR DXA/2.25.177745077805190810016231350557005569203/series_002_2_CR/A2504273759 DXA/CR DXA/CR000002.dcm,1.2.643.5.1.13.13.12.2.77.8252.10151201011509101414030411060512,2.25.177745077805190810016231350557005569203/series_002_2_CR/A2504273759 DXA/CR DXA/CR000002.dcm,SPINE,,,20260916161159.160706,uid_match
Размеченные,C:\Users\Андрей\Desktop\Хакатон\Размеченные\1.2.840.113619.2.110.512719.20250403090444\series_004_3_CR\DXA\CR DXA\2.25.177745077805190810016231350557005569203\series_002_2_CR\A2504273759 DXA\CR DXA\CR000003.dcm,1.2.840.113619.2.110.512719.20250403090444/series_004_3_CR/DXA/CR DXA/2.25.177745077805190810016231350557005569203/series_002_2_CR/A2504273759 DXA/CR DXA/CR000003.dcm,1.2.643.5.1.13.13.12.2.77.8252.00141000101506010405040508081209,2.25.177745077805190810016231350557005569203/series_002_2_CR/A2504273759 DXA/CR DXA/CR000003.dcm,LEG,,,20260916161201.069584,uid_match
Размеченные,C:\Users\Андрей\Desktop\Хакатон\Размеченные\1.2.840.113619.2.110.512719.20250403090444\series_004_3_CR\DXA\CR DXA\2.25.177745077805190810016231350557005569203\series_002_2_CR\A2504273759 DXA\CR DXA\CR000004.dcm,1.2.840.113619.2.110.512719.20250403090444/series_004_3_CR/DXA/CR DXA/2.25.177745077805190810016231350557005569203/series_002_2_CR/A2504273759 DXA/CR DXA/CR000004.dcm,1.2.643.5.1.13.13.12.2.77.8252.06130700140211110505051411010711,2.25.177745077805190810016231350557005569203/series_002_2_CR/A2504273759 DXA/CR DXA/CR000004.dcm,LEG,,,20260916161203.482622,uid_match
Размеченные,C:\Users\Андрей\Desktop\Хакатон\Размеченные\1.2.840.113619.2.110.512719.20250403090444\series_004_3_CR\DXA\CR DXA\2.25.177745077805190810016231350557005569203\series_002_2_CR\A2504273759 DXA\CR DXA\CR000005.dcm,1.2.840.113619.2.110.512719.20250403090444/series_004_3_CR/DXA/CR DXA/2.25.177745077805190810016231350557005569203/series_002_2_CR/A2504273759 DXA/CR DXA/CR000005.dcm,1.2.643.5.1.13.13.12.2.77.8252.01001108050505090405071008120805,2.25.177745077805190810016231350557005569203/series_002_2_CR/A2504273759 DXA/CR DXA/CR000005.dcm,LEG,,,20260916161205.654150,uid_match
Размеченные,C:\Users\Андрей\Desktop\Хакатон\Размеченные\1.2.840.113619.2.110.512719.20250403090444\series_004_3_CR\DXA\CR DXA\2.25.178533355209696795441380751187185128893\series_003_2_CR\A2507155452 DXA\CR DXA\CR000000.dcm,1.2.840.113619.2.110.512719.20250403090444/series_004_3_CR/DXA/CR DXA/2.25.178533355209696795441380751187185128893/series_003_2_CR/A2507155452 DXA/CR DXA/CR000000.dcm,1.2.643.5.1.13.13.12.2.77.8252.14110604050810020100071004090404,2.25.178533355209696795441380751187185128893/series_003_2_CR/A2507155452 DXA/CR DXA/CR000000.dcm,SPINE,,,20260916161207.149550,uid_match
Размеченные,C:\Users\Андрей\Desktop\Хакатон\Размеченные\1.2.840.113619.2.110.512719.20250403090444\series_004_3_CR\DXA\CR DXA\2.25.181196659018348153828200695057897449628\series_004_2_CR\A2507370620 DXA\CR DXA\CR000000.dcm,1.2.840.113619.2.110.512719.20250403090444/series_004_3_CR/DXA/CR DXA/2.25.181196659018348153828200695057897449628/series_004_2_CR/A2507370620 DXA/CR DXA/CR000000.dcm,1.2.643.5.1.13.13.12.2.77.8252.14150808010700150501131415040808,2.25.181196659018348153828200695057897449628/series_004_2_CR/A2507370620 DXA/CR DXA/CR000000.dcm,LEG,,,20260916161208.606101,uid_match
Размеченные,C:\Users\Андрей\Desktop\Хакатон\Размеченные\1.2.840.113619.2.110.512719.20250403090444\series_004_3_CR\DXA\CR DXA\2.25.181196659018348153828200695057897449628\series_004_2_CR\A2507370620 DXA\CR DXA\CR000001.dcm,1.2.840.113619.2.110.512719.20250403090444/series_004_3_CR/DXA/CR DXA/2.25.181196659018348153828200695057897449628/series_004_2_CR/A2507370620 DXA/CR DXA/CR000001.dcm,1.2.643.5.1.13.13.12.2.77.8252.07040306041313130904140702020908,2.25.181196659018348153828200695057897449628/series_004_2_CR/A2507370620 DXA/CR DXA/CR000001.dcm,LEG,,,20260916161209.813111,uid_match
Размеченные,C:\Users\Андрей\Desktop\Хакатон\Размеченные\1.2.840.113619.2.110.512719.20250403090444\series_004_3_CR\DXA\CR DXA\2.25.181196659018348153828200695057897449628\series_004_2_CR\A2507370620 DXA\CR DXA\CR000002.dcm,1.2.840.113619.2.110.512719.20250403090444/series_004_3_CR/DXA/CR DXA/2.25.181196659018348153828200695057897449628/series_004_2_CR/A2507370620 DXA/CR DXA/CR000002.dcm,1.2.643.5.1.13.13.12.2.77.8252.08141015091400020302110912090508,2.25.181196659018348153828200695057897449628/series_004_2_CR/A2507370620 DXA/CR DXA/CR000002.dcm,SPINE,,,20260916161211.428838,uid_match
Размеченные,C:\Users\Андрей\Desktop\Хакатон\Размеченные\1.2.840.113619.2.110.512719.20250403090444\series_004_3_CR\DXA\CR DXA\2.25.181196659018348153828200695057897449628\series_004_2_CR\A2507370620 DXA\CR DXA\CR000003.dcm,1.2.840.113619.2.110.512719.20250403090444/series_004_3_CR/DXA/CR DXA/2.25.181196659018348153828200695057897449628/series_004_2_CR/A2507370620 DXA/CR DXA/CR000003.dcm,1.2.643.5.1.13.13.12.2.77.8252.07130015011404020601141211131000,2.25.181196659018348153828200695057897449628/series_004_2_CR/A2507370620 DXA/CR DXA/CR000003.dcm,SPINE,,,20260916161212.621262,uid_match
Размеченные,C:\Users\Андрей\Desktop\Хакатон\Размеченные\1.2.840.113619.2.110.512719.20250403090444\series_004_3_CR\DXA\CR DXA\2.25.181196659018348153828200695057897449628\series_004_2_CR\A2507370620 DXA\CR DXA\CR000004.dcm,1.2.840.113619.2.110.512719.20250403090444/series_004_3_CR/DXA/CR DXA/2.25.181196659018348153828200695057897449628/series_004_2_CR/A2507370620 DXA/CR DXA/CR000004.dcm,1.2.643.5.1.13.13.12.2.77.8252.07070209131108100009081313101204,2.25.181196659018348153828200695057897449628/series_004_2_CR/A2507370620 DXA/CR DXA/CR000004.dcm,LEG,,,20260916161214.293552,uid_match
Размеченные,C:\Users\Андрей\Desktop\Хакатон\Размеченные\1.2.840.113619.2.110.512719.20250403090444\series_004_3_CR\DXA\CR DXA\2.25.181196659018348153828200695057897449628\series_004_2_CR\A2507370620 DXA\CR DXA\CR000005.dcm,1.2.840.113619.2.110.512719.20250403090444/series_004_3_CR/DXA/CR DXA/2.25.181196659018348153828200695057897449628/series_004_2_CR/A2507370620 DXA/CR DXA/CR000005.dcm,1.2.643.5.1.13.13.12.2.77.8252.03001212011504090610110601060006,2.25.181196659018348153828200695057897449628/series_004_2_CR/A2507370620 DXA/CR DXA/CR000005.dcm,LEG,,,20260916161215.901322,uid_match
Размеченные,C:\Users\Андрей\Desktop\Хакатон\Размеченные\1.2.840.113619.2.110.512719.20250403090444\series_004_3_CR\DXA\CR DXA\2.25.181196659018348153828200695057897449628\series_004_2_CR\A2507370620 DXA\CR DXA\CR000006.dcm,1.2.840.113619.2.110.512719.20250403090444/series_004_3_CR/DXA/CR DXA/2.25.181196659018348153828200695057897449628/series_004_2_CR/A2507370620 DXA/CR DXA/CR000006.dcm,1.2.643.5.1.13.13.12.2.77.8252.11080509070315011108060003120408,2.25.181196659018348153828200695057897449628/series_004_2_CR/A2507370620 DXA/CR DXA/CR000006.dcm,LEG,,,20260916161218.044680,uid_match
Размеченные,C:\Users\Андрей\Desktop\Хакатон\Размеченные\1.2.840.113619.2.110.512719.20250403090444\series_004_3_CR\DXA\CR DXA\2.25.181196659018348153828200695057897449628\series_004_2_CR\A2507370620 DXA\CR DXA\CR000007.dcm,1.2.840.113619.2.110.512719.20250403090444/series_004_3_CR/DXA/CR DXA/2.25.181196659018348153828200695057897449628/series_004_2_CR/A2507370620 DXA/CR DXA/CR000007.dcm,1.2.643.5.1.13.13.12.2.77.8252.13100414021307020008020611130410,2.25.181196659018348153828200695057897449628/series_004_2_CR/A2507370620 DXA/CR DXA/CR000007.dcm,LEG,,,20260916161219.331954,uid_match
Размеченные,C:\Users\Андрей\Desktop\Хакатон\Размеченные\1.2.840.113619.2.110.512719.20250403090444\series_004_3_CR\DXA\CR DXA\2.25.181196659018348153828200695057897449628\series_004_2_CR\A2507370620 DXA\CR DXA\CR000008.dcm,1.2.840.113619.2.110.512719.20250403090444/series_004_3_CR/DXA/CR DXA/2.25.181196659018348153828200695057897449628/series_004_2_CR/A2507370620 DXA/CR DXA/CR000008.dcm,1.2.643.5.1.13.13.12.2.77.8252.00010603011503150401111314061209,2.25.181196659018348153828200695057897449628/series_004_2_CR/A2507370620 DXA/CR DXA/CR000008.dcm,LEG,,,20260916161222.024387,uid_match
Размеченные,C:\Users\Андрей\Desktop\Хакатон\Размеченные\1.2.840.113619.2.110.512719.20250403090444\series_004_3_CR\DXA\CR DXA\2.25.181196659018348153828200695057897449628\series_004_2_CR\A2507370620 DXA\CR DXA\CR000009.dcm,1.2.840.113619.2.110.512719.20250403090444/series_004_3_CR/DXA/CR DXA/2.25.181196659018348153828200695057897449628/series_004_2_CR/A2507370620 DXA/CR DXA/CR000009.dcm,1.2.643.5.1.13.13.12.2.77.8252.08041100070615121300141413020001,2.25.181196659018348153828200695057897449628/series_004_2_CR/A2507370620 DXA/CR DXA/CR000009.dcm,LEG,,,20260916161223.338097,uid_match
Размеченные,C:\Users\Андрей\Desktop\Хакатон\Размеченные\1.2.840.113619.2.110.512719.20250403090444\series_004_3_CR\DXA\CR DXA\2.25.181196659018348153828200695057897449628\series_004_2_CR\A2507370620 DXA\CR DXA\CR000010.dcm,1.2.840.113619.2.110.512719.20250403090444/series_004_3_CR/DXA/CR DXA/2.25.181196659018348153828200695057897449628/series_004_2_CR/A2507370620 DXA/CR DXA/CR000010.dcm,1.2.643.5.1.13.13.12.2.77.8252.08060613070108000200131403151214,2.25.181196659018348153828200695057897449628/series_004_2_CR/A2507370620 DXA/CR DXA/CR000010.dcm,LEG,,,20260916161224.419274,uid_match
Размеченные,C:\Users\Андрей\Desktop\Хакатон\Размеченные\1.2.840.113619.2.110.512719.20250403090444\series_004_3_CR\DXA\CR DXA\2.25.181196659018348153828200695057897449628\series_004_2_CR\A2507370620 DXA\CR DXA\CR000011.dcm,1.2.840.113619.2.110.512719.20250403090444/series_004_3_CR/DXA/CR DXA/2.25.181196659018348153828200695057897449628/series_004_2_CR/A2507370620 DXA/CR DXA/CR000011.dcm,1.2.643.5.1.13.13.12.2.77.8252.15131206051500011310060914011411,2.25.181196659018348153828200695057897449628/series_004_2_CR/A2507370620 DXA/CR DXA/CR000011.dcm,SPINE,,,20260916161226.080788,uid_match
Размеченные,C:\Users\Андрей\Desktop\Хакатон\Размеченные\1.2.840.113619.2.110.512719.20250403090444\series_004_3_CR\DXA\CR DXA\2.25.181196659018348153828200695057897449628\series_004_2_CR\A2507370620 DXA\CR DXA\CR000012.dcm,1.2.840.113619.2.110.512719.20250403090444/series_004_3_CR/DXA/CR DXA/2.25.181196659018348153828200695057897449628/series_004_2_CR/A2507370620 DXA/CR DXA/CR000012.dcm,1.2.643.5.1.13.13.12.2.77.8252.00110402080602151505051001010810,2.25.181196659018348153828200695057897449628/series_004_2_CR/A2507370620 DXA/CR DXA/CR000012.dcm,LEG,,,20260916161227.559415,uid_match
Размеченные,C:\Users\Андрей\Desktop\Хакатон\Размеченные\1.2.840.113619.2.110.512719.20250403090444\series_004_3_CR\DXA\CR DXA\2.25.184198356665635336833172191504278054074\series_004_2_CR\A250788286 DXA\CR DXA\CR000000.dcm,1.2.840.113619.2.110.512719.20250403090444/series_004_3_CR/DXA/CR DXA/2.25.184198356665635336833172191504278054074/series_004_2_CR/A250788286 DXA/CR DXA/CR000000.dcm,1.2.643.5.1.13.13.12.2.77.8252.04151306060901060605121400081206,2.25.184198356665635336833172191504278054074/series_004_2_CR/A250788286 DXA/CR DXA/CR000000.dcm,SPINE,,,20260916161229.045500,uid_match
Размеченные,C:\Users\Андрей\Desktop\Хакатон\Размеченные\1.2.840.113619.2.110.512719.20250403090444\series_004_3_CR\DXA\CR DXA\2.25.184198356665635336833172191504278054074\series_004_2_CR\A250788286 DXA\CR DXA\CR000001.dcm,1.2.840.113619.2.110.512719.20250403090444/series_004_3_CR/DXA/CR DXA/2.25.184198356665635336833172191504278054074/series_004_2_CR/A250788286 DXA/CR DXA/CR000001.dcm,1.2.643.5.1.13.13.12.2.77.8252.11141409010404080202090702050104,2.25.184198356665635336833172191504278054074/series_004_2_CR/A250788286 DXA/CR DXA/CR000001.dcm,LEG,,,20260916161230.481059,uid_match
Размеченные,C:\Users\Андрей\Desktop\Хакатон\Размеченные\1.2.840.113619.2.110.512719.20250403090444\series_004_3_CR\DXA\CR DXA\2.25.184198356665635336833172191504278054074\series_004_2_CR\A250788286 DXA\CR DXA\CR000002.dcm,1.2.840.113619.2.110.512719.20250403090444/series_004_3_CR/DXA/CR DXA/2.25.184198356665635336833172191504278054074/series_004_2_CR/A250788286 DXA/CR DXA/CR000002.dcm,1.2.643.5.1.13.13.12.2.77.8252.02150805140008141106110606070801,2.25.184198356665635336833172191504278054074/series_004_2_CR/A250788286 DXA/CR DXA/CR000002.dcm,LEG,,,20260916161232.182090,uid_match
Размеченные,C:\Users\Андрей\Desktop\Хакатон\Размеченные\1.2.840.113619.2.110.512719.20250403090444\series_004_3_CR\DXA\CR DXA\2.25.186201010600484120326273381077449377115\series_004_2_CR\A250777475 DXA\CR DXA\CR000000.dcm,1.2.840.113619.2.110.512719.20250403090444/series_004_3_CR/DXA/CR DXA/2.25.186201010600484120326273381077449377115/series_004_2_CR/A250777475 DXA/CR DXA/CR000000.dcm,1.2.643.5.1.13.13.12.2.77.8252.01110601131107041511021510061211,2.25.186201010600484120326273381077449377115/series_004_2_CR/A250777475 DXA/CR DXA/CR000000.dcm,LEG,,,20260916161234.262738,uid_match
Размеченные,C:\Users\Андрей\Desktop\Хакатон\Размеченные\1.2.840.113619.2.110.512719.20250403090444\series_004_3_CR\DXA\CR DXA\2.25.186201010600484120326273381077449377115\series_004_2_CR\A250777475 DXA\CR DXA\CR000001.dcm,1.2.840.113619.2.110.512719.20250403090444/series_004_3_CR/DXA/CR DXA/2.25.186201010600484120326273381077449377115/series_004_2_CR/A250777475 DXA/CR DXA/CR000001.dcm,1.2.643.5.1.13.13.12.2.77.8252.09061504020803021006021501021304,2.25.186201010600484120326273381077449377115/series_004_2_CR/A250777475 DXA/CR DXA/CR000001.dcm,LEG,,,20260916161235.991861,uid_match
Размеченные,C:\Users\Андрей\Desktop\Хакатон\Размеченные\1.2.840.113619.2.110.512719.20250403090444\series_004_3_CR\DXA\CR DXA\2.25.186201010600484120326273381077449377115\series_004_2_CR\A250777475 DXA\CR DXA\CR000002.dcm,1.2.840.113619.2.110.512719.20250403090444/series_004_3_CR/DXA/CR DXA/2.25.186201010600484120326273381077449377115/series_004_2_CR/A250777475 DXA/CR DXA/CR000002.dcm,1.2.643.5.1.13.13.12.2.77.8252.00091315091215060415120908060402,2.25.186201010600484120326273381077449377115/series_004_2_CR/A250777475 DXA/CR DXA/CR000002.dcm,LEG,,,20260916161237.245616,uid_match
Размеченные,C:\Users\Андрей\Desktop\Хакатон\Размеченные\1.2.840.113619.2.110.512719.20250403090444\series_004_3_CR\DXA\CR DXA\2.25.186201010600484120326273381077449377115\series_004_2_CR\A250777475 DXA\CR DXA\CR000003.dcm,1.2.840.113619.2.110.512719.20250403090444/series_004_3_CR/DXA/CR DXA/2.25.186201010600484120326273381077449377115/series_004_2_CR/A250777475 DXA/CR DXA/CR000003.dcm,1.2.643.5.1.13.13.12.2.77.8252.01141302020713050903060503061314,2.25.186201010600484120326273381077449377115/series_004_2_CR/A250777475 DXA/CR DXA/CR000003.dcm,LEG,,,20260916161238.638799,uid_match
Размеченные,C:\Users\Андрей\Desktop\Хакатон\Размеченные\1.2.840.113619.2.110.512719.20250403090444\series_004_3_CR\DXA\CR DXA\2.25.186201010600484120326273381077449377115\series_004_2_CR\A250777475 DXA\CR DXA\CR000004.dcm,1.2.840.113619.2.110.512719.20250403090444/series_004_3_CR/DXA/CR DXA/2.25.186201010600484120326273381077449377115/series_004_2_CR/A250777475 DXA/CR DXA/CR000004.dcm,1.2.643.5.1.13.13.12.2.77.8252.13051209051006081503100907110310,2.25.186201010600484120326273381077449377115/series_004_2_CR/A250777475 DXA/CR DXA/CR000004.dcm,LEG,,,20260916161239.882134,uid_match
Размеченные,C:\Users\Андрей\Desktop\Хакатон\Размеченные\1.2.840.113619.2.110.512719.20250403090444\series_004_3_CR\DXA\CR DXA\2.25.186201010600484120326273381077449377115\series_004_2_CR\A250777475 DXA\CR DXA\CR000005.dcm,1.2.840.113619.2.110.512719.20250403090444/series_004_3_CR/DXA/CR DXA/2.25.186201010600484120326273381077449377115/series_004_2_CR/A250777475 DXA/CR DXA/CR000005.dcm,1.2.643.5.1.13.13.12.2.77.8252.07131015031512050310021202060000,2.25.186201010600484120326273381077449377115/series_004_2_CR/A250777475 DXA/CR DXA/CR000005.dcm,LEG,,,20260916161241.250781,uid_match
Размеченные,C:\Users\Андрей\Desktop\Хакатон\Размеченные\1.2.840.113619.2.110.512719.20250403090444\series_004_3_CR\DXA\CR DXA\2.25.186201010600484120326273381077449377115\series_004_2_CR\A250777475 DXA\CR DXA\CR000006.dcm,1.2.840.113619.2.110.512719.20250403090444/series_004_3_CR/DXA/CR DXA/2.25.186201010600484120326273381077449377115/series_004_2_CR/A250777475 DXA/CR DXA/CR000006.dcm,1.2.643.5.1.13.13.12.2.77.8252.01060001050009070514040213010802,2.25.186201010600484120326273381077449377115/series_004_2_CR/A250777475 DXA/CR DXA/CR000006.dcm,LEG,,,20260916161242.422620,uid_match
Размеченные,C:\Users\Андрей\Desktop\Хакатон\Размеченные\1.2.840.113619.2.110.512719.20250403090444\series_004_3_CR\DXA\CR DXA\2.25.186201010600484120326273381077449377115\series_004_2_CR\A250777475 DXA\CR DXA\CR000007.dcm,1.2.840.113619.2.110.512719.20250403090444/series_004_3_CR/DXA/CR DXA/2.25.186201010600484120326273381077449377115/series_004_2_CR/A250777475 DXA/CR DXA/CR000007.dcm,1.2.643.5.1.13.13.12.2.77.8252.07140512060315100814061103061308,2.25.186201010600484120326273381077449377115/series_004_2_CR/A250777475 DXA/CR DXA/CR000007.dcm,SPINE,,,20260916161243.846434,uid_match
Размеченные,C:\Users\Андрей\Desktop\Хакатон\Размеченные\1.2.840.113619.2.110.512719.20250403090444\series_004_3_CR\DXA\CR DXA\2.25.186201010600484120326273381077449377115\series_004_2_CR\A250777475 DXA\CR DXA\CR000008.dcm,1.2.840.113619.2.110.512719.20250403090444/series_004_3_CR/DXA/CR DXA/2.25.186201010600484120326273381077449377115/series_004_2_CR/A250777475 DXA/CR DXA/CR000008.dcm,1.2.643.5.1.13.13.12.2.77.8252.05080405071204150306061400051307,2.25.186201010600484120326273381077449377115/series_004_2_CR/A250777475 DXA/CR DXA/CR000008.dcm,LEG,,,20260916161245.656529,uid_match
Размеченные,C:\Users\Андрей\Desktop\Хакатон\Размеченные\1.2.840.113619.2.110.512719.20250403090444\series_004_3_CR\DXA\CR DXA\2.25.186201010600484120326273381077449377115\series_004_2_CR\A250777475 DXA\CR DXA\CR000009.dcm,1.2.840.113619.2.110.512719.20250403090444/series_004_3_CR/DXA/CR DXA/2.25.186201010600484120326273381077449377115/series_004_2_CR/A250777475 DXA/CR DXA/CR000009.dcm,1.2.643.5.1.13.13.12.2.77.8252.13020010101411130307011411150509,2.25.186201010600484120326273381077449377115/series_004_2_CR/A250777475 DXA/CR DXA/CR000009.dcm,LEG,,,20260916161248.615708,uid_match
Размеченные,C:\Users\Андрей\Desktop\Хакатон\Размеченные\1.2.840.113619.2.110.512719.20250403090444\series_004_3_CR\DXA\CR DXA\2.25.186201010600484120326273381077449377115\series_004_2_CR\A250777475 DXA\CR DXA\CR000010.dcm,1.2.840.113619.2.110.512719.20250403090444/series_004_3_CR/DXA/CR DXA/2.25.186201010600484120326273381077449377115/series_004_2_CR/A250777475 DXA/CR DXA/CR000010.dcm,1.2.643.5.1.13.13.12.2.77.8252.07061504011201061005090406100203,2.25.186201010600484120326273381077449377115/series_004_2_CR/A250777475 DXA/CR DXA/CR000010.dcm,SPINE,,,20260916161250.124815,uid_match
Размеченные,C:\Users\Андрей\Desktop\Хакатон\Размеченные\1.2.840.113619.2.110.512719.20250403090444\series_004_3_CR\DXA\CR DXA\2.25.186201010600484120326273381077449377115\series_004_2_CR\A250777475 DXA\CR DXA\CR000011.dcm,1.2.840.113619.2.110.512719.20250403090444/series_004_3_CR/DXA/CR DXA/2.25.186201010600484120326273381077449377115/series_004_2_CR/A250777475 DXA/CR DXA/CR000011.dcm,1.2.643.5.1.13.13.12.2.77.8252.04100315041404021215101114140602,2.25.186201010600484120326273381077449377115/series_004_2_CR/A250777475 DXA/CR DXA/CR000011.dcm,SPINE,,,20260916161251.473282,uid_match
Размеченные,C:\Users\Андрей\Desktop\Хакатон\Размеченные\1.2.840.113619.2.110.512719.20250403090444\series_004_3_CR\DXA\CR DXA\2.25.190331309633057244929837507901317950031\series_001_2_CR\A250791815 DXA\CR DXA\CR000000.dcm,1.2.840.113619.2.110.512719.20250403090444/series_004_3_CR/DXA/CR DXA/2.25.190331309633057244929837507901317950031/series_001_2_CR/A250791815 DXA/CR DXA/CR000000.dcm,1.2.643.5.1.13.13.12.2.77.8252.11050911061500091304001000100608,2.25.190331309633057244929837507901317950031/series_001_2_CR/A250791815 DXA/CR DXA/CR000000.dcm,LEG,,,20260916161252.981272,uid_match
Размеченные,C:\Users\Андрей\Desktop\Хакатон\Размеченные\1.2.840.113619.2.110.512719.20250403090444\series_004_3_CR\DXA\CR DXA\2.25.190331309633057244929837507901317950031\series_001_2_CR\A250791815 DXA\CR DXA\CR000001.dcm,1.2.840.113619.2.110.512719.20250403090444/series_004_3_CR/DXA/CR DXA/2.25.190331309633057244929837507901317950031/series_001_2_CR/A250791815 DXA/CR DXA/CR000001.dcm,1.2.643.5.1.13.13.12.2.77.8252.13070805121401080100090313021511,2.25.190331309633057244929837507901317950031/series_001_2_CR/A250791815 DXA/CR DXA/CR000001.dcm,LEG,,,20260916161254.772040,uid_match
Размеченные,C:\Users\Андрей\Desktop\Хакатон\Размеченные\1.2.840.113619.2.110.512719.20250403090444\series_004_3_CR\DXA\CR DXA\2.25.190331309633057244929837507901317950031\series_001_2_CR\A250791815 DXA\CR DXA\CR000002.dcm,1.2.840.113619.2.110.512719.20250403090444/series_004_3_CR/DXA/CR DXA/2.25.190331309633057244929837507901317950031/series_001_2_CR/A250791815 DXA/CR DXA/CR000002.dcm,1.2.643.5.1.13.13.12.2.77.8252.06100709031109071008120605101311,2.25.190331309633057244929837507901317950031/series_001_2_CR/A250791815 DXA/CR DXA/CR000002.dcm,LEG,,,20260916161255.973055,uid_match
Размеченные,C:\Users\Андрей\Desktop\Хакатон\Размеченные\1.2.840.113619.2.110.512719.20250403090444\series_004_3_CR\DXA\CR DXA\2.25.190331309633057244929837507901317950031\series_001_2_CR\A250791815 DXA\CR DXA\CR000003.dcm,1.2.840.113619.2.110.512719.20250403090444/series_004_3_CR/DXA/CR DXA/2.25.190331309633057244929837507901317950031/series_001_2_CR/A250791815 DXA/CR DXA/CR000003.dcm,1.2.643.5.1.13.13.12.2.77.8252.11100109131006120600020910050910,2.25.190331309633057244929837507901317950031/series_001_2_CR/A250791815 DXA/CR DXA/CR000003.dcm,SPINE,,,20260916161257.319092,uid_match
Размеченные,C:\Users\Андрей\Desktop\Хакатон\Размеченные\1.2.840.113619.2.110.512719.20250403090444\series_004_3_CR\DXA\CR DXA\2.25.190331309633057244929837507901317950031\series_001_2_CR\A250791815 DXA\CR DXA\CR000004.dcm,1.2.840.113619.2.110.512719.20250403090444/series_004_3_CR/DXA/CR DXA/2.25.190331309633057244929837507901317950031/series_001_2_CR/A250791815 DXA/CR DXA/CR000004.dcm,1.2.643.5.1.13.13.12.2.77.8252.03000010070307110614031003090302,2.25.190331309633057244929837507901317950031/series_001_2_CR/A250791815 DXA/CR DXA/CR000004.dcm,LEG,,,20260916161259.073319,uid_match
Размеченные,C:\Users\Андрей\Desktop\Хакатон\Размеченные\1.2.840.113619.2.110.512719.20250403090444\series_004_3_CR\DXA\CR DXA\2.25.190331309633057244929837507901317950031\series_001_2_CR\A250791815 DXA\CR DXA\CR000005.dcm,1.2.840.113619.2.110.512719.20250403090444/series_004_3_CR/DXA/CR DXA/2.25.190331309633057244929837507901317950031/series_001_2_CR/A250791815 DXA/CR DXA/CR000005.dcm,1.2.643.5.1.13.13.12.2.77.8252.02040104021012120313090806030008,2.25.190331309633057244929837507901317950031/series_001_2_CR/A250791815 DXA/CR DXA/CR000005.dcm,SPINE,,,20260916161300.445572,uid_match
Размеченные,C:\Users\Андрей\Desktop\Хакатон\Размеченные\1.2.840.113619.2.110.512719.20250403090444\series_004_3_CR\DXA\CR DXA\2.25.190331309633057244929837507901317950031\series_001_2_CR\A250791815 DXA\CR DXA\CR000006.dcm,1.2.840.113619.2.110.512719.20250403090444/series_004_3_CR/DXA/CR DXA/2.25.190331309633057244929837507901317950031/series_001_2_CR/A250791815 DXA/CR DXA/CR000006.dcm,1.2.643.5.1.13.13.12.2.77.8252.03020007121211050710080207000313,2.25.190331309633057244929837507901317950031/series_001_2_CR/A250791815 DXA/CR DXA/CR000006.dcm,LEG,,,20260916161301.973099,uid_match
Размеченные,C:\Users\Андрей\Desktop\Хакатон\Размеченные\1.2.840.113619.2.110.512719.20250403090444\series_004_3_CR\DXA\CR DXA\2.25.190331309633057244929837507901317950031\series_001_2_CR\A250791815 DXA\CR DXA\CR000007.dcm,1.2.840.113619.2.110.512719.20250403090444/series_004_3_CR/DXA/CR DXA/2.25.190331309633057244929837507901317950031/series_001_2_CR/A250791815 DXA/CR DXA/CR000007.dcm,1.2.643.5.1.13.13.12.2.77.8252.10061312041507151308110106051414,2.25.190331309633057244929837507901317950031/series_001_2_CR/A250791815 DXA/CR DXA/CR000007.dcm,LEG,,,20260916161303.548674,uid_match
Размеченные,C:\Users\Андрей\Desktop\Хакатон\Размеченные\1.2.840.113619.2.110.512719.20250403090444\series_004_3_CR\DXA\CR DXA\2.25.190331309633057244929837507901317950031\series_001_2_CR\A250791815 DXA\CR DXA\CR000008.dcm,1.2.840.113619.2.110.512719.20250403090444/series_004_3_CR/DXA/CR DXA/2.25.190331309633057244929837507901317950031/series_001_2_CR/A250791815 DXA/CR DXA/CR000008.dcm,1.2.643.5.1.13.13.12.2.77.8252.06130501091009001200080400150413,2.25.190331309633057244929837507901317950031/series_001_2_CR/A250791815 DXA/CR DXA/CR000008.dcm,SPINE,,,20260916161306.101050,uid_match
Размеченные,C:\Users\Андрей\Desktop\Хакатон\Размеченные\1.2.840.113619.2.110.512719.20250403090444\series_004_3_CR\DXA\CR DXA\2.25.190331309633057244929837507901317950031\series_001_2_CR\A250791815 DXA\CR DXA\CR000009.dcm,1.2.840.113619.2.110.512719.20250403090444/series_004_3_CR/DXA/CR DXA/2.25.190331309633057244929837507901317950031/series_001_2_CR/A250791815 DXA/CR DXA/CR000009.dcm,1.2.643.5.1.13.13.12.2.77.8252.11100404131302060711141306031414,2.25.190331309633057244929837507901317950031/series_001_2_CR/A250791815 DXA/CR DXA/CR000009.dcm,LEG,,,20260916161307.817361,uid_match
Размеченные,C:\Users\Андрей\Desktop\Хакатон\Размеченные\1.2.840.113619.2.110.512719.20250403090444\series_004_3_CR\DXA\CR DXA\2.25.190331309633057244929837507901317950031\series_001_2_CR\A250791815 DXA\CR DXA\CR000010.dcm,1.2.840.113619.2.110.512719.20250403090444/series_004_3_CR/DXA/CR DXA/2.25.190331309633057244929837507901317950031/series_001_2_CR/A250791815 DXA/CR DXA/CR000010.dcm,1.2.643.5.1.13.13.12.2.77.8252.09051315030213060214031014080701,2.25.190331309633057244929837507901317950031/series_001_2_CR/A250791815 DXA/CR DXA/CR000010.dcm,LEG,,,20260916161311.279513,uid_match
Размеченные,C:\Users\Андрей\Desktop\Хакатон\Размеченные\1.2.840.113619.2.110.512719.20250403090444\series_004_3_CR\DXA\CR DXA\2.25.190807933410234695931591553323782771995\series_002_3_CR\A250762254 DXA\CR DXA\CR000000.dcm,1.2.840.113619.2.110.512719.20250403090444/series_004_3_CR/DXA/CR DXA/2.25.190807933410234695931591553323782771995/series_002_3_CR/A250762254 DXA/CR DXA/CR000000.dcm,1.2.643.5.1.13.13.12.2.77.8252.04000404020304020301120408100801,2.25.190807933410234695931591553323782771995/series_002_3_CR/A250762254 DXA/CR DXA/CR000000.dcm,SPINE,,,20260916161312.893207,uid_match
Размеченные,C:\Users\Андрей\Desktop\Хакатон\Размеченные\1.2.840.113619.2.110.512719.20250403090444\series_004_3_CR\DXA\CR DXA\2.25.190807933410234695931591553323782771995\series_002_3_CR\A250762254 DXA\CR DXA\CR000001.dcm,1.2.840.113619.2.110.512719.20250403090444/series_004_3_CR/DXA/CR DXA/2.25.190807933410234695931591553323782771995/series_002_3_CR/A250762254 DXA/CR DXA/CR000001.dcm,1.2.643.5.1.13.13.12.2.77.8252.10101410111513000809081215030802,2.25.190807933410234695931591553323782771995/series_002_3_CR/A250762254 DXA/CR DXA/CR000001.dcm,LEG,,,20260916161314.593418,uid_match
Размеченные,C:\Users\Андрей\Desktop\Хакатон\Размеченные\1.2.840.113619.2.110.512719.20250403090444\series_004_3_CR\DXA\CR DXA\2.25.215177279960644564778148238928738915103\series_002_2_CR\A2504147013 DXA\CR DXA\CR000000.dcm,1.2.840.113619.2.110.512719.20250403090444/series_004_3_CR/DXA/CR DXA/2.25.215177279960644564778148238928738915103/series_002_2_CR/A2504147013 DXA/CR DXA/CR000000.dcm,1.2.643.5.1.13.13.12.2.77.8252.02120211101306000510080011031411,2.25.215177279960644564778148238928738915103/series_002_2_CR/A2504147013 DXA/CR DXA/CR000000.dcm,LEG,,,20260916161315.951684,uid_match
Размеченные,C:\Users\Андрей\Desktop\Хакатон\Размеченные\1.2.840.113619.2.110.512719.20250403090444\series_004_3_CR\DXA\CR DXA\2.25.215177279960644564778148238928738915103\series_002_2_CR\A2504147013 DXA\CR DXA\CR000001.dcm,1.2.840.113619.2.110.512719.20250403090444/series_004_3_CR/DXA/CR DXA/2.25.215177279960644564778148238928738915103/series_002_2_CR/A2504147013 DXA/CR DXA/CR000001.dcm,1.2.643.5.1.13.13.12.2.77.8252.05011012001311141515001115080104,2.25.215177279960644564778148238928738915103/series_002_2_CR/A2504147013 DXA/CR DXA/CR000001.dcm,SPINE,,,20260916161318.464899,uid_match
Размеченные,C:\Users\Андрей\Desktop\Хакатон\Размеченные\1.2.840.113619.2.110.512719.20250403090444\series_004_3_CR\DXA\CR DXA\2.25.215177279960644564778148238928738915103\series_002_2_CR\A2504147013 DXA\CR DXA\CR000002.dcm,1.2.840.113619.2.110.512719.20250403090444/series_004_3_CR/DXA/CR DXA/2.25.215177279960644564778148238928738915103/series_002_2_CR/A2504147013 DXA/CR DXA/CR000002.dcm,1.2.643.5.1.13.13.12.2.77.8252.00070615051510041500030210150312,2.25.215177279960644564778148238928738915103/series_002_2_CR/A2504147013 DXA/CR DXA/CR000002.dcm,LEG,,,20260916161320.014252,uid_match
Размеченные,C:\Users\Андрей\Desktop\Хакатон\Размеченные\1.2.840.113619.2.110.512719.20250403090444\series_004_3_CR\DXA\CR DXA\2.25.215177279960644564778148238928738915103\series_002_2_CR\A2504147013 DXA\CR DXA\CR000003.dcm,1.2.840.113619.2.110.512719.20250403090444/series_004_3_CR/DXA/CR DXA/2.25.215177279960644564778148238928738915103/series_002_2_CR/A2504147013 DXA/CR DXA/CR000003.dcm,1.2.643.5.1.13.13.12.2.77.8252.02080006130815010800091303020804,2.25.215177279960644564778148238928738915103/series_002_2_CR/A2504147013 DXA/CR DXA/CR000003.dcm,LEG,,,20260916161322.362384,uid_match
Размеченные,C:\Users\Андрей\Desktop\Хакатон\Размеченные\1.2.840.113619.2.110.512719.20250403090444\series_004_3_CR\DXA\CR DXA\2.25.215177279960644564778148238928738915103\series_002_2_CR\A2504147013 DXA\CR DXA\CR000004.dcm,1.2.840.113619.2.110.512719.20250403090444/series_004_3_CR/DXA/CR DXA/2.25.215177279960644564778148238928738915103/series_002_2_CR/A2504147013 DXA/CR DXA/CR000004.dcm,1.2.643.5.1.13.13.12.2.77.8252.13140203110104081414101201001405,2.25.215177279960644564778148238928738915103/series_002_2_CR/A2504147013 DXA/CR DXA/CR000004.dcm,SPINE,,,20260916161324.016248,uid_match
Размеченные,C:\Users\Андрей\Desktop\Хакатон\Размеченные\1.2.840.113619.2.110.512719.20250403090444\series_004_3_CR\DXA\CR DXA\2.25.217397325224876728316360420804118329081\series_002_2_CR\A250474631 DXA\CR DXA\CR000000.dcm,1.2.840.113619.2.110.512719.20250403090444/series_004_3_CR/DXA/CR DXA/2.25.217397325224876728316360420804118329081/series_002_2_CR/A250474631 DXA/CR DXA/CR000000.dcm,1.2.643.5.1.13.13.12.2.77.8252.02091115080411030312040600000701,2.25.217397325224876728316360420804118329081/series_002_2_CR/A250474631 DXA/CR DXA/CR000000.dcm,LEG,,,20260916161325.539978,uid_match
Размеченные,C:\Users\Андрей\Desktop\Хакатон\Размеченные\1.2.840.113619.2.110.512719.20250403090444\series_004_3_CR\DXA\CR DXA\2.25.217397325224876728316360420804118329081\series_002_2_CR\A250474631 DXA\CR DXA\CR000001.dcm,1.2.840.113619.2.110.512719.20250403090444/series_004_3_CR/DXA/CR DXA/2.25.217397325224876728316360420804118329081/series_002_2_CR/A250474631 DXA/CR DXA/CR000001.dcm,1.2.643.5.1.13.13.12.2.77.8252.10000400041408060608031009090710,2.25.217397325224876728316360420804118329081/series_002_2_CR/A250474631 DXA/CR DXA/CR000001.dcm,LEG,,,20260916161326.892795,uid_match
Размеченные,C:\Users\Андрей\Desktop\Хакатон\Размеченные\1.2.840.113619.2.110.512719.20250403090444\series_004_3_CR\DXA\CR DXA\2.25.217397325224876728316360420804118329081\series_002_2_CR\A250474631 DXA\CR DXA\CR000002.dcm,1.2.840.113619.2.110.512719.20250403090444/series_004_3_CR/DXA/CR DXA/2.25.217397325224876728316360420804118329081/series_002_2_CR/A250474631 DXA/CR DXA/CR000002.dcm,1.2.643.5.1.13.13.12.2.77.8252.04131001000110131311121304090609,2.25.217397325224876728316360420804118329081/series_002_2_CR/A250474631 DXA/CR DXA/CR000002.dcm,SPINE,,,20260916161328.511207,uid_match
Размеченные,C:\Users\Андрей\Desktop\Хакатон\Размеченные\1.2.840.113619.2.110.512719.20250403090444\series_004_3_CR\DXA\CR DXA\2.25.217397325224876728316360420804118329081\series_002_2_CR\A250474631 DXA\CR DXA\CR000003.dcm,1.2.840.113619.2.110.512719.20250403090444/series_004_3_CR/DXA/CR DXA/2.25.217397325224876728316360420804118329081/series_002_2_CR/A250474631 DXA/CR DXA/CR000003.dcm,1.2.643.5.1.13.13.12.2.77.8252.01120903030308120114061013030505,2.25.217397325224876728316360420804118329081/series_002_2_CR/A250474631 DXA/CR DXA/CR000003.dcm,LEG,,,20260916161330.491446,uid_match
Размеченные,C:\Users\Андрей\Desktop\Хакатон\Размеченные\1.2.840.113619.2.110.512719.20250403090444\series_004_3_CR\DXA\CR DXA\2.25.217397325224876728316360420804118329081\series_002_2_CR\A250474631 DXA\CR DXA\CR000004.dcm,1.2.840.113619.2.110.512719.20250403090444/series_004_3_CR/DXA/CR DXA/2.25.217397325224876728316360420804118329081/series_002_2_CR/A250474631 DXA/CR DXA/CR000004.dcm,1.2.643.5.1.13.13.12.2.77.8252.03000813041512141007100304081206,2.25.217397325224876728316360420804118329081/series_002_2_CR/A250474631 DXA/CR DXA/CR000004.dcm,SPINE,,,20260916161332.068492,uid_match
Размеченные,C:\Users\Андрей\Desktop\Хакатон\Размеченные\1.2.840.113619.2.110.512719.20250403090444\series_004_3_CR\DXA\CR DXA\2.25.217397325224876728316360420804118329081\series_002_2_CR\A250474631 DXA\CR DXA\CR000005.dcm,1.2.840.113619.2.110.512719.20250403090444/series_004_3_CR/DXA/CR DXA/2.25.217397325224876728316360420804118329081/series_002_2_CR/A250474631 DXA/CR DXA/CR000005.dcm,1.2.643.5.1.13.13.12.2.77.8252.13021514070905140715121507140313,2.25.217397325224876728316360420804118329081/series_002_2_CR/A250474631 DXA/CR DXA/CR000005.dcm,SPINE,,,20260916161333.397328,uid_match
Размеченные,C:\Users\Андрей\Desktop\Хакатон\Размеченные\1.2.840.113619.2.110.512719.20250403090444\series_004_3_CR\DXA\CR DXA\2.25.217397325224876728316360420804118329081\series_002_2_CR\A250474631 DXA\CR DXA\CR000006.dcm,1.2.840.113619.2.110.512719.20250403090444/series_004_3_CR/DXA/CR DXA/2.25.217397325224876728316360420804118329081/series_002_2_CR/A250474631 DXA/CR DXA/CR000006.dcm,1.2.643.5.1.13.13.12.2.77.8252.08100408121001020706011402110914,2.25.217397325224876728316360420804118329081/series_002_2_CR/A250474631 DXA/CR DXA/CR000006.dcm,LEG,,,20260916161337.326130,uid_match
Размеченные,C:\Users\Андрей\Desktop\Хакатон\Размеченные\1.2.840.113619.2.110.512719.20250403090444\series_004_3_CR\DXA\CR DXA\2.25.217397325224876728316360420804118329081\series_002_2_CR\A250474631 DXA\CR DXA\CR000007.dcm,1.2.840.113619.2.110.512719.20250403090444/series_004_3_CR/DXA/CR DXA/2.25.217397325224876728316360420804118329081/series_002_2_CR/A250474631 DXA/CR DXA/CR000007.dcm,1.2.643.5.1.13.13.12.2.77.8252.15101108070415081206070914081510,2.25.217397325224876728316360420804118329081/series_002_2_CR/A250474631 DXA/CR DXA/CR000007.dcm,LEG,,,20260916161348.498010,uid_match
Размеченные,C:\Users\Андрей\Desktop\Хакатон\Размеченные\1.2.840.113619.2.110.512719.20250403090444\series_004_3_CR\DXA\CR DXA\2.25.217397325224876728316360420804118329081\series_002_2_CR\A250474631 DXA\CR DXA\CR000008.dcm,1.2.840.113619.2.110.512719.20250403090444/series_004_3_CR/DXA/CR DXA/2.25.217397325224876728316360420804118329081/series_002_2_CR/A250474631 DXA/CR DXA/CR000008.dcm,1.2.643.5.1.13.13.12.2.77.8252.14010614131006141014100714050813,2.25.217397325224876728316360420804118329081/series_002_2_CR/A250474631 DXA/CR DXA/CR000008.dcm,LEG,,,20260916161350.341587,uid_match
Размеченные,C:\Users\Андрей\Desktop\Хакатон\Размеченные\1.2.840.113619.2.110.512719.20250403090444\series_004_3_CR\DXA\CR DXA\2.25.217397325224876728316360420804118329081\series_002_2_CR\A250474631 DXA\CR DXA\CR000009.dcm,1.2.840.113619.2.110.512719.20250403090444/series_004_3_CR/DXA/CR DXA/2.25.217397325224876728316360420804118329081/series_002_2_CR/A250474631 DXA/CR DXA/CR000009.dcm,1.2.643.5.1.13.13.12.2.77.8252.07081006110204030410140712110010,2.25.217397325224876728316360420804118329081/series_002_2_CR/A250474631 DXA/CR DXA/CR000009.dcm,LEG,,,20260916161351.815844,uid_match
Размеченные,C:\Users\Андрей\Desktop\Хакатон\Размеченные\1.2.840.113619.2.110.512719.20250403090444\series_004_3_CR\DXA\CR DXA\2.25.217397325224876728316360420804118329081\series_002_2_CR\A250474631 DXA\CR DXA\CR000010.dcm,1.2.840.113619.2.110.512719.20250403090444/series_004_3_CR/DXA/CR DXA/2.25.217397325224876728316360420804118329081/series_002_2_CR/A250474631 DXA/CR DXA/CR000010.dcm,1.2.643.5.1.13.13.12.2.77.8252.03030902090804040112070613130312,2.25.217397325224876728316360420804118329081/series_002_2_CR/A250474631 DXA/CR DXA/CR000010.dcm,LEG,,,20260916161353.405876,uid_match
Размеченные,C:\Users\Андрей\Desktop\Хакатон\Размеченные\1.2.840.113619.2.110.512719.20250403090444\series_004_3_CR\DXA\CR DXA\2.25.220866240977467582196609708837940253840\series_001_2_CR\A2504258893 DXA\CR DXA\CR000000.dcm,1.2.840.113619.2.110.512719.20250403090444/series_004_3_CR/DXA/CR DXA/2.25.220866240977467582196609708837940253840/series_001_2_CR/A2504258893 DXA/CR DXA/CR000000.dcm,1.2.643.5.1.13.13.12.2.77.8252.03010603150012061509030005111300,2.25.220866240977467582196609708837940253840/series_001_2_CR/A2504258893 DXA/CR DXA/CR000000.dcm,SPINE,,,20260916161354.934349,uid_match
Размеченные,C:\Users\Андрей\Desktop\Хакатон\Размеченные\1.2.840.113619.2.110.512719.20250403090444\series_004_3_CR\DXA\CR DXA\2.25.234651502352368356456298825489565282446\series_002_2_CR\A2504307193 DXA\CR DXA\CR000000.dcm,1.2.840.113619.2.110.512719.20250403090444/series_004_3_CR/DXA/CR DXA/2.25.234651502352368356456298825489565282446/series_002_2_CR/A2504307193 DXA/CR DXA/CR000000.dcm,1.2.643.5.1.13.13.12.2.77.8252.02051208030605070510050510081213,2.25.234651502352368356456298825489565282446/series_002_2_CR/A2504307193 DXA/CR DXA/CR000000.dcm,LEG,,,20260916161356.474865,uid_match
Размеченные,C:\Users\Андрей\Desktop\Хакатон\Размеченные\1.2.840.113619.2.110.512719.20250403090444\series_004_3_CR\DXA\CR DXA\2.25.234651502352368356456298825489565282446\series_002_2_CR\A2504307193 DXA\CR DXA\CR000001.dcm,1.2.840.113619.2.110.512719.20250403090444/series_004_3_CR/DXA/CR DXA/2.25.234651502352368356456298825489565282446/series_002_2_CR/A2504307193 DXA/CR DXA/CR000001.dcm,1.2.643.5.1.13.13.12.2.77.8252.05090510140315010003130007000910,2.25.234651502352368356456298825489565282446/series_002_2_CR/A2504307193 DXA/CR DXA/CR000001.dcm,LEG,,,20260916161358.764383,uid_match
Размеченные,C:\Users\Андрей\Desktop\Хакатон\Размеченные\1.2.840.113619.2.110.512719.20250403090444\series_004_3_CR\DXA\CR DXA\2.25.234651502352368356456298825489565282446\series_002_2_CR\A2504307193 DXA\CR DXA\CR000002.dcm,1.2.840.113619.2.110.512719.20250403090444/series_004_3_CR/DXA/CR DXA/2.25.234651502352368356456298825489565282446/series_002_2_CR/A2504307193 DXA/CR DXA/CR000002.dcm,1.2.643.5.1.13.13.12.2.77.8252.09031307051100020212010511060414,2.25.234651502352368356456298825489565282446/series_002_2_CR/A2504307193 DXA/CR DXA/CR000002.dcm,SPINE,,,20260916161400.485711,uid_match
Размеченные,C:\Users\Андрей\Desktop\Хакатон\Размеченные\1.2.840.113619.2.110.512719.20250403090444\series_004_3_CR\DXA\CR DXA\2.25.234651502352368356456298825489565282446\series_002_2_CR\A2504307193 DXA\CR DXA\CR000003.dcm,1.2.840.113619.2.110.512719.20250403090444/series_004_3_CR/DXA/CR DXA/2.25.234651502352368356456298825489565282446/series_002_2_CR/A2504307193 DXA/CR DXA/CR000003.dcm,1.2.643.5.1.13.13.12.2.77.8252.09140613011500120102030800080807,2.25.234651502352368356456298825489565282446/series_002_2_CR/A2504307193 DXA/CR DXA/CR000003.dcm,LEG,,,20260916161401.928007,uid_match
Размеченные,C:\Users\Андрей\Desktop\Хакатон\Размеченные\1.2.840.113619.2.110.512719.20250403090444\series_004_3_CR\DXA\CR DXA\2.25.234651502352368356456298825489565282446\series_002_2_CR\A2504307193 DXA\CR DXA\CR000004.dcm,1.2.840.113619.2.110.512719.20250403090444/series_004_3_CR/DXA/CR DXA/2.25.234651502352368356456298825489565282446/series_002_2_CR/A2504307193 DXA/CR DXA/CR000004.dcm,1.2.643.5.1.13.13.12.2.77.8252.09061112071413071402070608030006,2.25.234651502352368356456298825489565282446/series_002_2_CR/A2504307193 DXA/CR DXA/CR000004.dcm,LEG,,,20260916161403.161045,uid_match
Размеченные,C:\Users\Андрей\Desktop\Хакатон\Размеченные\1.2.840.113619.2.110.512719.20250403090444\series_004_3_CR\DXA\CR DXA\2.25.234651502352368356456298825489565282446\series_002_2_CR\A2504307193 DXA\CR DXA\CR000005.dcm,1.2.840.113619.2.110.512719.20250403090444/series_004_3_CR/DXA/CR DXA/2.25.234651502352368356456298825489565282446/series_002_2_CR/A2504307193 DXA/CR DXA/CR000005.dcm,1.2.643.5.1.13.13.12.2.77.8252.14111506040710041211031511080401,2.25.234651502352368356456298825489565282446/series_002_2_CR/A2504307193 DXA/CR DXA/CR000005.dcm,LEG,,,20260916161404.986842,uid_match
Размеченные,C:\Users\Андрей\Desktop\Хакатон\Размеченные\1.2.840.113619.2.110.512719.20250403090444\series_004_3_CR\DXA\CR DXA\2.25.234651502352368356456298825489565282446\series_002_2_CR\A2504307193 DXA\CR DXA\CR000006.dcm,1.2.840.113619.2.110.512719.20250403090444/series_004_3_CR/DXA/CR DXA/2.25.234651502352368356456298825489565282446/series_002_2_CR/A2504307193 DXA/CR DXA/CR000006.dcm,1.2.643.5.1.13.13.12.2.77.8252.10051211011505050506141504040101,2.25.234651502352368356456298825489565282446/series_002_2_CR/A2504307193 DXA/CR DXA/CR000006.dcm,SPINE,,,20260916161411.775270,uid_match
Размеченные,C:\Users\Андрей\Desktop\Хакатон\Размеченные\1.2.840.113619.2.110.512719.20250403090444\series_004_3_CR\DXA\CR DXA\2.25.234651502352368356456298825489565282446\series_002_2_CR\A2504307193 DXA\CR DXA\CR000007.dcm,1.2.840.113619.2.110.512719.20250403090444/series_004_3_CR/DXA/CR DXA/2.25.234651502352368356456298825489565282446/series_002_2_CR/A2504307193 DXA/CR DXA/CR000007.dcm,1.2.643.5.1.13.13.12.2.77.8252.15100402090103120615100706141310,2.25.234651502352368356456298825489565282446/series_002_2_CR/A2504307193 DXA/CR DXA/CR000007.dcm,LEG,,,20260916161418.470994,uid_match
Размеченные,C:\Users\Андрей\Desktop\Хакатон\Размеченные\1.2.840.113619.2.110.512719.20250403090444\series_004_3_CR\DXA\CR DXA\2.25.234651502352368356456298825489565282446\series_002_2_CR\A2504307193 DXA\CR DXA\CR000008.dcm,1.2.840.113619.2.110.512719.20250403090444/series_004_3_CR/DXA/CR DXA/2.25.234651502352368356456298825489565282446/series_002_2_CR/A2504307193 DXA/CR DXA/CR000008.dcm,1.2.643.5.1.13.13.12.2.77.8252.10021305031009110615021114111114,2.25.234651502352368356456298825489565282446/series_002_2_CR/A2504307193 DXA/CR DXA/CR000008.dcm,SPINE,,,20260916161420.529551,uid_match
Размеченные,C:\Users\Андрей\Desktop\Хакатон\Размеченные\1.2.840.113619.2.110.512719.20250403090444\series_004_3_CR\DXA\CR DXA\2.25.234651502352368356456298825489565282446\series_002_2_CR\A2504307193 DXA\CR DXA\CR000009.dcm,1.2.840.113619.2.110.512719.20250403090444/series_004_3_CR/DXA/CR DXA/2.25.234651502352368356456298825489565282446/series_002_2_CR/A2504307193 DXA/CR DXA/CR000009.dcm,1.2.643.5.1.13.13.12.2.77.8252.09110410141103030507060004110108,2.25.234651502352368356456298825489565282446/series_002_2_CR/A2504307193 DXA/CR DXA/CR000009.dcm,LEG,,,20260916161422.339998,uid_match
Размеченные,C:\Users\Андрей\Desktop\Хакатон\Размеченные\1.2.840.113619.2.110.512719.20250403090444\series_004_3_CR\DXA\CR DXA\2.25.234651502352368356456298825489565282446\series_002_2_CR\A2504307193 DXA\CR DXA\CR000010.dcm,1.2.840.113619.2.110.512719.20250403090444/series_004_3_CR/DXA/CR DXA/2.25.234651502352368356456298825489565282446/series_002_2_CR/A2504307193 DXA/CR DXA/CR000010.dcm,1.2.643.5.1.13.13.12.2.77.8252.15060200100906151411000112060511,2.25.234651502352368356456298825489565282446/series_002_2_CR/A2504307193 DXA/CR DXA/CR000010.dcm,LEG,,,20260916161423.821145,uid_match
Размеченные,C:\Users\Андрей\Desktop\Хакатон\Размеченные\1.2.840.113619.2.110.512719.20250403090444\series_004_3_CR\DXA\CR DXA\2.25.247714038039430659432048101646401574824\series_002_2_CR\A2504238024 DXA Exam\CR DXA Images\CR000000.dcm,1.2.840.113619.2.110.512719.20250403090444/series_004_3_CR/DXA/CR DXA/2.25.247714038039430659432048101646401574824/series_002_2_CR/A2504238024 DXA Exam/CR DXA Images/CR000000.dcm,1.2.643.5.1.13.13.12.2.77.8252.06051510010614000404080600020603,2.25.247714038039430659432048101646401574824/series_002_2_CR/A2504238024 DXA Exam/CR DXA Images/CR000000.dcm,LEG,,,20260916161429.652457,uid_match
Размеченные,C:\Users\Андрей\Desktop\Хакатон\Размеченные\1.2.840.113619.2.110.512719.20250403090444\series_004_3_CR\DXA\CR DXA\2.25.247714038039430659432048101646401574824\series_002_2_CR\A2504238024 DXA Exam\CR DXA Images\CR000001.dcm,1.2.840.113619.2.110.512719.20250403090444/series_004_3_CR/DXA/CR DXA/2.25.247714038039430659432048101646401574824/series_002_2_CR/A2504238024 DXA Exam/CR DXA Images/CR000001.dcm,1.2.643.5.1.13.13.12.2.77.8252.13110800060502010303101404091303,2.25.247714038039430659432048101646401574824/series_002_2_CR/A2504238024 DXA Exam/CR DXA Images/CR000001.dcm,LEG,,,20260916161431.600537,uid_match
Размеченные,C:\Users\Андрей\Desktop\Хакатон\Размеченные\1.2.840.113619.2.110.512719.20250403090444\series_004_3_CR\DXA\CR DXA\2.25.247714038039430659432048101646401574824\series_002_2_CR\A2504238024 DXA Exam\CR DXA Images\CR000002.dcm,1.2.840.113619.2.110.512719.20250403090444/series_004_3_CR/DXA/CR DXA/2.25.247714038039430659432048101646401574824/series_002_2_CR/A2504238024 DXA Exam/CR DXA Images/CR000002.dcm,1.2.643.5.1.13.13.12.2.77.8252.06030210110500061108030910090908,2.25.247714038039430659432048101646401574824/series_002_2_CR/A2504238024 DXA Exam/CR DXA Images/CR000002.dcm,SPINE,,,20260916161433.448227,uid_match
Размеченные,C:\Users\Андрей\Desktop\Хакатон\Размеченные\1.2.840.113619.2.110.512719.20250403090444\series_004_3_CR\DXA\CR DXA\2.25.269648774413746842548908998641183395622\series_001_2_CR\A2504393664 DXA\CR DXA\CR000000.dcm,1.2.840.113619.2.110.512719.20250403090444/series_004_3_CR/DXA/CR DXA/2.25.269648774413746842548908998641183395622/series_001_2_CR/A2504393664 DXA/CR DXA/CR000000.dcm,1.2.643.5.1.13.13.12.2.77.8252.12031014110715041000030602140501,2.25.269648774413746842548908998641183395622/series_001_2_CR/A2504393664 DXA/CR DXA/CR000000.dcm,LEG,,,20260916161435.079892,uid_match
Размеченные,C:\Users\Андрей\Desktop\Хакатон\Размеченные\1.2.840.113619.2.110.512719.20250403090444\series_004_3_CR\DXA\CR DXA\2.25.269648774413746842548908998641183395622\series_001_2_CR\A2504393664 DXA\CR DXA\CR000001.dcm,1.2.840.113619.2.110.512719.20250403090444/series_004_3_CR/DXA/CR DXA/2.25.269648774413746842548908998641183395622/series_001_2_CR/A2504393664 DXA/CR DXA/CR000001.dcm,1.2.643.5.1.13.13.12.2.77.8252.02001209000515050108060411111311,2.25.269648774413746842548908998641183395622/series_001_2_CR/A2504393664 DXA/CR DXA/CR000001.dcm,SPINE,,,20260916161438.131211,uid_match
Размеченные,C:\Users\Андрей\Desktop\Хакатон\Размеченные\1.2.840.113619.2.110.512719.20250403090444\series_004_3_CR\DXA\CR DXA\2.25.269648774413746842548908998641183395622\series_001_2_CR\A2504393664 DXA\CR DXA\CR000002.dcm,1.2.840.113619.2.110.512719.20250403090444/series_004_3_CR/DXA/CR DXA/2.25.269648774413746842548908998641183395622/series_001_2_CR/A2504393664 DXA/CR DXA/CR000002.dcm,1.2.643.5.1.13.13.12.2.77.8252.12130902030702050210110604020115,2.25.269648774413746842548908998641183395622/series_001_2_CR/A2504393664 DXA/CR DXA/CR000002.dcm,LEG,,,20260916161439.686639,uid_match
Размеченные,C:\Users\Андрей\Desktop\Хакатон\Размеченные\1.2.840.113619.2.110.512719.20250403090444\series_004_3_CR\DXA\CR DXA\2.25.269742577365511543488820993979123763373\series_003_2_CR\A250477751 DXA\CR DXA\CR000000.dcm,1.2.840.113619.2.110.512719.20250403090444/series_004_3_CR/DXA/CR DXA/2.25.269742577365511543488820993979123763373/series_003_2_CR/A250477751 DXA/CR DXA/CR000000.dcm,1.2.643.5.1.13.13.12.2.77.8252.11081308031311040302130506061304,2.25.269742577365511543488820993979123763373/series_003_2_CR/A250477751 DXA/CR DXA/CR000000.dcm,SPINE,,,20260916161441.474031,uid_match
Размеченные,C:\Users\Андрей\Desktop\Хакатон\Размеченные\1.2.840.113619.2.110.512719.20250403090444\series_004_3_CR\DXA\CR DXA\2.25.272690031744216183651627058502316132741\series_002_2_CR\A2504373414 DXA\CR DXA\CR000000.dcm,1.2.840.113619.2.110.512719.20250403090444/series_004_3_CR/DXA/CR DXA/2.25.272690031744216183651627058502316132741/series_002_2_CR/A2504373414 DXA/CR DXA/CR000000.dcm,1.2.643.5.1.13.13.12.2.77.8252.01011201030601080312040805131303,2.25.272690031744216183651627058502316132741/series_002_2_CR/A2504373414 DXA/CR DXA/CR000000.dcm,LEG,,,20260916161443.196496,uid_match
Размеченные,C:\Users\Андрей\Desktop\Хакатон\Размеченные\1.2.840.113619.2.110.512719.20250403090444\series_004_3_CR\DXA\CR DXA\2.25.272690031744216183651627058502316132741\series_002_2_CR\A2504373414 DXA\CR DXA\CR000001.dcm,1.2.840.113619.2.110.512719.20250403090444/series_004_3_CR/DXA/CR DXA/2.25.272690031744216183651627058502316132741/series_002_2_CR/A2504373414 DXA/CR DXA/CR000001.dcm,1.2.643.5.1.13.13.12.2.77.8252.06030606140315081407041104141012,2.25.272690031744216183651627058502316132741/series_002_2_CR/A2504373414 DXA/CR DXA/CR000001.dcm,SPINE,,,20260916161445.071518,uid_match
Размеченные,C:\Users\Андрей\Desktop\Хакатон\Размеченные\1.2.840.113619.2.110.512719.20250403090444\series_004_3_CR\DXA\CR DXA\2.25.272690031744216183651627058502316132741\series_002_2_CR\A2504373414 DXA\CR DXA\CR000002.dcm,1.2.840.113619.2.110.512719.20250403090444/series_004_3_CR/DXA/CR DXA/2.25.272690031744216183651627058502316132741/series_002_2_CR/A2504373414 DXA/CR DXA/CR000002.dcm,1.2.643.5.1.13.13.12.2.77.8252.15091411140404110408151008030010,2.25.272690031744216183651627058502316132741/series_002_2_CR/A2504373414 DXA/CR DXA/CR000002.dcm,LEG,,,20260916161450.355744,uid_match
Размеченные,C:\Users\Андрей\Desktop\Хакатон\Размеченные\1.2.840.113619.2.110.512719.20250403090444\series_004_3_CR\DXA\CR DXA\2.25.272690031744216183651627058502316132741\series_002_2_CR\A2504373414 DXA\CR DXA\CR000003.dcm,1.2.840.113619.2.110.512719.20250403090444/series_004_3_CR/DXA/CR DXA/2.25.272690031744216183651627058502316132741/series_002_2_CR/A2504373414 DXA/CR DXA/CR000003.dcm,1.2.643.5.1.13.13.12.2.77.8252.12111114061412150313141006121511,2.25.272690031744216183651627058502316132741/series_002_2_CR/A2504373414 DXA/CR DXA/CR000003.dcm,LEG,,,20260916161452.427992,uid_match
Размеченные,C:\Users\Андрей\Desktop\Хакатон\Размеченные\1.2.840.113619.2.110.512719.20250403090444\series_004_3_CR\DXA\CR DXA\2.25.272690031744216183651627058502316132741\series_002_2_CR\A2504373414 DXA\CR DXA\CR000004.dcm,1.2.840.113619.2.110.512719.20250403090444/series_004_3_CR/DXA/CR DXA/2.25.272690031744216183651627058502316132741/series_002_2_CR/A2504373414 DXA/CR DXA/CR000004.dcm,1.2.643.5.1.13.13.12.2.77.8252.11001315081502000300100815110411,2.25.272690031744216183651627058502316132741/series_002_2_CR/A2504373414 DXA/CR DXA/CR000004.dcm,LEG,,,20260916161454.009595,uid_match
Размеченные,C:\Users\Андрей\Desktop\Хакатон\Размеченные\1.2.840.113619.2.110.512719.20250403090444\series_004_3_CR\DXA\CR DXA\2.25.272690031744216183651627058502316132741\series_002_2_CR\A2504373414 DXA\CR DXA\CR000005.dcm,1.2.840.113619.2.110.512719.20250403090444/series_004_3_CR/DXA/CR DXA/2.25.272690031744216183651627058502316132741/series_002_2_CR/A2504373414 DXA/CR DXA/CR000005.dcm,1.2.643.5.1.13.13.12.2.77.8252.05061403001014150211070209121100,2.25.272690031744216183651627058502316132741/series_002_2_CR/A2504373414 DXA/CR DXA/CR000005.dcm,LEG,,,20260916161455.313698,uid_match
Размеченные,C:\Users\Андрей\Desktop\Хакатон\Размеченные\1.2.840.113619.2.110.512719.20250403090444\series_004_3_CR\DXA\CR DXA\2.25.272690031744216183651627058502316132741\series_002_2_CR\A2504373414 DXA\CR DXA\CR000006.dcm,1.2.840.113619.2.110.512719.20250403090444/series_004_3_CR/DXA/CR DXA/2.25.272690031744216183651627058502316132741/series_002_2_CR/A2504373414 DXA/CR DXA/CR000006.dcm,1.2.643.5.1.13.13.12.2.77.8252.07020101080211090714060800071015,2.25.272690031744216183651627058502316132741/series_002_2_CR/A2504373414 DXA/CR DXA/CR000006.dcm,SPINE,,,20260916161457.684601,uid_match
Размеченные,C:\Users\Андрей\Desktop\Хакатон\Размеченные\1.2.840.113619.2.110.512719.20250403090444\series_004_3_CR\DXA\CR DXA\2.25.272690031744216183651627058502316132741\series_002_2_CR\A2504373414 DXA\CR DXA\CR000007.dcm,1.2.840.113619.2.110.512719.20250403090444/series_004_3_CR/DXA/CR DXA/2.25.272690031744216183651627058502316132741/series_002_2_CR/A2504373414 DXA/CR DXA/CR000007.dcm,1.2.643.5.1.13.13.12.2.77.8252.10090104061310110414150206150115,2.25.272690031744216183651627058502316132741/series_002_2_CR/A2504373414 DXA/CR DXA/CR000007.dcm,LEG,,,20260916161505.323540,uid_match
Размеченные,C:\Users\Андрей\Desktop\Хакатон\Размеченные\1.2.840.113619.2.110.512719.20250403090444\series_004_3_CR\DXA\CR DXA\2.25.272690031744216183651627058502316132741\series_002_2_CR\A2504373414 DXA\CR DXA\CR000008.dcm,1.2.840.113619.2.110.512719.20250403090444/series_004_3_CR/DXA/CR DXA/2.25.272690031744216183651627058502316132741/series_002_2_CR/A2504373414 DXA/CR DXA/CR000008.dcm,1.2.643.5.1.13.13.12.2.77.8252.03130108120702021004141402130400,2.25.272690031744216183651627058502316132741/series_002_2_CR/A2504373414 DXA/CR DXA/CR000008.dcm,LEG,,,20260916161532.975536,uid_match
Размеченные,C:\Users\Андрей\Desktop\Хакатон\Размеченные\1.2.840.113619.2.110.512719.20250403090444\series_004_3_CR\DXA\CR DXA\2.25.272690031744216183651627058502316132741\series_002_2_CR\A2504373414 DXA\CR DXA\CR000009.dcm,1.2.840.113619.2.110.512719.20250403090444/series_004_3_CR/DXA/CR DXA/2.25.272690031744216183651627058502316132741/series_002_2_CR/A2504373414 DXA/CR DXA/CR000009.dcm,1.2.643.5.1.13.13.12.2.77.8252.05090009071111050211130101070710,2.25.272690031744216183651627058502316132741/series_002_2_CR/A2504373414 DXA/CR DXA/CR000009.dcm,SPINE,,,20260916161536.153142,uid_match
Размеченные,C:\Users\Андрей\Desktop\Хакатон\Размеченные\1.2.840.113619.2.110.512719.20250403090444\series_004_3_CR\DXA\CR DXA\2.25.272690031744216183651627058502316132741\series_002_2_CR\A2504373414 DXA\CR DXA\CR000010.dcm,1.2.840.113619.2.110.512719.20250403090444/series_004_3_CR/DXA/CR DXA/2.25.272690031744216183651627058502316132741/series_002_2_CR/A2504373414 DXA/CR DXA/CR000010.dcm,1.2.643.5.1.13.13.12.2.77.8252.06121304010102150202081301011406,2.25.272690031744216183651627058502316132741/series_002_2_CR/A2504373414 DXA/CR DXA/CR000010.dcm,LEG,,,20260916161538.132741,uid_match
Размеченные,C:\Users\Андрей\Desktop\Хакатон\Размеченные\1.2.840.113619.2.110.512719.20250403090444\series_004_3_CR\DXA\CR DXA\2.25.276415754443998872860614500027519740375\series_002_2_CR\A2504387089 DXA\CR DXA\CR000000.dcm,1.2.840.113619.2.110.512719.20250403090444/series_004_3_CR/DXA/CR DXA/2.25.276415754443998872860614500027519740375/series_002_2_CR/A2504387089 DXA/CR DXA/CR000000.dcm,1.2.643.5.1.13.13.12.2.77.8252.13000009090006001202001212051006,2.25.276415754443998872860614500027519740375/series_002_2_CR/A2504387089 DXA/CR DXA/CR000000.dcm,SPINE,,,20260916161541.940511,uid_match
Размеченные,C:\Users\Андрей\Desktop\Хакатон\Размеченные\1.2.840.113619.2.110.512719.20250403090444\series_004_3_CR\DXA\CR DXA\2.25.276415754443998872860614500027519740375\series_002_2_CR\A2504387089 DXA\CR DXA\CR000001.dcm,1.2.840.113619.2.110.512719.20250403090444/series_004_3_CR/DXA/CR DXA/2.25.276415754443998872860614500027519740375/series_002_2_CR/A2504387089 DXA/CR DXA/CR000001.dcm,1.2.643.5.1.13.13.12.2.77.8252.00080112010710030607090609070409,2.25.276415754443998872860614500027519740375/series_002_2_CR/A2504387089 DXA/CR DXA/CR000001.dcm,SPINE,,,20260916161543.608117,uid_match
Размеченные,C:\Users\Андрей\Desktop\Хакатон\Размеченные\1.2.840.113619.2.110.512719.20250403090444\series_004_3_CR\DXA\CR DXA\2.25.276415754443998872860614500027519740375\series_002_2_CR\A2504387089 DXA\CR DXA\CR000002.dcm,1.2.840.113619.2.110.512719.20250403090444/series_004_3_CR/DXA/CR DXA/2.25.276415754443998872860614500027519740375/series_002_2_CR/A2504387089 DXA/CR DXA/CR000002.dcm,1.2.643.5.1.13.13.12.2.77.8252.01080011050715071510151108031409,2.25.276415754443998872860614500027519740375/series_002_2_CR/A2504387089 DXA/CR DXA/CR000002.dcm,LEG,,,20260916161545.141680,uid_match
Размеченные,C:\Users\Андрей\Desktop\Хакатон\Размеченные\1.2.840.113619.2.110.512719.20250403090444\series_004_3_CR\DXA\CR DXA\2.25.276415754443998872860614500027519740375\series_002_2_CR\A2504387089 DXA\CR DXA\CR000003.dcm,1.2.840.113619.2.110.512719.20250403090444/series_004_3_CR/DXA/CR DXA/2.25.276415754443998872860614500027519740375/series_002_2_CR/A2504387089 DXA/CR DXA/CR000003.dcm,1.2.643.5.1.13.13.12.2.77.8252.12100615051100140712150704150801,2.25.276415754443998872860614500027519740375/series_002_2_CR/A2504387089 DXA/CR DXA/CR000003.dcm,LEG,,,20260916161546.629455,uid_match
Размеченные,C:\Users\Андрей\Desktop\Хакатон\Размеченные\1.2.840.113619.2.110.512719.20250403090444\series_004_3_CR\DXA\CR DXA\2.25.276415754443998872860614500027519740375\series_002_2_CR\A2504387089 DXA\CR DXA\CR000004.dcm,1.2.840.113619.2.110.512719.20250403090444/series_004_3_CR/DXA/CR DXA/2.25.276415754443998872860614500027519740375/series_002_2_CR/A2504387089 DXA/CR DXA/CR000004.dcm,1.2.643.5.1.13.13.12.2.77.8252.06120002061108140400041203121102,2.25.276415754443998872860614500027519740375/series_002_2_CR/A2504387089 DXA/CR DXA/CR000004.dcm,LEG,,,20260916161548.297528,uid_match
Размеченные,C:\Users\Андрей\Desktop\Хакатон\Размеченные\1.2.840.113619.2.110.512719.20250403090444\series_004_3_CR\DXA\CR DXA\2.25.276415754443998872860614500027519740375\series_002_2_CR\A2504387089 DXA\CR DXA\CR000005.dcm,1.2.840.113619.2.110.512719.20250403090444/series_004_3_CR/DXA/CR DXA/2.25.276415754443998872860614500027519740375/series_002_2_CR/A2504387089 DXA/CR DXA/CR000005.dcm,1.2.643.5.1.13.13.12.2.77.8252.15130815100101091501031008111015,2.25.276415754443998872860614500027519740375/series_002_2_CR/A2504387089 DXA/CR DXA/CR000005.dcm,LEG,,,20260916161550.467929,uid_match
Размеченные,C:\Users\Андрей\Desktop\Хакатон\Размеченные\1.2.840.113619.2.110.512719.20250403090444\series_004_3_CR\DXA\CR DXA\2.25.277752758923974029595977676354128739670\series_002_2_CR\A2504223752 DXA\CR DXA\CR000000.dcm,1.2.840.113619.2.110.512719.20250403090444/series_004_3_CR/DXA/CR DXA/2.25.277752758923974029595977676354128739670/series_002_2_CR/A2504223752 DXA/CR DXA/CR000000.dcm,1.2.643.5.1.13.13.12.2.77.8252.11140100091110050501140207060912,2.25.277752758923974029595977676354128739670/series_002_2_CR/A2504223752 DXA/CR DXA/CR000000.dcm,LEG,,,20260916161552.886455,uid_match
Размеченные,C:\Users\Андрей\Desktop\Хакатон\Размеченные\1.2.840.113619.2.110.512719.20250403090444\series_004_3_CR\DXA\CR DXA\2.25.277752758923974029595977676354128739670\series_002_2_CR\A2504223752 DXA\CR DXA\CR000001.dcm,1.2.840.113619.2.110.512719.20250403090444/series_004_3_CR/DXA/CR DXA/2.25.277752758923974029595977676354128739670/series_002_2_CR/A2504223752 DXA/CR DXA/CR000001.dcm,1.2.643.5.1.13.13.12.2.77.8252.05010011080903070300131415001403,2.25.277752758923974029595977676354128739670/series_002_2_CR/A2504223752 DXA/CR DXA/CR000001.dcm,LEG,,,20260916161554.614796,uid_match
Размеченные,C:\Users\Андрей\Desktop\Хакатон\Размеченные\1.2.840.113619.2.110.512719.20250403090444\series_004_3_CR\DXA\CR DXA\2.25.277752758923974029595977676354128739670\series_002_2_CR\A2504223752 DXA\CR DXA\CR000002.dcm,1.2.840.113619.2.110.512719.20250403090444/series_004_3_CR/DXA/CR DXA/2.25.277752758923974029595977676354128739670/series_002_2_CR/A2504223752 DXA/CR DXA/CR000002.dcm,1.2.643.5.1.13.13.12.2.77.8252.09010705011309010307011213150407,2.25.277752758923974029595977676354128739670/series_002_2_CR/A2504223752 DXA/CR DXA/CR000002.dcm,LEG,,,20260916161555.959274,uid_match
Размеченные,C:\Users\Андрей\Desktop\Хакатон\Размеченные\1.2.840.113619.2.110.512719.20250403090444\series_004_3_CR\DXA\CR DXA\2.25.277752758923974029595977676354128739670\series_002_2_CR\A2504223752 DXA\CR DXA\CR000003.dcm,1.2.840.113619.2.110.512719.20250403090444/series_004_3_CR/DXA/CR DXA/2.25.277752758923974029595977676354128739670/series_002_2_CR/A2504223752 DXA/CR DXA/CR000003.dcm,1.2.643.5.1.13.13.12.2.77.8252.05101415070003100803120514081507,2.25.277752758923974029595977676354128739670/series_002_2_CR/A2504223752 DXA/CR DXA/CR000003.dcm,LEG,,,20260916161558.467991,uid_match
Размеченные,C:\Users\Андрей\Desktop\Хакатон\Размеченные\1.2.840.113619.2.110.512719.20250403090444\series_004_3_CR\DXA\CR DXA\2.25.277752758923974029595977676354128739670\series_002_2_CR\A2504223752 DXA\CR DXA\CR000004.dcm,1.2.840.113619.2.110.512719.20250403090444/series_004_3_CR/DXA/CR DXA/2.25.277752758923974029595977676354128739670/series_002_2_CR/A2504223752 DXA/CR DXA/CR000004.dcm,1.2.643.5.1.13.13.12.2.77.8252.07090609050707040704081509101500,2.25.277752758923974029595977676354128739670/series_002_2_CR/A2504223752 DXA/CR DXA/CR000004.dcm,SPINE,,,20260916161600.507195,uid_match
Размеченные,C:\Users\Андрей\Desktop\Хакатон\Размеченные\1.2.840.113619.2.110.512719.20250403090444\series_004_3_CR\DXA\CR DXA\2.25.277752758923974029595977676354128739670\series_002_2_CR\A2504223752 DXA\CR DXA\CR000005.dcm,1.2.840.113619.2.110.512719.20250403090444/series_004_3_CR/DXA/CR DXA/2.25.277752758923974029595977676354128739670/series_002_2_CR/A2504223752 DXA/CR DXA/CR000005.dcm,1.2.643.5.1.13.13.12.2.77.8252.15080302090100001214141305071301,2.25.277752758923974029595977676354128739670/series_002_2_CR/A2504223752 DXA/CR DXA/CR000005.dcm,SPINE,,,20260916161607.169693,uid_match
Размеченные,C:\Users\Андрей\Desktop\Хакатон\Размеченные\1.2.840.113619.2.110.512719.20250403090444\series_004_3_CR\DXA\CR DXA\2.25.286999464611662854355201599068538813496\series_003_2_CR\A2504223477 DXA\CR DXA\CR000000.dcm,1.2.840.113619.2.110.512719.20250403090444/series_004_3_CR/DXA/CR DXA/2.25.286999464611662854355201599068538813496/series_003_2_CR/A2504223477 DXA/CR DXA/CR000000.dcm,1.2.643.5.1.13.13.12.2.77.8252.11091010090201121300090614051311,2.25.286999464611662854355201599068538813496/series_003_2_CR/A2504223477 DXA/CR DXA/CR000000.dcm,LEG,,,20260916161609.268615,uid_match
Размеченные,C:\Users\Андрей\Desktop\Хакатон\Размеченные\1.2.840.113619.2.110.512719.20250403090444\series_004_3_CR\DXA\CR DXA\2.25.286999464611662854355201599068538813496\series_003_2_CR\A2504223477 DXA\CR DXA\CR000001.dcm,1.2.840.113619.2.110.512719.20250403090444/series_004_3_CR/DXA/CR DXA/2.25.286999464611662854355201599068538813496/series_003_2_CR/A2504223477 DXA/CR DXA/CR000001.dcm,1.2.643.5.1.13.13.12.2.77.8252.02141512030209141106060309030501,2.25.286999464611662854355201599068538813496/series_003_2_CR/A2504223477 DXA/CR DXA/CR000001.dcm,SPINE,,,20260916161611.347546,uid_match
Размеченные,C:\Users\Андрей\Desktop\Хакатон\Размеченные\1.2.840.113619.2.110.512719.20250403090444\series_004_3_CR\DXA\CR DXA\2.25.286999464611662854355201599068538813496\series_003_2_CR\A2504223477 DXA\CR DXA\CR000002.dcm,1.2.840.113619.2.110.512719.20250403090444/series_004_3_CR/DXA/CR DXA/2.25.286999464611662854355201599068538813496/series_003_2_CR/A2504223477 DXA/CR DXA/CR000002.dcm,1.2.643.5.1.13.13.12.2.77.8252.15080906090913051107110915140103,2.25.286999464611662854355201599068538813496/series_003_2_CR/A2504223477 DXA/CR DXA/CR000002.dcm,LEG,,,20260916161658.533446,uid_match
Размеченные,C:\Users\Андрей\Desktop\Хакатон\Размеченные\1.2.840.113619.2.110.512719.20250403090444\series_004_3_CR\DXA\CR DXA\2.25.286999464611662854355201599068538813496\series_003_2_CR\A2504223477 DXA\CR DXA\CR000003.dcm,1.2.840.113619.2.110.512719.20250403090444/series_004_3_CR/DXA/CR DXA/2.25.286999464611662854355201599068538813496/series_003_2_CR/A2504223477 DXA/CR DXA/CR000003.dcm,1.2.643.5.1.13.13.12.2.77.8252.02060612071110031306070811070605,2.25.286999464611662854355201599068538813496/series_003_2_CR/A2504223477 DXA/CR DXA/CR000003.dcm,LEG,,,20260916161700.495879,uid_match
Размеченные,C:\Users\Андрей\Desktop\Хакатон\Размеченные\1.2.840.113619.2.110.512719.20250403090444\series_004_3_CR\DXA\CR DXA\2.25.286999464611662854355201599068538813496\series_003_2_CR\A2504223477 DXA\CR DXA\CR000004.dcm,1.2.840.113619.2.110.512719.20250403090444/series_004_3_CR/DXA/CR DXA/2.25.286999464611662854355201599068538813496/series_003_2_CR/A2504223477 DXA/CR DXA/CR000004.dcm,1.2.643.5.1.13.13.12.2.77.8252.08001013010106001102020015031109,2.25.286999464611662854355201599068538813496/series_003_2_CR/A2504223477 DXA/CR DXA/CR000004.dcm,SPINE,,,20260916161701.900422,uid_match
Размеченные,C:\Users\Андрей\Desktop\Хакатон\Размеченные\1.2.840.113619.2.110.512719.20250403090444\series_004_3_CR\DXA\CR DXA\2.25.286999464611662854355201599068538813496\series_003_2_CR\A2504223477 DXA\CR DXA\CR000005.dcm,1.2.840.113619.2.110.512719.20250403090444/series_004_3_CR/DXA/CR DXA/2.25.286999464611662854355201599068538813496/series_003_2_CR/A2504223477 DXA/CR DXA/CR000005.dcm,1.2.643.5.1.13.13.12.2.77.8252.11130511020109141404120604130811,2.25.286999464611662854355201599068538813496/series_003_2_CR/A2504223477 DXA/CR DXA/CR000005.dcm,LEG,,,20260916161703.725907,uid_match
Размеченные,C:\Users\Андрей\Desktop\Хакатон\Размеченные\1.2.840.113619.2.110.512719.20250403090444\series_004_3_CR\DXA\CR DXA\2.25.29638026465755240167985424461715024381\series_004_3_CR\A2504115579 DXA\CR DXA\CR000000.dcm,1.2.840.113619.2.110.512719.20250403090444/series_004_3_CR/DXA/CR DXA/2.25.29638026465755240167985424461715024381/series_004_3_CR/A2504115579 DXA/CR DXA/CR000000.dcm,1.2.643.5.1.13.13.12.2.77.8252.09040806151211060704090912150608,2.25.29638026465755240167985424461715024381/series_004_3_CR/A2504115579 DXA/CR DXA/CR000000.dcm,LEG,,,20260916161706.546540,uid_match
Размеченные,C:\Users\Андрей\Desktop\Хакатон\Размеченные\1.2.840.113619.2.110.512719.20250403090444\series_004_3_CR\DXA\CR DXA\2.25.29638026465755240167985424461715024381\series_004_3_CR\A2504115579 DXA\CR DXA\CR000001.dcm,1.2.840.113619.2.110.512719.20250403090444/series_004_3_CR/DXA/CR DXA/2.25.29638026465755240167985424461715024381/series_004_3_CR/A2504115579 DXA/CR DXA/CR000001.dcm,1.2.643.5.1.13.13.12.2.77.8252.12021011000615031102060001101203,2.25.29638026465755240167985424461715024381/series_004_3_CR/A2504115579 DXA/CR DXA/CR000001.dcm,SPINE,,,20260916161709.923216,uid_match
Размеченные,C:\Users\Андрей\Desktop\Хакатон\Размеченные\1.2.840.113619.2.110.512719.20250403090444\series_004_3_CR\DXA\CR DXA\2.25.29638026465755240167985424461715024381\series_004_3_CR\A2504115579 DXA\CR DXA\CR000002.dcm,1.2.840.113619.2.110.512719.20250403090444/series_004_3_CR/DXA/CR DXA/2.25.29638026465755240167985424461715024381/series_004_3_CR/A2504115579 DXA/CR DXA/CR000002.dcm,1.2.643.5.1.13.13.12.2.77.8252.11100504100006050214040402081303,2.25.29638026465755240167985424461715024381/series_004_3_CR/A2504115579 DXA/CR DXA/CR000002.dcm,LEG,,,20260916161711.713657,uid_match
Размеченные,C:\Users\Андрей\Desktop\Хакатон\Размеченные\1.2.840.113619.2.110.512719.20250403090444\series_004_3_CR\DXA\CR DXA\2.25.29638026465755240167985424461715024381\series_004_3_CR\A2504115579 DXA\CR DXA\CR000003.dcm,1.2.840.113619.2.110.512719.20250403090444/series_004_3_CR/DXA/CR DXA/2.25.29638026465755240167985424461715024381/series_004_3_CR/A2504115579 DXA/CR DXA/CR000003.dcm,1.2.643.5.1.13.13.12.2.77.8252.12090901030412121214030908040015,2.25.29638026465755240167985424461715024381/series_004_3_CR/A2504115579 DXA/CR DXA/CR000003.dcm,LEG,,,20260916161716.680928,uid_match
Размеченные,C:\Users\Андрей\Desktop\Хакатон\Размеченные\1.2.840.113619.2.110.512719.20250403090444\series_004_3_CR\DXA\CR DXA\2.25.306921081709806079165809721263236241032\series_002_2_CR\A2504381177 DXA\CR DXA\CR000000.dcm,1.2.840.113619.2.110.512719.20250403090444/series_004_3_CR/DXA/CR DXA/2.25.306921081709806079165809721263236241032/series_002_2_CR/A2504381177 DXA/CR DXA/CR000000.dcm,1.2.643.5.1.13.13.12.2.77.8252.05140704131104071313121101000313,2.25.306921081709806079165809721263236241032/series_002_2_CR/A2504381177 DXA/CR DXA/CR000000.dcm,SPINE,,,20260916161720.369487,uid_match
Размеченные,C:\Users\Андрей\Desktop\Хакатон\Размеченные\1.2.840.113619.2.110.512719.20250403090444\series_004_3_CR\DXA\CR DXA\2.25.307021710202910067378603383388989711646\series_004_2_CR\A2504110565 DXA\CR DXA\CR000000.dcm,1.2.840.113619.2.110.512719.20250403090444/series_004_3_CR/DXA/CR DXA/2.25.307021710202910067378603383388989711646/series_004_2_CR/A2504110565 DXA/CR DXA/CR000000.dcm,1.2.643.5.1.13.13.12.2.77.8252.10011315050807060809100706050011,2.25.307021710202910067378603383388989711646/series_004_2_CR/A2504110565 DXA/CR DXA/CR000000.dcm,SPINE,,,20260916161727.850877,uid_match
Размеченные,C:\Users\Андрей\Desktop\Хакатон\Размеченные\1.2.840.113619.2.110.512719.20250403090444\series_004_3_CR\DXA\CR DXA\2.25.307021710202910067378603383388989711646\series_004_2_CR\A2504110565 DXA\CR DXA\CR000001.dcm,1.2.840.113619.2.110.512719.20250403090444/series_004_3_CR/DXA/CR DXA/2.25.307021710202910067378603383388989711646/series_004_2_CR/A2504110565 DXA/CR DXA/CR000001.dcm,1.2.643.5.1.13.13.12.2.77.8252.12090115120005000603040515131409,2.25.307021710202910067378603383388989711646/series_004_2_CR/A2504110565 DXA/CR DXA/CR000001.dcm,LEG,,,20260916161730.659426,uid_match
Размеченные,C:\Users\Андрей\Desktop\Хакатон\Размеченные\1.2.840.113619.2.110.512719.20250403090444\series_004_3_CR\DXA\CR DXA\2.25.307021710202910067378603383388989711646\series_004_2_CR\A2504110565 DXA\CR DXA\CR000002.dcm,1.2.840.113619.2.110.512719.20250403090444/series_004_3_CR/DXA/CR DXA/2.25.307021710202910067378603383388989711646/series_004_2_CR/A2504110565 DXA/CR DXA/CR000002.dcm,1.2.643.5.1.13.13.12.2.77.8252.04030803131507080109070101120910,2.25.307021710202910067378603383388989711646/series_004_2_CR/A2504110565 DXA/CR DXA/CR000002.dcm,LEG,,,20260916161733.020811,uid_match
Размеченные,C:\Users\Андрей\Desktop\Хакатон\Размеченные\1.2.840.113619.2.110.512719.20250403090444\series_004_3_CR\DXA\CR DXA\2.25.307021710202910067378603383388989711646\series_004_2_CR\A2504110565 DXA\CR DXA\CR000003.dcm,1.2.840.113619.2.110.512719.20250403090444/series_004_3_CR/DXA/CR DXA/2.25.307021710202910067378603383388989711646/series_004_2_CR/A2504110565 DXA/CR DXA/CR000003.dcm,1.2.643.5.1.13.13.12.2.77.8252.08080707141115140509110700030200,2.25.307021710202910067378603383388989711646/series_004_2_CR/A2504110565 DXA/CR DXA/CR000003.dcm,LEG,,,20260916161736.803534,uid_match
Размеченные,C:\Users\Андрей\Desktop\Хакатон\Размеченные\1.2.840.113619.2.110.512719.20250403090444\series_004_3_CR\DXA\CR DXA\2.25.307021710202910067378603383388989711646\series_004_2_CR\A2504110565 DXA\CR DXA\CR000004.dcm,1.2.840.113619.2.110.512719.20250403090444/series_004_3_CR/DXA/CR DXA/2.25.307021710202910067378603383388989711646/series_004_2_CR/A2504110565 DXA/CR DXA/CR000004.dcm,1.2.643.5.1.13.13.12.2.77.8252.09020610121102091006070609000414,2.25.307021710202910067378603383388989711646/series_004_2_CR/A2504110565 DXA/CR DXA/CR000004.dcm,LEG,,,20260916161741.548350,uid_match
Размеченные,C:\Users\Андрей\Desktop\Хакатон\Размеченные\1.2.840.113619.2.110.512719.20250403090444\series_004_3_CR\DXA\CR DXA\2.25.307021710202910067378603383388989711646\series_004_2_CR\A2504110565 DXA\CR DXA\CR000005.dcm,1.2.840.113619.2.110.512719.20250403090444/series_004_3_CR/DXA/CR DXA/2.25.307021710202910067378603383388989711646/series_004_2_CR/A2504110565 DXA/CR DXA/CR000005.dcm,1.2.643.5.1.13.13.12.2.77.8252.09141210051000000105030213061514,2.25.307021710202910067378603383388989711646/series_004_2_CR/A2504110565 DXA/CR DXA/CR000005.dcm,LEG,,,20260916161744.112693,uid_match
Размеченные,C:\Users\Андрей\Desktop\Хакатон\Размеченные\1.2.840.113619.2.110.512719.20250403090444\series_004_3_CR\DXA\CR DXA\2.25.307021710202910067378603383388989711646\series_004_2_CR\A2504110565 DXA\CR DXA\CR000006.dcm,1.2.840.113619.2.110.512719.20250403090444/series_004_3_CR/DXA/CR DXA/2.25.307021710202910067378603383388989711646/series_004_2_CR/A2504110565 DXA/CR DXA/CR000006.dcm,1.2.643.5.1.13.13.12.2.77.8252.10030011090613091008080403130712,2.25.307021710202910067378603383388989711646/series_004_2_CR/A2504110565 DXA/CR DXA/CR000006.dcm,LEG,,,20260916161745.971398,uid_match
Размеченные,C:\Users\Андрей\Desktop\Хакатон\Размеченные\1.2.840.113619.2.110.512719.20250403090444\series_004_3_CR\DXA\CR DXA\2.25.307021710202910067378603383388989711646\series_004_2_CR\A2504110565 DXA\CR DXA\CR000007.dcm,1.2.840.113619.2.110.512719.20250403090444/series_004_3_CR/DXA/CR DXA/2.25.307021710202910067378603383388989711646/series_004_2_CR/A2504110565 DXA/CR DXA/CR000007.dcm,1.2.643.5.1.13.13.12.2.77.8252.10091201060313121514040903111108,2.25.307021710202910067378603383388989711646/series_004_2_CR/A2504110565 DXA/CR DXA/CR000007.dcm,LEG,,,20260916161748.365261,uid_match
Размеченные,C:\Users\Андрей\Desktop\Хакатон\Размеченные\1.2.840.113619.2.110.512719.20250403090444\series_004_3_CR\DXA\CR DXA\2.25.307021710202910067378603383388989711646\series_004_2_CR\A2504110565 DXA\CR DXA\CR000008.dcm,1.2.840.113619.2.110.512719.20250403090444/series_004_3_CR/DXA/CR DXA/2.25.307021710202910067378603383388989711646/series_004_2_CR/A2504110565 DXA/CR DXA/CR000008.dcm,1.2.643.5.1.13.13.12.2.77.8252.08061203141300041506070501101310,2.25.307021710202910067378603383388989711646/series_004_2_CR/A2504110565 DXA/CR DXA/CR000008.dcm,LEG,,,20260916161751.127221,uid_match
Размеченные,C:\Users\Андрей\Desktop\Хакатон\Размеченные\1.2.840.113619.2.110.512719.20250403090444\series_004_3_CR\DXA\CR DXA\2.25.307021710202910067378603383388989711646\series_004_2_CR\A2504110565 DXA\CR DXA\CR000009.dcm,1.2.840.113619.2.110.512719.20250403090444/series_004_3_CR/DXA/CR DXA/2.25.307021710202910067378603383388989711646/series_004_2_CR/A2504110565 DXA/CR DXA/CR000009.dcm,1.2.643.5.1.13.13.12.2.77.8252.01080203060404010906011511140504,2.25.307021710202910067378603383388989711646/series_004_2_CR/A2504110565 DXA/CR DXA/CR000009.dcm,LEG,,,20260916161753.105372,uid_match
Размеченные,C:\Users\Андрей\Desktop\Хакатон\Размеченные\1.2.840.113619.2.110.512719.20250403090444\series_004_3_CR\DXA\CR DXA\2.25.307021710202910067378603383388989711646\series_004_2_CR\A2504110565 DXA\CR DXA\CR000010.dcm,1.2.840.113619.2.110.512719.20250403090444/series_004_3_CR/DXA/CR DXA/2.25.307021710202910067378603383388989711646/series_004_2_CR/A2504110565 DXA/CR DXA/CR000010.dcm,1.2.643.5.1.13.13.12.2.77.8252.02020610071014010106090300080911,2.25.307021710202910067378603383388989711646/series_004_2_CR/A2504110565 DXA/CR DXA/CR000010.dcm,SPINE,,,20260916161757.590292,uid_match
Размеченные,C:\Users\Андрей\Desktop\Хакатон\Размеченные\1.2.840.113619.2.110.512719.20250403090444\series_004_3_CR\DXA\CR DXA\2.25.307021710202910067378603383388989711646\series_004_2_CR\A2504110565 DXA\CR DXA\CR000011.dcm,1.2.840.113619.2.110.512719.20250403090444/series_004_3_CR/DXA/CR DXA/2.25.307021710202910067378603383388989711646/series_004_2_CR/A2504110565 DXA/CR DXA/CR000011.dcm,1.2.643.5.1.13.13.12.2.77.8252.00041503151008120109091101041101,2.25.307021710202910067378603383388989711646/series_004_2_CR/A2504110565 DXA/CR DXA/CR000011.dcm,SPINE,,,20260916161800.053249,uid_match
Размеченные,C:\Users\Андрей\Desktop\Хакатон\Размеченные\1.2.840.113619.2.110.512719.20250403090444\series_004_3_CR\DXA\CR DXA\2.25.309085571913348252136520206003694446566\series_002_2_CR\A2504116267 DXA\CR DXA\CR000000.dcm,1.2.840.113619.2.110.512719.20250403090444/series_004_3_CR/DXA/CR DXA/2.25.309085571913348252136520206003694446566/series_002_2_CR/A2504116267 DXA/CR DXA/CR000000.dcm,1.2.643.5.1.13.13.12.2.77.8252.03121103130007121510030803050514,2.25.309085571913348252136520206003694446566/series_002_2_CR/A2504116267 DXA/CR DXA/CR000000.dcm,SPINE,,,20260916161802.484155,uid_match
Размеченные,C:\Users\Андрей\Desktop\Хакатон\Размеченные\1.2.840.113619.2.110.512719.20250403090444\series_004_3_CR\DXA\CR DXA\2.25.309085571913348252136520206003694446566\series_002_2_CR\A2504116267 DXA\CR DXA\CR000001.dcm,1.2.840.113619.2.110.512719.20250403090444/series_004_3_CR/DXA/CR DXA/2.25.309085571913348252136520206003694446566/series_002_2_CR/A2504116267 DXA/CR DXA/CR000001.dcm,1.2.643.5.1.13.13.12.2.77.8252.07070904150315000704031208001011,2.25.309085571913348252136520206003694446566/series_002_2_CR/A2504116267 DXA/CR DXA/CR000001.dcm,LEG,,,20260916161804.289803,uid_match
Размеченные,C:\Users\Андрей\Desktop\Хакатон\Размеченные\1.2.840.113619.2.110.512719.20250403090444\series_004_3_CR\DXA\CR DXA\2.25.309085571913348252136520206003694446566\series_002_2_CR\A2504116267 DXA\CR DXA\CR000002.dcm,1.2.840.113619.2.110.512719.20250403090444/series_004_3_CR/DXA/CR DXA/2.25.309085571913348252136520206003694446566/series_002_2_CR/A2504116267 DXA/CR DXA/CR000002.dcm,1.2.643.5.1.13.13.12.2.77.8252.09030700121011131209150303151015,2.25.309085571913348252136520206003694446566/series_002_2_CR/A2504116267 DXA/CR DXA/CR000002.dcm,LEG,,,20260916161805.949639,uid_match
Размеченные,C:\Users\Андрей\Desktop\Хакатон\Размеченные\1.2.840.113619.2.110.512719.20250403090444\series_004_3_CR\DXA\CR DXA\2.25.314147167453134440746270747484612743945\series_002_2_CR\A2504224780 DXA\CR DXA\CR000000.dcm,1.2.840.113619.2.110.512719.20250403090444/series_004_3_CR/DXA/CR DXA/2.25.314147167453134440746270747484612743945/series_002_2_CR/A2504224780 DXA/CR DXA/CR000000.dcm,1.2.643.5.1.13.13.12.2.77.8252.02000306061002040514101500000812,2.25.314147167453134440746270747484612743945/series_002_2_CR/A2504224780 DXA/CR DXA/CR000000.dcm,LEG,,,20260916161807.633353,uid_match
Размеченные,C:\Users\Андрей\Desktop\Хакатон\Размеченные\1.2.840.113619.2.110.512719.20250403090444\series_004_3_CR\DXA\CR DXA\2.25.314147167453134440746270747484612743945\series_002_2_CR\A2504224780 DXA\CR DXA\CR000001.dcm,1.2.840.113619.2.110.512719.20250403090444/series_004_3_CR/DXA/CR DXA/2.25.314147167453134440746270747484612743945/series_002_2_CR/A2504224780 DXA/CR DXA/CR000001.dcm,1.2.643.5.1.13.13.12.2.77.8252.01130904120915050401031210031001,2.25.314147167453134440746270747484612743945/series_002_2_CR/A2504224780 DXA/CR DXA/CR000001.dcm,LEG,,,20260916161809.242434,uid_match
Размеченные,C:\Users\Андрей\Desktop\Хакатон\Размеченные\1.2.840.113619.2.110.512719.20250403090444\series_004_3_CR\DXA\CR DXA\2.25.314147167453134440746270747484612743945\series_002_2_CR\A2504224780 DXA\CR DXA\CR000002.dcm,1.2.840.113619.2.110.512719.20250403090444/series_004_3_CR/DXA/CR DXA/2.25.314147167453134440746270747484612743945/series_002_2_CR/A2504224780 DXA/CR DXA/CR000002.dcm,1.2.643.5.1.13.13.12.2.77.8252.02120204101515130306021007150210,2.25.314147167453134440746270747484612743945/series_002_2_CR/A2504224780 DXA/CR DXA/CR000002.dcm,SPINE,,,20260916161811.180421,uid_match
Размеченные,C:\Users\Андрей\Desktop\Хакатон\Размеченные\1.2.840.113619.2.110.512719.20250403090444\series_004_3_CR\DXA\CR DXA\2.25.322202456901330781765399791024580391565\series_002_2_CR\A2504350020 DXA\CR DXA\CR000000.dcm,1.2.840.113619.2.110.512719.20250403090444/series_004_3_CR/DXA/CR DXA/2.25.322202456901330781765399791024580391565/series_002_2_CR/A2504350020 DXA/CR DXA/CR000000.dcm,1.2.643.5.1.13.13.12.2.77.8252.06061007030610120805010913100711,2.25.322202456901330781765399791024580391565/series_002_2_CR/A2504350020 DXA/CR DXA/CR000000.dcm,SPINE,,,20260916161848.974945,uid_match
Размеченные,C:\Users\Андрей\Desktop\Хакатон\Размеченные\1.2.840.113619.2.110.512719.20250403090444\series_004_3_CR\DXA\CR DXA\2.25.338439598607961312040815816824093323492\series_002_2_CR\A2504147124 DXA\CR DXA\CR000000.dcm,1.2.840.113619.2.110.512719.20250403090444/series_004_3_CR/DXA/CR DXA/2.25.338439598607961312040815816824093323492/series_002_2_CR/A2504147124 DXA/CR DXA/CR000000.dcm,1.2.643.5.1.13.13.12.2.77.8252.13110108131113110013070512051310,2.25.338439598607961312040815816824093323492/series_002_2_CR/A2504147124 DXA/CR DXA/CR000000.dcm,SPINE,,,20260916161850.914944,uid_match
Размеченные,C:\Users\Андрей\Desktop\Хакатон\Размеченные\1.2.840.113619.2.110.512719.20250403090444\series_004_3_CR\DXA\CR DXA\2.25.339027809107632348165171236474821772940\series_001_2_CR\A2504349642 DXA\CR DXA\CR000000.dcm,1.2.840.113619.2.110.512719.20250403090444/series_004_3_CR/DXA/CR DXA/2.25.339027809107632348165171236474821772940/series_001_2_CR/A2504349642 DXA/CR DXA/CR000000.dcm,1.2.643.5.1.13.13.12.2.77.8252.05111003151314100612100700031506,2.25.339027809107632348165171236474821772940/series_001_2_CR/A2504349642 DXA/CR DXA/CR000000.dcm,LEG,,,20260916161905.754151,uid_match
Размеченные,C:\Users\Андрей\Desktop\Хакатон\Размеченные\1.2.840.113619.2.110.512719.20250403090444\series_004_3_CR\DXA\CR DXA\2.25.339027809107632348165171236474821772940\series_001_2_CR\A2504349642 DXA\CR DXA\CR000001.dcm,1.2.840.113619.2.110.512719.20250403090444/series_004_3_CR/DXA/CR DXA/2.25.339027809107632348165171236474821772940/series_001_2_CR/A2504349642 DXA/CR DXA/CR000001.dcm,1.2.643.5.1.13.13.12.2.77.8252.04091012040015061107090014081504,2.25.339027809107632348165171236474821772940/series_001_2_CR/A2504349642 DXA/CR DXA/CR000001.dcm,SPINE,,,20260916161907.351222,uid_match
Размеченные,C:\Users\Андрей\Desktop\Хакатон\Размеченные\1.2.840.113619.2.110.512719.20250403090444\series_004_3_CR\DXA\CR DXA\2.25.339027809107632348165171236474821772940\series_001_2_CR\A2504349642 DXA\CR DXA\CR000002.dcm,1.2.840.113619.2.110.512719.20250403090444/series_004_3_CR/DXA/CR DXA/2.25.339027809107632348165171236474821772940/series_001_2_CR/A2504349642 DXA/CR DXA/CR000002.dcm,1.2.643.5.1.13.13.12.2.77.8252.11010912010413080807030107050600,2.25.339027809107632348165171236474821772940/series_001_2_CR/A2504349642 DXA/CR DXA/CR000002.dcm,LEG,,,20260916161909.034656,uid_match
Размеченные,C:\Users\Андрей\Desktop\Хакатон\Размеченные\1.2.840.113619.2.110.512719.20250403090444\series_004_3_CR\DXA\CR DXA\2.25.339027809107632348165171236474821772940\series_001_2_CR\A2504349642 DXA\CR DXA\CR000003.dcm,1.2.840.113619.2.110.512719.20250403090444/series_004_3_CR/DXA/CR DXA/2.25.339027809107632348165171236474821772940/series_001_2_CR/A2504349642 DXA/CR DXA/CR000003.dcm,1.2.643.5.1.13.13.12.2.77.8252.02060903061507111201080601150903,2.25.339027809107632348165171236474821772940/series_001_2_CR/A2504349642 DXA/CR DXA/CR000003.dcm,LEG,,,20260916161910.520276,uid_match
Размеченные,C:\Users\Андрей\Desktop\Хакатон\Размеченные\1.2.840.113619.2.110.512719.20250403090444\series_004_3_CR\DXA\CR DXA\2.25.339027809107632348165171236474821772940\series_001_2_CR\A2504349642 DXA\CR DXA\CR000004.dcm,1.2.840.113619.2.110.512719.20250403090444/series_004_3_CR/DXA/CR DXA/2.25.339027809107632348165171236474821772940/series_001_2_CR/A2504349642 DXA/CR DXA/CR000004.dcm,1.2.643.5.1.13.13.12.2.77.8252.09100506150509030310111310041309,2.25.339027809107632348165171236474821772940/series_001_2_CR/A2504349642 DXA/CR DXA/CR000004.dcm,SPINE,,,20260916161912.303589,uid_match
Размеченные,C:\Users\Андрей\Desktop\Хакатон\Размеченные\1.2.840.113619.2.110.512719.20250403090444\series_004_3_CR\DXA\CR DXA\2.25.339027809107632348165171236474821772940\series_001_2_CR\A2504349642 DXA\CR DXA\CR000005.dcm,1.2.840.113619.2.110.512719.20250403090444/series_004_3_CR/DXA/CR DXA/2.25.339027809107632348165171236474821772940/series_001_2_CR/A2504349642 DXA/CR DXA/CR000005.dcm,1.2.643.5.1.13.13.12.2.77.8252.02080414020805070003121215081311,2.25.339027809107632348165171236474821772940/series_001_2_CR/A2504349642 DXA/CR DXA/CR000005.dcm,LEG,,,20260916161914.923446,uid_match
Размеченные,C:\Users\Андрей\Desktop\Хакатон\Размеченные\1.2.840.113619.2.110.512719.20250403090444\series_004_3_CR\DXA\CR DXA\2.25.340839477910528898406207279980417945\series_001_2_CR\A2504224555 DXA Exam\CR DXA Images\CR000000.dcm,1.2.840.113619.2.110.512719.20250403090444/series_004_3_CR/DXA/CR DXA/2.25.340839477910528898406207279980417945/series_001_2_CR/A2504224555 DXA Exam/CR DXA Images/CR000000.dcm,1.2.643.5.1.13.13.12.2.77.8252.14120712151005010200040708001308,2.25.340839477910528898406207279980417945/series_001_2_CR/A2504224555 DXA Exam/CR DXA Images/CR000000.dcm,LEG,,,20260916161916.599246,uid_match
Размеченные,C:\Users\Андрей\Desktop\Хакатон\Размеченные\1.2.840.113619.2.110.512719.20250403090444\series_004_3_CR\DXA\CR DXA\2.25.340839477910528898406207279980417945\series_001_2_CR\A2504224555 DXA Exam\CR DXA Images\CR000001.dcm,1.2.840.113619.2.110.512719.20250403090444/series_004_3_CR/DXA/CR DXA/2.25.340839477910528898406207279980417945/series_001_2_CR/A2504224555 DXA Exam/CR DXA Images/CR000001.dcm,1.2.643.5.1.13.13.12.2.77.8252.05030701101012140702110704000714,2.25.340839477910528898406207279980417945/series_001_2_CR/A2504224555 DXA Exam/CR DXA Images/CR000001.dcm,LEG,,,20260916161920.436455,uid_match
Размеченные,C:\Users\Андрей\Desktop\Хакатон\Размеченные\1.2.840.113619.2.110.512719.20250403090444\series_004_3_CR\DXA\CR DXA\2.25.340839477910528898406207279980417945\series_001_2_CR\A2504224555 DXA Exam\CR DXA Images\CR000002.dcm,1.2.840.113619.2.110.512719.20250403090444/series_004_3_CR/DXA/CR DXA/2.25.340839477910528898406207279980417945/series_001_2_CR/A2504224555 DXA Exam/CR DXA Images/CR000002.dcm,1.2.643.5.1.13.13.12.2.77.8252.12111312010203070900101115051015,2.25.340839477910528898406207279980417945/series_001_2_CR/A2504224555 DXA Exam/CR DXA Images/CR000002.dcm,SPINE,,,20260916161922.310135,uid_match
Размеченные,C:\Users\Андрей\Desktop\Хакатон\Размеченные\1.2.840.113619.2.110.512719.20250403090444\series_004_3_CR\DXA\CR DXA\2.25.37515662379281069436632838996073181551\series_001_2_CR\A2504329840 DXA\CR DXA\CR000000.dcm,1.2.840.113619.2.110.512719.20250403090444/series_004_3_CR/DXA/CR DXA/2.25.37515662379281069436632838996073181551/series_001_2_CR/A2504329840 DXA/CR DXA/CR000000.dcm,1.2.643.5.1.13.13.12.2.77.8252.05001409080504151204111500000514,2.25.37515662379281069436632838996073181551/series_001_2_CR/A2504329840 DXA/CR DXA/CR000000.dcm,SPINE,,,20260916161925.067131,uid_match
Размеченные,C:\Users\Андрей\Desktop\Хакатон\Размеченные\1.2.840.113619.2.110.512719.20250403090444\series_004_3_CR\DXA\CR DXA\2.25.37515662379281069436632838996073181551\series_001_2_CR\A2504329840 DXA\CR DXA\CR000001.dcm,1.2.840.113619.2.110.512719.20250403090444/series_004_3_CR/DXA/CR DXA/2.25.37515662379281069436632838996073181551/series_001_2_CR/A2504329840 DXA/CR DXA/CR000001.dcm,1.2.643.5.1.13.13.12.2.77.8252.12090208061115110101131315120813,2.25.37515662379281069436632838996073181551/series_001_2_CR/A2504329840 DXA/CR DXA/CR000001.dcm,LEG,,,20260916161927.062321,uid_match
Размеченные,C:\Users\Андрей\Desktop\Хакатон\Размеченные\1.2.840.113619.2.110.512719.20250403090444\series_004_3_CR\DXA\CR DXA\2.25.37515662379281069436632838996073181551\series_001_2_CR\A2504329840 DXA\CR DXA\CR000002.dcm,1.2.840.113619.2.110.512719.20250403090444/series_004_3_CR/DXA/CR DXA/2.25.37515662379281069436632838996073181551/series_001_2_CR/A2504329840 DXA/CR DXA/CR000002.dcm,1.2.643.5.1.13.13.12.2.77.8252.08110803070615141513021414111001,2.25.37515662379281069436632838996073181551/series_001_2_CR/A2504329840 DXA/CR DXA/CR000002.dcm,LEG,,,20260916161928.884274,uid_match
Размеченные,C:\Users\Андрей\Desktop\Хакатон\Размеченные\1.2.840.113619.2.110.512719.20250403090444\series_004_3_CR\DXA\CR DXA\2.25.39068163399801173920284179500049527111\series_002_2_CR\A2504195842 DXA\CR DXA\CR000000.dcm,1.2.840.113619.2.110.512719.20250403090444/series_004_3_CR/DXA/CR DXA/2.25.39068163399801173920284179500049527111/series_002_2_CR/A2504195842 DXA/CR DXA/CR000000.dcm,1.2.643.5.1.13.13.12.2.77.8252.00030605020706130003080307080701,2.25.39068163399801173920284179500049527111/series_002_2_CR/A2504195842 DXA/CR DXA/CR000000.dcm,LEG,,,20260916161930.700947,uid_match
Размеченные,C:\Users\Андрей\Desktop\Хакатон\Размеченные\1.2.840.113619.2.110.512719.20250403090444\series_004_3_CR\DXA\CR DXA\2.25.39068163399801173920284179500049527111\series_002_2_CR\A2504195842 DXA\CR DXA\CR000001.dcm,1.2.840.113619.2.110.512719.20250403090444/series_004_3_CR/DXA/CR DXA/2.25.39068163399801173920284179500049527111/series_002_2_CR/A2504195842 DXA/CR DXA/CR000001.dcm,1.2.643.5.1.13.13.12.2.77.8252.07150610130411050211021514011106,2.25.39068163399801173920284179500049527111/series_002_2_CR/A2504195842 DXA/CR DXA/CR000001.dcm,LEG,,,20260916161932.173832,uid_match
Размеченные,C:\Users\Андрей\Desktop\Хакатон\Размеченные\1.2.840.113619.2.110.512719.20250403090444\series_004_3_CR\DXA\CR DXA\2.25.39068163399801173920284179500049527111\series_002_2_CR\A2504195842 DXA\CR DXA\CR000002.dcm,1.2.840.113619.2.110.512719.20250403090444/series_004_3_CR/DXA/CR DXA/2.25.39068163399801173920284179500049527111/series_002_2_CR/A2504195842 DXA/CR DXA/CR000002.dcm,1.2.643.5.1.13.13.12.2.77.8252.15141302131508150312140605060212,2.25.39068163399801173920284179500049527111/series_002_2_CR/A2504195842 DXA/CR DXA/CR000002.dcm,SPINE,,,20260916161933.882348,uid_match
Размеченные,C:\Users\Андрей\Desktop\Хакатон\Размеченные\1.2.840.113619.2.110.512719.20250403090444\series_004_3_CR\DXA\CR DXA\2.25.48906424954135283790354958243772558962\series_001_2_CR\A2504185596 DXA Exam\CR DXA Images\CR000000.dcm,1.2.840.113619.2.110.512719.20250403090444/series_004_3_CR/DXA/CR DXA/2.25.48906424954135283790354958243772558962/series_001_2_CR/A2504185596 DXA Exam/CR DXA Images/CR000000.dcm,1.2.643.5.1.13.13.12.2.77.8252.06080100090802110008000311010501,2.25.48906424954135283790354958243772558962/series_001_2_CR/A2504185596 DXA Exam/CR DXA Images/CR000000.dcm,LEG,,,20260916161935.979182,uid_match
Размеченные,C:\Users\Андрей\Desktop\Хакатон\Размеченные\1.2.840.113619.2.110.512719.20250403090444\series_004_3_CR\DXA\CR DXA\2.25.48906424954135283790354958243772558962\series_001_2_CR\A2504185596 DXA Exam\CR DXA Images\CR000001.dcm,1.2.840.113619.2.110.512719.20250403090444/series_004_3_CR/DXA/CR DXA/2.25.48906424954135283790354958243772558962/series_001_2_CR/A2504185596 DXA Exam/CR DXA Images/CR000001.dcm,1.2.643.5.1.13.13.12.2.77.8252.03010404051000131408111209140108,2.25.48906424954135283790354958243772558962/series_001_2_CR/A2504185596 DXA Exam/CR DXA Images/CR000001.dcm,LEG,,,20260916161937.892830,uid_match
Размеченные,C:\Users\Андрей\Desktop\Хакатон\Размеченные\1.2.840.113619.2.110.512719.20250403090444\series_004_3_CR\DXA\CR DXA\2.25.48906424954135283790354958243772558962\series_001_2_CR\A2504185596 DXA Exam\CR DXA Images\CR000002.dcm,1.2.840.113619.2.110.512719.20250403090444/series_004_3_CR/DXA/CR DXA/2.25.48906424954135283790354958243772558962/series_001_2_CR/A2504185596 DXA Exam/CR DXA Images/CR000002.dcm,1.2.643.5.1.13.13.12.2.77.8252.02031401091510001200041308031003,2.25.48906424954135283790354958243772558962/series_001_2_CR/A2504185596 DXA Exam/CR DXA Images/CR000002.dcm,SPINE,,,20260916161945.005704,uid_match
Размеченные,C:\Users\Андрей\Desktop\Хакатон\Размеченные\1.2.840.113619.2.110.512719.20250403090444\series_004_3_CR\DXA\CR DXA\2.25.52532476139575422857225834315571570912\series_001_2_CR\A2504247961 DXA\CR DXA\CR000000.dcm,1.2.840.113619.2.110.512719.20250403090444/series_004_3_CR/DXA/CR DXA/2.25.52532476139575422857225834315571570912/series_001_2_CR/A2504247961 DXA/CR DXA/CR000000.dcm,1.2.643.5.1.13.13.12.2.77.8252.07120809010109050202061111011110,2.25.52532476139575422857225834315571570912/series_001_2_CR/A2504247961 DXA/CR DXA/CR000000.dcm,SPINE,,,20260916161946.693394,uid_match
Размеченные,C:\Users\Андрей\Desktop\Хакатон\Размеченные\1.2.840.113619.2.110.512719.20250403090444\series_004_3_CR\DXA\CR DXA\2.25.52982400970721161435951723390541696819\series_001_2_CR\A2504331065 DXA\CR DXA\CR000000.dcm,1.2.840.113619.2.110.512719.20250403090444/series_004_3_CR/DXA/CR DXA/2.25.52982400970721161435951723390541696819/series_001_2_CR/A2504331065 DXA/CR DXA/CR000000.dcm,1.2.643.5.1.13.13.12.2.77.8252.07081506021006111207090213090701,2.25.52982400970721161435951723390541696819/series_001_2_CR/A2504331065 DXA/CR DXA/CR000000.dcm,LEG,,,20260916161948.827730,uid_match
Размеченные,C:\Users\Андрей\Desktop\Хакатон\Размеченные\1.2.840.113619.2.110.512719.20250403090444\series_004_3_CR\DXA\CR DXA\2.25.52982400970721161435951723390541696819\series_001_2_CR\A2504331065 DXA\CR DXA\CR000001.dcm,1.2.840.113619.2.110.512719.20250403090444/series_004_3_CR/DXA/CR DXA/2.25.52982400970721161435951723390541696819/series_001_2_CR/A2504331065 DXA/CR DXA/CR000001.dcm,1.2.643.5.1.13.13.12.2.77.8252.06001210040802120801060507001509,2.25.52982400970721161435951723390541696819/series_001_2_CR/A2504331065 DXA/CR DXA/CR000001.dcm,LEG,,,20260916161950.708255,uid_match
Размеченные,C:\Users\Андрей\Desktop\Хакатон\Размеченные\1.2.840.113619.2.110.512719.20250403090444\series_004_3_CR\DXA\CR DXA\2.25.52982400970721161435951723390541696819\series_001_2_CR\A2504331065 DXA\CR DXA\CR000002.dcm,1.2.840.113619.2.110.512719.20250403090444/series_004_3_CR/DXA/CR DXA/2.25.52982400970721161435951723390541696819/series_001_2_CR/A2504331065 DXA/CR DXA/CR000002.dcm,1.2.643.5.1.13.13.12.2.77.8252.02030504060005060505040905021305,2.25.52982400970721161435951723390541696819/series_001_2_CR/A2504331065 DXA/CR DXA/CR000002.dcm,SPINE,,,20260916161953.902976,uid_match
Размеченные,C:\Users\Андрей\Desktop\Хакатон\Размеченные\1.2.840.113619.2.110.512719.20250403090444\series_004_3_CR\DXA\CR DXA\2.25.52982400970721161435951723390541696819\series_001_2_CR\A2504331065 DXA\CR DXA\CR000003.dcm,1.2.840.113619.2.110.512719.20250403090444/series_004_3_CR/DXA/CR DXA/2.25.52982400970721161435951723390541696819/series_001_2_CR/A2504331065 DXA/CR DXA/CR000003.dcm,1.2.643.5.1.13.13.12.2.77.8252.15141212090108110812010201000904,2.25.52982400970721161435951723390541696819/series_001_2_CR/A2504331065 DXA/CR DXA/CR000003.dcm,LEG,,,20260916161956.183030,uid_match
Размеченные,C:\Users\Андрей\Desktop\Хакатон\Размеченные\1.2.840.113619.2.110.512719.20250403090444\series_004_3_CR\DXA\CR DXA\2.25.52982400970721161435951723390541696819\series_001_2_CR\A2504331065 DXA\CR DXA\CR000004.dcm,1.2.840.113619.2.110.512719.20250403090444/series_004_3_CR/DXA/CR DXA/2.25.52982400970721161435951723390541696819/series_001_2_CR/A2504331065 DXA/CR DXA/CR000004.dcm,1.2.643.5.1.13.13.12.2.77.8252.06130007090800051113070612071205,2.25.52982400970721161435951723390541696819/series_001_2_CR/A2504331065 DXA/CR DXA/CR000004.dcm,SPINE,,,20260916161957.719981,uid_match
Размеченные,C:\Users\Андрей\Desktop\Хакатон\Размеченные\1.2.840.113619.2.110.512719.20250403090444\series_004_3_CR\DXA\CR DXA\2.25.52982400970721161435951723390541696819\series_001_2_CR\A2504331065 DXA\CR DXA\CR000005.dcm,1.2.840.113619.2.110.512719.20250403090444/series_004_3_CR/DXA/CR DXA/2.25.52982400970721161435951723390541696819/series_001_2_CR/A2504331065 DXA/CR DXA/CR000005.dcm,1.2.643.5.1.13.13.12.2.77.8252.13060812000809140915061004151307,2.25.52982400970721161435951723390541696819/series_001_2_CR/A2504331065 DXA/CR DXA/CR000005.dcm,LEG,,,20260916161959.596757,uid_match
Размеченные,C:\Users\Андрей\Desktop\Хакатон\Размеченные\1.2.840.113619.2.110.512719.20250403090444\series_004_3_CR\DXA\CR DXA\2.25.52982400970721161435951723390541696819\series_001_2_CR\A2504331065 DXA\CR DXA\CR000006.dcm,1.2.840.113619.2.110.512719.20250403090444/series_004_3_CR/DXA/CR DXA/2.25.52982400970721161435951723390541696819/series_001_2_CR/A2504331065 DXA/CR DXA/CR000006.dcm,1.2.643.5.1.13.13.12.2.77.8252.14150614130710030701101012031106,2.25.52982400970721161435951723390541696819/series_001_2_CR/A2504331065 DXA/CR DXA/CR000006.dcm,LEG,,,20260916162001.099838,uid_match
Размеченные,C:\Users\Андрей\Desktop\Хакатон\Размеченные\1.2.840.113619.2.110.512719.20250403090444\series_004_3_CR\DXA\CR DXA\2.25.52982400970721161435951723390541696819\series_001_2_CR\A2504331065 DXA\CR DXA\CR000007.dcm,1.2.840.113619.2.110.512719.20250403090444/series_004_3_CR/DXA/CR DXA/2.25.52982400970721161435951723390541696819/series_001_2_CR/A2504331065 DXA/CR DXA/CR000007.dcm,1.2.643.5.1.13.13.12.2.77.8252.10071506040807070913151311141504,2.25.52982400970721161435951723390541696819/series_001_2_CR/A2504331065 DXA/CR DXA/CR000007.dcm,LEG,,,20260916162002.671816,uid_match
Размеченные,C:\Users\Андрей\Desktop\Хакатон\Размеченные\1.2.840.113619.2.110.512719.20250403090444\series_004_3_CR\DXA\CR DXA\2.25.54396839637320114639948764487283877793\series_003_2_CR\A2504111090 DXA\CR DXA\CR000000.dcm,1.2.840.113619.2.110.512719.20250403090444/series_004_3_CR/DXA/CR DXA/2.25.54396839637320114639948764487283877793/series_003_2_CR/A2504111090 DXA/CR DXA/CR000000.dcm,1.2.643.5.1.13.13.12.2.77.8252.02060605151213121009151302130207,2.25.54396839637320114639948764487283877793/series_003_2_CR/A2504111090 DXA/CR DXA/CR000000.dcm,SPINE,,,20260916162031.038477,uid_match
Размеченные,C:\Users\Андрей\Desktop\Хакатон\Размеченные\1.2.840.113619.2.110.512719.20250403090444\series_004_3_CR\DXA\CR DXA\2.25.59542620917302828428419211045951914336\series_001_2_CR\A2504303391 DXA\CR DXA\CR000000.dcm,1.2.840.113619.2.110.512719.20250403090444/series_004_3_CR/DXA/CR DXA/2.25.59542620917302828428419211045951914336/series_001_2_CR/A2504303391 DXA/CR DXA/CR000000.dcm,1.2.643.5.1.13.13.12.2.77.8252.07101010011513020401030213080905,2.25.59542620917302828428419211045951914336/series_001_2_CR/A2504303391 DXA/CR DXA/CR000000.dcm,SPINE,,,20260916162032.659246,uid_match
Размеченные,C:\Users\Андрей\Desktop\Хакатон\Размеченные\1.2.840.113619.2.110.512719.20250403090444\series_004_3_CR\DXA\CR DXA\2.25.65954778282254353457041255543338557112\series_004_3_CR\A2504246289 DXA\CR DXA\CR000000.dcm,1.2.840.113619.2.110.512719.20250403090444/series_004_3_CR/DXA/CR DXA/2.25.65954778282254353457041255543338557112/series_004_3_CR/A2504246289 DXA/CR DXA/CR000000.dcm,1.2.643.5.1.13.13.12.2.77.8252.11130315030911081202140406010814,2.25.65954778282254353457041255543338557112/series_004_3_CR/A2504246289 DXA/CR DXA/CR000000.dcm,LEG,,,20260916162034.086410,uid_match
Размеченные,C:\Users\Андрей\Desktop\Хакатон\Размеченные\1.2.840.113619.2.110.512719.20250403090444\series_004_3_CR\DXA\CR DXA\2.25.65954778282254353457041255543338557112\series_004_3_CR\A2504246289 DXA\CR DXA\CR000001.dcm,1.2.840.113619.2.110.512719.20250403090444/series_004_3_CR/DXA/CR DXA/2.25.65954778282254353457041255543338557112/series_004_3_CR/A2504246289 DXA/CR DXA/CR000001.dcm,1.2.643.5.1.13.13.12.2.77.8252.10000615050107010300151404090301,2.25.65954778282254353457041255543338557112/series_004_3_CR/A2504246289 DXA/CR DXA/CR000001.dcm,LEG,,,20260916162039.104365,uid_match
Размеченные,C:\Users\Андрей\Desktop\Хакатон\Размеченные\1.2.840.113619.2.110.512719.20250403090444\series_004_3_CR\DXA\CR DXA\2.25.65954778282254353457041255543338557112\series_004_3_CR\A2504246289 DXA\CR DXA\CR000002.dcm,1.2.840.113619.2.110.512719.20250403090444/series_004_3_CR/DXA/CR DXA/2.25.65954778282254353457041255543338557112/series_004_3_CR/A2504246289 DXA/CR DXA/CR000002.dcm,1.2.643.5.1.13.13.12.2.77.8252.05111111030105140803060510040613,2.25.65954778282254353457041255543338557112/series_004_3_CR/A2504246289 DXA/CR DXA/CR000002.dcm,SPINE,,,20260916162040.725147,uid_match
Размеченные,C:\Users\Андрей\Desktop\Хакатон\Размеченные\1.2.840.113619.2.110.512719.20250403090444\series_004_3_CR\DXA\CR DXA\2.25.66397484472966116002950503539482860450\series_001_2_CR\A2504194637 DXA\CR DXA\CR000000.dcm,1.2.840.113619.2.110.512719.20250403090444/series_004_3_CR/DXA/CR DXA/2.25.66397484472966116002950503539482860450/series_001_2_CR/A2504194637 DXA/CR DXA/CR000000.dcm,1.2.643.5.1.13.13.12.2.77.8252.02091011000006010704070004091411,2.25.66397484472966116002950503539482860450/series_001_2_CR/A2504194637 DXA/CR DXA/CR000000.dcm,LEG,,,20260916162042.731164,uid_match
Размеченные,C:\Users\Андрей\Desktop\Хакатон\Размеченные\1.2.840.113619.2.110.512719.20250403090444\series_004_3_CR\DXA\CR DXA\2.25.66397484472966116002950503539482860450\series_001_2_CR\A2504194637 DXA\CR DXA\CR000001.dcm,1.2.840.113619.2.110.512719.20250403090444/series_004_3_CR/DXA/CR DXA/2.25.66397484472966116002950503539482860450/series_001_2_CR/A2504194637 DXA/CR DXA/CR000001.dcm,1.2.643.5.1.13.13.12.2.77.8252.08151215001015040112061102060812,2.25.66397484472966116002950503539482860450/series_001_2_CR/A2504194637 DXA/CR DXA/CR000001.dcm,LEG,,,20260916162044.372462,uid_match
Размеченные,C:\Users\Андрей\Desktop\Хакатон\Размеченные\1.2.840.113619.2.110.512719.20250403090444\series_004_3_CR\DXA\CR DXA\2.25.66397484472966116002950503539482860450\series_001_2_CR\A2504194637 DXA\CR DXA\CR000002.dcm,1.2.840.113619.2.110.512719.20250403090444/series_004_3_CR/DXA/CR DXA/2.25.66397484472966116002950503539482860450/series_001_2_CR/A2504194637 DXA/CR DXA/CR000002.dcm,1.2.643.5.1.13.13.12.2.77.8252.03111115071204110106020413091215,2.25.66397484472966116002950503539482860450/series_001_2_CR/A2504194637 DXA/CR DXA/CR000002.dcm,LEG,,,20260916162046.026757,uid_match
Размеченные,C:\Users\Андрей\Desktop\Хакатон\Размеченные\1.2.840.113619.2.110.512719.20250403090444\series_004_3_CR\DXA\CR DXA\2.25.66397484472966116002950503539482860450\series_001_2_CR\A2504194637 DXA\CR DXA\CR000003.dcm,1.2.840.113619.2.110.512719.20250403090444/series_004_3_CR/DXA/CR DXA/2.25.66397484472966116002950503539482860450/series_001_2_CR/A2504194637 DXA/CR DXA/CR000003.dcm,1.2.643.5.1.13.13.12.2.77.8252.08021214010408050013070405100802,2.25.66397484472966116002950503539482860450/series_001_2_CR/A2504194637 DXA/CR DXA/CR000003.dcm,LEG,,,20260916162047.481986,uid_match
Размеченные,C:\Users\Андрей\Desktop\Хакатон\Размеченные\1.2.840.113619.2.110.512719.20250403090444\series_004_3_CR\DXA\CR DXA\2.25.66397484472966116002950503539482860450\series_001_2_CR\A2504194637 DXA\CR DXA\CR000004.dcm,1.2.840.113619.2.110.512719.20250403090444/series_004_3_CR/DXA/CR DXA/2.25.66397484472966116002950503539482860450/series_001_2_CR/A2504194637 DXA/CR DXA/CR000004.dcm,1.2.643.5.1.13.13.12.2.77.8252.01011407000709010910090115010000,2.25.66397484472966116002950503539482860450/series_001_2_CR/A2504194637 DXA/CR DXA/CR000004.dcm,SPINE,,,20260916162048.895427,uid_match
Размеченные,C:\Users\Андрей\Desktop\Хакатон\Размеченные\1.2.840.113619.2.110.512719.20250403090444\series_004_3_CR\DXA\CR DXA\2.25.66397484472966116002950503539482860450\series_001_2_CR\A2504194637 DXA\CR DXA\CR000005.dcm,1.2.840.113619.2.110.512719.20250403090444/series_004_3_CR/DXA/CR DXA/2.25.66397484472966116002950503539482860450/series_001_2_CR/A2504194637 DXA/CR DXA/CR000005.dcm,1.2.643.5.1.13.13.12.2.77.8252.15121501030904011113060500050403,2.25.66397484472966116002950503539482860450/series_001_2_CR/A2504194637 DXA/CR DXA/CR000005.dcm,LEG,,,20260916162104.863203,uid_match
Размеченные,C:\Users\Андрей\Desktop\Хакатон\Размеченные\1.2.840.113619.2.110.512719.20250403090444\series_004_3_CR\DXA\CR DXA\2.25.66397484472966116002950503539482860450\series_001_2_CR\A2504194637 DXA\CR DXA\CR000006.dcm,1.2.840.113619.2.110.512719.20250403090444/series_004_3_CR/DXA/CR DXA/2.25.66397484472966116002950503539482860450/series_001_2_CR/A2504194637 DXA/CR DXA/CR000006.dcm,1.2.643.5.1.13.13.12.2.77.8252.10040310131315131311011115051512,2.25.66397484472966116002950503539482860450/series_001_2_CR/A2504194637 DXA/CR DXA/CR000006.dcm,LEG,,,20260916162106.596254,uid_match
Размеченные,C:\Users\Андрей\Desktop\Хакатон\Размеченные\1.2.840.113619.2.110.512719.20250403090444\series_004_3_CR\DXA\CR DXA\2.25.66397484472966116002950503539482860450\series_001_2_CR\A2504194637 DXA\CR DXA\CR000007.dcm,1.2.840.113619.2.110.512719.20250403090444/series_004_3_CR/DXA/CR DXA/2.25.66397484472966116002950503539482860450/series_001_2_CR/A2504194637 DXA/CR DXA/CR000007.dcm,1.2.643.5.1.13.13.12.2.77.8252.13130501101110040009090201091209,2.25.66397484472966116002950503539482860450/series_001_2_CR/A2504194637 DXA/CR DXA/CR000007.dcm,LEG,,,20260916162108.945329,uid_match
Размеченные,C:\Users\Андрей\Desktop\Хакатон\Размеченные\1.2.840.113619.2.110.512719.20250403090444\series_004_3_CR\DXA\CR DXA\2.25.66397484472966116002950503539482860450\series_001_2_CR\A2504194637 DXA\CR DXA\CR000008.dcm,1.2.840.113619.2.110.512719.20250403090444/series_004_3_CR/DXA/CR DXA/2.25.66397484472966116002950503539482860450/series_001_2_CR/A2504194637 DXA/CR DXA/CR000008.dcm,1.2.643.5.1.13.13.12.2.77.8252.15080405040711111211130015010914,2.25.66397484472966116002950503539482860450/series_001_2_CR/A2504194637 DXA/CR DXA/CR000008.dcm,SPINE,,,20260916162110.306037,uid_match
Размеченные,C:\Users\Андрей\Desktop\Хакатон\Размеченные\1.2.840.113619.2.110.512719.20250403090444\series_004_3_CR\DXA\CR DXA\2.25.66397484472966116002950503539482860450\series_001_2_CR\A2504194637 DXA\CR DXA\CR000009.dcm,1.2.840.113619.2.110.512719.20250403090444/series_004_3_CR/DXA/CR DXA/2.25.66397484472966116002950503539482860450/series_001_2_CR/A2504194637 DXA/CR DXA/CR000009.dcm,1.2.643.5.1.13.13.12.2.77.8252.00121200081108110912041503010000,2.25.66397484472966116002950503539482860450/series_001_2_CR/A2504194637 DXA/CR DXA/CR000009.dcm,SPINE,,,20260916162112.032752,uid_match
Размеченные,C:\Users\Андрей\Desktop\Хакатон\Размеченные\1.2.840.113619.2.110.512719.20250403090444\series_004_3_CR\DXA\CR DXA\2.25.66397484472966116002950503539482860450\series_001_2_CR\A2504194637 DXA\CR DXA\CR000010.dcm,1.2.840.113619.2.110.512719.20250403090444/series_004_3_CR/DXA/CR DXA/2.25.66397484472966116002950503539482860450/series_001_2_CR/A2504194637 DXA/CR DXA/CR000010.dcm,1.2.643.5.1.13.13.12.2.77.8252.10080308141508151114100414150301,2.25.66397484472966116002950503539482860450/series_001_2_CR/A2504194637 DXA/CR DXA/CR000010.dcm,LEG,,,20260916162118.179797,uid_match
Размеченные,C:\Users\Андрей\Desktop\Хакатон\Размеченные\1.2.840.113619.2.110.512719.20250403090444\series_004_3_CR\DXA\CR DXA\2.25.73070100851377917031356937075051545239\series_002_2_CR\A2504239110 DXA\CR DXA\CR000000.dcm,1.2.840.113619.2.110.512719.20250403090444/series_004_3_CR/DXA/CR DXA/2.25.73070100851377917031356937075051545239/series_002_2_CR/A2504239110 DXA/CR DXA/CR000000.dcm,1.2.643.5.1.13.13.12.2.77.8252.00031305050707070014000611130907,2.25.73070100851377917031356937075051545239/series_002_2_CR/A2504239110 DXA/CR DXA/CR000000.dcm,LEG,,,20260916162119.766288,uid_match
Размеченные,C:\Users\Андрей\Desktop\Хакатон\Размеченные\1.2.840.113619.2.110.512719.20250403090444\series_004_3_CR\DXA\CR DXA\2.25.73070100851377917031356937075051545239\series_002_2_CR\A2504239110 DXA\CR DXA\CR000001.dcm,1.2.840.113619.2.110.512719.20250403090444/series_004_3_CR/DXA/CR DXA/2.25.73070100851377917031356937075051545239/series_002_2_CR/A2504239110 DXA/CR DXA/CR000001.dcm,1.2.643.5.1.13.13.12.2.77.8252.09110310111109140609041514031010,2.25.73070100851377917031356937075051545239/series_002_2_CR/A2504239110 DXA/CR DXA/CR000001.dcm,LEG,,,20260916162121.727884,uid_match
Размеченные,C:\Users\Андрей\Desktop\Хакатон\Размеченные\1.2.840.113619.2.110.512719.20250403090444\series_004_3_CR\DXA\CR DXA\2.25.73070100851377917031356937075051545239\series_002_2_CR\A2504239110 DXA\CR DXA\CR000002.dcm,1.2.840.113619.2.110.512719.20250403090444/series_004_3_CR/DXA/CR DXA/2.25.73070100851377917031356937075051545239/series_002_2_CR/A2504239110 DXA/CR DXA/CR000002.dcm,1.2.643.5.1.13.13.12.2.77.8252.03041015000108071402071509131313,2.25.73070100851377917031356937075051545239/series_002_2_CR/A2504239110 DXA/CR DXA/CR000002.dcm,SPINE,,,20260916162123.922296,uid_match
Размеченные,C:\Users\Андрей\Desktop\Хакатон\Размеченные\1.2.840.113619.2.110.512719.20250403090444\series_004_3_CR\DXA\CR DXA\2.25.73070100851377917031356937075051545239\series_002_2_CR\A2504239110 DXA\CR DXA\CR000003.dcm,1.2.840.113619.2.110.512719.20250403090444/series_004_3_CR/DXA/CR DXA/2.25.73070100851377917031356937075051545239/series_002_2_CR/A2504239110 DXA/CR DXA/CR000003.dcm,1.2.643.5.1.13.13.12.2.77.8252.07150604010711031305090702140107,2.25.73070100851377917031356937075051545239/series_002_2_CR/A2504239110 DXA/CR DXA/CR000003.dcm,SPINE,,,20260916162127.289075,uid_match
Размеченные,C:\Users\Андрей\Desktop\Хакатон\Размеченные\1.2.840.113619.2.110.512719.20250403090444\series_004_3_CR\DXA\CR DXA\2.25.73070100851377917031356937075051545239\series_002_2_CR\A2504239110 DXA\CR DXA\CR000004.dcm,1.2.840.113619.2.110.512719.20250403090444/series_004_3_CR/DXA/CR DXA/2.25.73070100851377917031356937075051545239/series_002_2_CR/A2504239110 DXA/CR DXA/CR000004.dcm,1.2.643.5.1.13.13.12.2.77.8252.13090506040311041500070413151313,2.25.73070100851377917031356937075051545239/series_002_2_CR/A2504239110 DXA/CR DXA/CR000004.dcm,LEG,,,20260916162129.329996,uid_match
Размеченные,C:\Users\Андрей\Desktop\Хакатон\Размеченные\1.2.840.113619.2.110.512719.20250403090444\series_004_3_CR\DXA\CR DXA\2.25.73070100851377917031356937075051545239\series_002_2_CR\A2504239110 DXA\CR DXA\CR000005.dcm,1.2.840.113619.2.110.512719.20250403090444/series_004_3_CR/DXA/CR DXA/2.25.73070100851377917031356937075051545239/series_002_2_CR/A2504239110 DXA/CR DXA/CR000005.dcm,1.2.643.5.1.13.13.12.2.77.8252.12110509121413070408000802041201,2.25.73070100851377917031356937075051545239/series_002_2_CR/A2504239110 DXA/CR DXA/CR000005.dcm,LEG,,,20260916162139.437657,uid_match
Размеченные,C:\Users\Андрей\Desktop\Хакатон\Размеченные\1.2.840.113619.2.110.512719.20250403090444\series_004_3_CR\DXA\CR DXA\2.25.76710355977373089612172037086913478687\series_002_3_CR\A2504104830 DXA\CR DXA\CR000000.dcm,1.2.840.113619.2.110.512719.20250403090444/series_004_3_CR/DXA/CR DXA/2.25.76710355977373089612172037086913478687/series_002_3_CR/A2504104830 DXA/CR DXA/CR000000.dcm,1.2.643.5.1.13.13.12.2.77.8252.14130302090906050506100315000611,2.25.76710355977373089612172037086913478687/series_002_3_CR/A2504104830 DXA/CR DXA/CR000000.dcm,LEG,,,20260916162142.205610,uid_match
Размеченные,C:\Users\Андрей\Desktop\Хакатон\Размеченные\1.2.840.113619.2.110.512719.20250403090444\series_004_3_CR\DXA\CR DXA\2.25.76710355977373089612172037086913478687\series_002_3_CR\A2504104830 DXA\CR DXA\CR000001.dcm,1.2.840.113619.2.110.512719.20250403090444/series_004_3_CR/DXA/CR DXA/2.25.76710355977373089612172037086913478687/series_002_3_CR/A2504104830 DXA/CR DXA/CR000001.dcm,1.2.643.5.1.13.13.12.2.77.8252.06151311061015011100110511080701,2.25.76710355977373089612172037086913478687/series_002_3_CR/A2504104830 DXA/CR DXA/CR000001.dcm,SPINE,,,20260916162143.996902,uid_match
Размеченные,C:\Users\Андрей\Desktop\Хакатон\Размеченные\1.2.840.113619.2.110.512719.20250403090444\series_004_3_CR\DXA\CR DXA\2.25.76710355977373089612172037086913478687\series_002_3_CR\A2504104830 DXA\CR DXA\CR000002.dcm,1.2.840.113619.2.110.512719.20250403090444/series_004_3_CR/DXA/CR DXA/2.25.76710355977373089612172037086913478687/series_002_3_CR/A2504104830 DXA/CR DXA/CR000002.dcm,1.2.643.5.1.13.13.12.2.77.8252.02050808061207030811150709091509,2.25.76710355977373089612172037086913478687/series_002_3_CR/A2504104830 DXA/CR DXA/CR000002.dcm,LEG,,,20260916162156.222338,uid_match
Размеченные,C:\Users\Андрей\Desktop\Хакатон\Размеченные\1.2.840.113619.2.110.512719.20250403090444\series_004_3_CR\DXA\CR DXA\2.25.78999454687125053757525542837745968726\series_004_3_CR\A2504222617 DXA\CR DXA\CR000000.dcm,1.2.840.113619.2.110.512719.20250403090444/series_004_3_CR/DXA/CR DXA/2.25.78999454687125053757525542837745968726/series_004_3_CR/A2504222617 DXA/CR DXA/CR000000.dcm,1.2.643.5.1.13.13.12.2.77.8252.05120913001500151408091003040415,2.25.78999454687125053757525542837745968726/series_004_3_CR/A2504222617 DXA/CR DXA/CR000000.dcm,LEG,,,20260916162159.285632,uid_match
Размеченные,C:\Users\Андрей\Desktop\Хакатон\Размеченные\1.2.840.113619.2.110.512719.20250403090444\series_004_3_CR\DXA\CR DXA\2.25.78999454687125053757525542837745968726\series_004_3_CR\A2504222617 DXA\CR DXA\CR000001.dcm,1.2.840.113619.2.110.512719.20250403090444/series_004_3_CR/DXA/CR DXA/2.25.78999454687125053757525542837745968726/series_004_3_CR/A2504222617 DXA/CR DXA/CR000001.dcm,1.2.643.5.1.13.13.12.2.77.8252.07150713040501120002001009141410,2.25.78999454687125053757525542837745968726/series_004_3_CR/A2504222617 DXA/CR DXA/CR000001.dcm,LEG,,,20260916162201.643007,uid_match
Размеченные,C:\Users\Андрей\Desktop\Хакатон\Размеченные\1.2.840.113619.2.110.512719.20250403090444\series_004_3_CR\DXA\CR DXA\2.25.78999454687125053757525542837745968726\series_004_3_CR\A2504222617 DXA\CR DXA\CR000002.dcm,1.2.840.113619.2.110.512719.20250403090444/series_004_3_CR/DXA/CR DXA/2.25.78999454687125053757525542837745968726/series_004_3_CR/A2504222617 DXA/CR DXA/CR000002.dcm,1.2.643.5.1.13.13.12.2.77.8252.11011500050713141305050211140308,2.25.78999454687125053757525542837745968726/series_004_3_CR/A2504222617 DXA/CR DXA/CR000002.dcm,SPINE,,,20260916162210.853417,uid_match
Размеченные,C:\Users\Андрей\Desktop\Хакатон\Размеченные\1.2.840.113619.2.110.512719.20250403090444\series_004_3_CR\DXA\CR DXA\2.25.82912555346523716720160717883917565880\series_002_2_CR\A2504149480 DXA\CR DXA\CR000000.dcm,1.2.840.113619.2.110.512719.20250403090444/series_004_3_CR/DXA/CR DXA/2.25.82912555346523716720160717883917565880/series_002_2_CR/A2504149480 DXA/CR DXA/CR000000.dcm,1.2.643.5.1.13.13.12.2.77.8252.15121403061107000609060400100413,2.25.82912555346523716720160717883917565880/series_002_2_CR/A2504149480 DXA/CR DXA/CR000000.dcm,LEG,,,20260916162217.739685,uid_match
Размеченные,C:\Users\Андрей\Desktop\Хакатон\Размеченные\1.2.840.113619.2.110.512719.20250403090444\series_004_3_CR\DXA\CR DXA\2.25.82912555346523716720160717883917565880\series_002_2_CR\A2504149480 DXA\CR DXA\CR000001.dcm,1.2.840.113619.2.110.512719.20250403090444/series_004_3_CR/DXA/CR DXA/2.25.82912555346523716720160717883917565880/series_002_2_CR/A2504149480 DXA/CR DXA/CR000001.dcm,1.2.643.5.1.13.13.12.2.77.8252.14111212050609060202121515040103,2.25.82912555346523716720160717883917565880/series_002_2_CR/A2504149480 DXA/CR DXA/CR000001.dcm,SPINE,,,20260916162221.710926,uid_match
Размеченные,C:\Users\Андрей\Desktop\Хакатон\Размеченные\1.2.840.113619.2.110.512719.20250403090444\series_004_3_CR\DXA\CR DXA\2.25.82912555346523716720160717883917565880\series_002_2_CR\A2504149480 DXA\CR DXA\CR000002.dcm,1.2.840.113619.2.110.512719.20250403090444/series_004_3_CR/DXA/CR DXA/2.25.82912555346523716720160717883917565880/series_002_2_CR/A2504149480 DXA/CR DXA/CR000002.dcm,1.2.643.5.1.13.13.12.2.77.8252.07130510130614040904060413131200,2.25.82912555346523716720160717883917565880/series_002_2_CR/A2504149480 DXA/CR DXA/CR000002.dcm,LEG,,,20260916162223.491743,uid_match
Размеченные,C:\Users\Андрей\Desktop\Хакатон\Размеченные\1.2.840.113619.2.110.512719.20250403090444\series_004_3_CR\DXA\CR DXA\2.25.82912555346523716720160717883917565880\series_002_2_CR\A2504149480 DXA\CR DXA\CR000003.dcm,1.2.840.113619.2.110.512719.20250403090444/series_004_3_CR/DXA/CR DXA/2.25.82912555346523716720160717883917565880/series_002_2_CR/A2504149480 DXA/CR DXA/CR000003.dcm,1.2.643.5.1.13.13.12.2.77.8252.06060810060308150905140912050013,2.25.82912555346523716720160717883917565880/series_002_2_CR/A2504149480 DXA/CR DXA/CR000003.dcm,LEG,,,20260916162225.589306,uid_match
Размеченные,C:\Users\Андрей\Desktop\Хакатон\Размеченные\1.2.840.113619.2.110.512719.20250403090444\series_004_3_CR\DXA\CR DXA\2.25.82912555346523716720160717883917565880\series_002_2_CR\A2504149480 DXA\CR DXA\CR000004.dcm,1.2.840.113619.2.110.512719.20250403090444/series_004_3_CR/DXA/CR DXA/2.25.82912555346523716720160717883917565880/series_002_2_CR/A2504149480 DXA/CR DXA/CR000004.dcm,1.2.643.5.1.13.13.12.2.77.8252.13130903011502030304101506090814,2.25.82912555346523716720160717883917565880/series_002_2_CR/A2504149480 DXA/CR DXA/CR000004.dcm,LEG,,,20260916162227.197012,uid_match
Размеченные,C:\Users\Андрей\Desktop\Хакатон\Размеченные\1.2.840.113619.2.110.512719.20250403090444\series_004_3_CR\DXA\CR DXA\2.25.82912555346523716720160717883917565880\series_002_2_CR\A2504149480 DXA\CR DXA\CR000005.dcm,1.2.840.113619.2.110.512719.20250403090444/series_004_3_CR/DXA/CR DXA/2.25.82912555346523716720160717883917565880/series_002_2_CR/A2504149480 DXA/CR DXA/CR000005.dcm,1.2.643.5.1.13.13.12.2.77.8252.15001111061311011106030303001309,2.25.82912555346523716720160717883917565880/series_002_2_CR/A2504149480 DXA/CR DXA/CR000005.dcm,SPINE,,,20260916162228.768868,uid_match
Размеченные,C:\Users\Андрей\Desktop\Хакатон\Размеченные\1.2.840.113619.2.110.512719.20250403090444\series_004_3_CR\DXA\CR DXA\2.25.87718478011637131470224319788530286374\series_002_2_CR\A2504337993 DXA\CR DXA\CR000000.dcm,1.2.840.113619.2.110.512719.20250403090444/series_004_3_CR/DXA/CR DXA/2.25.87718478011637131470224319788530286374/series_002_2_CR/A2504337993 DXA/CR DXA/CR000000.dcm,1.2.643.5.1.13.13.12.2.77.8252.10041006131411151513070104110809,2.25.87718478011637131470224319788530286374/series_002_2_CR/A2504337993 DXA/CR DXA/CR000000.dcm,SPINE,,,20260916162230.459042,uid_match
Размеченные,C:\Users\Андрей\Desktop\Хакатон\Размеченные\1.2.840.113619.2.110.512719.20250403090444\series_004_3_CR\DXA\CR DXA\2.25.87869906212286587478854831452123526595\series_002_2_CR\A250419699 DXA\CR DXA\CR000000.dcm,1.2.840.113619.2.110.512719.20250403090444/series_004_3_CR/DXA/CR DXA/2.25.87869906212286587478854831452123526595/series_002_2_CR/A250419699 DXA/CR DXA/CR000000.dcm,1.2.643.5.1.13.13.12.2.77.8252.06111209081313111015020309051508,2.25.87869906212286587478854831452123526595/series_002_2_CR/A250419699 DXA/CR DXA/CR000000.dcm,LEG,,,20260916162232.709275,uid_match
Размеченные,C:\Users\Андрей\Desktop\Хакатон\Размеченные\1.2.840.113619.2.110.512719.20250403090444\series_004_3_CR\DXA\CR DXA\2.25.87869906212286587478854831452123526595\series_002_2_CR\A250419699 DXA\CR DXA\CR000001.dcm,1.2.840.113619.2.110.512719.20250403090444/series_004_3_CR/DXA/CR DXA/2.25.87869906212286587478854831452123526595/series_002_2_CR/A250419699 DXA/CR DXA/CR000001.dcm,1.2.643.5.1.13.13.12.2.77.8252.04050904100201141507070306131511,2.25.87869906212286587478854831452123526595/series_002_2_CR/A250419699 DXA/CR DXA/CR000001.dcm,SPINE,,,20260916162234.550644,uid_match
Размеченные,C:\Users\Андрей\Desktop\Хакатон\Размеченные\1.2.840.113619.2.110.512719.20250403090444\series_004_3_CR\DXA\CR DXA\2.25.87869906212286587478854831452123526595\series_002_2_CR\A250419699 DXA\CR DXA\CR000002.dcm,1.2.840.113619.2.110.512719.20250403090444/series_004_3_CR/DXA/CR DXA/2.25.87869906212286587478854831452123526595/series_002_2_CR/A250419699 DXA/CR DXA/CR000002.dcm,1.2.643.5.1.13.13.12.2.77.8252.15101115041306031303150405131115,2.25.87869906212286587478854831452123526595/series_002_2_CR/A250419699 DXA/CR DXA/CR000002.dcm,LEG,,,20260916162237.107113,uid_match
Размеченные,C:\Users\Андрей\Desktop\Хакатон\Размеченные\1.2.840.113619.2.110.512719.20250403090444\series_004_3_CR\DXA\CR DXA\2.25.91981043841368764114007975581101713077\series_003_2_CR\A250496619 DXA\CR DXA\CR000000.dcm,1.2.840.113619.2.110.512719.20250403090444/series_004_3_CR/DXA/CR DXA/2.25.91981043841368764114007975581101713077/series_003_2_CR/A250496619 DXA/CR DXA/CR000000.dcm,1.2.643.5.1.13.13.12.2.77.8252.08061201060114131102110802141411,2.25.91981043841368764114007975581101713077/series_003_2_CR/A250496619 DXA/CR DXA/CR000000.dcm,LEG,,,20260916162238.961670,uid_match
Размеченные,C:\Users\Андрей\Desktop\Хакатон\Размеченные\1.2.840.113619.2.110.512719.20250403090444\series_004_3_CR\DXA\CR DXA\2.25.91981043841368764114007975581101713077\series_003_2_CR\A250496619 DXA\CR DXA\CR000001.dcm,1.2.840.113619.2.110.512719.20250403090444/series_004_3_CR/DXA/CR DXA/2.25.91981043841368764114007975581101713077/series_003_2_CR/A250496619 DXA/CR DXA/CR000001.dcm,1.2.643.5.1.13.13.12.2.77.8252.04141409090807040100020211061514,2.25.91981043841368764114007975581101713077/series_003_2_CR/A250496619 DXA/CR DXA/CR000001.dcm,LEG,,,20260916162240.769142,uid_match
Размеченные,C:\Users\Андрей\Desktop\Хакатон\Размеченные\1.2.840.113619.2.110.512719.20250403090444\series_004_3_CR\DXA\CR DXA\2.25.91981043841368764114007975581101713077\series_003_2_CR\A250496619 DXA\CR DXA\CR000002.dcm,1.2.840.113619.2.110.512719.20250403090444/series_004_3_CR/DXA/CR DXA/2.25.91981043841368764114007975581101713077/series_003_2_CR/A250496619 DXA/CR DXA/CR000002.dcm,1.2.643.5.1.13.13.12.2.77.8252.04000607141411061507120106050309,2.25.91981043841368764114007975581101713077/series_003_2_CR/A250496619 DXA/CR DXA/CR000002.dcm,LEG,,,20260916162242.342102,uid_match
Размеченные,C:\Users\Андрей\Desktop\Хакатон\Размеченные\1.2.840.113619.2.110.512719.20250403090444\series_004_3_CR\DXA\CR DXA\2.25.91981043841368764114007975581101713077\series_003_2_CR\A250496619 DXA\CR DXA\CR000003.dcm,1.2.840.113619.2.110.512719.20250403090444/series_004_3_CR/DXA/CR DXA/2.25.91981043841368764114007975581101713077/series_003_2_CR/A250496619 DXA/CR DXA/CR000003.dcm,1.2.643.5.1.13.13.12.2.77.8252.03130309141409040708100214070815,2.25.91981043841368764114007975581101713077/series_003_2_CR/A250496619 DXA/CR DXA/CR000003.dcm,LEG,,,20260916162243.640425,uid_match
Размеченные,C:\Users\Андрей\Desktop\Хакатон\Размеченные\1.2.840.113619.2.110.512719.20250403090444\series_004_3_CR\DXA\CR DXA\2.25.91981043841368764114007975581101713077\series_003_2_CR\A250496619 DXA\CR DXA\CR000004.dcm,1.2.840.113619.2.110.512719.20250403090444/series_004_3_CR/DXA/CR DXA/2.25.91981043841368764114007975581101713077/series_003_2_CR/A250496619 DXA/CR DXA/CR000004.dcm,1.2.643.5.1.13.13.12.2.77.8252.07021003040810040809000711080701,2.25.91981043841368764114007975581101713077/series_003_2_CR/A250496619 DXA/CR DXA/CR000004.dcm,SPINE,,,20260916162245.051128,uid_match
Размеченные,C:\Users\Андрей\Desktop\Хакатон\Размеченные\1.2.840.113619.2.110.512719.20250403090444\series_004_3_CR\DXA\CR DXA\2.25.91981043841368764114007975581101713077\series_003_2_CR\A250496619 DXA\CR DXA\CR000005.dcm,1.2.840.113619.2.110.512719.20250403090444/series_004_3_CR/DXA/CR DXA/2.25.91981043841368764114007975581101713077/series_003_2_CR/A250496619 DXA/CR DXA/CR000005.dcm,1.2.643.5.1.13.13.12.2.77.8252.04111101091200130111070203120509,2.25.91981043841368764114007975581101713077/series_003_2_CR/A250496619 DXA/CR DXA/CR000005.dcm,LEG,,,20260916162246.537155,uid_match
Размеченные,C:\Users\Андрей\Desktop\Хакатон\Размеченные\1.2.840.113619.2.110.512719.20250403090444\series_004_3_CR\DXA\CR DXA\2.25.91981043841368764114007975581101713077\series_003_2_CR\A250496619 DXA\CR DXA\CR000006.dcm,1.2.840.113619.2.110.512719.20250403090444/series_004_3_CR/DXA/CR DXA/2.25.91981043841368764114007975581101713077/series_003_2_CR/A250496619 DXA/CR DXA/CR000006.dcm,1.2.643.5.1.13.13.12.2.77.8252.04141300131506141004121211120710,2.25.91981043841368764114007975581101713077/series_003_2_CR/A250496619 DXA/CR DXA/CR000006.dcm,LEG,,,20260916162247.842144,uid_match
Размеченные,C:\Users\Андрей\Desktop\Хакатон\Размеченные\1.2.840.113619.2.110.512719.20250403090444\series_004_3_CR\DXA\CR DXA\2.25.91981043841368764114007975581101713077\series_003_2_CR\A250496619 DXA\CR DXA\CR000007.dcm,1.2.840.113619.2.110.512719.20250403090444/series_004_3_CR/DXA/CR DXA/2.25.91981043841368764114007975581101713077/series_003_2_CR/A250496619 DXA/CR DXA/CR000007.dcm,1.2.643.5.1.13.13.12.2.77.8252.09031306140406050914091115001515,2.25.91981043841368764114007975581101713077/series_003_2_CR/A250496619 DXA/CR DXA/CR000007.dcm,LEG,,,20260916162249.902173,uid_match
Размеченные,C:\Users\Андрей\Desktop\Хакатон\Размеченные\1.2.840.113619.2.110.512719.20250403090444\series_004_3_CR\DXA\CR DXA\2.25.91981043841368764114007975581101713077\series_003_2_CR\A250496619 DXA\CR DXA\CR000008.dcm,1.2.840.113619.2.110.512719.20250403090444/series_004_3_CR/DXA/CR DXA/2.25.91981043841368764114007975581101713077/series_003_2_CR/A250496619 DXA/CR DXA/CR000008.dcm,1.2.643.5.1.13.13.12.2.77.8252.03070910041410130909021014090904,2.25.91981043841368764114007975581101713077/series_003_2_CR/A250496619 DXA/CR DXA/CR000008.dcm,LEG,,,20260916162251.292940,uid_match
Размеченные,C:\Users\Андрей\Desktop\Хакатон\Размеченные\1.2.840.113619.2.110.512719.20250403090444\series_004_3_CR\DXA\CR DXA\2.25.91981043841368764114007975581101713077\series_003_2_CR\A250496619 DXA\CR DXA\CR000009.dcm,1.2.840.113619.2.110.512719.20250403090444/series_004_3_CR/DXA/CR DXA/2.25.91981043841368764114007975581101713077/series_003_2_CR/A250496619 DXA/CR DXA/CR000009.dcm,1.2.643.5.1.13.13.12.2.77.8252.01031400050508070812091015000904,2.25.91981043841368764114007975581101713077/series_003_2_CR/A250496619 DXA/CR DXA/CR000009.dcm,SPINE,,,20260916162252.717808,uid_match
Размеченные,C:\Users\Андрей\Desktop\Хакатон\Размеченные\1.2.840.113619.2.110.512719.20250403090444\series_004_3_CR\DXA\CR DXA\2.25.91981043841368764114007975581101713077\series_003_2_CR\A250496619 DXA\CR DXA\CR000010.dcm,1.2.840.113619.2.110.512719.20250403090444/series_004_3_CR/DXA/CR DXA/2.25.91981043841368764114007975581101713077/series_003_2_CR/A250496619 DXA/CR DXA/CR000010.dcm,1.2.643.5.1.13.13.12.2.77.8252.07120905081404061009060805020905,2.25.91981043841368764114007975581101713077/series_003_2_CR/A250496619 DXA/CR DXA/CR000010.dcm,SPINE,,,20260916162254.001365,uid_match
Размеченные,C:\Users\Андрей\Desktop\Хакатон\Размеченные\1.2.840.113619.2.110.512719.20250403090444\series_004_3_CR\DXA\CR DXA\2.25.91981043841368764114007975581101713077\series_003_2_CR\A250496619 DXA\CR DXA\CR000011.dcm,1.2.840.113619.2.110.512719.20250403090444/series_004_3_CR/DXA/CR DXA/2.25.91981043841368764114007975581101713077/series_003_2_CR/A250496619 DXA/CR DXA/CR000011.dcm,1.2.643.5.1.13.13.12.2.77.8252.07130502151014041012130400130108,2.25.91981043841368764114007975581101713077/series_003_2_CR/A250496619 DXA/CR DXA/CR000011.dcm,LEG,,,20260916162255.414254,uid_match
Размеченные,C:\Users\Андрей\Desktop\Хакатон\Размеченные\1.2.840.113619.2.110.512719.20250403090444\series_004_3_CR\DXA\CR DXA\CR000000.dcm,1.2.840.113619.2.110.512719.20250403090444/series_004_3_CR/DXA/CR DXA/CR000000.dcm,1.2.643.5.1.13.13.12.2.77.8252.14031015091008031013040205110915,1.2.840.113619.2.110.512719.20250403090444/series_004_3_CR/DXA/CR DXA/CR000000.dcm,SPINE,,,20260916171051.108566,uid_match
Размеченные,C:\Users\Андрей\Desktop\Хакатон\Размеченные\1.2.840.113619.2.110.512719.20250403090444\series_004_3_CR\DXA\CR DXA\CR000001.dcm,1.2.840.113619.2.110.512719.20250403090444/series_004_3_CR/DXA/CR DXA/CR000001.dcm,1.2.643.5.1.13.13.12.2.77.8252.03030811151201151502050615010000,1.2.840.113619.2.110.512719.20250403090444/series_004_3_CR/DXA/CR DXA/CR000001.dcm,LEG,,,20260916171053.989129,uid_match
Размеченные,C:\Users\Андрей\Desktop\Хакатон\Размеченные\1.2.840.113619.2.110.512719.20250403090444\series_004_3_CR\DXA\CR DXA\CR000002.dcm,1.2.840.113619.2.110.512719.20250403090444/series_004_3_CR/DXA/CR DXA/CR000002.dcm,1.2.643.5.1.13.13.12.2.77.8252.06000812101106141213041404150112,1.2.840.113619.2.110.512719.20250403090444/series_004_3_CR/DXA/CR DXA/CR000002.dcm,LEG,,,20260916171055.829477,uid_match
Размеченные,C:\Users\Андрей\Desktop\Хакатон\Размеченные\1.2.840.113619.2.110.512719.20250403090444\series_004_3_CR\DXA\CR DXA\CR000003.dcm,1.2.840.113619.2.110.512719.20250403090444/series_004_3_CR/DXA/CR DXA/CR000003.dcm,1.2.643.5.1.13.13.12.2.77.8252.10130209021503050013090302090705,1.2.840.113619.2.110.512719.20250403090444/series_004_3_CR/DXA/CR DXA/CR000003.dcm,LEG,,,20260916171058.343503,uid_match
Размеченные,C:\Users\Андрей\Desktop\Хакатон\Размеченные\1.2.840.113619.2.110.512719.20250403090444\series_004_3_CR\DXA\CR DXA\CR000004.dcm,1.2.840.113619.2.110.512719.20250403090444/series_004_3_CR/DXA/CR DXA/CR000004.dcm,1.2.643.5.1.13.13.12.2.77.8252.13011105091309080008130511041109,1.2.840.113619.2.110.512719.20250403090444/series_004_3_CR/DXA/CR DXA/CR000004.dcm,LEG,,,20260916171100.069262,uid_match
Размеченные,C:\Users\Андрей\Desktop\Хакатон\Размеченные\1.2.840.113619.2.110.512719.20250403090444\series_004_3_CR\DXA\CR DXA\CR000005.dcm,1.2.840.113619.2.110.512719.20250403090444/series_004_3_CR/DXA/CR DXA/CR000005.dcm,1.2.643.5.1.13.13.12.2.77.8252.04131215000514000414051510091103,1.2.840.113619.2.110.512719.20250403090444/series_004_3_CR/DXA/CR DXA/CR000005.dcm,SPINE,,,20260916171101.922860,uid_match
Размеченные,C:\Users\Андрей\Desktop\Хакатон\Размеченные\1.2.840.113619.2.110.512719.20250403092052\series_003_3_CR\DXA\CR DXA\CR000000.dcm,1.2.840.113619.2.110.512719.20250403092052/series_003_3_CR/DXA/CR DXA/CR000000.dcm,1.2.643.5.1.13.13.12.2.77.8252.06140010030611061314081200121305,1.2.840.113619.2.110.512719.20250403092052/series_003_3_CR/DXA/CR DXA/CR000000.dcm,LEG,,,20260916162256.933405,uid_match
Размеченные,C:\Users\Андрей\Desktop\Хакатон\Размеченные\1.2.840.113619.2.110.512719.20250403092052\series_003_3_CR\DXA\CR DXA\CR000001.dcm,1.2.840.113619.2.110.512719.20250403092052/series_003_3_CR/DXA/CR DXA/CR000001.dcm,1.2.643.5.1.13.13.12.2.77.8252.09050515110402090102050206010406,1.2.840.113619.2.110.512719.20250403092052/series_003_3_CR/DXA/CR DXA/CR000001.dcm,SPINE,,,20260916162258.904233,uid_match
Размеченные,C:\Users\Андрей\Desktop\Хакатон\Размеченные\1.2.840.113619.2.110.512719.20250403092052\series_003_3_CR\DXA\CR DXA\CR000002.dcm,1.2.840.113619.2.110.512719.20250403092052/series_003_3_CR/DXA/CR DXA/CR000002.dcm,1.2.643.5.1.13.13.12.2.77.8252.09040712010609120601031410140610,1.2.840.113619.2.110.512719.20250403092052/series_003_3_CR/DXA/CR DXA/CR000002.dcm,LEG,,,20260916162300.526958,uid_match
Размеченные,C:\Users\Андрей\Desktop\Хакатон\Размеченные\1.2.840.113619.2.110.512719.20250403092052\series_003_3_CR\DXA\CR DXA\CR000003.dcm,1.2.840.113619.2.110.512719.20250403092052/series_003_3_CR/DXA/CR DXA/CR000003.dcm,1.2.643.5.1.13.13.12.2.77.8252.07120303070106110214090814060908,1.2.840.113619.2.110.512719.20250403092052/series_003_3_CR/DXA/CR DXA/CR000003.dcm,LEG,,,20260916162301.751895,uid_match
Размеченные,C:\Users\Андрей\Desktop\Хакатон\Размеченные\1.2.840.113619.2.110.512719.20250403092052\series_003_3_CR\DXA\CR DXA\CR000004.dcm,1.2.840.113619.2.110.512719.20250403092052/series_003_3_CR/DXA/CR DXA/CR000004.dcm,1.2.643.5.1.13.13.12.2.77.8252.14060811030909110008140112131212,1.2.840.113619.2.110.512719.20250403092052/series_003_3_CR/DXA/CR DXA/CR000004.dcm,LEG,,,20260916162303.768397,uid_match
Размеченные,C:\Users\Андрей\Desktop\Хакатон\Размеченные\1.2.840.113619.2.110.512719.20250403092052\series_003_3_CR\DXA\CR DXA\CR000005.dcm,1.2.840.113619.2.110.512719.20250403092052/series_003_3_CR/DXA/CR DXA/CR000005.dcm,1.2.643.5.1.13.13.12.2.77.8252.06111207031100151513000412070105,1.2.840.113619.2.110.512719.20250403092052/series_003_3_CR/DXA/CR DXA/CR000005.dcm,SPINE,,,20260916162305.460579,uid_match
Размеченные,C:\Users\Андрей\Desktop\Хакатон\Размеченные\1.2.840.113619.2.110.512719.20250407113211\series_001_2_CR\DXA\CR DXA\CR000000.dcm,1.2.840.113619.2.110.512719.20250407113211/series_001_2_CR/DXA/CR DXA/CR000000.dcm,1.2.643.5.1.13.13.12.2.77.8252.07140808121311040315101301051200,1.2.840.113619.2.110.512719.20250407113211/series_001_2_CR/DXA/CR DXA/CR000000.dcm,LEG,,,20260916162307.080600,uid_match
Размеченные,C:\Users\Андрей\Desktop\Хакатон\Размеченные\1.2.840.113619.2.110.512719.20250407113211\series_001_2_CR\DXA\CR DXA\CR000001.dcm,1.2.840.113619.2.110.512719.20250407113211/series_001_2_CR/DXA/CR DXA/CR000001.dcm,1.2.643.5.1.13.13.12.2.77.8252.10011302120900111505101501141402,1.2.840.113619.2.110.512719.20250407113211/series_001_2_CR/DXA/CR DXA/CR000001.dcm,LEG,,,20260916162325.661891,uid_match
Размеченные,C:\Users\Андрей\Desktop\Хакатон\Размеченные\1.2.840.113619.2.110.512719.20250407113211\series_001_2_CR\DXA\CR DXA\CR000002.dcm,1.2.840.113619.2.110.512719.20250407113211/series_001_2_CR/DXA/CR DXA/CR000002.dcm,1.2.643.5.1.13.13.12.2.77.8252.03030413031313090107050002151508,1.2.840.113619.2.110.512719.20250407113211/series_001_2_CR/DXA/CR DXA/CR000002.dcm,LEG,,,20260916162430.582970,uid_match
Размеченные,C:\Users\Андрей\Desktop\Хакатон\Размеченные\1.2.840.113619.2.110.512719.20250407113211\series_001_2_CR\DXA\CR DXA\CR000003.dcm,1.2.840.113619.2.110.512719.20250407113211/series_001_2_CR/DXA/CR DXA/CR000003.dcm,1.2.643.5.1.13.13.12.2.77.8252.13101207101114060008151413130115,1.2.840.113619.2.110.512719.20250407113211/series_001_2_CR/DXA/CR DXA/CR000003.dcm,SPINE,,,20260916162432.671639,uid_match
Размеченные,C:\Users\Андрей\Desktop\Хакатон\Размеченные\1.2.840.113619.2.110.512719.20250407113211\series_001_2_CR\DXA\CR DXA\CR000004.dcm,1.2.840.113619.2.110.512719.20250407113211/series_001_2_CR/DXA/CR DXA/CR000004.dcm,1.2.643.5.1.13.13.12.2.77.8252.07150612000412081110110102150004,1.2.840.113619.2.110.512719.20250407113211/series_001_2_CR/DXA/CR DXA/CR000004.dcm,SPINE,,,20260916163025.304684,uid_match
Размеченные,C:\Users\Андрей\Desktop\Хакатон\Размеченные\1.2.840.113619.2.110.512719.20250407113211\series_001_2_CR\DXA\CR DXA\CR000005.dcm,1.2.840.113619.2.110.512719.20250407113211/series_001_2_CR/DXA/CR DXA/CR000005.dcm,1.2.643.5.1.13.13.12.2.77.8252.08010006000103071201020606001302,1.2.840.113619.2.110.512719.20250407113211/series_001_2_CR/DXA/CR DXA/CR000005.dcm,LEG,,,20260916163032.181625,uid_match
Размеченные,C:\Users\Андрей\Desktop\Хакатон\Размеченные\2.25.10245777060263212829333021434108890537\series_003_2_CR\A2504412435 DXA\CR DXA\CR000000.dcm,2.25.10245777060263212829333021434108890537/series_003_2_CR/A2504412435 DXA/CR DXA/CR000000.dcm,1.2.643.5.1.13.13.12.2.77.8252.07000215121313030213041009101409,2.25.10245777060263212829333021434108890537/series_003_2_CR/A2504412435 DXA/CR DXA/CR000000.dcm,LEG,,,20260916163034.387140,uid_match
Размеченные,C:\Users\Андрей\Desktop\Хакатон\Размеченные\2.25.10245777060263212829333021434108890537\series_003_2_CR\A2504412435 DXA\CR DXA\CR000001.dcm,2.25.10245777060263212829333021434108890537/series_003_2_CR/A2504412435 DXA/CR DXA/CR000001.dcm,1.2.643.5.1.13.13.12.2.77.8252.14131410040814100713070401091213,2.25.10245777060263212829333021434108890537/series_003_2_CR/A2504412435 DXA/CR DXA/CR000001.dcm,SPINE,,,20260916163035.809201,uid_match
Размеченные,C:\Users\Андрей\Desktop\Хакатон\Размеченные\2.25.10245777060263212829333021434108890537\series_003_2_CR\A2504412435 DXA\CR DXA\CR000002.dcm,2.25.10245777060263212829333021434108890537/series_003_2_CR/A2504412435 DXA/CR DXA/CR000002.dcm,1.2.643.5.1.13.13.12.2.77.8252.03081500040505121009070211080902,2.25.10245777060263212829333021434108890537/series_003_2_CR/A2504412435 DXA/CR DXA/CR000002.dcm,LEG,,,20260916163037.601064,uid_match
Размеченные,C:\Users\Андрей\Desktop\Хакатон\Размеченные\2.25.102755089973625799055786462646268820450\series_002_2_CR\A2504257770 DXA\CR DXA\CR000000.dcm,2.25.102755089973625799055786462646268820450/series_002_2_CR/A2504257770 DXA/CR DXA/CR000000.dcm,1.2.643.5.1.13.13.12.2.77.8252.01140903011212140408111315130511,2.25.102755089973625799055786462646268820450/series_002_2_CR/A2504257770 DXA/CR DXA/CR000000.dcm,LEG,,,20260916163424.321550,uid_match
Размеченные,C:\Users\Андрей\Desktop\Хакатон\Размеченные\2.25.102755089973625799055786462646268820450\series_002_2_CR\A2504257770 DXA\CR DXA\CR000001.dcm,2.25.102755089973625799055786462646268820450/series_002_2_CR/A2504257770 DXA/CR DXA/CR000001.dcm,1.2.643.5.1.13.13.12.2.77.8252.10030113050111051002020402141304,2.25.102755089973625799055786462646268820450/series_002_2_CR/A2504257770 DXA/CR DXA/CR000001.dcm,SPINE,,,20260916163426.381736,uid_match
Размеченные,C:\Users\Андрей\Desktop\Хакатон\Размеченные\2.25.102755089973625799055786462646268820450\series_002_2_CR\A2504257770 DXA\CR DXA\CR000002.dcm,2.25.102755089973625799055786462646268820450/series_002_2_CR/A2504257770 DXA/CR DXA/CR000002.dcm,1.2.643.5.1.13.13.12.2.77.8252.10100907120107030904131503081506,2.25.102755089973625799055786462646268820450/series_002_2_CR/A2504257770 DXA/CR DXA/CR000002.dcm,LEG,,,20260916163428.569429,uid_match
Размеченные,C:\Users\Андрей\Desktop\Хакатон\Размеченные\2.25.102755089973625799055786462646268820450\series_002_2_CR\A2504257770 DXA\CR DXA\CR000003.dcm,2.25.102755089973625799055786462646268820450/series_002_2_CR/A2504257770 DXA/CR DXA/CR000003.dcm,1.2.643.5.1.13.13.12.2.77.8252.11020107010405070800051206110610,2.25.102755089973625799055786462646268820450/series_002_2_CR/A2504257770 DXA/CR DXA/CR000003.dcm,LEG,,,20260916163429.828964,uid_match
Размеченные,C:\Users\Андрей\Desktop\Хакатон\Размеченные\2.25.102755089973625799055786462646268820450\series_002_2_CR\A2504257770 DXA\CR DXA\CR000004.dcm,2.25.102755089973625799055786462646268820450/series_002_2_CR/A2504257770 DXA/CR DXA/CR000004.dcm,1.2.643.5.1.13.13.12.2.77.8252.07001207050006000600091513060701,2.25.102755089973625799055786462646268820450/series_002_2_CR/A2504257770 DXA/CR DXA/CR000004.dcm,SPINE,,,20260916163431.145247,uid_match
Размеченные,C:\Users\Андрей\Desktop\Хакатон\Размеченные\2.25.102755089973625799055786462646268820450\series_002_2_CR\A2504257770 DXA\CR DXA\CR000005.dcm,2.25.102755089973625799055786462646268820450/series_002_2_CR/A2504257770 DXA/CR DXA/CR000005.dcm,1.2.643.5.1.13.13.12.2.77.8252.10091111150614140108020903000009,2.25.102755089973625799055786462646268820450/series_002_2_CR/A2504257770 DXA/CR DXA/CR000005.dcm,LEG,,,20260916163432.428430,uid_match
Размеченные,C:\Users\Андрей\Desktop\Хакатон\Размеченные\2.25.102965897799404973225419898683246248872\series_001_2_CR\A250726353 DXA\CR DXA\CR000000.dcm,2.25.102965897799404973225419898683246248872/series_001_2_CR/A250726353 DXA/CR DXA/CR000000.dcm,1.2.643.5.1.13.13.12.2.77.8252.10140807011010031112140700150015,2.25.102965897799404973225419898683246248872/series_001_2_CR/A250726353 DXA/CR DXA/CR000000.dcm,LEG,,,20260916163433.733592,uid_match
Размеченные,C:\Users\Андрей\Desktop\Хакатон\Размеченные\2.25.102965897799404973225419898683246248872\series_001_2_CR\A250726353 DXA\CR DXA\CR000001.dcm,2.25.102965897799404973225419898683246248872/series_001_2_CR/A250726353 DXA/CR DXA/CR000001.dcm,1.2.643.5.1.13.13.12.2.77.8252.11011413051206050400150606100110,2.25.102965897799404973225419898683246248872/series_001_2_CR/A250726353 DXA/CR DXA/CR000001.dcm,SPINE,,,20260916163436.198293,uid_match
Размеченные,C:\Users\Андрей\Desktop\Хакатон\Размеченные\2.25.102965897799404973225419898683246248872\series_001_2_CR\A250726353 DXA\CR DXA\CR000002.dcm,2.25.102965897799404973225419898683246248872/series_001_2_CR/A250726353 DXA/CR DXA/CR000002.dcm,1.2.643.5.1.13.13.12.2.77.8252.06050309100102041203101101110913,2.25.102965897799404973225419898683246248872/series_001_2_CR/A250726353 DXA/CR DXA/CR000002.dcm,LEG,,,20260916163437.587795,uid_match
Размеченные,C:\Users\Андрей\Desktop\Хакатон\Размеченные\2.25.103868781101960771917584077315578649178\series_001_3_CR\A2507485409 DXA\CR DXA\CR000000.dcm,2.25.103868781101960771917584077315578649178/series_001_3_CR/A2507485409 DXA/CR DXA/CR000000.dcm,1.2.643.5.1.13.13.12.2.77.8252.15031208100010080909150509041308,2.25.103868781101960771917584077315578649178/series_001_3_CR/A2507485409 DXA/CR DXA/CR000000.dcm,LEG,,,20260916163438.946827,uid_match
Размеченные,C:\Users\Андрей\Desktop\Хакатон\Размеченные\2.25.103868781101960771917584077315578649178\series_001_3_CR\A2507485409 DXA\CR DXA\CR000001.dcm,2.25.103868781101960771917584077315578649178/series_001_3_CR/A2507485409 DXA/CR DXA/CR000001.dcm,1.2.643.5.1.13.13.12.2.77.8252.12051209130410130502141403101414,2.25.103868781101960771917584077315578649178/series_001_3_CR/A2507485409 DXA/CR DXA/CR000001.dcm,LEG,,,20260916163441.573411,uid_match
Размеченные,C:\Users\Андрей\Desktop\Хакатон\Размеченные\2.25.103868781101960771917584077315578649178\series_001_3_CR\A2507485409 DXA\CR DXA\CR000002.dcm,2.25.103868781101960771917584077315578649178/series_001_3_CR/A2507485409 DXA/CR DXA/CR000002.dcm,1.2.643.5.1.13.13.12.2.77.8252.08120904010605130814050710080508,2.25.103868781101960771917584077315578649178/series_001_3_CR/A2507485409 DXA/CR DXA/CR000002.dcm,SPINE,,,20260916163444.118990,uid_match
Размеченные,C:\Users\Андрей\Desktop\Хакатон\Размеченные\2.25.105033841136787477881326326053319223817\series_001_2_CR\A250790559 DXA\CR DXA\CR000000.dcm,2.25.105033841136787477881326326053319223817/series_001_2_CR/A250790559 DXA/CR DXA/CR000000.dcm,1.2.643.5.1.13.13.12.2.77.8252.00071307071102020311080215100104,2.25.105033841136787477881326326053319223817/series_001_2_CR/A250790559 DXA/CR DXA/CR000000.dcm,SPINE,,,20260916163455.516662,uid_match
Размеченные,C:\Users\Андрей\Desktop\Хакатон\Размеченные\2.25.105033841136787477881326326053319223817\series_001_2_CR\A250790559 DXA\CR DXA\CR000001.dcm,2.25.105033841136787477881326326053319223817/series_001_2_CR/A250790559 DXA/CR DXA/CR000001.dcm,1.2.643.5.1.13.13.12.2.77.8252.12021012060504060503030002061208,2.25.105033841136787477881326326053319223817/series_001_2_CR/A250790559 DXA/CR DXA/CR000001.dcm,SPINE,,,20260916163457.808034,uid_match
Размеченные,C:\Users\Андрей\Desktop\Хакатон\Размеченные\2.25.105033841136787477881326326053319223817\series_001_2_CR\A250790559 DXA\CR DXA\CR000002.dcm,2.25.105033841136787477881326326053319223817/series_001_2_CR/A250790559 DXA/CR DXA/CR000002.dcm,1.2.643.5.1.13.13.12.2.77.8252.11131406091213131205130612021414,2.25.105033841136787477881326326053319223817/series_001_2_CR/A250790559 DXA/CR DXA/CR000002.dcm,LEG,,,20260916163459.302695,uid_match
Размеченные,C:\Users\Андрей\Desktop\Хакатон\Размеченные\2.25.105033841136787477881326326053319223817\series_001_2_CR\A250790559 DXA\CR DXA\CR000003.dcm,2.25.105033841136787477881326326053319223817/series_001_2_CR/A250790559 DXA/CR DXA/CR000003.dcm,1.2.643.5.1.13.13.12.2.77.8252.14130208070502001411050502150202,2.25.105033841136787477881326326053319223817/series_001_2_CR/A250790559 DXA/CR DXA/CR000003.dcm,LEG,,,20260916163500.435742,uid_match
Размеченные,C:\Users\Андрей\Desktop\Хакатон\Размеченные\2.25.105033841136787477881326326053319223817\series_001_2_CR\A250790559 DXA\CR DXA\CR000004.dcm,2.25.105033841136787477881326326053319223817/series_001_2_CR/A250790559 DXA/CR DXA/CR000004.dcm,1.2.643.5.1.13.13.12.2.77.8252.11120508121303130402081303070008,2.25.105033841136787477881326326053319223817/series_001_2_CR/A250790559 DXA/CR DXA/CR000004.dcm,LEG,,,20260916163501.675826,uid_match
Размеченные,C:\Users\Андрей\Desktop\Хакатон\Размеченные\2.25.105033841136787477881326326053319223817\series_001_2_CR\A250790559 DXA\CR DXA\CR000005.dcm,2.25.105033841136787477881326326053319223817/series_001_2_CR/A250790559 DXA/CR DXA/CR000005.dcm,1.2.643.5.1.13.13.12.2.77.8252.03090510061307040702090411010105,2.25.105033841136787477881326326053319223817/series_001_2_CR/A250790559 DXA/CR DXA/CR000005.dcm,LEG,,,20260916163502.782671,uid_match
Размеченные,C:\Users\Андрей\Desktop\Хакатон\Размеченные\2.25.108537195937431169718850276671337677972\series_002_2_CR\A250479795 DXA\CR DXA\CR000000.dcm,2.25.108537195937431169718850276671337677972/series_002_2_CR/A250479795 DXA/CR DXA/CR000000.dcm,1.2.643.5.1.13.13.12.2.77.8252.14031513011512070711151413071213,2.25.108537195937431169718850276671337677972/series_002_2_CR/A250479795 DXA/CR DXA/CR000000.dcm,SPINE,,,20260916163504.084938,uid_match
Размеченные,C:\Users\Андрей\Desktop\Хакатон\Размеченные\2.25.11175860580562939441493697221497597640\series_003_2_CR\A2507431060 DXA\CR DXA\CR000000.dcm,2.25.11175860580562939441493697221497597640/series_003_2_CR/A2507431060 DXA/CR DXA/CR000000.dcm,1.2.643.5.1.13.13.12.2.77.8252.07121414121104070401050315140813,2.25.11175860580562939441493697221497597640/series_003_2_CR/A2507431060 DXA/CR DXA/CR000000.dcm,LEG,�����,,20260916163513.826668,uid_match
Размеченные,C:\Users\Андрей\Desktop\Хакатон\Размеченные\2.25.11175860580562939441493697221497597640\series_003_2_CR\A2507431060 DXA\CR DXA\CR000001.dcm,2.25.11175860580562939441493697221497597640/series_003_2_CR/A2507431060 DXA/CR DXA/CR000001.dcm,1.2.643.5.1.13.13.12.2.77.8252.11051001091403121310010813110103,2.25.11175860580562939441493697221497597640/series_003_2_CR/A2507431060 DXA/CR DXA/CR000001.dcm,SPINE,,,20260916163515.579372,uid_match
Размеченные,C:\Users\Андрей\Desktop\Хакатон\Размеченные\2.25.11175860580562939441493697221497597640\series_003_2_CR\A2507431060 DXA\CR DXA\CR000002.dcm,2.25.11175860580562939441493697221497597640/series_003_2_CR/A2507431060 DXA/CR DXA/CR000002.dcm,1.2.643.5.1.13.13.12.2.77.8252.12051512011202090502051206130907,2.25.11175860580562939441493697221497597640/series_003_2_CR/A2507431060 DXA/CR DXA/CR000002.dcm,LEG,,,20260916163517.164084,uid_match
Размеченные,C:\Users\Андрей\Desktop\Хакатон\Размеченные\2.25.11175860580562939441493697221497597640\series_003_2_CR\A2507431060 DXA\CR DXA\CR000003.dcm,2.25.11175860580562939441493697221497597640/series_003_2_CR/A2507431060 DXA/CR DXA/CR000003.dcm,1.2.643.5.1.13.13.12.2.77.8252.08110803080105090710150006100300,2.25.11175860580562939441493697221497597640/series_003_2_CR/A2507431060 DXA/CR DXA/CR000003.dcm,LEG,,,20260916163518.858228,uid_match
Размеченные,C:\Users\Андрей\Desktop\Хакатон\Размеченные\2.25.11175860580562939441493697221497597640\series_003_2_CR\A2507431060 DXA\CR DXA\CR000004.dcm,2.25.11175860580562939441493697221497597640/series_003_2_CR/A2507431060 DXA/CR DXA/CR000004.dcm,1.2.643.5.1.13.13.12.2.77.8252.13030903151515081500090603041412,2.25.11175860580562939441493697221497597640/series_003_2_CR/A2507431060 DXA/CR DXA/CR000004.dcm,SPINE,,,20260916163520.410185,uid_match
Размеченные,C:\Users\Андрей\Desktop\Хакатон\Размеченные\2.25.11175860580562939441493697221497597640\series_003_2_CR\A2507431060 DXA\CR DXA\CR000005.dcm,2.25.11175860580562939441493697221497597640/series_003_2_CR/A2507431060 DXA/CR DXA/CR000005.dcm,1.2.643.5.1.13.13.12.2.77.8252.08101400121500101415120401040211,2.25.11175860580562939441493697221497597640/series_003_2_CR/A2507431060 DXA/CR DXA/CR000005.dcm,LEG,�����2,,20260916163524.847901,uid_match
Размеченные,C:\Users\Андрей\Desktop\Хакатон\Размеченные\2.25.112621744005021908434051268014787122937\series_002_2_CR\A2504301685 DXA\CR DXA\CR000000.dcm,2.25.112621744005021908434051268014787122937/series_002_2_CR/A2504301685 DXA/CR DXA/CR000000.dcm,1.2.643.5.1.13.13.12.2.77.8252.15090515141309140806011408041204,2.25.112621744005021908434051268014787122937/series_002_2_CR/A2504301685 DXA/CR DXA/CR000000.dcm,SPINE,,,20260916163526.675372,uid_match
Размеченные,C:\Users\Андрей\Desktop\Хакатон\Размеченные\2.25.114887542067602662452692698814728642117\series_001_2_CR\A2504131887 DXA\CR DXA\CR000000.dcm,2.25.114887542067602662452692698814728642117/series_001_2_CR/A2504131887 DXA/CR DXA/CR000000.dcm,1.2.643.5.1.13.13.12.2.77.8252.03150400010605060115070904121304,2.25.114887542067602662452692698814728642117/series_001_2_CR/A2504131887 DXA/CR DXA/CR000000.dcm,LEG,,,20260916163528.013013,uid_match
Размеченные,C:\Users\Андрей\Desktop\Хакатон\Размеченные\2.25.114887542067602662452692698814728642117\series_001_2_CR\A2504131887 DXA\CR DXA\CR000001.dcm,2.25.114887542067602662452692698814728642117/series_001_2_CR/A2504131887 DXA/CR DXA/CR000001.dcm,1.2.643.5.1.13.13.12.2.77.8252.15050814070214050107040604101305,2.25.114887542067602662452692698814728642117/series_001_2_CR/A2504131887 DXA/CR DXA/CR000001.dcm,LEG,,,20260916163529.774942,uid_match
Размеченные,C:\Users\Андрей\Desktop\Хакатон\Размеченные\2.25.114887542067602662452692698814728642117\series_001_2_CR\A2504131887 DXA\CR DXA\CR000002.dcm,2.25.114887542067602662452692698814728642117/series_001_2_CR/A2504131887 DXA/CR DXA/CR000002.dcm,1.2.643.5.1.13.13.12.2.77.8252.00111415140915030904140513150113,2.25.114887542067602662452692698814728642117/series_001_2_CR/A2504131887 DXA/CR DXA/CR000002.dcm,LEG,,,20260916163531.227621,uid_match
Размеченные,C:\Users\Андрей\Desktop\Хакатон\Размеченные\2.25.114887542067602662452692698814728642117\series_001_2_CR\A2504131887 DXA\CR DXA\CR000003.dcm,2.25.114887542067602662452692698814728642117/series_001_2_CR/A2504131887 DXA/CR DXA/CR000003.dcm,1.2.643.5.1.13.13.12.2.77.8252.08111114040702130902010708100700,2.25.114887542067602662452692698814728642117/series_001_2_CR/A2504131887 DXA/CR DXA/CR000003.dcm,LEG,,,20260916163535.093954,uid_match
Размеченные,C:\Users\Андрей\Desktop\Хакатон\Размеченные\2.25.114887542067602662452692698814728642117\series_001_2_CR\A2504131887 DXA\CR DXA\CR000004.dcm,2.25.114887542067602662452692698814728642117/series_001_2_CR/A2504131887 DXA/CR DXA/CR000004.dcm,1.2.643.5.1.13.13.12.2.77.8252.10001500010311100907131007040004,2.25.114887542067602662452692698814728642117/series_001_2_CR/A2504131887 DXA/CR DXA/CR000004.dcm,SPINE,,,20260916163536.423164,uid_match
Размеченные,C:\Users\Андрей\Desktop\Хакатон\Размеченные\2.25.114887542067602662452692698814728642117\series_001_2_CR\A2504131887 DXA\CR DXA\CR000005.dcm,2.25.114887542067602662452692698814728642117/series_001_2_CR/A2504131887 DXA/CR DXA/CR000005.dcm,1.2.643.5.1.13.13.12.2.77.8252.11151502000914000710090013020813,2.25.114887542067602662452692698814728642117/series_001_2_CR/A2504131887 DXA/CR DXA/CR000005.dcm,LEG,,,20260916163537.932903,uid_match
Размеченные,C:\Users\Андрей\Desktop\Хакатон\Размеченные\2.25.114887542067602662452692698814728642117\series_001_2_CR\A2504131887 DXA\CR DXA\CR000006.dcm,2.25.114887542067602662452692698814728642117/series_001_2_CR/A2504131887 DXA/CR DXA/CR000006.dcm,1.2.643.5.1.13.13.12.2.77.8252.10141411130204150513090803110213,2.25.114887542067602662452692698814728642117/series_001_2_CR/A2504131887 DXA/CR DXA/CR000006.dcm,LEG,,,20260916163539.326452,uid_match
Размеченные,C:\Users\Андрей\Desktop\Хакатон\Размеченные\2.25.114887542067602662452692698814728642117\series_001_2_CR\A2504131887 DXA\CR DXA\CR000007.dcm,2.25.114887542067602662452692698814728642117/series_001_2_CR/A2504131887 DXA/CR DXA/CR000007.dcm,1.2.643.5.1.13.13.12.2.77.8252.09060814101015050208090100150206,2.25.114887542067602662452692698814728642117/series_001_2_CR/A2504131887 DXA/CR DXA/CR000007.dcm,SPINE,,,20260916163541.234462,uid_match
Размеченные,C:\Users\Андрей\Desktop\Хакатон\Размеченные\2.25.114887542067602662452692698814728642117\series_001_2_CR\A2504131887 DXA\CR DXA\CR000008.dcm,2.25.114887542067602662452692698814728642117/series_001_2_CR/A2504131887 DXA/CR DXA/CR000008.dcm,1.2.643.5.1.13.13.12.2.77.8252.11060402050912131204000502001414,2.25.114887542067602662452692698814728642117/series_001_2_CR/A2504131887 DXA/CR DXA/CR000008.dcm,LEG,,,20260916163542.603523,uid_match
Размеченные,C:\Users\Андрей\Desktop\Хакатон\Размеченные\2.25.114887542067602662452692698814728642117\series_001_2_CR\A2504131887 DXA\CR DXA\CR000009.dcm,2.25.114887542067602662452692698814728642117/series_001_2_CR/A2504131887 DXA/CR DXA/CR000009.dcm,1.2.643.5.1.13.13.12.2.77.8252.04051301070809101001111312060114,2.25.114887542067602662452692698814728642117/series_001_2_CR/A2504131887 DXA/CR DXA/CR000009.dcm,LEG,,,20260916163543.880045,uid_match
Размеченные,C:\Users\Андрей\Desktop\Хакатон\Размеченные\2.25.114887542067602662452692698814728642117\series_001_2_CR\A2504131887 DXA\CR DXA\CR000010.dcm,2.25.114887542067602662452692698814728642117/series_001_2_CR/A2504131887 DXA/CR DXA/CR000010.dcm,1.2.643.5.1.13.13.12.2.77.8252.08050414010100010110100910070904,2.25.114887542067602662452692698814728642117/series_001_2_CR/A2504131887 DXA/CR DXA/CR000010.dcm,SPINE,,,20260916163545.324725,uid_match
Размеченные,C:\Users\Андрей\Desktop\Хакатон\Размеченные\2.25.116822802042655971810859435524105064465\series_003_2_CR\A2507273296 DXA\CR DXA\CR000000.dcm,2.25.116822802042655971810859435524105064465/series_003_2_CR/A2507273296 DXA/CR DXA/CR000000.dcm,1.2.643.5.1.13.13.12.2.77.8252.13011301091003020814061203020304,2.25.116822802042655971810859435524105064465/series_003_2_CR/A2507273296 DXA/CR DXA/CR000000.dcm,LEG,,,20260916163546.918307,uid_match
Размеченные,C:\Users\Андрей\Desktop\Хакатон\Размеченные\2.25.116822802042655971810859435524105064465\series_003_2_CR\A2507273296 DXA\CR DXA\CR000001.dcm,2.25.116822802042655971810859435524105064465/series_003_2_CR/A2507273296 DXA/CR DXA/CR000001.dcm,1.2.643.5.1.13.13.12.2.77.8252.01010713081306120510130101121412,2.25.116822802042655971810859435524105064465/series_003_2_CR/A2507273296 DXA/CR DXA/CR000001.dcm,LEG,,,20260916163548.406832,uid_match
Размеченные,C:\Users\Андрей\Desktop\Хакатон\Размеченные\2.25.116822802042655971810859435524105064465\series_003_2_CR\A2507273296 DXA\CR DXA\CR000002.dcm,2.25.116822802042655971810859435524105064465/series_003_2_CR/A2507273296 DXA/CR DXA/CR000002.dcm,1.2.643.5.1.13.13.12.2.77.8252.05150512091506110304120408070606,2.25.116822802042655971810859435524105064465/series_003_2_CR/A2507273296 DXA/CR DXA/CR000002.dcm,SPINE,,,20260916163549.892299,uid_match
Размеченные,C:\Users\Андрей\Desktop\Хакатон\Размеченные\2.25.122446767306607067205618235949445789306\series_001_2_CR\A2504255080 DXA\CR DXA\CR000000.dcm,2.25.122446767306607067205618235949445789306/series_001_2_CR/A2504255080 DXA/CR DXA/CR000000.dcm,1.2.643.5.1.13.13.12.2.77.8252.02101009080308000015051512140806,2.25.122446767306607067205618235949445789306/series_001_2_CR/A2504255080 DXA/CR DXA/CR000000.dcm,LEG,,,20260916163551.446442,uid_match
Размеченные,C:\Users\Андрей\Desktop\Хакатон\Размеченные\2.25.122446767306607067205618235949445789306\series_001_2_CR\A2504255080 DXA\CR DXA\CR000001.dcm,2.25.122446767306607067205618235949445789306/series_001_2_CR/A2504255080 DXA/CR DXA/CR000001.dcm,1.2.643.5.1.13.13.12.2.77.8252.02091106060004131215091000000909,2.25.122446767306607067205618235949445789306/series_001_2_CR/A2504255080 DXA/CR DXA/CR000001.dcm,LEG,,,20260916163552.972048,uid_match
Размеченные,C:\Users\Андрей\Desktop\Хакатон\Размеченные\2.25.122446767306607067205618235949445789306\series_001_2_CR\A2504255080 DXA\CR DXA\CR000002.dcm,2.25.122446767306607067205618235949445789306/series_001_2_CR/A2504255080 DXA/CR DXA/CR000002.dcm,1.2.643.5.1.13.13.12.2.77.8252.15060100040008041103060904131005,2.25.122446767306607067205618235949445789306/series_001_2_CR/A2504255080 DXA/CR DXA/CR000002.dcm,SPINE,,,20260916163554.549637,uid_match
Размеченные,C:\Users\Андрей\Desktop\Хакатон\Размеченные\2.25.122446767306607067205618235949445789306\series_001_2_CR\A2504255080 DXA\CR DXA\CR000003.dcm,2.25.122446767306607067205618235949445789306/series_001_2_CR/A2504255080 DXA/CR DXA/CR000003.dcm,1.2.643.5.1.13.13.12.2.77.8252.03040807040905131500140112021404,2.25.122446767306607067205618235949445789306/series_001_2_CR/A2504255080 DXA/CR DXA/CR000003.dcm,LEG,,,20260916163555.797833,uid_match
Размеченные,C:\Users\Андрей\Desktop\Хакатон\Размеченные\2.25.122446767306607067205618235949445789306\series_001_2_CR\A2504255080 DXA\CR DXA\CR000004.dcm,2.25.122446767306607067205618235949445789306/series_001_2_CR/A2504255080 DXA/CR DXA/CR000004.dcm,1.2.643.5.1.13.13.12.2.77.8252.11100905091110000105111305090709,2.25.122446767306607067205618235949445789306/series_001_2_CR/A2504255080 DXA/CR DXA/CR000004.dcm,LEG,,,20260916163556.899399,uid_match
Размеченные,C:\Users\Андрей\Desktop\Хакатон\Размеченные\2.25.122446767306607067205618235949445789306\series_001_2_CR\A2504255080 DXA\CR DXA\CR000005.dcm,2.25.122446767306607067205618235949445789306/series_001_2_CR/A2504255080 DXA/CR DXA/CR000005.dcm,1.2.643.5.1.13.13.12.2.77.8252.09071502150602001009041214040315,2.25.122446767306607067205618235949445789306/series_001_2_CR/A2504255080 DXA/CR DXA/CR000005.dcm,SPINE,,,20260916163603.464149,uid_match
Размеченные,C:\Users\Андрей\Desktop\Хакатон\Размеченные\2.25.123175695355749859846173904788591707879\series_001_2_CR\A250722449 DXA\CR DXA\CR000000.dcm,2.25.123175695355749859846173904788591707879/series_001_2_CR/A250722449 DXA/CR DXA/CR000000.dcm,1.2.643.5.1.13.13.12.2.77.8252.12031311070507060813050800031313,2.25.123175695355749859846173904788591707879/series_001_2_CR/A250722449 DXA/CR DXA/CR000000.dcm,SPINE,,,20260916163605.702189,uid_match
Размеченные,C:\Users\Андрей\Desktop\Хакатон\Размеченные\2.25.124890633326693921702195356152595253940\series_002_2_CR\A2504263153 DXA\CR DXA\CR000000.dcm,2.25.124890633326693921702195356152595253940/series_002_2_CR/A2504263153 DXA/CR DXA/CR000000.dcm,1.2.643.5.1.13.13.12.2.77.8252.04131510070001011107040403071102,2.25.124890633326693921702195356152595253940/series_002_2_CR/A2504263153 DXA/CR DXA/CR000000.dcm,SPINE,,,20260916163607.673408,uid_match
Размеченные,C:\Users\Андрей\Desktop\Хакатон\Размеченные\2.25.124890633326693921702195356152595253940\series_002_2_CR\A2504263153 DXA\CR DXA\CR000001.dcm,2.25.124890633326693921702195356152595253940/series_002_2_CR/A2504263153 DXA/CR DXA/CR000001.dcm,1.2.643.5.1.13.13.12.2.77.8252.08050506060410091114110412130504,2.25.124890633326693921702195356152595253940/series_002_2_CR/A2504263153 DXA/CR DXA/CR000001.dcm,LEG,,,20260916163609.168416,uid_match
Размеченные,C:\Users\Андрей\Desktop\Хакатон\Размеченные\2.25.124890633326693921702195356152595253940\series_002_2_CR\A2504263153 DXA\CR DXA\CR000002.dcm,2.25.124890633326693921702195356152595253940/series_002_2_CR/A2504263153 DXA/CR DXA/CR000002.dcm,1.2.643.5.1.13.13.12.2.77.8252.10081312010805021201100507060411,2.25.124890633326693921702195356152595253940/series_002_2_CR/A2504263153 DXA/CR DXA/CR000002.dcm,LEG,,,20260916163610.384042,uid_match
Размеченные,C:\Users\Андрей\Desktop\Хакатон\Размеченные\2.25.125521310320333648427417313254965624364\series_001_2_CR\A250444126 DXA\CR DXA\CR000000.dcm,2.25.125521310320333648427417313254965624364/series_001_2_CR/A250444126 DXA/CR DXA/CR000000.dcm,1.2.643.5.1.13.13.12.2.77.8252.06141210040207130507130606070312,2.25.125521310320333648427417313254965624364/series_001_2_CR/A250444126 DXA/CR DXA/CR000000.dcm,SPINE,,,20260916163612.117600,uid_match
Размеченные,C:\Users\Андрей\Desktop\Хакатон\Размеченные\2.25.126293418391331346694592071563510265596\series_002_3_CR\A2507250865 DXA\CR DXA\CR000000.dcm,2.25.126293418391331346694592071563510265596/series_002_3_CR/A2507250865 DXA/CR DXA/CR000000.dcm,1.2.643.5.1.13.13.12.2.77.8252.08121504041301080101130415050611,2.25.126293418391331346694592071563510265596/series_002_3_CR/A2507250865 DXA/CR DXA/CR000000.dcm,LEG,,,20260916163613.674998,uid_match
Размеченные,C:\Users\Андрей\Desktop\Хакатон\Размеченные\2.25.126293418391331346694592071563510265596\series_002_3_CR\A2507250865 DXA\CR DXA\CR000001.dcm,2.25.126293418391331346694592071563510265596/series_002_3_CR/A2507250865 DXA/CR DXA/CR000001.dcm,1.2.643.5.1.13.13.12.2.77.8252.10031005061115110908060312000307,2.25.126293418391331346694592071563510265596/series_002_3_CR/A2507250865 DXA/CR DXA/CR000001.dcm,SPINE,,,20260916163615.413890,uid_match
Размеченные,C:\Users\Андрей\Desktop\Хакатон\Размеченные\2.25.126293418391331346694592071563510265596\series_002_3_CR\A2507250865 DXA\CR DXA\CR000002.dcm,2.25.126293418391331346694592071563510265596/series_002_3_CR/A2507250865 DXA/CR DXA/CR000002.dcm,1.2.643.5.1.13.13.12.2.77.8252.11151304101402090112060913070605,2.25.126293418391331346694592071563510265596/series_002_3_CR/A2507250865 DXA/CR DXA/CR000002.dcm,UNKNOWN,,,20260916163641.157625,uid_match
Размеченные,C:\Users\Андрей\Desktop\Хакатон\Размеченные\2.25.127126130998341190348103034690069487890\series_002_2_CR\A250428736 DXA\CR DXA\CR000000.dcm,2.25.127126130998341190348103034690069487890/series_002_2_CR/A250428736 DXA/CR DXA/CR000000.dcm,1.2.643.5.1.13.13.12.2.77.8252.13130511100900071404010502130909,2.25.127126130998341190348103034690069487890/series_002_2_CR/A250428736 DXA/CR DXA/CR000000.dcm,SPINE,,,20260916163643.094480,uid_match
Размеченные,C:\Users\Андрей\Desktop\Хакатон\Размеченные\2.25.127126130998341190348103034690069487890\series_002_2_CR\A250428736 DXA\CR DXA\CR000001.dcm,2.25.127126130998341190348103034690069487890/series_002_2_CR/A250428736 DXA/CR DXA/CR000001.dcm,1.2.643.5.1.13.13.12.2.77.8252.10040807011312021210130513011200,2.25.127126130998341190348103034690069487890/series_002_2_CR/A250428736 DXA/CR DXA/CR000001.dcm,LEG,,,20260916163644.937166,uid_match
Размеченные,C:\Users\Андрей\Desktop\Хакатон\Размеченные\2.25.127126130998341190348103034690069487890\series_002_2_CR\A250428736 DXA\CR DXA\CR000002.dcm,2.25.127126130998341190348103034690069487890/series_002_2_CR/A250428736 DXA/CR DXA/CR000002.dcm,1.2.643.5.1.13.13.12.2.77.8252.03120008051300001208141011101302,2.25.127126130998341190348103034690069487890/series_002_2_CR/A250428736 DXA/CR DXA/CR000002.dcm,LEG,,,20260916163646.623550,uid_match
Размеченные,C:\Users\Андрей\Desktop\Хакатон\Размеченные\2.25.127126130998341190348103034690069487890\series_002_2_CR\A250428736 DXA\CR DXA\CR000003.dcm,2.25.127126130998341190348103034690069487890/series_002_2_CR/A250428736 DXA/CR DXA/CR000003.dcm,1.2.643.5.1.13.13.12.2.77.8252.01070801081413060013111012010201,2.25.127126130998341190348103034690069487890/series_002_2_CR/A250428736 DXA/CR DXA/CR000003.dcm,LEG,,,20260916163649.470485,uid_match
Размеченные,C:\Users\Андрей\Desktop\Хакатон\Размеченные\2.25.127126130998341190348103034690069487890\series_002_2_CR\A250428736 DXA\CR DXA\CR000004.dcm,2.25.127126130998341190348103034690069487890/series_002_2_CR/A250428736 DXA/CR DXA/CR000004.dcm,1.2.643.5.1.13.13.12.2.77.8252.14080500031007021314121106040303,2.25.127126130998341190348103034690069487890/series_002_2_CR/A250428736 DXA/CR DXA/CR000004.dcm,SPINE,,,20260916163651.118805,uid_match
Размеченные,C:\Users\Андрей\Desktop\Хакатон\Размеченные\2.25.127126130998341190348103034690069487890\series_002_2_CR\A250428736 DXA\CR DXA\CR000005.dcm,2.25.127126130998341190348103034690069487890/series_002_2_CR/A250428736 DXA/CR DXA/CR000005.dcm,1.2.643.5.1.13.13.12.2.77.8252.03020502031409151006020306090105,2.25.127126130998341190348103034690069487890/series_002_2_CR/A250428736 DXA/CR DXA/CR000005.dcm,LEG,,,20260916163653.565989,uid_match
Размеченные,C:\Users\Андрей\Desktop\Хакатон\Размеченные\2.25.12798473087614376830819854616447908612\series_002_2_CR\A2507538847 DXA\CR DXA\CR000000.dcm,2.25.12798473087614376830819854616447908612/series_002_2_CR/A2507538847 DXA/CR DXA/CR000000.dcm,1.2.643.5.1.13.13.12.2.77.8252.07111115111305011108141412010801,2.25.12798473087614376830819854616447908612/series_002_2_CR/A2507538847 DXA/CR DXA/CR000000.dcm,SPINE,,,20260916163655.023446,uid_match
Размеченные,C:\Users\Андрей\Desktop\Хакатон\Размеченные\2.25.12798473087614376830819854616447908612\series_002_2_CR\A2507538847 DXA\CR DXA\CR000001.dcm,2.25.12798473087614376830819854616447908612/series_002_2_CR/A2507538847 DXA/CR DXA/CR000001.dcm,1.2.643.5.1.13.13.12.2.77.8252.02011409120209130807021302101100,2.25.12798473087614376830819854616447908612/series_002_2_CR/A2507538847 DXA/CR DXA/CR000001.dcm,LEG,�����3,,20260916163744.321344,uid_match
Размеченные,C:\Users\Андрей\Desktop\Хакатон\Размеченные\2.25.12798473087614376830819854616447908612\series_002_2_CR\A2507538847 DXA\CR DXA\CR000002.dcm,2.25.12798473087614376830819854616447908612/series_002_2_CR/A2507538847 DXA/CR DXA/CR000002.dcm,1.2.643.5.1.13.13.12.2.77.8252.07050602130910101513020700010509,2.25.12798473087614376830819854616447908612/series_002_2_CR/A2507538847 DXA/CR DXA/CR000002.dcm,UNKNOWN,�����4,,20260916163756.294705,uid_match
Размеченные,C:\Users\Андрей\Desktop\Хакатон\Размеченные\2.25.128197189461989832465575162384360009377\series_001_2_CR\A2507216909 DXA\CR DXA\CR000000.dcm,2.25.128197189461989832465575162384360009377/series_001_2_CR/A2507216909 DXA/CR DXA/CR000000.dcm,1.2.643.5.1.13.13.12.2.77.8252.02030508140000071310150302011113,2.25.128197189461989832465575162384360009377/series_001_2_CR/A2507216909 DXA/CR DXA/CR000000.dcm,SPINE,,,20260916163803.437682,uid_match
Размеченные,C:\Users\Андрей\Desktop\Хакатон\Размеченные\2.25.128630285053087246379265602913470285158\series_003_2_CR\A2504394821 DXA\CR DXA\CR000000.dcm,2.25.128630285053087246379265602913470285158/series_003_2_CR/A2504394821 DXA/CR DXA/CR000000.dcm,1.2.643.5.1.13.13.12.2.77.8252.09070705131210061514041509120513,2.25.128630285053087246379265602913470285158/series_003_2_CR/A2504394821 DXA/CR DXA/CR000000.dcm,SPINE,,,20260916163804.834155,uid_match
Размеченные,C:\Users\Андрей\Desktop\Хакатон\Размеченные\2.25.128990540359421489042453547244535073735\series_002_2_CR\A2507388698 DXA\CR DXA\CR000000.dcm,2.25.128990540359421489042453547244535073735/series_002_2_CR/A2507388698 DXA/CR DXA/CR000000.dcm,1.2.643.5.1.13.13.12.2.77.8252.09150805131402040209060509150410,2.25.128990540359421489042453547244535073735/series_002_2_CR/A2507388698 DXA/CR DXA/CR000000.dcm,LEG,,,20260916163808.182831,uid_match
Размеченные,C:\Users\Андрей\Desktop\Хакатон\Размеченные\2.25.128990540359421489042453547244535073735\series_002_2_CR\A2507388698 DXA\CR DXA\CR000001.dcm,2.25.128990540359421489042453547244535073735/series_002_2_CR/A2507388698 DXA/CR DXA/CR000001.dcm,1.2.643.5.1.13.13.12.2.77.8252.11000605051111050207041006140905,2.25.128990540359421489042453547244535073735/series_002_2_CR/A2507388698 DXA/CR DXA/CR000001.dcm,SPINE,,,20260916163810.494453,uid_match
Размеченные,C:\Users\Андрей\Desktop\Хакатон\Размеченные\2.25.128990540359421489042453547244535073735\series_002_2_CR\A2507388698 DXA\CR DXA\CR000002.dcm,2.25.128990540359421489042453547244535073735/series_002_2_CR/A2507388698 DXA/CR DXA/CR000002.dcm,1.2.643.5.1.13.13.12.2.77.8252.09060004140611120111091509030603,2.25.128990540359421489042453547244535073735/series_002_2_CR/A2507388698 DXA/CR DXA/CR000002.dcm,LEG,,,20260916163812.202598,uid_match
Размеченные,C:\Users\Андрей\Desktop\Хакатон\Размеченные\2.25.128990540359421489042453547244535073735\series_002_2_CR\A2507388698 DXA\CR DXA\CR000003.dcm,2.25.128990540359421489042453547244535073735/series_002_2_CR/A2507388698 DXA/CR DXA/CR000003.dcm,1.2.643.5.1.13.13.12.2.77.8252.02111507100612121000021204080801,2.25.128990540359421489042453547244535073735/series_002_2_CR/A2507388698 DXA/CR DXA/CR000003.dcm,LEG,,,20260916163813.852316,uid_match
Размеченные,C:\Users\Андрей\Desktop\Хакатон\Размеченные\2.25.128990540359421489042453547244535073735\series_002_2_CR\A2507388698 DXA\CR DXA\CR000004.dcm,2.25.128990540359421489042453547244535073735/series_002_2_CR/A2507388698 DXA/CR DXA/CR000004.dcm,1.2.643.5.1.13.13.12.2.77.8252.04071014120313000711051010091409,2.25.128990540359421489042453547244535073735/series_002_2_CR/A2507388698 DXA/CR DXA/CR000004.dcm,SPINE,,,20260916163815.491297,uid_match
Размеченные,C:\Users\Андрей\Desktop\Хакатон\Размеченные\2.25.128990540359421489042453547244535073735\series_002_2_CR\A2507388698 DXA\CR DXA\CR000005.dcm,2.25.128990540359421489042453547244535073735/series_002_2_CR/A2507388698 DXA/CR DXA/CR000005.dcm,1.2.643.5.1.13.13.12.2.77.8252.12120911020011140507050515090906,2.25.128990540359421489042453547244535073735/series_002_2_CR/A2507388698 DXA/CR DXA/CR000005.dcm,LEG,,,20260916163817.144857,uid_match
Размеченные,C:\Users\Андрей\Desktop\Хакатон\Размеченные\2.25.129239680100193368599713239115902740628\series_003_3_CR\A250757345 DXA\CR DXA\CR000000.dcm,2.25.129239680100193368599713239115902740628/series_003_3_CR/A250757345 DXA/CR DXA/CR000000.dcm,1.2.643.5.1.13.13.12.2.77.8252.00131503020212110600101502020700,2.25.129239680100193368599713239115902740628/series_003_3_CR/A250757345 DXA/CR DXA/CR000000.dcm,LEG,,,20260916163818.937565,uid_match
Размеченные,C:\Users\Андрей\Desktop\Хакатон\Размеченные\2.25.13069823278093578548407087310307113784\series_003_2_CR\A2507242667 DXA\CR DXA\CR000000.dcm,2.25.13069823278093578548407087310307113784/series_003_2_CR/A2507242667 DXA/CR DXA/CR000000.dcm,1.2.643.5.1.13.13.12.2.77.8252.12051101030200021506031210090702,2.25.13069823278093578548407087310307113784/series_003_2_CR/A2507242667 DXA/CR DXA/CR000000.dcm,LEG,,,20260916163820.265060,uid_match
Размеченные,C:\Users\Андрей\Desktop\Хакатон\Размеченные\2.25.13069823278093578548407087310307113784\series_003_2_CR\A2507242667 DXA\CR DXA\CR000001.dcm,2.25.13069823278093578548407087310307113784/series_003_2_CR/A2507242667 DXA/CR DXA/CR000001.dcm,1.2.643.5.1.13.13.12.2.77.8252.05100110120015150515030506140402,2.25.13069823278093578548407087310307113784/series_003_2_CR/A2507242667 DXA/CR DXA/CR000001.dcm,SPINE,,,20260916163821.959115,uid_match
Размеченные,C:\Users\Андрей\Desktop\Хакатон\Размеченные\2.25.13069823278093578548407087310307113784\series_003_2_CR\A2507242667 DXA\CR DXA\CR000002.dcm,2.25.13069823278093578548407087310307113784/series_003_2_CR/A2507242667 DXA/CR DXA/CR000002.dcm,1.2.643.5.1.13.13.12.2.77.8252.06081211090913150712130913130401,2.25.13069823278093578548407087310307113784/series_003_2_CR/A2507242667 DXA/CR DXA/CR000002.dcm,LEG,,,20260916163824.218865,uid_match
Размеченные,C:\Users\Андрей\Desktop\Хакатон\Размеченные\2.25.132083163398091874662674590622589534350\series_003_2_CR\A2507386583 DXA Exam\CR DXA Images\CR000000.dcm,2.25.132083163398091874662674590622589534350/series_003_2_CR/A2507386583 DXA Exam/CR DXA Images/CR000000.dcm,1.2.643.5.1.13.13.12.2.77.8252.13151303131009131214000609090104,2.25.132083163398091874662674590622589534350/series_003_2_CR/A2507386583 DXA Exam/CR DXA Images/CR000000.dcm,LEG,,,20260916163826.177466,uid_match
Размеченные,C:\Users\Андрей\Desktop\Хакатон\Размеченные\2.25.132083163398091874662674590622589534350\series_003_2_CR\A2507386583 DXA Exam\CR DXA Images\CR000001.dcm,2.25.132083163398091874662674590622589534350/series_003_2_CR/A2507386583 DXA Exam/CR DXA Images/CR000001.dcm,1.2.643.5.1.13.13.12.2.77.8252.15080409060108110106110204020115,2.25.132083163398091874662674590622589534350/series_003_2_CR/A2507386583 DXA Exam/CR DXA Images/CR000001.dcm,SPINE,,,20260916163827.934595,uid_match
Размеченные,C:\Users\Андрей\Desktop\Хакатон\Размеченные\2.25.132083163398091874662674590622589534350\series_003_2_CR\A2507386583 DXA Exam\CR DXA Images\CR000002.dcm,2.25.132083163398091874662674590622589534350/series_003_2_CR/A2507386583 DXA Exam/CR DXA Images/CR000002.dcm,1.2.643.5.1.13.13.12.2.77.8252.06120903051105150112061201080014,2.25.132083163398091874662674590622589534350/series_003_2_CR/A2507386583 DXA Exam/CR DXA Images/CR000002.dcm,LEG,,,20260916163829.349041,uid_match
Размеченные,C:\Users\Андрей\Desktop\Хакатон\Размеченные\2.25.132272637351979990811754009849547633391\series_003_3_CR\A2504141080 DXA\CR DXA\CR000000.dcm,2.25.132272637351979990811754009849547633391/series_003_3_CR/A2504141080 DXA/CR DXA/CR000000.dcm,1.2.643.5.1.13.13.12.2.77.8252.05020106091400040809110708040301,2.25.132272637351979990811754009849547633391/series_003_3_CR/A2504141080 DXA/CR DXA/CR000000.dcm,LEG,,,20260916163831.861527,uid_match
Размеченные,C:\Users\Андрей\Desktop\Хакатон\Размеченные\2.25.132272637351979990811754009849547633391\series_003_3_CR\A2504141080 DXA\CR DXA\CR000001.dcm,2.25.132272637351979990811754009849547633391/series_003_3_CR/A2504141080 DXA/CR DXA/CR000001.dcm,1.2.643.5.1.13.13.12.2.77.8252.15140601101305061400021505010802,2.25.132272637351979990811754009849547633391/series_003_3_CR/A2504141080 DXA/CR DXA/CR000001.dcm,LEG,,,20260916163833.516672,uid_match
Размеченные,C:\Users\Андрей\Desktop\Хакатон\Размеченные\2.25.132272637351979990811754009849547633391\series_003_3_CR\A2504141080 DXA\CR DXA\CR000002.dcm,2.25.132272637351979990811754009849547633391/series_003_3_CR/A2504141080 DXA/CR DXA/CR000002.dcm,1.2.643.5.1.13.13.12.2.77.8252.07151108041411120004040810151209,2.25.132272637351979990811754009849547633391/series_003_3_CR/A2504141080 DXA/CR DXA/CR000002.dcm,SPINE,,,20260916163835.924964,uid_match
Размеченные,C:\Users\Андрей\Desktop\Хакатон\Размеченные\2.25.13325817932854000792938662637654885530\series_002_2_CR\A2507365486 DXA\CR DXA\CR000000.dcm,2.25.13325817932854000792938662637654885530/series_002_2_CR/A2507365486 DXA/CR DXA/CR000000.dcm,1.2.643.5.1.13.13.12.2.77.8252.02090003020511130407030106110206,2.25.13325817932854000792938662637654885530/series_002_2_CR/A2507365486 DXA/CR DXA/CR000000.dcm,SPINE,,,20260916163837.832126,uid_match
Размеченные,C:\Users\Андрей\Desktop\Хакатон\Размеченные\2.25.13325817932854000792938662637654885530\series_002_2_CR\A2507365486 DXA\CR DXA\CR000001.dcm,2.25.13325817932854000792938662637654885530/series_002_2_CR/A2507365486 DXA/CR DXA/CR000001.dcm,1.2.643.5.1.13.13.12.2.77.8252.04080409110008071309041404000111,2.25.13325817932854000792938662637654885530/series_002_2_CR/A2507365486 DXA/CR DXA/CR000001.dcm,LEG,,,20260916163839.932578,uid_match
Размеченные,C:\Users\Андрей\Desktop\Хакатон\Размеченные\2.25.13325817932854000792938662637654885530\series_002_2_CR\A2507365486 DXA\CR DXA\CR000002.dcm,2.25.13325817932854000792938662637654885530/series_002_2_CR/A2507365486 DXA/CR DXA/CR000002.dcm,1.2.643.5.1.13.13.12.2.77.8252.11150104101400000200001411070008,2.25.13325817932854000792938662637654885530/series_002_2_CR/A2507365486 DXA/CR DXA/CR000002.dcm,LEG,,,20260916163842.061331,uid_match
Размеченные,C:\Users\Андрей\Desktop\Хакатон\Размеченные\2.25.13325817932854000792938662637654885530\series_002_2_CR\A2507365486 DXA\CR DXA\CR000003.dcm,2.25.13325817932854000792938662637654885530/series_002_2_CR/A2507365486 DXA/CR DXA/CR000003.dcm,1.2.643.5.1.13.13.12.2.77.8252.00090714091003060206031503010409,2.25.13325817932854000792938662637654885530/series_002_2_CR/A2507365486 DXA/CR DXA/CR000003.dcm,LEG,,,20260916163843.673831,uid_match
Размеченные,C:\Users\Андрей\Desktop\Хакатон\Размеченные\2.25.13325817932854000792938662637654885530\series_002_2_CR\A2507365486 DXA\CR DXA\CR000004.dcm,2.25.13325817932854000792938662637654885530/series_002_2_CR/A2507365486 DXA/CR DXA/CR000004.dcm,1.2.643.5.1.13.13.12.2.77.8252.13150808100913111314080101030008,2.25.13325817932854000792938662637654885530/series_002_2_CR/A2507365486 DXA/CR DXA/CR000004.dcm,LEG,,,20260916163845.128375,uid_match
Размеченные,C:\Users\Андрей\Desktop\Хакатон\Размеченные\2.25.13325817932854000792938662637654885530\series_002_2_CR\A2507365486 DXA\CR DXA\CR000005.dcm,2.25.13325817932854000792938662637654885530/series_002_2_CR/A2507365486 DXA/CR DXA/CR000005.dcm,1.2.643.5.1.13.13.12.2.77.8252.11020707081006150000011408140609,2.25.13325817932854000792938662637654885530/series_002_2_CR/A2507365486 DXA/CR DXA/CR000005.dcm,LEG,,,20260916163846.710214,uid_match
Размеченные,C:\Users\Андрей\Desktop\Хакатон\Размеченные\2.25.13325817932854000792938662637654885530\series_002_2_CR\A2507365486 DXA\CR DXA\CR000006.dcm,2.25.13325817932854000792938662637654885530/series_002_2_CR/A2507365486 DXA/CR DXA/CR000006.dcm,1.2.643.5.1.13.13.12.2.77.8252.10001304041304060303041004101403,2.25.13325817932854000792938662637654885530/series_002_2_CR/A2507365486 DXA/CR DXA/CR000006.dcm,LEG,,,20260916163848.631507,uid_match
Размеченные,C:\Users\Андрей\Desktop\Хакатон\Размеченные\2.25.13325817932854000792938662637654885530\series_002_2_CR\A2507365486 DXA\CR DXA\CR000007.dcm,2.25.13325817932854000792938662637654885530/series_002_2_CR/A2507365486 DXA/CR DXA/CR000007.dcm,1.2.643.5.1.13.13.12.2.77.8252.12151114030903000211100702060009,2.25.13325817932854000792938662637654885530/series_002_2_CR/A2507365486 DXA/CR DXA/CR000007.dcm,LEG,,,20260916163849.985101,uid_match
Размеченные,C:\Users\Андрей\Desktop\Хакатон\Размеченные\2.25.13325817932854000792938662637654885530\series_002_2_CR\A2507365486 DXA\CR DXA\CR000008.dcm,2.25.13325817932854000792938662637654885530/series_002_2_CR/A2507365486 DXA/CR DXA/CR000008.dcm,1.2.643.5.1.13.13.12.2.77.8252.02031303080313100507120501150506,2.25.13325817932854000792938662637654885530/series_002_2_CR/A2507365486 DXA/CR DXA/CR000008.dcm,LEG,,,20260916163851.508854,uid_match
Размеченные,C:\Users\Андрей\Desktop\Хакатон\Размеченные\2.25.13325817932854000792938662637654885530\series_002_2_CR\A2507365486 DXA\CR DXA\CR000009.dcm,2.25.13325817932854000792938662637654885530/series_002_2_CR/A2507365486 DXA/CR DXA/CR000009.dcm,1.2.643.5.1.13.13.12.2.77.8252.06150706081207041203070111090707,2.25.13325817932854000792938662637654885530/series_002_2_CR/A2507365486 DXA/CR DXA/CR000009.dcm,LEG,,,20260916163853.141689,uid_match
Размеченные,C:\Users\Андрей\Desktop\Хакатон\Размеченные\2.25.13325817932854000792938662637654885530\series_002_2_CR\A2507365486 DXA\CR DXA\CR000010.dcm,2.25.13325817932854000792938662637654885530/series_002_2_CR/A2507365486 DXA/CR DXA/CR000010.dcm,1.2.643.5.1.13.13.12.2.77.8252.06150108111302000413130014070915,2.25.13325817932854000792938662637654885530/series_002_2_CR/A2507365486 DXA/CR DXA/CR000010.dcm,SPINE,,,20260916163854.724854,uid_match
Размеченные,C:\Users\Андрей\Desktop\Хакатон\Размеченные\2.25.13325817932854000792938662637654885530\series_002_2_CR\A2507365486 DXA\CR DXA\CR000011.dcm,2.25.13325817932854000792938662637654885530/series_002_2_CR/A2507365486 DXA/CR DXA/CR000011.dcm,1.2.643.5.1.13.13.12.2.77.8252.07031408150101110505001201030207,2.25.13325817932854000792938662637654885530/series_002_2_CR/A2507365486 DXA/CR DXA/CR000011.dcm,LEG,,,20260916163856.401219,uid_match
Размеченные,C:\Users\Андрей\Desktop\Хакатон\Размеченные\2.25.13325817932854000792938662637654885530\series_002_2_CR\A2507365486 DXA\CR DXA\CR000012.dcm,2.25.13325817932854000792938662637654885530/series_002_2_CR/A2507365486 DXA/CR DXA/CR000012.dcm,1.2.643.5.1.13.13.12.2.77.8252.14070208080209001506081402060503,2.25.13325817932854000792938662637654885530/series_002_2_CR/A2507365486 DXA/CR DXA/CR000012.dcm,SPINE,,,20260916163857.828963,uid_match
Размеченные,C:\Users\Андрей\Desktop\Хакатон\Размеченные\2.25.134456506307367483341018281460841912845\series_002_2_CR\A2507120612 DXA\CR DXA\CR000000.dcm,2.25.134456506307367483341018281460841912845/series_002_2_CR/A2507120612 DXA/CR DXA/CR000000.dcm,1.2.643.5.1.13.13.12.2.77.8252.04040803080402061202041005000304,2.25.134456506307367483341018281460841912845/series_002_2_CR/A2507120612 DXA/CR DXA/CR000000.dcm,LEG,,,20260916163859.202641,uid_match
Размеченные,C:\Users\Андрей\Desktop\Хакатон\Размеченные\2.25.134456506307367483341018281460841912845\series_002_2_CR\A2507120612 DXA\CR DXA\CR000001.dcm,2.25.134456506307367483341018281460841912845/series_002_2_CR/A2507120612 DXA/CR DXA/CR000001.dcm,1.2.643.5.1.13.13.12.2.77.8252.13090607110001000310151006050113,2.25.134456506307367483341018281460841912845/series_002_2_CR/A2507120612 DXA/CR DXA/CR000001.dcm,SPINE,,,20260916163900.633888,uid_match
Размеченные,C:\Users\Андрей\Desktop\Хакатон\Размеченные\2.25.134456506307367483341018281460841912845\series_002_2_CR\A2507120612 DXA\CR DXA\CR000002.dcm,2.25.134456506307367483341018281460841912845/series_002_2_CR/A2507120612 DXA/CR DXA/CR000002.dcm,1.2.643.5.1.13.13.12.2.77.8252.14121200111500000012151207021305,2.25.134456506307367483341018281460841912845/series_002_2_CR/A2507120612 DXA/CR DXA/CR000002.dcm,LEG,,,20260916163902.152820,uid_match
Размеченные,C:\Users\Андрей\Desktop\Хакатон\Размеченные\2.25.135241889065705954191821710363605596815\series_003_3_CR\A250715060 DXA\CR DXA\CR000000.dcm,2.25.135241889065705954191821710363605596815/series_003_3_CR/A250715060 DXA/CR DXA/CR000000.dcm,1.2.643.5.1.13.13.12.2.77.8252.04060811050000140014040410080212,2.25.135241889065705954191821710363605596815/series_003_3_CR/A250715060 DXA/CR DXA/CR000000.dcm,LEG,,,20260916163903.810398,uid_match
Размеченные,C:\Users\Андрей\Desktop\Хакатон\Размеченные\2.25.135241889065705954191821710363605596815\series_003_3_CR\A250715060 DXA\CR DXA\CR000001.dcm,2.25.135241889065705954191821710363605596815/series_003_3_CR/A250715060 DXA/CR DXA/CR000001.dcm,1.2.643.5.1.13.13.12.2.77.8252.12060607091105150404131215110908,2.25.135241889065705954191821710363605596815/series_003_3_CR/A250715060 DXA/CR DXA/CR000001.dcm,SPINE,,,20260916163905.142313,uid_match
Размеченные,C:\Users\Андрей\Desktop\Хакатон\Размеченные\2.25.13566237352084812982996047541944701548\series_002_2_CR\A2504268931 DXA\CR DXA\CR000000.dcm,2.25.13566237352084812982996047541944701548/series_002_2_CR/A2504268931 DXA/CR DXA/CR000000.dcm,1.2.643.5.1.13.13.12.2.77.8252.09030712140506070904071003000708,2.25.13566237352084812982996047541944701548/series_002_2_CR/A2504268931 DXA/CR DXA/CR000000.dcm,SPINE,,,20260916163906.383639,uid_match
Размеченные,C:\Users\Андрей\Desktop\Хакатон\Размеченные\2.25.137344827330550141320158285144101816664\series_003_3_CR\A2507146630 DXA\CR DXA\CR000000.dcm,2.25.137344827330550141320158285144101816664/series_003_3_CR/A2507146630 DXA/CR DXA/CR000000.dcm,1.2.643.5.1.13.13.12.2.77.8252.02050314081501100100131400110412,2.25.137344827330550141320158285144101816664/series_003_3_CR/A2507146630 DXA/CR DXA/CR000000.dcm,SPINE,�������,,20260916163927.949651,uid_match
Размеченные,C:\Users\Андрей\Desktop\Хакатон\Размеченные\2.25.137344827330550141320158285144101816664\series_003_3_CR\A2507146630 DXA\CR DXA\CR000001.dcm,2.25.137344827330550141320158285144101816664/series_003_3_CR/A2507146630 DXA/CR DXA/CR000001.dcm,1.2.643.5.1.13.13.12.2.77.8252.14140312010015010504081306061203,2.25.137344827330550141320158285144101816664/series_003_3_CR/A2507146630 DXA/CR DXA/CR000001.dcm,LEG,,,20260916163930.314063,uid_match
Размеченные,C:\Users\Андрей\Desktop\Хакатон\Размеченные\2.25.137344827330550141320158285144101816664\series_003_3_CR\A2507146630 DXA\CR DXA\CR000002.dcm,2.25.137344827330550141320158285144101816664/series_003_3_CR/A2507146630 DXA/CR DXA/CR000002.dcm,1.2.643.5.1.13.13.12.2.77.8252.03131510081105080011060404010511,2.25.137344827330550141320158285144101816664/series_003_3_CR/A2507146630 DXA/CR DXA/CR000002.dcm,LEG,,,20260916163932.482365,uid_match
Размеченные,C:\Users\Андрей\Desktop\Хакатон\Размеченные\2.25.137675513852774974135210999345676405116\series_001_2_CR\A2504106597 DXA\CR DXA\CR000000.dcm,2.25.137675513852774974135210999345676405116/series_001_2_CR/A2504106597 DXA/CR DXA/CR000000.dcm,1.2.643.5.1.13.13.12.2.77.8252.05060902130204131205041207051405,2.25.137675513852774974135210999345676405116/series_001_2_CR/A2504106597 DXA/CR DXA/CR000000.dcm,SPINE,,,20260916163933.899187,uid_match
Размеченные,C:\Users\Андрей\Desktop\Хакатон\Размеченные\2.25.13983650679559142983913935144968795415\series_003_2_CR\A2504335111 DXA\CR DXA\CR000000.dcm,2.25.13983650679559142983913935144968795415/series_003_2_CR/A2504335111 DXA/CR DXA/CR000000.dcm,1.2.643.5.1.13.13.12.2.77.8252.01100509051301061200120505020711,2.25.13983650679559142983913935144968795415/series_003_2_CR/A2504335111 DXA/CR DXA/CR000000.dcm,SPINE,,,20260916163935.273636,uid_match
Размеченные,C:\Users\Андрей\Desktop\Хакатон\Размеченные\2.25.13983650679559142983913935144968795415\series_003_2_CR\A2504335111 DXA\CR DXA\CR000001.dcm,2.25.13983650679559142983913935144968795415/series_003_2_CR/A2504335111 DXA/CR DXA/CR000001.dcm,1.2.643.5.1.13.13.12.2.77.8252.02030711120805150008090200030710,2.25.13983650679559142983913935144968795415/series_003_2_CR/A2504335111 DXA/CR DXA/CR000001.dcm,LEG,,,20260916163936.773782,uid_match
Размеченные,C:\Users\Андрей\Desktop\Хакатон\Размеченные\2.25.13983650679559142983913935144968795415\series_003_2_CR\A2504335111 DXA\CR DXA\CR000002.dcm,2.25.13983650679559142983913935144968795415/series_003_2_CR/A2504335111 DXA/CR DXA/CR000002.dcm,1.2.643.5.1.13.13.12.2.77.8252.05100908130706051511060907050202,2.25.13983650679559142983913935144968795415/series_003_2_CR/A2504335111 DXA/CR DXA/CR000002.dcm,LEG,,,20260916163938.260316,uid_match
Размеченные,C:\Users\Андрей\Desktop\Хакатон\Размеченные\2.25.13983650679559142983913935144968795415\series_003_2_CR\A2504335111 DXA\CR DXA\CR000003.dcm,2.25.13983650679559142983913935144968795415/series_003_2_CR/A2504335111 DXA/CR DXA/CR000003.dcm,1.2.643.5.1.13.13.12.2.77.8252.07080813110202150000000512100700,2.25.13983650679559142983913935144968795415/series_003_2_CR/A2504335111 DXA/CR DXA/CR000003.dcm,SPINE,,,20260916163939.947928,uid_match
Размеченные,C:\Users\Андрей\Desktop\Хакатон\Размеченные\2.25.13983650679559142983913935144968795415\series_003_2_CR\A2504335111 DXA\CR DXA\CR000004.dcm,2.25.13983650679559142983913935144968795415/series_003_2_CR/A2504335111 DXA/CR DXA/CR000004.dcm,1.2.643.5.1.13.13.12.2.77.8252.04081012050615111107130109120010,2.25.13983650679559142983913935144968795415/series_003_2_CR/A2504335111 DXA/CR DXA/CR000004.dcm,LEG,,,20260916163941.321505,uid_match
Размеченные,C:\Users\Андрей\Desktop\Хакатон\Размеченные\2.25.13983650679559142983913935144968795415\series_003_2_CR\A2504335111 DXA\CR DXA\CR000005.dcm,2.25.13983650679559142983913935144968795415/series_003_2_CR/A2504335111 DXA/CR DXA/CR000005.dcm,1.2.643.5.1.13.13.12.2.77.8252.02081511091502140105000012140914,2.25.13983650679559142983913935144968795415/series_003_2_CR/A2504335111 DXA/CR DXA/CR000005.dcm,LEG,,,20260916163942.677862,uid_match
Размеченные,C:\Users\Андрей\Desktop\Хакатон\Размеченные\2.25.144941557565802351596730914409170713112\series_001_2_CR\A250728979 DXA\CR DXA\CR000000.dcm,2.25.144941557565802351596730914409170713112/series_001_2_CR/A250728979 DXA/CR DXA/CR000000.dcm,1.2.643.5.1.13.13.12.2.77.8252.01100715050305071000110707040014,2.25.144941557565802351596730914409170713112/series_001_2_CR/A250728979 DXA/CR DXA/CR000000.dcm,LEG,,,20260916163944.087409,uid_match
Размеченные,C:\Users\Андрей\Desktop\Хакатон\Размеченные\2.25.144941557565802351596730914409170713112\series_001_2_CR\A250728979 DXA\CR DXA\CR000001.dcm,2.25.144941557565802351596730914409170713112/series_001_2_CR/A250728979 DXA/CR DXA/CR000001.dcm,1.2.643.5.1.13.13.12.2.77.8252.05030004000114011306070703000900,2.25.144941557565802351596730914409170713112/series_001_2_CR/A250728979 DXA/CR DXA/CR000001.dcm,LEG,,,20260916163945.764859,uid_match
Размеченные,C:\Users\Андрей\Desktop\Хакатон\Размеченные\2.25.144941557565802351596730914409170713112\series_001_2_CR\A250728979 DXA\CR DXA\CR000002.dcm,2.25.144941557565802351596730914409170713112/series_001_2_CR/A250728979 DXA/CR DXA/CR000002.dcm,1.2.643.5.1.13.13.12.2.77.8252.14070202101304120203120502100808,2.25.144941557565802351596730914409170713112/series_001_2_CR/A250728979 DXA/CR DXA/CR000002.dcm,LEG,,,20260916163947.474528,uid_match
Размеченные,C:\Users\Андрей\Desktop\Хакатон\Размеченные\2.25.144941557565802351596730914409170713112\series_001_2_CR\A250728979 DXA\CR DXA\CR000003.dcm,2.25.144941557565802351596730914409170713112/series_001_2_CR/A250728979 DXA/CR DXA/CR000003.dcm,1.2.643.5.1.13.13.12.2.77.8252.03000804151513141409051310151514,2.25.144941557565802351596730914409170713112/series_001_2_CR/A250728979 DXA/CR DXA/CR000003.dcm,LEG,,,20260916163949.217652,uid_match
Размеченные,C:\Users\Андрей\Desktop\Хакатон\Размеченные\2.25.144941557565802351596730914409170713112\series_001_2_CR\A250728979 DXA\CR DXA\CR000004.dcm,2.25.144941557565802351596730914409170713112/series_001_2_CR/A250728979 DXA/CR DXA/CR000004.dcm,1.2.643.5.1.13.13.12.2.77.8252.10050606131001041108060208080404,2.25.144941557565802351596730914409170713112/series_001_2_CR/A250728979 DXA/CR DXA/CR000004.dcm,LEG,,,20260916163950.704011,uid_match
Размеченные,C:\Users\Андрей\Desktop\Хакатон\Размеченные\2.25.144941557565802351596730914409170713112\series_001_2_CR\A250728979 DXA\CR DXA\CR000005.dcm,2.25.144941557565802351596730914409170713112/series_001_2_CR/A250728979 DXA/CR DXA/CR000005.dcm,1.2.643.5.1.13.13.12.2.77.8252.13110302070015120304051003100511,2.25.144941557565802351596730914409170713112/series_001_2_CR/A250728979 DXA/CR DXA/CR000005.dcm,LEG,,,20260916163952.250232,uid_match
Размеченные,C:\Users\Андрей\Desktop\Хакатон\Размеченные\2.25.144941557565802351596730914409170713112\series_001_2_CR\A250728979 DXA\CR DXA\CR000006.dcm,2.25.144941557565802351596730914409170713112/series_001_2_CR/A250728979 DXA/CR DXA/CR000006.dcm,1.2.643.5.1.13.13.12.2.77.8252.14021109030605071205090308080911,2.25.144941557565802351596730914409170713112/series_001_2_CR/A250728979 DXA/CR DXA/CR000006.dcm,SPINE,,,20260916163953.826273,uid_match
Размеченные,C:\Users\Андрей\Desktop\Хакатон\Размеченные\2.25.144941557565802351596730914409170713112\series_001_2_CR\A250728979 DXA\CR DXA\CR000007.dcm,2.25.144941557565802351596730914409170713112/series_001_2_CR/A250728979 DXA/CR DXA/CR000007.dcm,1.2.643.5.1.13.13.12.2.77.8252.02000707141211070603071400111001,2.25.144941557565802351596730914409170713112/series_001_2_CR/A250728979 DXA/CR DXA/CR000007.dcm,LEG,,,20260916163955.941768,uid_match
Размеченные,C:\Users\Андрей\Desktop\Хакатон\Размеченные\2.25.144941557565802351596730914409170713112\series_001_2_CR\A250728979 DXA\CR DXA\CR000008.dcm,2.25.144941557565802351596730914409170713112/series_001_2_CR/A250728979 DXA/CR DXA/CR000008.dcm,1.2.643.5.1.13.13.12.2.77.8252.12001403040706100907100308030007,2.25.144941557565802351596730914409170713112/series_001_2_CR/A250728979 DXA/CR DXA/CR000008.dcm,SPINE,,,20260916163958.577934,uid_match
Размеченные,C:\Users\Андрей\Desktop\Хакатон\Размеченные\2.25.144941557565802351596730914409170713112\series_001_2_CR\A250728979 DXA\CR DXA\CR000009.dcm,2.25.144941557565802351596730914409170713112/series_001_2_CR/A250728979 DXA/CR DXA/CR000009.dcm,1.2.643.5.1.13.13.12.2.77.8252.03150209000513130305020013101408,2.25.144941557565802351596730914409170713112/series_001_2_CR/A250728979 DXA/CR DXA/CR000009.dcm,SPINE,,,20260916164000.035657,uid_match
Размеченные,C:\Users\Андрей\Desktop\Хакатон\Размеченные\2.25.144941557565802351596730914409170713112\series_001_2_CR\A250728979 DXA\CR DXA\CR000010.dcm,2.25.144941557565802351596730914409170713112/series_001_2_CR/A250728979 DXA/CR DXA/CR000010.dcm,1.2.643.5.1.13.13.12.2.77.8252.08060612000510000609001512070103,2.25.144941557565802351596730914409170713112/series_001_2_CR/A250728979 DXA/CR DXA/CR000010.dcm,LEG,,,20260916164001.414885,uid_match
Размеченные,C:\Users\Андрей\Desktop\Хакатон\Размеченные\2.25.145848300160680194368420189079847088556\series_002_2_CR\A2504248615 DXA Exam\CR DXA Images\CR000000.dcm,2.25.145848300160680194368420189079847088556/series_002_2_CR/A2504248615 DXA Exam/CR DXA Images/CR000000.dcm,1.2.643.5.1.13.13.12.2.77.8252.06130104100900080002100912090901,2.25.145848300160680194368420189079847088556/series_002_2_CR/A2504248615 DXA Exam/CR DXA Images/CR000000.dcm,LEG,,,20260916164003.076946,uid_match
Размеченные,C:\Users\Андрей\Desktop\Хакатон\Размеченные\2.25.145848300160680194368420189079847088556\series_002_2_CR\A2504248615 DXA Exam\CR DXA Images\CR000001.dcm,2.25.145848300160680194368420189079847088556/series_002_2_CR/A2504248615 DXA Exam/CR DXA Images/CR000001.dcm,1.2.643.5.1.13.13.12.2.77.8252.09091111090903031309150614110215,2.25.145848300160680194368420189079847088556/series_002_2_CR/A2504248615 DXA Exam/CR DXA Images/CR000001.dcm,LEG,,,20260916164005.035091,uid_match
Размеченные,C:\Users\Андрей\Desktop\Хакатон\Размеченные\2.25.145848300160680194368420189079847088556\series_002_2_CR\A2504248615 DXA Exam\CR DXA Images\CR000002.dcm,2.25.145848300160680194368420189079847088556/series_002_2_CR/A2504248615 DXA Exam/CR DXA Images/CR000002.dcm,1.2.643.5.1.13.13.12.2.77.8252.07040802010906150312000007110303,2.25.145848300160680194368420189079847088556/series_002_2_CR/A2504248615 DXA Exam/CR DXA Images/CR000002.dcm,SPINE,,,20260916164009.005991,uid_match
Размеченные,C:\Users\Андрей\Desktop\Хакатон\Размеченные\2.25.151186844055172005615813066162721550889\series_002_2_CR\A250436130 DXA\CR DXA\CR000000.dcm,2.25.151186844055172005615813066162721550889/series_002_2_CR/A250436130 DXA/CR DXA/CR000000.dcm,1.2.643.5.1.13.13.12.2.77.8252.07051313070907070603030815070904,2.25.151186844055172005615813066162721550889/series_002_2_CR/A250436130 DXA/CR DXA/CR000000.dcm,SPINE,,,20260916164018.779488,uid_match
Размеченные,C:\Users\Андрей\Desktop\Хакатон\Размеченные\2.25.151186844055172005615813066162721550889\series_002_2_CR\A250436130 DXA\CR DXA\CR000001.dcm,2.25.151186844055172005615813066162721550889/series_002_2_CR/A250436130 DXA/CR DXA/CR000001.dcm,1.2.643.5.1.13.13.12.2.77.8252.06120514140811101106020900110711,2.25.151186844055172005615813066162721550889/series_002_2_CR/A250436130 DXA/CR DXA/CR000001.dcm,LEG,,,20260916164020.395182,uid_match
Размеченные,C:\Users\Андрей\Desktop\Хакатон\Размеченные\2.25.151186844055172005615813066162721550889\series_002_2_CR\A250436130 DXA\CR DXA\CR000002.dcm,2.25.151186844055172005615813066162721550889/series_002_2_CR/A250436130 DXA/CR DXA/CR000002.dcm,1.2.643.5.1.13.13.12.2.77.8252.07071507091013150605060411110414,2.25.151186844055172005615813066162721550889/series_002_2_CR/A250436130 DXA/CR DXA/CR000002.dcm,LEG,,,20260916164021.791213,uid_match
Размеченные,C:\Users\Андрей\Desktop\Хакатон\Размеченные\2.25.156021661584944120526934974594604520993\series_003_2_CR\A2507142228 DXA\CR DXA\CR000000.dcm,2.25.156021661584944120526934974594604520993/series_003_2_CR/A2507142228 DXA/CR DXA/CR000000.dcm,1.2.643.5.1.13.13.12.2.77.8252.09130714090405151215050914040809,2.25.156021661584944120526934974594604520993/series_003_2_CR/A2507142228 DXA/CR DXA/CR000000.dcm,SPINE,,,20260916164023.191899,uid_match
Размеченные,C:\Users\Андрей\Desktop\Хакатон\Размеченные\2.25.156021661584944120526934974594604520993\series_003_2_CR\A2507142228 DXA\CR DXA\CR000001.dcm,2.25.156021661584944120526934974594604520993/series_003_2_CR/A2507142228 DXA/CR DXA/CR000001.dcm,1.2.643.5.1.13.13.12.2.77.8252.09091502110711081102050610090100,2.25.156021661584944120526934974594604520993/series_003_2_CR/A2507142228 DXA/CR DXA/CR000001.dcm,LEG,,,20260916164025.850577,uid_match
Размеченные,C:\Users\Андрей\Desktop\Хакатон\Размеченные\2.25.156021661584944120526934974594604520993\series_003_2_CR\A2507142228 DXA\CR DXA\CR000002.dcm,2.25.156021661584944120526934974594604520993/series_003_2_CR/A2507142228 DXA/CR DXA/CR000002.dcm,1.2.643.5.1.13.13.12.2.77.8252.02061505000012091414020201140711,2.25.156021661584944120526934974594604520993/series_003_2_CR/A2507142228 DXA/CR DXA/CR000002.dcm,LEG,,,20260916164027.240412,uid_match
Размеченные,C:\Users\Андрей\Desktop\Хакатон\Размеченные\2.25.156021661584944120526934974594604520993\series_003_2_CR\A2507142228 DXA\CR DXA\CR000003.dcm,2.25.156021661584944120526934974594604520993/series_003_2_CR/A2507142228 DXA/CR DXA/CR000003.dcm,1.2.643.5.1.13.13.12.2.77.8252.12020806150405080200131300151004,2.25.156021661584944120526934974594604520993/series_003_2_CR/A2507142228 DXA/CR DXA/CR000003.dcm,LEG,,,20260916164028.528681,uid_match
Размеченные,C:\Users\Андрей\Desktop\Хакатон\Размеченные\2.25.156021661584944120526934974594604520993\series_003_2_CR\A2507142228 DXA\CR DXA\CR000004.dcm,2.25.156021661584944120526934974594604520993/series_003_2_CR/A2507142228 DXA/CR DXA/CR000004.dcm,1.2.643.5.1.13.13.12.2.77.8252.04040506120312070613131201100500,2.25.156021661584944120526934974594604520993/series_003_2_CR/A2507142228 DXA/CR DXA/CR000004.dcm,LEG,,,20260916164030.053875,uid_match
Размеченные,C:\Users\Андрей\Desktop\Хакатон\Размеченные\2.25.156021661584944120526934974594604520993\series_003_2_CR\A2507142228 DXA\CR DXA\CR000005.dcm,2.25.156021661584944120526934974594604520993/series_003_2_CR/A2507142228 DXA/CR DXA/CR000005.dcm,1.2.643.5.1.13.13.12.2.77.8252.04130713101511140710050408091506,2.25.156021661584944120526934974594604520993/series_003_2_CR/A2507142228 DXA/CR DXA/CR000005.dcm,LEG,,,20260916164031.659198,uid_match
Размеченные,C:\Users\Андрей\Desktop\Хакатон\Размеченные\2.25.156021661584944120526934974594604520993\series_003_2_CR\A2507142228 DXA\CR DXA\CR000006.dcm,2.25.156021661584944120526934974594604520993/series_003_2_CR/A2507142228 DXA/CR DXA/CR000006.dcm,1.2.643.5.1.13.13.12.2.77.8252.11080103090607140209131008021505,2.25.156021661584944120526934974594604520993/series_003_2_CR/A2507142228 DXA/CR DXA/CR000006.dcm,LEG,,,20260916164033.023647,uid_match
Размеченные,C:\Users\Андрей\Desktop\Хакатон\Размеченные\2.25.156021661584944120526934974594604520993\series_003_2_CR\A2507142228 DXA\CR DXA\CR000007.dcm,2.25.156021661584944120526934974594604520993/series_003_2_CR/A2507142228 DXA/CR DXA/CR000007.dcm,1.2.643.5.1.13.13.12.2.77.8252.05041404051513101304111210060012,2.25.156021661584944120526934974594604520993/series_003_2_CR/A2507142228 DXA/CR DXA/CR000007.dcm,LEG,,,20260916164034.461133,uid_match
Размеченные,C:\Users\Андрей\Desktop\Хакатон\Размеченные\2.25.156021661584944120526934974594604520993\series_003_2_CR\A2507142228 DXA\CR DXA\CR000008.dcm,2.25.156021661584944120526934974594604520993/series_003_2_CR/A2507142228 DXA/CR DXA/CR000008.dcm,1.2.643.5.1.13.13.12.2.77.8252.10050703151214090610040504130101,2.25.156021661584944120526934974594604520993/series_003_2_CR/A2507142228 DXA/CR DXA/CR000008.dcm,SPINE,,,20260916164037.474164,uid_match
Размеченные,C:\Users\Андрей\Desktop\Хакатон\Размеченные\2.25.156021661584944120526934974594604520993\series_003_2_CR\A2507142228 DXA\CR DXA\CR000009.dcm,2.25.156021661584944120526934974594604520993/series_003_2_CR/A2507142228 DXA/CR DXA/CR000009.dcm,1.2.643.5.1.13.13.12.2.77.8252.01020015070311140900060907010202,2.25.156021661584944120526934974594604520993/series_003_2_CR/A2507142228 DXA/CR DXA/CR000009.dcm,LEG,,,20260916164040.463891,uid_match
Размеченные,C:\Users\Андрей\Desktop\Хакатон\Размеченные\2.25.156021661584944120526934974594604520993\series_003_2_CR\A2507142228 DXA\CR DXA\CR000010.dcm,2.25.156021661584944120526934974594604520993/series_003_2_CR/A2507142228 DXA/CR DXA/CR000010.dcm,1.2.643.5.1.13.13.12.2.77.8252.11001008080504080903151311021305,2.25.156021661584944120526934974594604520993/series_003_2_CR/A2507142228 DXA/CR DXA/CR000010.dcm,LEG,,,20260916164042.335132,uid_match
Размеченные,C:\Users\Андрей\Desktop\Хакатон\Размеченные\2.25.156021661584944120526934974594604520993\series_003_2_CR\A2507142228 DXA\CR DXA\CR000011.dcm,2.25.156021661584944120526934974594604520993/series_003_2_CR/A2507142228 DXA/CR DXA/CR000011.dcm,1.2.643.5.1.13.13.12.2.77.8252.10070914150303091307080902000612,2.25.156021661584944120526934974594604520993/series_003_2_CR/A2507142228 DXA/CR DXA/CR000011.dcm,UNKNOWN,,,20260916164044.038032,uid_match
Размеченные,C:\Users\Андрей\Desktop\Хакатон\Размеченные\2.25.156375884487675936513403083218009333856\series_003_2_CR\A250727121 DXA\CR DXA\CR000000.dcm,2.25.156375884487675936513403083218009333856/series_003_2_CR/A250727121 DXA/CR DXA/CR000000.dcm,1.2.643.5.1.13.13.12.2.77.8252.04001402031200081204010009090110,2.25.156375884487675936513403083218009333856/series_003_2_CR/A250727121 DXA/CR DXA/CR000000.dcm,LEG,,,20260916164052.290564,uid_match
Размеченные,C:\Users\Андрей\Desktop\Хакатон\Размеченные\2.25.156375884487675936513403083218009333856\series_003_2_CR\A250727121 DXA\CR DXA\CR000001.dcm,2.25.156375884487675936513403083218009333856/series_003_2_CR/A250727121 DXA/CR DXA/CR000001.dcm,1.2.643.5.1.13.13.12.2.77.8252.07090311111312140315080706100515,2.25.156375884487675936513403083218009333856/series_003_2_CR/A250727121 DXA/CR DXA/CR000001.dcm,SPINE,,,20260916164054.777717,uid_match
Размеченные,C:\Users\Андрей\Desktop\Хакатон\Размеченные\2.25.156375884487675936513403083218009333856\series_003_2_CR\A250727121 DXA\CR DXA\CR000002.dcm,2.25.156375884487675936513403083218009333856/series_003_2_CR/A250727121 DXA/CR DXA/CR000002.dcm,1.2.643.5.1.13.13.12.2.77.8252.14151108130201081305130506031009,2.25.156375884487675936513403083218009333856/series_003_2_CR/A250727121 DXA/CR DXA/CR000002.dcm,LEG,,,20260916164056.899196,uid_match
Размеченные,C:\Users\Андрей\Desktop\Хакатон\Размеченные\2.25.156375884487675936513403083218009333856\series_003_2_CR\A250727121 DXA\CR DXA\CR000003.dcm,2.25.156375884487675936513403083218009333856/series_003_2_CR/A250727121 DXA/CR DXA/CR000003.dcm,1.2.643.5.1.13.13.12.2.77.8252.14051207080309081314081508110108,2.25.156375884487675936513403083218009333856/series_003_2_CR/A250727121 DXA/CR DXA/CR000003.dcm,SPINE,,,20260916164059.055514,uid_match
Размеченные,C:\Users\Андрей\Desktop\Хакатон\Размеченные\2.25.156375884487675936513403083218009333856\series_003_2_CR\A250727121 DXA\CR DXA\CR000004.dcm,2.25.156375884487675936513403083218009333856/series_003_2_CR/A250727121 DXA/CR DXA/CR000004.dcm,1.2.643.5.1.13.13.12.2.77.8252.00010208150107110206110212130810,2.25.156375884487675936513403083218009333856/series_003_2_CR/A250727121 DXA/CR DXA/CR000004.dcm,LEG,,,20260916164101.366725,uid_match
Размеченные,C:\Users\Андрей\Desktop\Хакатон\Размеченные\2.25.156375884487675936513403083218009333856\series_003_2_CR\A250727121 DXA\CR DXA\CR000005.dcm,2.25.156375884487675936513403083218009333856/series_003_2_CR/A250727121 DXA/CR DXA/CR000005.dcm,1.2.643.5.1.13.13.12.2.77.8252.09011413060403000011030100010009,2.25.156375884487675936513403083218009333856/series_003_2_CR/A250727121 DXA/CR DXA/CR000005.dcm,LEG,,,20260916164102.593584,uid_match
Размеченные,C:\Users\Андрей\Desktop\Хакатон\Размеченные\2.25.156375884487675936513403083218009333856\series_003_2_CR\A250727121 DXA\CR DXA\CR000006.dcm,2.25.156375884487675936513403083218009333856/series_003_2_CR/A250727121 DXA/CR DXA/CR000006.dcm,1.2.643.5.1.13.13.12.2.77.8252.08030713030704060311150311011102,2.25.156375884487675936513403083218009333856/series_003_2_CR/A250727121 DXA/CR DXA/CR000006.dcm,LEG,,,20260916164104.636708,uid_match
Размеченные,C:\Users\Андрей\Desktop\Хакатон\Размеченные\2.25.156375884487675936513403083218009333856\series_003_2_CR\A250727121 DXA\CR DXA\CR000007.dcm,2.25.156375884487675936513403083218009333856/series_003_2_CR/A250727121 DXA/CR DXA/CR000007.dcm,1.2.643.5.1.13.13.12.2.77.8252.05051104100602100505120514140315,2.25.156375884487675936513403083218009333856/series_003_2_CR/A250727121 DXA/CR DXA/CR000007.dcm,LEG,,,20260916164106.036542,uid_match
Размеченные,C:\Users\Андрей\Desktop\Хакатон\Размеченные\2.25.156375884487675936513403083218009333856\series_003_2_CR\A250727121 DXA\CR DXA\CR000008.dcm,2.25.156375884487675936513403083218009333856/series_003_2_CR/A250727121 DXA/CR DXA/CR000008.dcm,1.2.643.5.1.13.13.12.2.77.8252.02120313110611140813031405011300,2.25.156375884487675936513403083218009333856/series_003_2_CR/A250727121 DXA/CR DXA/CR000008.dcm,LEG,,,20260916164107.607566,uid_match
Размеченные,C:\Users\Андрей\Desktop\Хакатон\Размеченные\2.25.156375884487675936513403083218009333856\series_003_2_CR\A250727121 DXA\CR DXA\CR000009.dcm,2.25.156375884487675936513403083218009333856/series_003_2_CR/A250727121 DXA/CR DXA/CR000009.dcm,1.2.643.5.1.13.13.12.2.77.8252.01081107130715100908030700130001,2.25.156375884487675936513403083218009333856/series_003_2_CR/A250727121 DXA/CR DXA/CR000009.dcm,SPINE,,,20260916164111.018049,uid_match
Размеченные,C:\Users\Андрей\Desktop\Хакатон\Размеченные\2.25.156375884487675936513403083218009333856\series_003_2_CR\A250727121 DXA\CR DXA\CR000010.dcm,2.25.156375884487675936513403083218009333856/series_003_2_CR/A250727121 DXA/CR DXA/CR000010.dcm,1.2.643.5.1.13.13.12.2.77.8252.02031105000207140511130815071303,2.25.156375884487675936513403083218009333856/series_003_2_CR/A250727121 DXA/CR DXA/CR000010.dcm,LEG,,,20260916164112.727640,uid_match
Размеченные,C:\Users\Андрей\Desktop\Хакатон\Размеченные\2.25.156389075510671877606923458507011517218\series_001_2_CR\A2507389755 DXA\CR DXA\CR000000.dcm,2.25.156389075510671877606923458507011517218/series_001_2_CR/A2507389755 DXA/CR DXA/CR000000.dcm,1.2.643.5.1.13.13.12.2.77.8252.12101514000107101207120412120213,2.25.156389075510671877606923458507011517218/series_001_2_CR/A2507389755 DXA/CR DXA/CR000000.dcm,LEG,,,20260916164114.188765,uid_match
Размеченные,C:\Users\Андрей\Desktop\Хакатон\Размеченные\2.25.156389075510671877606923458507011517218\series_001_2_CR\A2507389755 DXA\CR DXA\CR000001.dcm,2.25.156389075510671877606923458507011517218/series_001_2_CR/A2507389755 DXA/CR DXA/CR000001.dcm,1.2.643.5.1.13.13.12.2.77.8252.05051100060005040907000403081502,2.25.156389075510671877606923458507011517218/series_001_2_CR/A2507389755 DXA/CR DXA/CR000001.dcm,LEG,,,20260916164116.161379,uid_match
Размеченные,C:\Users\Андрей\Desktop\Хакатон\Размеченные\2.25.156389075510671877606923458507011517218\series_001_2_CR\A2507389755 DXA\CR DXA\CR000002.dcm,2.25.156389075510671877606923458507011517218/series_001_2_CR/A2507389755 DXA/CR DXA/CR000002.dcm,1.2.643.5.1.13.13.12.2.77.8252.10040508121311001415130412050515,2.25.156389075510671877606923458507011517218/series_001_2_CR/A2507389755 DXA/CR DXA/CR000002.dcm,SPINE,,,20260916164117.530321,uid_match
Размеченные,C:\Users\Андрей\Desktop\Хакатон\Размеченные\2.25.156389075510671877606923458507011517218\series_001_2_CR\A2507389755 DXA\CR DXA\CR000003.dcm,2.25.156389075510671877606923458507011517218/series_001_2_CR/A2507389755 DXA/CR DXA/CR000003.dcm,1.2.643.5.1.13.13.12.2.77.8252.12071112070710000412111310090807,2.25.156389075510671877606923458507011517218/series_001_2_CR/A2507389755 DXA/CR DXA/CR000003.dcm,SPINE,,,20260916164118.969380,uid_match
Размеченные,C:\Users\Андрей\Desktop\Хакатон\Размеченные\2.25.156389075510671877606923458507011517218\series_001_2_CR\A2507389755 DXA\CR DXA\CR000004.dcm,2.25.156389075510671877606923458507011517218/series_001_2_CR/A2507389755 DXA/CR DXA/CR000004.dcm,1.2.643.5.1.13.13.12.2.77.8252.05071102020515091408100612011404,2.25.156389075510671877606923458507011517218/series_001_2_CR/A2507389755 DXA/CR DXA/CR000004.dcm,LEG,,,20260916164120.527399,uid_match
Размеченные,C:\Users\Андрей\Desktop\Хакатон\Размеченные\2.25.156389075510671877606923458507011517218\series_001_2_CR\A2507389755 DXA\CR DXA\CR000005.dcm,2.25.156389075510671877606923458507011517218/series_001_2_CR/A2507389755 DXA/CR DXA/CR000005.dcm,1.2.643.5.1.13.13.12.2.77.8252.06010215090214010805091400020206,2.25.156389075510671877606923458507011517218/series_001_2_CR/A2507389755 DXA/CR DXA/CR000005.dcm,LEG,,,20260916164121.835729,uid_match
Размеченные,C:\Users\Андрей\Desktop\Хакатон\Размеченные\2.25.157462338378550185821790046400986801350\series_001_2_CR\A2507498707 DXA\CR DXA\CR000000.dcm,2.25.157462338378550185821790046400986801350/series_001_2_CR/A2507498707 DXA/CR DXA/CR000000.dcm,1.2.643.5.1.13.13.12.2.77.8252.15011410150513090204040606151204,2.25.157462338378550185821790046400986801350/series_001_2_CR/A2507498707 DXA/CR DXA/CR000000.dcm,SPINE,,,20260916164123.429589,uid_match
Размеченные,C:\Users\Андрей\Desktop\Хакатон\Размеченные\2.25.157462338378550185821790046400986801350\series_001_2_CR\A2507498707 DXA\CR DXA\CR000001.dcm,2.25.157462338378550185821790046400986801350/series_001_2_CR/A2507498707 DXA/CR DXA/CR000001.dcm,1.2.643.5.1.13.13.12.2.77.8252.14100604010411121207140303140506,2.25.157462338378550185821790046400986801350/series_001_2_CR/A2507498707 DXA/CR DXA/CR000001.dcm,LEG,,,20260916164124.903827,uid_match
Размеченные,C:\Users\Андрей\Desktop\Хакатон\Размеченные\2.25.157462338378550185821790046400986801350\series_001_2_CR\A2507498707 DXA\CR DXA\CR000002.dcm,2.25.157462338378550185821790046400986801350/series_001_2_CR/A2507498707 DXA/CR DXA/CR000002.dcm,1.2.643.5.1.13.13.12.2.77.8252.15141103121505150805131303080314,2.25.157462338378550185821790046400986801350/series_001_2_CR/A2507498707 DXA/CR DXA/CR000002.dcm,SPINE,,,20260916164126.270345,uid_match
Размеченные,C:\Users\Андрей\Desktop\Хакатон\Размеченные\2.25.157462338378550185821790046400986801350\series_001_2_CR\A2507498707 DXA\CR DXA\CR000003.dcm,2.25.157462338378550185821790046400986801350/series_001_2_CR/A2507498707 DXA/CR DXA/CR000003.dcm,1.2.643.5.1.13.13.12.2.77.8252.01041213150709070704090905040703,2.25.157462338378550185821790046400986801350/series_001_2_CR/A2507498707 DXA/CR DXA/CR000003.dcm,LEG,,,20260916164128.205100,uid_match
Размеченные,C:\Users\Андрей\Desktop\Хакатон\Размеченные\2.25.157462338378550185821790046400986801350\series_001_2_CR\A2507498707 DXA\CR DXA\CR000004.dcm,2.25.157462338378550185821790046400986801350/series_001_2_CR/A2507498707 DXA/CR DXA/CR000004.dcm,1.2.643.5.1.13.13.12.2.77.8252.01050311070609101401120201090506,2.25.157462338378550185821790046400986801350/series_001_2_CR/A2507498707 DXA/CR DXA/CR000004.dcm,LEG,,,20260916164129.965845,uid_match
Размеченные,C:\Users\Андрей\Desktop\Хакатон\Размеченные\2.25.157462338378550185821790046400986801350\series_001_2_CR\A2507498707 DXA\CR DXA\CR000005.dcm,2.25.157462338378550185821790046400986801350/series_001_2_CR/A2507498707 DXA/CR DXA/CR000005.dcm,1.2.643.5.1.13.13.12.2.77.8252.04150901080711131310091006050208,2.25.157462338378550185821790046400986801350/series_001_2_CR/A2507498707 DXA/CR DXA/CR000005.dcm,LEG,,,20260916164131.423354,uid_match
Размеченные,C:\Users\Андрей\Desktop\Хакатон\Размеченные\2.25.158197739569377798130962967413133224194\series_002_2_CR\A2504245497 DXA\CR DXA\CR000000.dcm,2.25.158197739569377798130962967413133224194/series_002_2_CR/A2504245497 DXA/CR DXA/CR000000.dcm,1.2.643.5.1.13.13.12.2.77.8252.09040703010601060814101313081104,2.25.158197739569377798130962967413133224194/series_002_2_CR/A2504245497 DXA/CR DXA/CR000000.dcm,SPINE,,,20260916164133.108088,uid_match
Размеченные,C:\Users\Андрей\Desktop\Хакатон\Размеченные\2.25.158646777318759504110695916200521633609\series_003_6_CR\A2507266260 DXA\CR DXA\CR000000.dcm,2.25.158646777318759504110695916200521633609/series_003_6_CR/A2507266260 DXA/CR DXA/CR000000.dcm,1.2.643.5.1.13.13.12.2.77.8252.11050703151212091005010115120315,2.25.158646777318759504110695916200521633609/series_003_6_CR/A2507266260 DXA/CR DXA/CR000000.dcm,LEG,,,20260916164134.704186,uid_match
Размеченные,C:\Users\Андрей\Desktop\Хакатон\Размеченные\2.25.158646777318759504110695916200521633609\series_003_6_CR\A2507266260 DXA\CR DXA\CR000001.dcm,2.25.158646777318759504110695916200521633609/series_003_6_CR/A2507266260 DXA/CR DXA/CR000001.dcm,1.2.643.5.1.13.13.12.2.77.8252.08140602091513140007031414030212,2.25.158646777318759504110695916200521633609/series_003_6_CR/A2507266260 DXA/CR DXA/CR000001.dcm,SPINE,,,20260916164136.128296,uid_match
Размеченные,C:\Users\Андрей\Desktop\Хакатон\Размеченные\2.25.158646777318759504110695916200521633609\series_003_6_CR\A2507266260 DXA\CR DXA\CR000002.dcm,2.25.158646777318759504110695916200521633609/series_003_6_CR/A2507266260 DXA/CR DXA/CR000002.dcm,1.2.643.5.1.13.13.12.2.77.8252.09070206070204150105120502020002,2.25.158646777318759504110695916200521633609/series_003_6_CR/A2507266260 DXA/CR DXA/CR000002.dcm,SPINE,,,20260916164138.370904,uid_match
Размеченные,C:\Users\Андрей\Desktop\Хакатон\Размеченные\2.25.158646777318759504110695916200521633609\series_003_6_CR\A2507266260 DXA\CR DXA\CR000003.dcm,2.25.158646777318759504110695916200521633609/series_003_6_CR/A2507266260 DXA/CR DXA/CR000003.dcm,1.2.643.5.1.13.13.12.2.77.8252.03110108081008000413081502071511,2.25.158646777318759504110695916200521633609/series_003_6_CR/A2507266260 DXA/CR DXA/CR000003.dcm,LEG,,,20260916164140.067423,uid_match
Размеченные,C:\Users\Андрей\Desktop\Хакатон\Размеченные\2.25.158646777318759504110695916200521633609\series_003_6_CR\A2507266260 DXA\CR DXA\CR000004.dcm,2.25.158646777318759504110695916200521633609/series_003_6_CR/A2507266260 DXA/CR DXA/CR000004.dcm,1.2.643.5.1.13.13.12.2.77.8252.12001515051514100814070205030801,2.25.158646777318759504110695916200521633609/series_003_6_CR/A2507266260 DXA/CR DXA/CR000004.dcm,LEG,,,20260916164142.041920,uid_match
Размеченные,C:\Users\Андрей\Desktop\Хакатон\Размеченные\2.25.158646777318759504110695916200521633609\series_003_6_CR\A2507266260 DXA\CR DXA\CR000005.dcm,2.25.158646777318759504110695916200521633609/series_003_6_CR/A2507266260 DXA/CR DXA/CR000005.dcm,1.2.643.5.1.13.13.12.2.77.8252.15131010101502051307000500101007,2.25.158646777318759504110695916200521633609/series_003_6_CR/A2507266260 DXA/CR DXA/CR000005.dcm,LEG,,,20260916164143.876970,uid_match
Размеченные,C:\Users\Андрей\Desktop\Хакатон\Размеченные\2.25.158646777318759504110695916200521633609\series_003_6_CR\A2507266260 DXA\CR DXA\CR000006.dcm,2.25.158646777318759504110695916200521633609/series_003_6_CR/A2507266260 DXA/CR DXA/CR000006.dcm,1.2.643.5.1.13.13.12.2.77.8252.04030712110411040711120105080700,2.25.158646777318759504110695916200521633609/series_003_6_CR/A2507266260 DXA/CR DXA/CR000006.dcm,LEG,,,20260916164145.855027,uid_match
Размеченные,C:\Users\Андрей\Desktop\Хакатон\Размеченные\2.25.158646777318759504110695916200521633609\series_003_6_CR\A2507266260 DXA\CR DXA\CR000007.dcm,2.25.158646777318759504110695916200521633609/series_003_6_CR/A2507266260 DXA/CR DXA/CR000007.dcm,1.2.643.5.1.13.13.12.2.77.8252.14150106081013050013050511140613,2.25.158646777318759504110695916200521633609/series_003_6_CR/A2507266260 DXA/CR DXA/CR000007.dcm,LEG,,,20260916164147.113062,uid_match
Размеченные,C:\Users\Андрей\Desktop\Хакатон\Размеченные\2.25.158646777318759504110695916200521633609\series_003_6_CR\A2507266260 DXA\CR DXA\CR000008.dcm,2.25.158646777318759504110695916200521633609/series_003_6_CR/A2507266260 DXA/CR DXA/CR000008.dcm,1.2.643.5.1.13.13.12.2.77.8252.01120709131111081211081313110800,2.25.158646777318759504110695916200521633609/series_003_6_CR/A2507266260 DXA/CR DXA/CR000008.dcm,SPINE,,,20260916164149.788283,uid_match
Размеченные,C:\Users\Андрей\Desktop\Хакатон\Размеченные\2.25.158646777318759504110695916200521633609\series_003_6_CR\A2507266260 DXA\CR DXA\CR000009.dcm,2.25.158646777318759504110695916200521633609/series_003_6_CR/A2507266260 DXA/CR DXA/CR000009.dcm,1.2.643.5.1.13.13.12.2.77.8252.10080511020009041308131206080209,2.25.158646777318759504110695916200521633609/series_003_6_CR/A2507266260 DXA/CR DXA/CR000009.dcm,SPINE,,,20260916164151.207964,uid_match
Размеченные,C:\Users\Андрей\Desktop\Хакатон\Размеченные\2.25.158646777318759504110695916200521633609\series_003_6_CR\A2507266260 DXA\CR DXA\CR000010.dcm,2.25.158646777318759504110695916200521633609/series_003_6_CR/A2507266260 DXA/CR DXA/CR000010.dcm,1.2.643.5.1.13.13.12.2.77.8252.13040700151412120600060201031309,2.25.158646777318759504110695916200521633609/series_003_6_CR/A2507266260 DXA/CR DXA/CR000010.dcm,LEG,,,20260916164152.716453,uid_match
Размеченные,C:\Users\Андрей\Desktop\Хакатон\Размеченные\2.25.158646777318759504110695916200521633609\series_004_2_CR\A2507266260 DXA\CR DXA\CR000000.dcm,2.25.158646777318759504110695916200521633609/series_004_2_CR/A2507266260 DXA/CR DXA/CR000000.dcm,1.2.643.5.1.13.13.12.2.77.8252.01101303110802020807060303150105,2.25.158646777318759504110695916200521633609/series_004_2_CR/A2507266260 DXA/CR DXA/CR000000.dcm,SPINE,,,20260916164154.490638,uid_match
Размеченные,C:\Users\Андрей\Desktop\Хакатон\Размеченные\2.25.158646777318759504110695916200521633609\series_004_2_CR\A2507266260 DXA\CR DXA\CR000001.dcm,2.25.158646777318759504110695916200521633609/series_004_2_CR/A2507266260 DXA/CR DXA/CR000001.dcm,1.2.643.5.1.13.13.12.2.77.8252.07040712050005061000030214131300,2.25.158646777318759504110695916200521633609/series_004_2_CR/A2507266260 DXA/CR DXA/CR000001.dcm,LEG,,,20260916164157.045117,uid_match
Размеченные,C:\Users\Андрей\Desktop\Хакатон\Размеченные\2.25.158646777318759504110695916200521633609\series_004_2_CR\A2507266260 DXA\CR DXA\CR000002.dcm,2.25.158646777318759504110695916200521633609/series_004_2_CR/A2507266260 DXA/CR DXA/CR000002.dcm,1.2.643.5.1.13.13.12.2.77.8252.07100810031004120210110309111304,2.25.158646777318759504110695916200521633609/series_004_2_CR/A2507266260 DXA/CR DXA/CR000002.dcm,SPINE,,,20260916164158.604661,uid_match
Размеченные,C:\Users\Андрей\Desktop\Хакатон\Размеченные\2.25.158646777318759504110695916200521633609\series_004_2_CR\A2507266260 DXA\CR DXA\CR000003.dcm,2.25.158646777318759504110695916200521633609/series_004_2_CR/A2507266260 DXA/CR DXA/CR000003.dcm,1.2.643.5.1.13.13.12.2.77.8252.07071202031002110807120405030608,2.25.158646777318759504110695916200521633609/series_004_2_CR/A2507266260 DXA/CR DXA/CR000003.dcm,LEG,,,20260916164200.234966,uid_match
Размеченные,C:\Users\Андрей\Desktop\Хакатон\Размеченные\2.25.158646777318759504110695916200521633609\series_004_2_CR\A2507266260 DXA\CR DXA\CR000004.dcm,2.25.158646777318759504110695916200521633609/series_004_2_CR/A2507266260 DXA/CR DXA/CR000004.dcm,1.2.643.5.1.13.13.12.2.77.8252.02070215040314000714060301121012,2.25.158646777318759504110695916200521633609/series_004_2_CR/A2507266260 DXA/CR DXA/CR000004.dcm,LEG,,,20260916164202.083053,uid_match
Размеченные,C:\Users\Андрей\Desktop\Хакатон\Размеченные\2.25.158646777318759504110695916200521633609\series_004_2_CR\A2507266260 DXA\CR DXA\CR000005.dcm,2.25.158646777318759504110695916200521633609/series_004_2_CR/A2507266260 DXA/CR DXA/CR000005.dcm,1.2.643.5.1.13.13.12.2.77.8252.14020109130502120101091201060702,2.25.158646777318759504110695916200521633609/series_004_2_CR/A2507266260 DXA/CR DXA/CR000005.dcm,SPINE,,,20260916164203.645093,uid_match
Размеченные,C:\Users\Андрей\Desktop\Хакатон\Размеченные\2.25.158646777318759504110695916200521633609\series_004_2_CR\A2507266260 DXA\CR DXA\CR000006.dcm,2.25.158646777318759504110695916200521633609/series_004_2_CR/A2507266260 DXA/CR DXA/CR000006.dcm,1.2.643.5.1.13.13.12.2.77.8252.10080501080902141107071310080400,2.25.158646777318759504110695916200521633609/series_004_2_CR/A2507266260 DXA/CR DXA/CR000006.dcm,LEG,,,20260916164205.231570,uid_match
Размеченные,C:\Users\Андрей\Desktop\Хакатон\Размеченные\2.25.158646777318759504110695916200521633609\series_004_2_CR\A2507266260 DXA\CR DXA\CR000007.dcm,2.25.158646777318759504110695916200521633609/series_004_2_CR/A2507266260 DXA/CR DXA/CR000007.dcm,1.2.643.5.1.13.13.12.2.77.8252.05110305041311030310151512080811,2.25.158646777318759504110695916200521633609/series_004_2_CR/A2507266260 DXA/CR DXA/CR000007.dcm,LEG,,,20260916164206.536431,uid_match
Размеченные,C:\Users\Андрей\Desktop\Хакатон\Размеченные\2.25.158646777318759504110695916200521633609\series_004_2_CR\A2507266260 DXA\CR DXA\CR000008.dcm,2.25.158646777318759504110695916200521633609/series_004_2_CR/A2507266260 DXA/CR DXA/CR000008.dcm,1.2.643.5.1.13.13.12.2.77.8252.05050408000609040210110603090612,2.25.158646777318759504110695916200521633609/series_004_2_CR/A2507266260 DXA/CR DXA/CR000008.dcm,SPINE,,,20260916164208.306589,uid_match
Размеченные,C:\Users\Андрей\Desktop\Хакатон\Размеченные\2.25.158646777318759504110695916200521633609\series_004_2_CR\A2507266260 DXA\CR DXA\CR000009.dcm,2.25.158646777318759504110695916200521633609/series_004_2_CR/A2507266260 DXA/CR DXA/CR000009.dcm,1.2.643.5.1.13.13.12.2.77.8252.09030907130311001200011206051201,2.25.158646777318759504110695916200521633609/series_004_2_CR/A2507266260 DXA/CR DXA/CR000009.dcm,LEG,,,20260916164210.378147,uid_match
Размеченные,C:\Users\Андрей\Desktop\Хакатон\Размеченные\2.25.158646777318759504110695916200521633609\series_004_2_CR\A2507266260 DXA\CR DXA\CR000010.dcm,2.25.158646777318759504110695916200521633609/series_004_2_CR/A2507266260 DXA/CR DXA/CR000010.dcm,1.2.643.5.1.13.13.12.2.77.8252.14070407100802110204090510100607,2.25.158646777318759504110695916200521633609/series_004_2_CR/A2507266260 DXA/CR DXA/CR000010.dcm,LEG,,,20260916164212.313632,uid_match
Размеченные,C:\Users\Андрей\Desktop\Хакатон\Размеченные\2.25.158646777318759504110695916200521633609\series_004_2_CR\A2507266260 DXA\CR DXA\CR000011.dcm,2.25.158646777318759504110695916200521633609/series_004_2_CR/A2507266260 DXA/CR DXA/CR000011.dcm,1.2.643.5.1.13.13.12.2.77.8252.02001101060409110302091107020305,2.25.158646777318759504110695916200521633609/series_004_2_CR/A2507266260 DXA/CR DXA/CR000011.dcm,LEG,,,20260916164214.118473,uid_match
Размеченные,C:\Users\Андрей\Desktop\Хакатон\Размеченные\2.25.158646777318759504110695916200521633609\series_004_2_CR\A2507266260 DXA\CR DXA\CR000012.dcm,2.25.158646777318759504110695916200521633609/series_004_2_CR/A2507266260 DXA/CR DXA/CR000012.dcm,1.2.643.5.1.13.13.12.2.77.8252.02081311121209090807151401120110,2.25.158646777318759504110695916200521633609/series_004_2_CR/A2507266260 DXA/CR DXA/CR000012.dcm,SPINE,,,20260916164217.728125,uid_match
Размеченные,C:\Users\Андрей\Desktop\Хакатон\Размеченные\2.25.158646777318759504110695916200521633609\series_004_2_CR\A2507266260 DXA\CR DXA\CR000013.dcm,2.25.158646777318759504110695916200521633609/series_004_2_CR/A2507266260 DXA/CR DXA/CR000013.dcm,1.2.643.5.1.13.13.12.2.77.8252.04021100060501150502031503091205,2.25.158646777318759504110695916200521633609/series_004_2_CR/A2507266260 DXA/CR DXA/CR000013.dcm,SPINE,,,20260916164219.190646,uid_match
Размеченные,C:\Users\Андрей\Desktop\Хакатон\Размеченные\2.25.158646777318759504110695916200521633609\series_004_2_CR\A2507266260 DXA\CR DXA\CR000014.dcm,2.25.158646777318759504110695916200521633609/series_004_2_CR/A2507266260 DXA/CR DXA/CR000014.dcm,1.2.643.5.1.13.13.12.2.77.8252.08031403081214020202010408050515,2.25.158646777318759504110695916200521633609/series_004_2_CR/A2507266260 DXA/CR DXA/CR000014.dcm,LEG,,,20260916164220.661821,uid_match
Размеченные,C:\Users\Андрей\Desktop\Хакатон\Размеченные\2.25.158646777318759504110695916200521633609\series_004_2_CR\A2507266260 DXA\CR DXA\CR000015.dcm,2.25.158646777318759504110695916200521633609/series_004_2_CR/A2507266260 DXA/CR DXA/CR000015.dcm,1.2.643.5.1.13.13.12.2.77.8252.12010614051405051206130410050708,2.25.158646777318759504110695916200521633609/series_004_2_CR/A2507266260 DXA/CR DXA/CR000015.dcm,LEG,,,20260916164222.480217,uid_match
Размеченные,C:\Users\Андрей\Desktop\Хакатон\Размеченные\2.25.158646777318759504110695916200521633609\series_004_2_CR\A2507266260 DXA\CR DXA\CR000016.dcm,2.25.158646777318759504110695916200521633609/series_004_2_CR/A2507266260 DXA/CR DXA/CR000016.dcm,1.2.643.5.1.13.13.12.2.77.8252.05131012021403090403150713091114,2.25.158646777318759504110695916200521633609/series_004_2_CR/A2507266260 DXA/CR DXA/CR000016.dcm,LEG,,,20260916164223.770373,uid_match
Размеченные,C:\Users\Андрей\Desktop\Хакатон\Размеченные\2.25.158646777318759504110695916200521633609\series_004_2_CR\A2507266260 DXA\CR DXA\CR000017.dcm,2.25.158646777318759504110695916200521633609/series_004_2_CR/A2507266260 DXA/CR DXA/CR000017.dcm,1.2.643.5.1.13.13.12.2.77.8252.11030505061512110108000404010908,2.25.158646777318759504110695916200521633609/series_004_2_CR/A2507266260 DXA/CR DXA/CR000017.dcm,LEG,,,20260916164225.313806,uid_match
Размеченные,C:\Users\Андрей\Desktop\Хакатон\Размеченные\2.25.159930383074323525630608416881201447861\series_002_2_CR\A2507139428 DXA\CR DXA\CR000000.dcm,2.25.159930383074323525630608416881201447861/series_002_2_CR/A2507139428 DXA/CR DXA/CR000000.dcm,1.2.643.5.1.13.13.12.2.77.8252.03050413050004110015050414021412,2.25.159930383074323525630608416881201447861/series_002_2_CR/A2507139428 DXA/CR DXA/CR000000.dcm,SPINE,,,20260916164226.934317,uid_match
Размеченные,C:\Users\Андрей\Desktop\Хакатон\Размеченные\2.25.164566280810634620154538016595892212884\series_001_2_CR\A2504291878 DXA Exam\CR DXA Images\CR000000.dcm,2.25.164566280810634620154538016595892212884/series_001_2_CR/A2504291878 DXA Exam/CR DXA Images/CR000000.dcm,1.2.643.5.1.13.13.12.2.77.8252.05080909100510090906081209130901,2.25.164566280810634620154538016595892212884/series_001_2_CR/A2504291878 DXA Exam/CR DXA Images/CR000000.dcm,LEG,,,20260916164229.674040,uid_match
Размеченные,C:\Users\Андрей\Desktop\Хакатон\Размеченные\2.25.164566280810634620154538016595892212884\series_001_2_CR\A2504291878 DXA Exam\CR DXA Images\CR000001.dcm,2.25.164566280810634620154538016595892212884/series_001_2_CR/A2504291878 DXA Exam/CR DXA Images/CR000001.dcm,1.2.643.5.1.13.13.12.2.77.8252.02030112081401101404040904010405,2.25.164566280810634620154538016595892212884/series_001_2_CR/A2504291878 DXA Exam/CR DXA Images/CR000001.dcm,SPINE,,,20260916164231.276208,uid_match
Размеченные,C:\Users\Андрей\Desktop\Хакатон\Размеченные\2.25.164566280810634620154538016595892212884\series_001_2_CR\A2504291878 DXA Exam\CR DXA Images\CR000002.dcm,2.25.164566280810634620154538016595892212884/series_001_2_CR/A2504291878 DXA Exam/CR DXA Images/CR000002.dcm,1.2.643.5.1.13.13.12.2.77.8252.00071210060602011311010906021407,2.25.164566280810634620154538016595892212884/series_001_2_CR/A2504291878 DXA Exam/CR DXA Images/CR000002.dcm,LEG,,,20260916164233.042075,uid_match
Размеченные,C:\Users\Андрей\Desktop\Хакатон\Размеченные\2.25.165091430504580219034019815337441064349\series_001_2_CR\A2504415443 DXA\CR DXA\CR000000.dcm,2.25.165091430504580219034019815337441064349/series_001_2_CR/A2504415443 DXA/CR DXA/CR000000.dcm,1.2.643.5.1.13.13.12.2.77.8252.14100208080000030010140812001111,2.25.165091430504580219034019815337441064349/series_001_2_CR/A2504415443 DXA/CR DXA/CR000000.dcm,LEG,,,20260916164235.343165,uid_match
Размеченные,C:\Users\Андрей\Desktop\Хакатон\Размеченные\2.25.165091430504580219034019815337441064349\series_001_2_CR\A2504415443 DXA\CR DXA\CR000001.dcm,2.25.165091430504580219034019815337441064349/series_001_2_CR/A2504415443 DXA/CR DXA/CR000001.dcm,1.2.643.5.1.13.13.12.2.77.8252.12140710150813060013011403140807,2.25.165091430504580219034019815337441064349/series_001_2_CR/A2504415443 DXA/CR DXA/CR000001.dcm,LEG,,,20260916164236.964695,uid_match
Размеченные,C:\Users\Андрей\Desktop\Хакатон\Размеченные\2.25.165091430504580219034019815337441064349\series_001_2_CR\A2504415443 DXA\CR DXA\CR000002.dcm,2.25.165091430504580219034019815337441064349/series_001_2_CR/A2504415443 DXA/CR DXA/CR000002.dcm,1.2.643.5.1.13.13.12.2.77.8252.01120104060301100213100004141203,2.25.165091430504580219034019815337441064349/series_001_2_CR/A2504415443 DXA/CR DXA/CR000002.dcm,SPINE,,,20260916164238.499979,uid_match
Размеченные,C:\Users\Андрей\Desktop\Хакатон\Размеченные\2.25.165091430504580219034019815337441064349\series_001_2_CR\A2504415443 DXA\CR DXA\CR000003.dcm,2.25.165091430504580219034019815337441064349/series_001_2_CR/A2504415443 DXA/CR DXA/CR000003.dcm,1.2.643.5.1.13.13.12.2.77.8252.03000107141315000207090502080502,2.25.165091430504580219034019815337441064349/series_001_2_CR/A2504415443 DXA/CR DXA/CR000003.dcm,SPINE,,,20260916164239.892363,uid_match
Размеченные,C:\Users\Андрей\Desktop\Хакатон\Размеченные\2.25.165091430504580219034019815337441064349\series_001_2_CR\A2504415443 DXA\CR DXA\CR000004.dcm,2.25.165091430504580219034019815337441064349/series_001_2_CR/A2504415443 DXA/CR DXA/CR000004.dcm,1.2.643.5.1.13.13.12.2.77.8252.12050607100307101401110010080508,2.25.165091430504580219034019815337441064349/series_001_2_CR/A2504415443 DXA/CR DXA/CR000004.dcm,LEG,,,20260916164241.174989,uid_match
Размеченные,C:\Users\Андрей\Desktop\Хакатон\Размеченные\2.25.165091430504580219034019815337441064349\series_001_2_CR\A2504415443 DXA\CR DXA\CR000005.dcm,2.25.165091430504580219034019815337441064349/series_001_2_CR/A2504415443 DXA/CR DXA/CR000005.dcm,1.2.643.5.1.13.13.12.2.77.8252.02080910050503150405130310031107,2.25.165091430504580219034019815337441064349/series_001_2_CR/A2504415443 DXA/CR DXA/CR000005.dcm,LEG,,,20260916164243.221106,uid_match
Размеченные,C:\Users\Андрей\Desktop\Хакатон\Размеченные\2.25.165355673991587715046346525964554729786\series_003_3_CR\A2506448267 DXA\CR DXA\CR000000.dcm,2.25.165355673991587715046346525964554729786/series_003_3_CR/A2506448267 DXA/CR DXA/CR000000.dcm,1.2.643.5.1.13.13.12.2.77.8252.03030806061309020808141008071213,2.25.165355673991587715046346525964554729786/series_003_3_CR/A2506448267 DXA/CR DXA/CR000000.dcm,LEG,,,20260916164244.806827,uid_match
Размеченные,C:\Users\Андрей\Desktop\Хакатон\Размеченные\2.25.165355673991587715046346525964554729786\series_003_3_CR\A2506448267 DXA\CR DXA\CR000001.dcm,2.25.165355673991587715046346525964554729786/series_003_3_CR/A2506448267 DXA/CR DXA/CR000001.dcm,1.2.643.5.1.13.13.12.2.77.8252.05130006080703150808130311150104,2.25.165355673991587715046346525964554729786/series_003_3_CR/A2506448267 DXA/CR DXA/CR000001.dcm,SPINE,,,20260916164247.735775,uid_match
Размеченные,C:\Users\Андрей\Desktop\Хакатон\Размеченные\2.25.167344201679287285499405412654740659745\series_003_2_CR\A2504249537 DXA\CR DXA\CR000000.dcm,2.25.167344201679287285499405412654740659745/series_003_2_CR/A2504249537 DXA/CR DXA/CR000000.dcm,1.2.643.5.1.13.13.12.2.77.8252.05050004021105041108010100020012,2.25.167344201679287285499405412654740659745/series_003_2_CR/A2504249537 DXA/CR DXA/CR000000.dcm,LEG,,,20260916164249.484433,uid_match
Размеченные,C:\Users\Андрей\Desktop\Хакатон\Размеченные\2.25.167344201679287285499405412654740659745\series_003_2_CR\A2504249537 DXA\CR DXA\CR000001.dcm,2.25.167344201679287285499405412654740659745/series_003_2_CR/A2504249537 DXA/CR DXA/CR000001.dcm,1.2.643.5.1.13.13.12.2.77.8252.03020203090713120707041512070302,2.25.167344201679287285499405412654740659745/series_003_2_CR/A2504249537 DXA/CR DXA/CR000001.dcm,LEG,,,20260916164251.651289,uid_match
Размеченные,C:\Users\Андрей\Desktop\Хакатон\Размеченные\2.25.167344201679287285499405412654740659745\series_003_2_CR\A2504249537 DXA\CR DXA\CR000002.dcm,2.25.167344201679287285499405412654740659745/series_003_2_CR/A2504249537 DXA/CR DXA/CR000002.dcm,1.2.643.5.1.13.13.12.2.77.8252.06020510071406141308051102110806,2.25.167344201679287285499405412654740659745/series_003_2_CR/A2504249537 DXA/CR DXA/CR000002.dcm,SPINE,,,20260916164253.966651,uid_match
Размеченные,C:\Users\Андрей\Desktop\Хакатон\Размеченные\2.25.167344201679287285499405412654740659745\series_003_2_CR\A2504249537 DXA\CR DXA\CR000003.dcm,2.25.167344201679287285499405412654740659745/series_003_2_CR/A2504249537 DXA/CR DXA/CR000003.dcm,1.2.643.5.1.13.13.12.2.77.8252.03110714040901011514120512140506,2.25.167344201679287285499405412654740659745/series_003_2_CR/A2504249537 DXA/CR DXA/CR000003.dcm,LEG,,,20260916164255.670494,uid_match
Размеченные,C:\Users\Андрей\Desktop\Хакатон\Размеченные\2.25.167344201679287285499405412654740659745\series_003_2_CR\A2504249537 DXA\CR DXA\CR000004.dcm,2.25.167344201679287285499405412654740659745/series_003_2_CR/A2504249537 DXA/CR DXA/CR000004.dcm,1.2.643.5.1.13.13.12.2.77.8252.04140115150705031110051301090913,2.25.167344201679287285499405412654740659745/series_003_2_CR/A2504249537 DXA/CR DXA/CR000004.dcm,SPINE,,,20260916164257.204832,uid_match
Размеченные,C:\Users\Андрей\Desktop\Хакатон\Размеченные\2.25.167344201679287285499405412654740659745\series_003_2_CR\A2504249537 DXA\CR DXA\CR000005.dcm,2.25.167344201679287285499405412654740659745/series_003_2_CR/A2504249537 DXA/CR DXA/CR000005.dcm,1.2.643.5.1.13.13.12.2.77.8252.10110808050405011511051303070302,2.25.167344201679287285499405412654740659745/series_003_2_CR/A2504249537 DXA/CR DXA/CR000005.dcm,LEG,,,20260916164258.889635,uid_match
Размеченные,C:\Users\Андрей\Desktop\Хакатон\Размеченные\2.25.16773626720107440979805052259711419763\series_004_2_CR\A2507537392 DXA\CR DXA\CR000000.dcm,2.25.16773626720107440979805052259711419763/series_004_2_CR/A2507537392 DXA/CR DXA/CR000000.dcm,1.2.643.5.1.13.13.12.2.77.8252.09031014151115011007041507060209,2.25.16773626720107440979805052259711419763/series_004_2_CR/A2507537392 DXA/CR DXA/CR000000.dcm,SPINE,,,20260916164300.556495,uid_match
Размеченные,C:\Users\Андрей\Desktop\Хакатон\Размеченные\2.25.16773626720107440979805052259711419763\series_004_2_CR\A2507537392 DXA\CR DXA\CR000001.dcm,2.25.16773626720107440979805052259711419763/series_004_2_CR/A2507537392 DXA/CR DXA/CR000001.dcm,1.2.643.5.1.13.13.12.2.77.8252.15000110101510080415120006131402,2.25.16773626720107440979805052259711419763/series_004_2_CR/A2507537392 DXA/CR DXA/CR000001.dcm,LEG,,,20260916164301.870332,uid_match
Размеченные,C:\Users\Андрей\Desktop\Хакатон\Размеченные\2.25.16773626720107440979805052259711419763\series_004_2_CR\A2507537392 DXA\CR DXA\CR000002.dcm,2.25.16773626720107440979805052259711419763/series_004_2_CR/A2507537392 DXA/CR DXA/CR000002.dcm,1.2.643.5.1.13.13.12.2.77.8252.07111109140703130315001513000701,2.25.16773626720107440979805052259711419763/series_004_2_CR/A2507537392 DXA/CR DXA/CR000002.dcm,LEG,,,20260916164303.439991,uid_match
Размеченные,C:\Users\Андрей\Desktop\Хакатон\Размеченные\2.25.16773626720107440979805052259711419763\series_004_2_CR\A2507537392 DXA\CR DXA\CR000003.dcm,2.25.16773626720107440979805052259711419763/series_004_2_CR/A2507537392 DXA/CR DXA/CR000003.dcm,1.2.643.5.1.13.13.12.2.77.8252.15061506101401070412150108010615,2.25.16773626720107440979805052259711419763/series_004_2_CR/A2507537392 DXA/CR DXA/CR000003.dcm,SPINE,,,20260916164305.253754,uid_match
Размеченные,C:\Users\Андрей\Desktop\Хакатон\Размеченные\2.25.16773626720107440979805052259711419763\series_004_2_CR\A2507537392 DXA\CR DXA\CR000004.dcm,2.25.16773626720107440979805052259711419763/series_004_2_CR/A2507537392 DXA/CR DXA/CR000004.dcm,1.2.643.5.1.13.13.12.2.77.8252.13040605040810031203041510031012,2.25.16773626720107440979805052259711419763/series_004_2_CR/A2507537392 DXA/CR DXA/CR000004.dcm,LEG,,,20260916164308.206429,uid_match
Размеченные,C:\Users\Андрей\Desktop\Хакатон\Размеченные\2.25.16773626720107440979805052259711419763\series_004_2_CR\A2507537392 DXA\CR DXA\CR000005.dcm,2.25.16773626720107440979805052259711419763/series_004_2_CR/A2507537392 DXA/CR DXA/CR000005.dcm,1.2.643.5.1.13.13.12.2.77.8252.02071412140202140114070213030205,2.25.16773626720107440979805052259711419763/series_004_2_CR/A2507537392 DXA/CR DXA/CR000005.dcm,LEG,,,20260916164309.760237,uid_match
Размеченные,C:\Users\Андрей\Desktop\Хакатон\Размеченные\2.25.16773626720107440979805052259711419763\series_004_2_CR\A2507537392 DXA\CR DXA\CR000006.dcm,2.25.16773626720107440979805052259711419763/series_004_2_CR/A2507537392 DXA/CR DXA/CR000006.dcm,1.2.643.5.1.13.13.12.2.77.8252.11120907150103150102101200080104,2.25.16773626720107440979805052259711419763/series_004_2_CR/A2507537392 DXA/CR DXA/CR000006.dcm,LEG,,,20260916164311.348252,uid_match
Размеченные,C:\Users\Андрей\Desktop\Хакатон\Размеченные\2.25.16773626720107440979805052259711419763\series_004_2_CR\A2507537392 DXA\CR DXA\CR000007.dcm,2.25.16773626720107440979805052259711419763/series_004_2_CR/A2507537392 DXA/CR DXA/CR000007.dcm,1.2.643.5.1.13.13.12.2.77.8252.00120605081302140615061408051413,2.25.16773626720107440979805052259711419763/series_004_2_CR/A2507537392 DXA/CR DXA/CR000007.dcm,LEG,,,20260916164313.294350,uid_match
Размеченные,C:\Users\Андрей\Desktop\Хакатон\Размеченные\2.25.16773626720107440979805052259711419763\series_004_2_CR\A2507537392 DXA\CR DXA\CR000008.dcm,2.25.16773626720107440979805052259711419763/series_004_2_CR/A2507537392 DXA/CR DXA/CR000008.dcm,1.2.643.5.1.13.13.12.2.77.8252.13060012130706071508131506061110,2.25.16773626720107440979805052259711419763/series_004_2_CR/A2507537392 DXA/CR DXA/CR000008.dcm,LEG,,,20260916164314.867889,uid_match
Размеченные,C:\Users\Андрей\Desktop\Хакатон\Размеченные\2.25.16773626720107440979805052259711419763\series_004_2_CR\A2507537392 DXA\CR DXA\CR000009.dcm,2.25.16773626720107440979805052259711419763/series_004_2_CR/A2507537392 DXA/CR DXA/CR000009.dcm,1.2.643.5.1.13.13.12.2.77.8252.09020303070910070711011409031209,2.25.16773626720107440979805052259711419763/series_004_2_CR/A2507537392 DXA/CR DXA/CR000009.dcm,LEG,,,20260916164316.158405,uid_match
Размеченные,C:\Users\Андрей\Desktop\Хакатон\Размеченные\2.25.16773626720107440979805052259711419763\series_004_2_CR\A2507537392 DXA\CR DXA\CR000010.dcm,2.25.16773626720107440979805052259711419763/series_004_2_CR/A2507537392 DXA/CR DXA/CR000010.dcm,1.2.643.5.1.13.13.12.2.77.8252.04101314021103041302071314011203,2.25.16773626720107440979805052259711419763/series_004_2_CR/A2507537392 DXA/CR DXA/CR000010.dcm,LEG,,,20260916164318.205264,uid_match
Размеченные,C:\Users\Андрей\Desktop\Хакатон\Размеченные\2.25.16773626720107440979805052259711419763\series_004_2_CR\A2507537392 DXA\CR DXA\CR000011.dcm,2.25.16773626720107440979805052259711419763/series_004_2_CR/A2507537392 DXA/CR DXA/CR000011.dcm,1.2.643.5.1.13.13.12.2.77.8252.03120113151010021310000801051000,2.25.16773626720107440979805052259711419763/series_004_2_CR/A2507537392 DXA/CR DXA/CR000011.dcm,SPINE,,,20260916164319.725431,uid_match
Размеченные,C:\Users\Андрей\Desktop\Хакатон\Размеченные\2.25.168317503020329569414190677927680518621\series_004_2_CR\A2507557128 DXA\CR DXA\CR000000.dcm,2.25.168317503020329569414190677927680518621/series_004_2_CR/A2507557128 DXA/CR DXA/CR000000.dcm,1.2.643.5.1.13.13.12.2.77.8252.10050700041001040614050614130103,2.25.168317503020329569414190677927680518621/series_004_2_CR/A2507557128 DXA/CR DXA/CR000000.dcm,LEG,,,20260916164321.692337,uid_match
Размеченные,C:\Users\Андрей\Desktop\Хакатон\Размеченные\2.25.168317503020329569414190677927680518621\series_004_2_CR\A2507557128 DXA\CR DXA\CR000001.dcm,2.25.168317503020329569414190677927680518621/series_004_2_CR/A2507557128 DXA/CR DXA/CR000001.dcm,1.2.643.5.1.13.13.12.2.77.8252.04081410150705000907120005030306,2.25.168317503020329569414190677927680518621/series_004_2_CR/A2507557128 DXA/CR DXA/CR000001.dcm,UNKNOWN,,,20260916164322.126080,uid_match
Размеченные,C:\Users\Андрей\Desktop\Хакатон\Размеченные\2.25.168317503020329569414190677927680518621\series_004_2_CR\A2507557128 DXA\CR DXA\CR000002.dcm,2.25.168317503020329569414190677927680518621/series_004_2_CR/A2507557128 DXA/CR DXA/CR000002.dcm,1.2.643.5.1.13.13.12.2.77.8252.10010207001309070508110212031008,2.25.168317503020329569414190677927680518621/series_004_2_CR/A2507557128 DXA/CR DXA/CR000002.dcm,LEG,,,20260916164323.831411,uid_match
Размеченные,C:\Users\Андрей\Desktop\Хакатон\Размеченные\2.25.168317503020329569414190677927680518621\series_004_2_CR\A2507557128 DXA\CR DXA\CR000003.dcm,2.25.168317503020329569414190677927680518621/series_004_2_CR/A2507557128 DXA/CR DXA/CR000003.dcm,1.2.643.5.1.13.13.12.2.77.8252.08150001020008051511060800070004,2.25.168317503020329569414190677927680518621/series_004_2_CR/A2507557128 DXA/CR DXA/CR000003.dcm,SPINE,,,20260916164328.282123,uid_match
Размеченные,C:\Users\Андрей\Desktop\Хакатон\Размеченные\2.25.168317503020329569414190677927680518621\series_004_2_CR\A2507557128 DXA\CR DXA\CR000004.dcm,2.25.168317503020329569414190677927680518621/series_004_2_CR/A2507557128 DXA/CR DXA/CR000004.dcm,1.2.643.5.1.13.13.12.2.77.8252.03110002011112060400010906040109,2.25.168317503020329569414190677927680518621/series_004_2_CR/A2507557128 DXA/CR DXA/CR000004.dcm,LEG,,,20260916164329.761164,uid_match
Размеченные,C:\Users\Андрей\Desktop\Хакатон\Размеченные\2.25.168317503020329569414190677927680518621\series_004_2_CR\A2507557128 DXA\CR DXA\CR000005.dcm,2.25.168317503020329569414190677927680518621/series_004_2_CR/A2507557128 DXA/CR DXA/CR000005.dcm,1.2.643.5.1.13.13.12.2.77.8252.01130115100005150714080303151110,2.25.168317503020329569414190677927680518621/series_004_2_CR/A2507557128 DXA/CR DXA/CR000005.dcm,LEG,,,20260916164331.273652,uid_match
Размеченные,C:\Users\Андрей\Desktop\Хакатон\Размеченные\2.25.168317503020329569414190677927680518621\series_004_2_CR\A2507557128 DXA\CR DXA\CR000006.dcm,2.25.168317503020329569414190677927680518621/series_004_2_CR/A2507557128 DXA/CR DXA/CR000006.dcm,1.2.643.5.1.13.13.12.2.77.8252.14030405080503070005090010011210,2.25.168317503020329569414190677927680518621/series_004_2_CR/A2507557128 DXA/CR DXA/CR000006.dcm,SPINE,,,20260916164332.974847,uid_match
Размеченные,C:\Users\Андрей\Desktop\Хакатон\Размеченные\2.25.168317503020329569414190677927680518621\series_004_2_CR\A2507557128 DXA\CR DXA\CR000007.dcm,2.25.168317503020329569414190677927680518621/series_004_2_CR/A2507557128 DXA/CR DXA/CR000007.dcm,1.2.643.5.1.13.13.12.2.77.8252.02031311110004131100010706000003,2.25.168317503020329569414190677927680518621/series_004_2_CR/A2507557128 DXA/CR DXA/CR000007.dcm,LEG,,,20260916164334.595994,uid_match
Размеченные,C:\Users\Андрей\Desktop\Хакатон\Размеченные\2.25.168317503020329569414190677927680518621\series_004_2_CR\A2507557128 DXA\CR DXA\CR000008.dcm,2.25.168317503020329569414190677927680518621/series_004_2_CR/A2507557128 DXA/CR DXA/CR000008.dcm,1.2.643.5.1.13.13.12.2.77.8252.14040413080712030012001414011512,2.25.168317503020329569414190677927680518621/series_004_2_CR/A2507557128 DXA/CR DXA/CR000008.dcm,LEG,,,20260916164336.113316,uid_match
Размеченные,C:\Users\Андрей\Desktop\Хакатон\Размеченные\2.25.168317503020329569414190677927680518621\series_004_2_CR\A2507557128 DXA\CR DXA\CR000009.dcm,2.25.168317503020329569414190677927680518621/series_004_2_CR/A2507557128 DXA/CR DXA/CR000009.dcm,1.2.643.5.1.13.13.12.2.77.8252.09111007121406000411060915050407,2.25.168317503020329569414190677927680518621/series_004_2_CR/A2507557128 DXA/CR DXA/CR000009.dcm,SPINE,,,20260916164337.782502,uid_match
Размеченные,C:\Users\Андрей\Desktop\Хакатон\Размеченные\2.25.168317503020329569414190677927680518621\series_004_2_CR\A2507557128 DXA\CR DXA\CR000010.dcm,2.25.168317503020329569414190677927680518621/series_004_2_CR/A2507557128 DXA/CR DXA/CR000010.dcm,1.2.643.5.1.13.13.12.2.77.8252.06080402070700011103140402140007,2.25.168317503020329569414190677927680518621/series_004_2_CR/A2507557128 DXA/CR DXA/CR000010.dcm,LEG,,,20260916164339.674068,uid_match
Размеченные,C:\Users\Андрей\Desktop\Хакатон\Размеченные\2.25.168317503020329569414190677927680518621\series_004_2_CR\A2507557128 DXA\CR DXA\CR000011.dcm,2.25.168317503020329569414190677927680518621/series_004_2_CR/A2507557128 DXA/CR DXA/CR000011.dcm,1.2.643.5.1.13.13.12.2.77.8252.05090510080809140209120604081002,2.25.168317503020329569414190677927680518621/series_004_2_CR/A2507557128 DXA/CR DXA/CR000011.dcm,LEG,,,20260916164359.232060,uid_match
Размеченные_244_Илья,C:\Users\Андрей\Desktop\Хакатон\Размеченные_244_Илья\2.25.169242707068684757906797344800977707240\series_003_2_CR\A2507185832 DXA\CR DXA\CR000000.dcm,2.25.169242707068684757906797344800977707240/series_003_2_CR/A2507185832 DXA/CR DXA/CR000000.dcm,1.2.643.5.1.13.13.12.2.77.8252.03020907090204060013031106111312,2.25.169242707068684757906797344800977707240/series_003_2_CR/A2507185832 DXA/CR DXA/CR000000.dcm,SPINE,,,20260916170627.616460,uid_match
Размеченные_244_Илья,C:\Users\Андрей\Desktop\Хакатон\Размеченные_244_Илья\2.25.172445998420765569384934552191547932566\series_004_2_CR\A2507368766 DXA\CR DXA\CR000000.dcm,2.25.172445998420765569384934552191547932566/series_004_2_CR/A2507368766 DXA/CR DXA/CR000000.dcm,1.2.643.5.1.13.13.12.2.77.8252.08131412000401011215150704040610,2.25.172445998420765569384934552191547932566/series_004_2_CR/A2507368766 DXA/CR DXA/CR000000.dcm,SPINE,,,20260916170630.324818,uid_match
Размеченные_244_Илья,C:\Users\Андрей\Desktop\Хакатон\Размеченные_244_Илья\2.25.172445998420765569384934552191547932566\series_004_2_CR\A2507368766 DXA\CR DXA\CR000001.dcm,2.25.172445998420765569384934552191547932566/series_004_2_CR/A2507368766 DXA/CR DXA/CR000001.dcm,1.2.643.5.1.13.13.12.2.77.8252.05030907080814020708000711150507,2.25.172445998420765569384934552191547932566/series_004_2_CR/A2507368766 DXA/CR DXA/CR000001.dcm,LEG,,,20260916170632.393851,uid_match
Размеченные_244_Илья,C:\Users\Андрей\Desktop\Хакатон\Размеченные_244_Илья\2.25.172445998420765569384934552191547932566\series_004_2_CR\A2507368766 DXA\CR DXA\CR000002.dcm,2.25.172445998420765569384934552191547932566/series_004_2_CR/A2507368766 DXA/CR DXA/CR000002.dcm,1.2.643.5.1.13.13.12.2.77.8252.15151313120000020410110702050700,2.25.172445998420765569384934552191547932566/series_004_2_CR/A2507368766 DXA/CR DXA/CR000002.dcm,LEG,,,20260916170634.286540,uid_match
Размеченные_244_Илья,C:\Users\Андрей\Desktop\Хакатон\Размеченные_244_Илья\2.25.173731186748227489808861376513577450951\series_002_2_CR\A2507188958 DXA\CR DXA\CR000000.dcm,2.25.173731186748227489808861376513577450951/series_002_2_CR/A2507188958 DXA/CR DXA/CR000000.dcm,1.2.643.5.1.13.13.12.2.77.8252.01091510011014070612050311031410,2.25.173731186748227489808861376513577450951/series_002_2_CR/A2507188958 DXA/CR DXA/CR000000.dcm,SPINE,,,20260916170636.078290,uid_match
Размеченные_244_Илья,C:\Users\Андрей\Desktop\Хакатон\Размеченные_244_Илья\2.25.173731186748227489808861376513577450951\series_002_2_CR\A2507188958 DXA\CR DXA\CR000001.dcm,2.25.173731186748227489808861376513577450951/series_002_2_CR/A2507188958 DXA/CR DXA/CR000001.dcm,1.2.643.5.1.13.13.12.2.77.8252.04070212140009090002060410031413,2.25.173731186748227489808861376513577450951/series_002_2_CR/A2507188958 DXA/CR DXA/CR000001.dcm,LEG,,,20260916170637.952988,uid_match
Размеченные_244_Илья,C:\Users\Андрей\Desktop\Хакатон\Размеченные_244_Илья\2.25.173753313169335820519632380691065649420\series_003_2_CR\A2504265499 DXA\CR DXA\CR000000.dcm,2.25.173753313169335820519632380691065649420/series_003_2_CR/A2504265499 DXA/CR DXA/CR000000.dcm,1.2.643.5.1.13.13.12.2.77.8252.10100404000008120405081411021306,2.25.173753313169335820519632380691065649420/series_003_2_CR/A2504265499 DXA/CR DXA/CR000000.dcm,LEG,,,20260916170639.793013,uid_match
Размеченные_244_Илья,C:\Users\Андрей\Desktop\Хакатон\Размеченные_244_Илья\2.25.173753313169335820519632380691065649420\series_003_2_CR\A2504265499 DXA\CR DXA\CR000001.dcm,2.25.173753313169335820519632380691065649420/series_003_2_CR/A2504265499 DXA/CR DXA/CR000001.dcm,1.2.643.5.1.13.13.12.2.77.8252.04131502110204030305140811061103,2.25.173753313169335820519632380691065649420/series_003_2_CR/A2504265499 DXA/CR DXA/CR000001.dcm,LEG,,,20260916170643.276867,uid_match
Размеченные_244_Илья,C:\Users\Андрей\Desktop\Хакатон\Размеченные_244_Илья\2.25.173753313169335820519632380691065649420\series_003_2_CR\A2504265499 DXA\CR DXA\CR000002.dcm,2.25.173753313169335820519632380691065649420/series_003_2_CR/A2504265499 DXA/CR DXA/CR000002.dcm,1.2.643.5.1.13.13.12.2.77.8252.13001014110608151112110112061114,2.25.173753313169335820519632380691065649420/series_003_2_CR/A2504265499 DXA/CR DXA/CR000002.dcm,SPINE,,,20260916170645.102671,uid_match
Размеченные_244_Илья,C:\Users\Андрей\Desktop\Хакатон\Размеченные_244_Илья\2.25.173753313169335820519632380691065649420\series_003_2_CR\A2504265499 DXA\CR DXA\CR000003.dcm,2.25.173753313169335820519632380691065649420/series_003_2_CR/A2504265499 DXA/CR DXA/CR000003.dcm,1.2.643.5.1.13.13.12.2.77.8252.04111300031205120703050100121209,2.25.173753313169335820519632380691065649420/series_003_2_CR/A2504265499 DXA/CR DXA/CR000003.dcm,LEG,,,20260916170646.756845,uid_match
Размеченные_244_Илья,C:\Users\Андрей\Desktop\Хакатон\Размеченные_244_Илья\2.25.173753313169335820519632380691065649420\series_003_2_CR\A2504265499 DXA\CR DXA\CR000004.dcm,2.25.173753313169335820519632380691065649420/series_003_2_CR/A2504265499 DXA/CR DXA/CR000004.dcm,1.2.643.5.1.13.13.12.2.77.8252.14060111140409011305070812141414,2.25.173753313169335820519632380691065649420/series_003_2_CR/A2504265499 DXA/CR DXA/CR000004.dcm,LEG,,,20260916170648.569685,uid_match
Размеченные_244_Илья,C:\Users\Андрей\Desktop\Хакатон\Размеченные_244_Илья\2.25.173753313169335820519632380691065649420\series_003_2_CR\A2504265499 DXA\CR DXA\CR000005.dcm,2.25.173753313169335820519632380691065649420/series_003_2_CR/A2504265499 DXA/CR DXA/CR000005.dcm,1.2.643.5.1.13.13.12.2.77.8252.15000310101315070007100105150401,2.25.173753313169335820519632380691065649420/series_003_2_CR/A2504265499 DXA/CR DXA/CR000005.dcm,SPINE,,,20260916170650.472564,uid_match
Размеченные_244_Илья,C:\Users\Андрей\Desktop\Хакатон\Размеченные_244_Илья\2.25.173753313169335820519632380691065649420\series_003_2_CR\A2504265499 DXA\CR DXA\CR000006.dcm,2.25.173753313169335820519632380691065649420/series_003_2_CR/A2504265499 DXA/CR DXA/CR000006.dcm,1.2.643.5.1.13.13.12.2.77.8252.05130004120107120511100914090711,2.25.173753313169335820519632380691065649420/series_003_2_CR/A2504265499 DXA/CR DXA/CR000006.dcm,LEG,,,20260916170652.592486,uid_match
Размеченные_244_Илья,C:\Users\Андрей\Desktop\Хакатон\Размеченные_244_Илья\2.25.173753313169335820519632380691065649420\series_003_2_CR\A2504265499 DXA\CR DXA\CR000007.dcm,2.25.173753313169335820519632380691065649420/series_003_2_CR/A2504265499 DXA/CR DXA/CR000007.dcm,1.2.643.5.1.13.13.12.2.77.8252.14100508051012080011140911030615,2.25.173753313169335820519632380691065649420/series_003_2_CR/A2504265499 DXA/CR DXA/CR000007.dcm,LEG,,,20260916170655.226919,uid_match
Размеченные_244_Илья,C:\Users\Андрей\Desktop\Хакатон\Размеченные_244_Илья\2.25.173753313169335820519632380691065649420\series_003_2_CR\A2504265499 DXA\CR DXA\CR000008.dcm,2.25.173753313169335820519632380691065649420/series_003_2_CR/A2504265499 DXA/CR DXA/CR000008.dcm,1.2.643.5.1.13.13.12.2.77.8252.04041008080502040914000415071204,2.25.173753313169335820519632380691065649420/series_003_2_CR/A2504265499 DXA/CR DXA/CR000008.dcm,SPINE,,,20260916170657.306490,uid_match
Размеченные_244_Илья,C:\Users\Андрей\Desktop\Хакатон\Размеченные_244_Илья\2.25.173753313169335820519632380691065649420\series_003_2_CR\A2504265499 DXA\CR DXA\CR000009.dcm,2.25.173753313169335820519632380691065649420/series_003_2_CR/A2504265499 DXA/CR DXA/CR000009.dcm,1.2.643.5.1.13.13.12.2.77.8252.03020200150014080308080615120500,2.25.173753313169335820519632380691065649420/series_003_2_CR/A2504265499 DXA/CR DXA/CR000009.dcm,LEG,,,20260916170659.552938,uid_match
Размеченные_244_Илья,C:\Users\Андрей\Desktop\Хакатон\Размеченные_244_Илья\2.25.173753313169335820519632380691065649420\series_003_2_CR\A2504265499 DXA\CR DXA\CR000010.dcm,2.25.173753313169335820519632380691065649420/series_003_2_CR/A2504265499 DXA/CR DXA/CR000010.dcm,1.2.643.5.1.13.13.12.2.77.8252.13141514150708151311080810050711,2.25.173753313169335820519632380691065649420/series_003_2_CR/A2504265499 DXA/CR DXA/CR000010.dcm,LEG,,,20260916170702.289442,uid_match
Размеченные_244_Илья,C:\Users\Андрей\Desktop\Хакатон\Размеченные_244_Илья\2.25.175881661753775295785039265792986971602\series_003_2_CR\A2507266462 DXA\CR DXA\CR000000.dcm,2.25.175881661753775295785039265792986971602/series_003_2_CR/A2507266462 DXA/CR DXA/CR000000.dcm,1.2.643.5.1.13.13.12.2.77.8252.06070803110509120507010310141201,2.25.175881661753775295785039265792986971602/series_003_2_CR/A2507266462 DXA/CR DXA/CR000000.dcm,LEG,,,20260916170704.161533,uid_match
Размеченные_244_Илья,C:\Users\Андрей\Desktop\Хакатон\Размеченные_244_Илья\2.25.175881661753775295785039265792986971602\series_003_2_CR\A2507266462 DXA\CR DXA\CR000001.dcm,2.25.175881661753775295785039265792986971602/series_003_2_CR/A2507266462 DXA/CR DXA/CR000001.dcm,1.2.643.5.1.13.13.12.2.77.8252.14060403060314010506081209070311,2.25.175881661753775295785039265792986971602/series_003_2_CR/A2507266462 DXA/CR DXA/CR000001.dcm,SPINE,,,20260916170705.885136,uid_match
Размеченные_244_Илья,C:\Users\Андрей\Desktop\Хакатон\Размеченные_244_Илья\2.25.175881661753775295785039265792986971602\series_003_2_CR\A2507266462 DXA\CR DXA\CR000002.dcm,2.25.175881661753775295785039265792986971602/series_003_2_CR/A2507266462 DXA/CR DXA/CR000002.dcm,1.2.643.5.1.13.13.12.2.77.8252.10000603030913050503020611051415,2.25.175881661753775295785039265792986971602/series_003_2_CR/A2507266462 DXA/CR DXA/CR000002.dcm,LEG,,,20260916170707.618181,uid_match
Размеченные_244_Илья,C:\Users\Андрей\Desktop\Хакатон\Размеченные_244_Илья\2.25.175881661753775295785039265792986971602\series_003_2_CR\A2507266462 DXA\CR DXA\CR000003.dcm,2.25.175881661753775295785039265792986971602/series_003_2_CR/A2507266462 DXA/CR DXA/CR000003.dcm,1.2.643.5.1.13.13.12.2.77.8252.06110514030914051115040913030103,2.25.175881661753775295785039265792986971602/series_003_2_CR/A2507266462 DXA/CR DXA/CR000003.dcm,LEG,,,20260916170709.893738,uid_match
Размеченные_244_Илья,C:\Users\Андрей\Desktop\Хакатон\Размеченные_244_Илья\2.25.175903805423871105435148927871625232853\series_001_2_CR\A2507159447 DXA\CR DXA\CR000000.dcm,2.25.175903805423871105435148927871625232853/series_001_2_CR/A2507159447 DXA/CR DXA/CR000000.dcm,1.2.643.5.1.13.13.12.2.77.8252.12071204070300150506091512141413,2.25.175903805423871105435148927871625232853/series_001_2_CR/A2507159447 DXA/CR DXA/CR000000.dcm,SPINE,,,20260916170714.264719,uid_match
Размеченные_244_Илья,C:\Users\Андрей\Desktop\Хакатон\Размеченные_244_Илья\2.25.175903805423871105435148927871625232853\series_001_2_CR\A2507159447 DXA\CR DXA\CR000001.dcm,2.25.175903805423871105435148927871625232853/series_001_2_CR/A2507159447 DXA/CR DXA/CR000001.dcm,1.2.643.5.1.13.13.12.2.77.8252.13151105000600070510031109011109,2.25.175903805423871105435148927871625232853/series_001_2_CR/A2507159447 DXA/CR DXA/CR000001.dcm,LEG,,,20260916170716.450022,uid_match
Размеченные_244_Илья,C:\Users\Андрей\Desktop\Хакатон\Размеченные_244_Илья\2.25.175903805423871105435148927871625232853\series_001_2_CR\A2507159447 DXA\CR DXA\CR000002.dcm,2.25.175903805423871105435148927871625232853/series_001_2_CR/A2507159447 DXA/CR DXA/CR000002.dcm,1.2.643.5.1.13.13.12.2.77.8252.15100208060002090813060606131404,2.25.175903805423871105435148927871625232853/series_001_2_CR/A2507159447 DXA/CR DXA/CR000002.dcm,LEG,,,20260916170718.139558,uid_match
Размеченные_244_Илья,C:\Users\Андрей\Desktop\Хакатон\Размеченные_244_Илья\2.25.17706555930735581384953296958427669848\series_004_3_CR\A2504146513 DXA\CR DXA\CR000000.dcm,2.25.17706555930735581384953296958427669848/series_004_3_CR/A2504146513 DXA/CR DXA/CR000000.dcm,1.2.643.5.1.13.13.12.2.77.8252.11051514070611150905020505061111,2.25.17706555930735581384953296958427669848/series_004_3_CR/A2504146513 DXA/CR DXA/CR000000.dcm,LEG,,,20260916170720.504739,uid_match
Размеченные_244_Илья,C:\Users\Андрей\Desktop\Хакатон\Размеченные_244_Илья\2.25.17706555930735581384953296958427669848\series_004_3_CR\A2504146513 DXA\CR DXA\CR000001.dcm,2.25.17706555930735581384953296958427669848/series_004_3_CR/A2504146513 DXA/CR DXA/CR000001.dcm,1.2.643.5.1.13.13.12.2.77.8252.03050114141207061001080502130215,2.25.17706555930735581384953296958427669848/series_004_3_CR/A2504146513 DXA/CR DXA/CR000001.dcm,SPINE,,,20260916170722.808548,uid_match
Размеченные_244_Илья,C:\Users\Андрей\Desktop\Хакатон\Размеченные_244_Илья\2.25.17706555930735581384953296958427669848\series_004_3_CR\A2504146513 DXA\CR DXA\CR000002.dcm,2.25.17706555930735581384953296958427669848/series_004_3_CR/A2504146513 DXA/CR DXA/CR000002.dcm,1.2.643.5.1.13.13.12.2.77.8252.02140511090200100603110807051014,2.25.17706555930735581384953296958427669848/series_004_3_CR/A2504146513 DXA/CR DXA/CR000002.dcm,SPINE,,,20260916170724.809818,uid_match
Размеченные_244_Илья,C:\Users\Андрей\Desktop\Хакатон\Размеченные_244_Илья\2.25.17706555930735581384953296958427669848\series_004_3_CR\A2504146513 DXA\CR DXA\CR000003.dcm,2.25.17706555930735581384953296958427669848/series_004_3_CR/A2504146513 DXA/CR DXA/CR000003.dcm,1.2.643.5.1.13.13.12.2.77.8252.08081313070715151208110603030015,2.25.17706555930735581384953296958427669848/series_004_3_CR/A2504146513 DXA/CR DXA/CR000003.dcm,LEG,,,20260916170726.753371,uid_match
Размеченные_244_Илья,C:\Users\Андрей\Desktop\Хакатон\Размеченные_244_Илья\2.25.17706555930735581384953296958427669848\series_004_3_CR\A2504146513 DXA\CR DXA\CR000004.dcm,2.25.17706555930735581384953296958427669848/series_004_3_CR/A2504146513 DXA/CR DXA/CR000004.dcm,1.2.643.5.1.13.13.12.2.77.8252.04041511061006011303010701020104,2.25.17706555930735581384953296958427669848/series_004_3_CR/A2504146513 DXA/CR DXA/CR000004.dcm,LEG,,,20260916170728.771793,uid_match
Размеченные_244_Илья,C:\Users\Андрей\Desktop\Хакатон\Размеченные_244_Илья\2.25.17706555930735581384953296958427669848\series_004_3_CR\A2504146513 DXA\CR DXA\CR000005.dcm,2.25.17706555930735581384953296958427669848/series_004_3_CR/A2504146513 DXA/CR DXA/CR000005.dcm,1.2.643.5.1.13.13.12.2.77.8252.14111104000112000401050109111415,2.25.17706555930735581384953296958427669848/series_004_3_CR/A2504146513 DXA/CR DXA/CR000005.dcm,LEG,,,20260916170730.585182,uid_match
Размеченные_244_Илья,C:\Users\Андрей\Desktop\Хакатон\Размеченные_244_Илья\2.25.177745077805190810016231350557005569203\series_002_2_CR\A2504273759 DXA\CR DXA\CR000000.dcm,2.25.177745077805190810016231350557005569203/series_002_2_CR/A2504273759 DXA/CR DXA/CR000000.dcm,1.2.643.5.1.13.13.12.2.77.8252.04150214121314031409051312111410,2.25.177745077805190810016231350557005569203/series_002_2_CR/A2504273759 DXA/CR DXA/CR000000.dcm,LEG,,,20260916170733.075337,uid_match
Размеченные_244_Илья,C:\Users\Андрей\Desktop\Хакатон\Размеченные_244_Илья\2.25.177745077805190810016231350557005569203\series_002_2_CR\A2504273759 DXA\CR DXA\CR000001.dcm,2.25.177745077805190810016231350557005569203/series_002_2_CR/A2504273759 DXA/CR DXA/CR000001.dcm,1.2.643.5.1.13.13.12.2.77.8252.03031110041309110901030612131412,2.25.177745077805190810016231350557005569203/series_002_2_CR/A2504273759 DXA/CR DXA/CR000001.dcm,SPINE,,,20260916170735.166154,uid_match
Размеченные_244_Илья,C:\Users\Андрей\Desktop\Хакатон\Размеченные_244_Илья\2.25.177745077805190810016231350557005569203\series_002_2_CR\A2504273759 DXA\CR DXA\CR000002.dcm,2.25.177745077805190810016231350557005569203/series_002_2_CR/A2504273759 DXA/CR DXA/CR000002.dcm,1.2.643.5.1.13.13.12.2.77.8252.10151201011509101414030411060512,2.25.177745077805190810016231350557005569203/series_002_2_CR/A2504273759 DXA/CR DXA/CR000002.dcm,SPINE,,,20260916170736.819563,uid_match
Размеченные_244_Илья,C:\Users\Андрей\Desktop\Хакатон\Размеченные_244_Илья\2.25.177745077805190810016231350557005569203\series_002_2_CR\A2504273759 DXA\CR DXA\CR000003.dcm,2.25.177745077805190810016231350557005569203/series_002_2_CR/A2504273759 DXA/CR DXA/CR000003.dcm,1.2.643.5.1.13.13.12.2.77.8252.00141000101506010405040508081209,2.25.177745077805190810016231350557005569203/series_002_2_CR/A2504273759 DXA/CR DXA/CR000003.dcm,LEG,,,20260916170738.979711,uid_match
Размеченные_244_Илья,C:\Users\Андрей\Desktop\Хакатон\Размеченные_244_Илья\2.25.177745077805190810016231350557005569203\series_002_2_CR\A2504273759 DXA\CR DXA\CR000004.dcm,2.25.177745077805190810016231350557005569203/series_002_2_CR/A2504273759 DXA/CR DXA/CR000004.dcm,1.2.643.5.1.13.13.12.2.77.8252.06130700140211110505051411010711,2.25.177745077805190810016231350557005569203/series_002_2_CR/A2504273759 DXA/CR DXA/CR000004.dcm,LEG,,,20260916170742.268066,uid_match
Размеченные_244_Илья,C:\Users\Андрей\Desktop\Хакатон\Размеченные_244_Илья\2.25.177745077805190810016231350557005569203\series_002_2_CR\A2504273759 DXA\CR DXA\CR000005.dcm,2.25.177745077805190810016231350557005569203/series_002_2_CR/A2504273759 DXA/CR DXA/CR000005.dcm,1.2.643.5.1.13.13.12.2.77.8252.01001108050505090405071008120805,2.25.177745077805190810016231350557005569203/series_002_2_CR/A2504273759 DXA/CR DXA/CR000005.dcm,LEG,,,20260916170744.265708,uid_match
Размеченные_244_Илья,C:\Users\Андрей\Desktop\Хакатон\Размеченные_244_Илья\2.25.178533355209696795441380751187185128893\series_003_2_CR\A2507155452 DXA\CR DXA\CR000000.dcm,2.25.178533355209696795441380751187185128893/series_003_2_CR/A2507155452 DXA/CR DXA/CR000000.dcm,1.2.643.5.1.13.13.12.2.77.8252.14110604050810020100071004090404,2.25.178533355209696795441380751187185128893/series_003_2_CR/A2507155452 DXA/CR DXA/CR000000.dcm,SPINE,,,20260916170746.603427,uid_match
Размеченные_244_Илья,C:\Users\Андрей\Desktop\Хакатон\Размеченные_244_Илья\2.25.181196659018348153828200695057897449628\series_004_2_CR\A2507370620 DXA\CR DXA\CR000000.dcm,2.25.181196659018348153828200695057897449628/series_004_2_CR/A2507370620 DXA/CR DXA/CR000000.dcm,1.2.643.5.1.13.13.12.2.77.8252.14150808010700150501131415040808,2.25.181196659018348153828200695057897449628/series_004_2_CR/A2507370620 DXA/CR DXA/CR000000.dcm,LEG,,,20260916170748.236539,uid_match
Размеченные_244_Илья,C:\Users\Андрей\Desktop\Хакатон\Размеченные_244_Илья\2.25.181196659018348153828200695057897449628\series_004_2_CR\A2507370620 DXA\CR DXA\CR000001.dcm,2.25.181196659018348153828200695057897449628/series_004_2_CR/A2507370620 DXA/CR DXA/CR000001.dcm,1.2.643.5.1.13.13.12.2.77.8252.07040306041313130904140702020908,2.25.181196659018348153828200695057897449628/series_004_2_CR/A2507370620 DXA/CR DXA/CR000001.dcm,LEG,,,20260916170749.806433,uid_match
Размеченные_244_Илья,C:\Users\Андрей\Desktop\Хакатон\Размеченные_244_Илья\2.25.181196659018348153828200695057897449628\series_004_2_CR\A2507370620 DXA\CR DXA\CR000002.dcm,2.25.181196659018348153828200695057897449628/series_004_2_CR/A2507370620 DXA/CR DXA/CR000002.dcm,1.2.643.5.1.13.13.12.2.77.8252.08141015091400020302110912090508,2.25.181196659018348153828200695057897449628/series_004_2_CR/A2507370620 DXA/CR DXA/CR000002.dcm,SPINE,,,20260916170751.603756,uid_match
Размеченные_244_Илья,C:\Users\Андрей\Desktop\Хакатон\Размеченные_244_Илья\2.25.181196659018348153828200695057897449628\series_004_2_CR\A2507370620 DXA\CR DXA\CR000003.dcm,2.25.181196659018348153828200695057897449628/series_004_2_CR/A2507370620 DXA/CR DXA/CR000003.dcm,1.2.643.5.1.13.13.12.2.77.8252.07130015011404020601141211131000,2.25.181196659018348153828200695057897449628/series_004_2_CR/A2507370620 DXA/CR DXA/CR000003.dcm,SPINE,,,20260916170753.555149,uid_match
Размеченные_244_Илья,C:\Users\Андрей\Desktop\Хакатон\Размеченные_244_Илья\2.25.181196659018348153828200695057897449628\series_004_2_CR\A2507370620 DXA\CR DXA\CR000004.dcm,2.25.181196659018348153828200695057897449628/series_004_2_CR/A2507370620 DXA/CR DXA/CR000004.dcm,1.2.643.5.1.13.13.12.2.77.8252.07070209131108100009081313101204,2.25.181196659018348153828200695057897449628/series_004_2_CR/A2507370620 DXA/CR DXA/CR000004.dcm,LEG,,,20260916170756.238941,uid_match
Размеченные_244_Илья,C:\Users\Андрей\Desktop\Хакатон\Размеченные_244_Илья\2.25.181196659018348153828200695057897449628\series_004_2_CR\A2507370620 DXA\CR DXA\CR000005.dcm,2.25.181196659018348153828200695057897449628/series_004_2_CR/A2507370620 DXA/CR DXA/CR000005.dcm,1.2.643.5.1.13.13.12.2.77.8252.03001212011504090610110601060006,2.25.181196659018348153828200695057897449628/series_004_2_CR/A2507370620 DXA/CR DXA/CR000005.dcm,LEG,,,20260916170758.204733,uid_match
Размеченные_244_Илья,C:\Users\Андрей\Desktop\Хакатон\Размеченные_244_Илья\2.25.181196659018348153828200695057897449628\series_004_2_CR\A2507370620 DXA\CR DXA\CR000006.dcm,2.25.181196659018348153828200695057897449628/series_004_2_CR/A2507370620 DXA/CR DXA/CR000006.dcm,1.2.643.5.1.13.13.12.2.77.8252.11080509070315011108060003120408,2.25.181196659018348153828200695057897449628/series_004_2_CR/A2507370620 DXA/CR DXA/CR000006.dcm,LEG,,,20260916170759.890523,uid_match
Размеченные_244_Илья,C:\Users\Андрей\Desktop\Хакатон\Размеченные_244_Илья\2.25.181196659018348153828200695057897449628\series_004_2_CR\A2507370620 DXA\CR DXA\CR000007.dcm,2.25.181196659018348153828200695057897449628/series_004_2_CR/A2507370620 DXA/CR DXA/CR000007.dcm,1.2.643.5.1.13.13.12.2.77.8252.13100414021307020008020611130410,2.25.181196659018348153828200695057897449628/series_004_2_CR/A2507370620 DXA/CR DXA/CR000007.dcm,LEG,,,20260916170801.706497,uid_match
Размеченные_244_Илья,C:\Users\Андрей\Desktop\Хакатон\Размеченные_244_Илья\2.25.181196659018348153828200695057897449628\series_004_2_CR\A2507370620 DXA\CR DXA\CR000008.dcm,2.25.181196659018348153828200695057897449628/series_004_2_CR/A2507370620 DXA/CR DXA/CR000008.dcm,1.2.643.5.1.13.13.12.2.77.8252.00010603011503150401111314061209,2.25.181196659018348153828200695057897449628/series_004_2_CR/A2507370620 DXA/CR DXA/CR000008.dcm,LEG,,,20260916170803.265394,uid_match
Размеченные_244_Илья,C:\Users\Андрей\Desktop\Хакатон\Размеченные_244_Илья\2.25.181196659018348153828200695057897449628\series_004_2_CR\A2507370620 DXA\CR DXA\CR000009.dcm,2.25.181196659018348153828200695057897449628/series_004_2_CR/A2507370620 DXA/CR DXA/CR000009.dcm,1.2.643.5.1.13.13.12.2.77.8252.08041100070615121300141413020001,2.25.181196659018348153828200695057897449628/series_004_2_CR/A2507370620 DXA/CR DXA/CR000009.dcm,LEG,,,20260916170805.140157,uid_match
Размеченные_244_Илья,C:\Users\Андрей\Desktop\Хакатон\Размеченные_244_Илья\2.25.181196659018348153828200695057897449628\series_004_2_CR\A2507370620 DXA\CR DXA\CR000010.dcm,2.25.181196659018348153828200695057897449628/series_004_2_CR/A2507370620 DXA/CR DXA/CR000010.dcm,1.2.643.5.1.13.13.12.2.77.8252.08060613070108000200131403151214,2.25.181196659018348153828200695057897449628/series_004_2_CR/A2507370620 DXA/CR DXA/CR000010.dcm,LEG,,,20260916170806.826995,uid_match
Размеченные_244_Илья,C:\Users\Андрей\Desktop\Хакатон\Размеченные_244_Илья\2.25.181196659018348153828200695057897449628\series_004_2_CR\A2507370620 DXA\CR DXA\CR000011.dcm,2.25.181196659018348153828200695057897449628/series_004_2_CR/A2507370620 DXA/CR DXA/CR000011.dcm,1.2.643.5.1.13.13.12.2.77.8252.15131206051500011310060914011411,2.25.181196659018348153828200695057897449628/series_004_2_CR/A2507370620 DXA/CR DXA/CR000011.dcm,SPINE,,,20260916170808.425849,uid_match
Размеченные_244_Илья,C:\Users\Андрей\Desktop\Хакатон\Размеченные_244_Илья\2.25.181196659018348153828200695057897449628\series_004_2_CR\A2507370620 DXA\CR DXA\CR000012.dcm,2.25.181196659018348153828200695057897449628/series_004_2_CR/A2507370620 DXA/CR DXA/CR000012.dcm,1.2.643.5.1.13.13.12.2.77.8252.00110402080602151505051001010810,2.25.181196659018348153828200695057897449628/series_004_2_CR/A2507370620 DXA/CR DXA/CR000012.dcm,LEG,,,20260916170810.100910,uid_match
Размеченные_244_Илья,C:\Users\Андрей\Desktop\Хакатон\Размеченные_244_Илья\2.25.184198356665635336833172191504278054074\series_004_2_CR\A250788286 DXA\CR DXA\CR000000.dcm,2.25.184198356665635336833172191504278054074/series_004_2_CR/A250788286 DXA/CR DXA/CR000000.dcm,1.2.643.5.1.13.13.12.2.77.8252.04151306060901060605121400081206,2.25.184198356665635336833172191504278054074/series_004_2_CR/A250788286 DXA/CR DXA/CR000000.dcm,SPINE,,,20260916170811.557491,uid_match
Размеченные_244_Илья,C:\Users\Андрей\Desktop\Хакатон\Размеченные_244_Илья\2.25.184198356665635336833172191504278054074\series_004_2_CR\A250788286 DXA\CR DXA\CR000001.dcm,2.25.184198356665635336833172191504278054074/series_004_2_CR/A250788286 DXA/CR DXA/CR000001.dcm,1.2.643.5.1.13.13.12.2.77.8252.11141409010404080202090702050104,2.25.184198356665635336833172191504278054074/series_004_2_CR/A250788286 DXA/CR DXA/CR000001.dcm,LEG,,,20260916170813.131203,uid_match
Размеченные_244_Илья,C:\Users\Андрей\Desktop\Хакатон\Размеченные_244_Илья\2.25.184198356665635336833172191504278054074\series_004_2_CR\A250788286 DXA\CR DXA\CR000002.dcm,2.25.184198356665635336833172191504278054074/series_004_2_CR/A250788286 DXA/CR DXA/CR000002.dcm,1.2.643.5.1.13.13.12.2.77.8252.02150805140008141106110606070801,2.25.184198356665635336833172191504278054074/series_004_2_CR/A250788286 DXA/CR DXA/CR000002.dcm,LEG,,,20260916170814.856074,uid_match
Размеченные_244_Илья,C:\Users\Андрей\Desktop\Хакатон\Размеченные_244_Илья\2.25.186201010600484120326273381077449377115\series_004_2_CR\A250777475 DXA\CR DXA\CR000000.dcm,2.25.186201010600484120326273381077449377115/series_004_2_CR/A250777475 DXA/CR DXA/CR000000.dcm,1.2.643.5.1.13.13.12.2.77.8252.01110601131107041511021510061211,2.25.186201010600484120326273381077449377115/series_004_2_CR/A250777475 DXA/CR DXA/CR000000.dcm,LEG,,,20260916170816.716285,uid_match
Размеченные_244_Илья,C:\Users\Андрей\Desktop\Хакатон\Размеченные_244_Илья\2.25.186201010600484120326273381077449377115\series_004_2_CR\A250777475 DXA\CR DXA\CR000001.dcm,2.25.186201010600484120326273381077449377115/series_004_2_CR/A250777475 DXA/CR DXA/CR000001.dcm,1.2.643.5.1.13.13.12.2.77.8252.09061504020803021006021501021304,2.25.186201010600484120326273381077449377115/series_004_2_CR/A250777475 DXA/CR DXA/CR000001.dcm,LEG,,,20260916170818.393049,uid_match
Размеченные_244_Илья,C:\Users\Андрей\Desktop\Хакатон\Размеченные_244_Илья\2.25.186201010600484120326273381077449377115\series_004_2_CR\A250777475 DXA\CR DXA\CR000002.dcm,2.25.186201010600484120326273381077449377115/series_004_2_CR/A250777475 DXA/CR DXA/CR000002.dcm,1.2.643.5.1.13.13.12.2.77.8252.00091315091215060415120908060402,2.25.186201010600484120326273381077449377115/series_004_2_CR/A250777475 DXA/CR DXA/CR000002.dcm,LEG,,,20260916170820.020186,uid_match
Размеченные_244_Илья,C:\Users\Андрей\Desktop\Хакатон\Размеченные_244_Илья\2.25.186201010600484120326273381077449377115\series_004_2_CR\A250777475 DXA\CR DXA\CR000003.dcm,2.25.186201010600484120326273381077449377115/series_004_2_CR/A250777475 DXA/CR DXA/CR000003.dcm,1.2.643.5.1.13.13.12.2.77.8252.01141302020713050903060503061314,2.25.186201010600484120326273381077449377115/series_004_2_CR/A250777475 DXA/CR DXA/CR000003.dcm,LEG,,,20260916170822.581591,uid_match
Размеченные_244_Илья,C:\Users\Андрей\Desktop\Хакатон\Размеченные_244_Илья\2.25.186201010600484120326273381077449377115\series_004_2_CR\A250777475 DXA\CR DXA\CR000004.dcm,2.25.186201010600484120326273381077449377115/series_004_2_CR/A250777475 DXA/CR DXA/CR000004.dcm,1.2.643.5.1.13.13.12.2.77.8252.13051209051006081503100907110310,2.25.186201010600484120326273381077449377115/series_004_2_CR/A250777475 DXA/CR DXA/CR000004.dcm,LEG,,,20260916170824.068768,uid_match
Размеченные_244_Илья,C:\Users\Андрей\Desktop\Хакатон\Размеченные_244_Илья\2.25.186201010600484120326273381077449377115\series_004_2_CR\A250777475 DXA\CR DXA\CR000005.dcm,2.25.186201010600484120326273381077449377115/series_004_2_CR/A250777475 DXA/CR DXA/CR000005.dcm,1.2.643.5.1.13.13.12.2.77.8252.07131015031512050310021202060000,2.25.186201010600484120326273381077449377115/series_004_2_CR/A250777475 DXA/CR DXA/CR000005.dcm,LEG,,,20260916170826.715630,uid_match
Размеченные_244_Илья,C:\Users\Андрей\Desktop\Хакатон\Размеченные_244_Илья\2.25.186201010600484120326273381077449377115\series_004_2_CR\A250777475 DXA\CR DXA\CR000006.dcm,2.25.186201010600484120326273381077449377115/series_004_2_CR/A250777475 DXA/CR DXA/CR000006.dcm,1.2.643.5.1.13.13.12.2.77.8252.01060001050009070514040213010802,2.25.186201010600484120326273381077449377115/series_004_2_CR/A250777475 DXA/CR DXA/CR000006.dcm,LEG,,,20260916170828.393058,uid_match
Размеченные_244_Илья,C:\Users\Андрей\Desktop\Хакатон\Размеченные_244_Илья\2.25.186201010600484120326273381077449377115\series_004_2_CR\A250777475 DXA\CR DXA\CR000007.dcm,2.25.186201010600484120326273381077449377115/series_004_2_CR/A250777475 DXA/CR DXA/CR000007.dcm,1.2.643.5.1.13.13.12.2.77.8252.07140512060315100814061103061308,2.25.186201010600484120326273381077449377115/series_004_2_CR/A250777475 DXA/CR DXA/CR000007.dcm,SPINE,,,20260916170830.446581,uid_match
Размеченные_244_Илья,C:\Users\Андрей\Desktop\Хакатон\Размеченные_244_Илья\2.25.186201010600484120326273381077449377115\series_004_2_CR\A250777475 DXA\CR DXA\CR000008.dcm,2.25.186201010600484120326273381077449377115/series_004_2_CR/A250777475 DXA/CR DXA/CR000008.dcm,1.2.643.5.1.13.13.12.2.77.8252.05080405071204150306061400051307,2.25.186201010600484120326273381077449377115/series_004_2_CR/A250777475 DXA/CR DXA/CR000008.dcm,LEG,,,20260916170832.084764,uid_match
Размеченные_244_Илья,C:\Users\Андрей\Desktop\Хакатон\Размеченные_244_Илья\2.25.186201010600484120326273381077449377115\series_004_2_CR\A250777475 DXA\CR DXA\CR000009.dcm,2.25.186201010600484120326273381077449377115/series_004_2_CR/A250777475 DXA/CR DXA/CR000009.dcm,1.2.643.5.1.13.13.12.2.77.8252.13020010101411130307011411150509,2.25.186201010600484120326273381077449377115/series_004_2_CR/A250777475 DXA/CR DXA/CR000009.dcm,LEG,,,20260916170833.952030,uid_match
Размеченные_244_Илья,C:\Users\Андрей\Desktop\Хакатон\Размеченные_244_Илья\2.25.186201010600484120326273381077449377115\series_004_2_CR\A250777475 DXA\CR DXA\CR000010.dcm,2.25.186201010600484120326273381077449377115/series_004_2_CR/A250777475 DXA/CR DXA/CR000010.dcm,1.2.643.5.1.13.13.12.2.77.8252.07061504011201061005090406100203,2.25.186201010600484120326273381077449377115/series_004_2_CR/A250777475 DXA/CR DXA/CR000010.dcm,SPINE,,,20260916170835.619544,uid_match
Размеченные_244_Илья,C:\Users\Андрей\Desktop\Хакатон\Размеченные_244_Илья\2.25.186201010600484120326273381077449377115\series_004_2_CR\A250777475 DXA\CR DXA\CR000011.dcm,2.25.186201010600484120326273381077449377115/series_004_2_CR/A250777475 DXA/CR DXA/CR000011.dcm,1.2.643.5.1.13.13.12.2.77.8252.04100315041404021215101114140602,2.25.186201010600484120326273381077449377115/series_004_2_CR/A250777475 DXA/CR DXA/CR000011.dcm,SPINE,,,20260916170837.790497,uid_match
Размеченные_244_Илья,C:\Users\Андрей\Desktop\Хакатон\Размеченные_244_Илья\2.25.190331309633057244929837507901317950031\series_001_2_CR\A250791815 DXA\CR DXA\CR000000.dcm,2.25.190331309633057244929837507901317950031/series_001_2_CR/A250791815 DXA/CR DXA/CR000000.dcm,1.2.643.5.1.13.13.12.2.77.8252.11050911061500091304001000100608,2.25.190331309633057244929837507901317950031/series_001_2_CR/A250791815 DXA/CR DXA/CR000000.dcm,LEG,,,20260916170840.494389,uid_match
Размеченные_244_Илья,C:\Users\Андрей\Desktop\Хакатон\Размеченные_244_Илья\2.25.190331309633057244929837507901317950031\series_001_2_CR\A250791815 DXA\CR DXA\CR000001.dcm,2.25.190331309633057244929837507901317950031/series_001_2_CR/A250791815 DXA/CR DXA/CR000001.dcm,1.2.643.5.1.13.13.12.2.77.8252.13070805121401080100090313021511,2.25.190331309633057244929837507901317950031/series_001_2_CR/A250791815 DXA/CR DXA/CR000001.dcm,LEG,,,20260916170843.319725,uid_match
Размеченные_244_Илья,C:\Users\Андрей\Desktop\Хакатон\Размеченные_244_Илья\2.25.190331309633057244929837507901317950031\series_001_2_CR\A250791815 DXA\CR DXA\CR000002.dcm,2.25.190331309633057244929837507901317950031/series_001_2_CR/A250791815 DXA/CR DXA/CR000002.dcm,1.2.643.5.1.13.13.12.2.77.8252.06100709031109071008120605101311,2.25.190331309633057244929837507901317950031/series_001_2_CR/A250791815 DXA/CR DXA/CR000002.dcm,LEG,,,20260916170845.541079,uid_match
Размеченные_244_Илья,C:\Users\Андрей\Desktop\Хакатон\Размеченные_244_Илья\2.25.190331309633057244929837507901317950031\series_001_2_CR\A250791815 DXA\CR DXA\CR000003.dcm,2.25.190331309633057244929837507901317950031/series_001_2_CR/A250791815 DXA/CR DXA/CR000003.dcm,1.2.643.5.1.13.13.12.2.77.8252.11100109131006120600020910050910,2.25.190331309633057244929837507901317950031/series_001_2_CR/A250791815 DXA/CR DXA/CR000003.dcm,SPINE,,,20260916170847.489222,uid_match
Размеченные_244_Илья,C:\Users\Андрей\Desktop\Хакатон\Размеченные_244_Илья\2.25.190331309633057244929837507901317950031\series_001_2_CR\A250791815 DXA\CR DXA\CR000004.dcm,2.25.190331309633057244929837507901317950031/series_001_2_CR/A250791815 DXA/CR DXA/CR000004.dcm,1.2.643.5.1.13.13.12.2.77.8252.03000010070307110614031003090302,2.25.190331309633057244929837507901317950031/series_001_2_CR/A250791815 DXA/CR DXA/CR000004.dcm,LEG,,,20260916170955.017337,uid_match
Размеченные_244_Илья,C:\Users\Андрей\Desktop\Хакатон\Размеченные_244_Илья\2.25.190331309633057244929837507901317950031\series_001_2_CR\A250791815 DXA\CR DXA\CR000005.dcm,2.25.190331309633057244929837507901317950031/series_001_2_CR/A250791815 DXA/CR DXA/CR000005.dcm,1.2.643.5.1.13.13.12.2.77.8252.02040104021012120313090806030008,2.25.190331309633057244929837507901317950031/series_001_2_CR/A250791815 DXA/CR DXA/CR000005.dcm,SPINE,,,20260916170956.797526,uid_match
Размеченные_244_Илья,C:\Users\Андрей\Desktop\Хакатон\Размеченные_244_Илья\2.25.190331309633057244929837507901317950031\series_001_2_CR\A250791815 DXA\CR DXA\CR000006.dcm,2.25.190331309633057244929837507901317950031/series_001_2_CR/A250791815 DXA/CR DXA/CR000006.dcm,1.2.643.5.1.13.13.12.2.77.8252.03020007121211050710080207000313,2.25.190331309633057244929837507901317950031/series_001_2_CR/A250791815 DXA/CR DXA/CR000006.dcm,LEG,,,20260916170959.195583,uid_match
Размеченные_244_Илья,C:\Users\Андрей\Desktop\Хакатон\Размеченные_244_Илья\2.25.190331309633057244929837507901317950031\series_001_2_CR\A250791815 DXA\CR DXA\CR000007.dcm,2.25.190331309633057244929837507901317950031/series_001_2_CR/A250791815 DXA/CR DXA/CR000007.dcm,1.2.643.5.1.13.13.12.2.77.8252.10061312041507151308110106051414,2.25.190331309633057244929837507901317950031/series_001_2_CR/A250791815 DXA/CR DXA/CR000007.dcm,LEG,,,20260916171001.308040,uid_match
Размеченные_244_Илья,C:\Users\Андрей\Desktop\Хакатон\Размеченные_244_Илья\2.25.190331309633057244929837507901317950031\series_001_2_CR\A250791815 DXA\CR DXA\CR000008.dcm,2.25.190331309633057244929837507901317950031/series_001_2_CR/A250791815 DXA/CR DXA/CR000008.dcm,1.2.643.5.1.13.13.12.2.77.8252.06130501091009001200080400150413,2.25.190331309633057244929837507901317950031/series_001_2_CR/A250791815 DXA/CR DXA/CR000008.dcm,SPINE,,,20260916171003.664169,uid_match
Размеченные_244_Илья,C:\Users\Андрей\Desktop\Хакатон\Размеченные_244_Илья\2.25.190331309633057244929837507901317950031\series_001_2_CR\A250791815 DXA\CR DXA\CR000009.dcm,2.25.190331309633057244929837507901317950031/series_001_2_CR/A250791815 DXA/CR DXA/CR000009.dcm,1.2.643.5.1.13.13.12.2.77.8252.11100404131302060711141306031414,2.25.190331309633057244929837507901317950031/series_001_2_CR/A250791815 DXA/CR DXA/CR000009.dcm,LEG,,,20260916171005.471840,uid_match
Размеченные_244_Илья,C:\Users\Андрей\Desktop\Хакатон\Размеченные_244_Илья\2.25.190331309633057244929837507901317950031\series_001_2_CR\A250791815 DXA\CR DXA\CR000010.dcm,2.25.190331309633057244929837507901317950031/series_001_2_CR/A250791815 DXA/CR DXA/CR000010.dcm,1.2.643.5.1.13.13.12.2.77.8252.09051315030213060214031014080701,2.25.190331309633057244929837507901317950031/series_001_2_CR/A250791815 DXA/CR DXA/CR000010.dcm,LEG,,,20260916171007.353183,uid_match
Размеченные_244_Илья,C:\Users\Андрей\Desktop\Хакатон\Размеченные_244_Илья\2.25.190807933410234695931591553323782771995\series_002_3_CR\A250762254 DXA\CR DXA\CR000000.dcm,2.25.190807933410234695931591553323782771995/series_002_3_CR/A250762254 DXA/CR DXA/CR000000.dcm,1.2.643.5.1.13.13.12.2.77.8252.04000404020304020301120408100801,2.25.190807933410234695931591553323782771995/series_002_3_CR/A250762254 DXA/CR DXA/CR000000.dcm,SPINE,,,20260916171009.103872,uid_match
Размеченные_244_Илья,C:\Users\Андрей\Desktop\Хакатон\Размеченные_244_Илья\2.25.190807933410234695931591553323782771995\series_002_3_CR\A250762254 DXA\CR DXA\CR000001.dcm,2.25.190807933410234695931591553323782771995/series_002_3_CR/A250762254 DXA/CR DXA/CR000001.dcm,1.2.643.5.1.13.13.12.2.77.8252.10101410111513000809081215030802,2.25.190807933410234695931591553323782771995/series_002_3_CR/A250762254 DXA/CR DXA/CR000001.dcm,LEG,,,20260916171010.693054,uid_match
Размеченные_244_Илья,C:\Users\Андрей\Desktop\Хакатон\Размеченные_244_Илья\2.25.215177279960644564778148238928738915103\series_002_2_CR\A2504147013 DXA\CR DXA\CR000000.dcm,2.25.215177279960644564778148238928738915103/series_002_2_CR/A2504147013 DXA/CR DXA/CR000000.dcm,1.2.643.5.1.13.13.12.2.77.8252.02120211101306000510080011031411,2.25.215177279960644564778148238928738915103/series_002_2_CR/A2504147013 DXA/CR DXA/CR000000.dcm,LEG,,,20260916171012.337215,uid_match
Размеченные_244_Илья,C:\Users\Андрей\Desktop\Хакатон\Размеченные_244_Илья\2.25.215177279960644564778148238928738915103\series_002_2_CR\A2504147013 DXA\CR DXA\CR000001.dcm,2.25.215177279960644564778148238928738915103/series_002_2_CR/A2504147013 DXA/CR DXA/CR000001.dcm,1.2.643.5.1.13.13.12.2.77.8252.05011012001311141515001115080104,2.25.215177279960644564778148238928738915103/series_002_2_CR/A2504147013 DXA/CR DXA/CR000001.dcm,SPINE,,,20260916171014.057100,uid_match
Размеченные_244_Илья,C:\Users\Андрей\Desktop\Хакатон\Размеченные_244_Илья\2.25.215177279960644564778148238928738915103\series_002_2_CR\A2504147013 DXA\CR DXA\CR000002.dcm,2.25.215177279960644564778148238928738915103/series_002_2_CR/A2504147013 DXA/CR DXA/CR000002.dcm,1.2.643.5.1.13.13.12.2.77.8252.00070615051510041500030210150312,2.25.215177279960644564778148238928738915103/series_002_2_CR/A2504147013 DXA/CR DXA/CR000002.dcm,LEG,,,20260916171016.250558,uid_match
Размеченные_244_Илья,C:\Users\Андрей\Desktop\Хакатон\Размеченные_244_Илья\2.25.215177279960644564778148238928738915103\series_002_2_CR\A2504147013 DXA\CR DXA\CR000003.dcm,2.25.215177279960644564778148238928738915103/series_002_2_CR/A2504147013 DXA/CR DXA/CR000003.dcm,1.2.643.5.1.13.13.12.2.77.8252.02080006130815010800091303020804,2.25.215177279960644564778148238928738915103/series_002_2_CR/A2504147013 DXA/CR DXA/CR000003.dcm,LEG,,,20260916171018.018231,uid_match
Размеченные_244_Илья,C:\Users\Андрей\Desktop\Хакатон\Размеченные_244_Илья\2.25.215177279960644564778148238928738915103\series_002_2_CR\A2504147013 DXA\CR DXA\CR000004.dcm,2.25.215177279960644564778148238928738915103/series_002_2_CR/A2504147013 DXA/CR DXA/CR000004.dcm,1.2.643.5.1.13.13.12.2.77.8252.13140203110104081414101201001405,2.25.215177279960644564778148238928738915103/series_002_2_CR/A2504147013 DXA/CR DXA/CR000004.dcm,SPINE,,,20260916171019.834128,uid_match
Размеченные_244_Илья,C:\Users\Андрей\Desktop\Хакатон\Размеченные_244_Илья\2.25.217397325224876728316360420804118329081\series_002_2_CR\A250474631 DXA\CR DXA\CR000000.dcm,2.25.217397325224876728316360420804118329081/series_002_2_CR/A250474631 DXA/CR DXA/CR000000.dcm,1.2.643.5.1.13.13.12.2.77.8252.02091115080411030312040600000701,2.25.217397325224876728316360420804118329081/series_002_2_CR/A250474631 DXA/CR DXA/CR000000.dcm,LEG,,,20260916171022.008942,uid_match
Размеченные_244_Илья,C:\Users\Андрей\Desktop\Хакатон\Размеченные_244_Илья\2.25.217397325224876728316360420804118329081\series_002_2_CR\A250474631 DXA\CR DXA\CR000001.dcm,2.25.217397325224876728316360420804118329081/series_002_2_CR/A250474631 DXA/CR DXA/CR000001.dcm,1.2.643.5.1.13.13.12.2.77.8252.10000400041408060608031009090710,2.25.217397325224876728316360420804118329081/series_002_2_CR/A250474631 DXA/CR DXA/CR000001.dcm,LEG,,,20260916171023.723275,uid_match
Размеченные_244_Илья,C:\Users\Андрей\Desktop\Хакатон\Размеченные_244_Илья\2.25.217397325224876728316360420804118329081\series_002_2_CR\A250474631 DXA\CR DXA\CR000002.dcm,2.25.217397325224876728316360420804118329081/series_002_2_CR/A250474631 DXA/CR DXA/CR000002.dcm,1.2.643.5.1.13.13.12.2.77.8252.04131001000110131311121304090609,2.25.217397325224876728316360420804118329081/series_002_2_CR/A250474631 DXA/CR DXA/CR000002.dcm,SPINE,,,20260916171025.599674,uid_match
Размеченные_244_Илья,C:\Users\Андрей\Desktop\Хакатон\Размеченные_244_Илья\2.25.217397325224876728316360420804118329081\series_002_2_CR\A250474631 DXA\CR DXA\CR000003.dcm,2.25.217397325224876728316360420804118329081/series_002_2_CR/A250474631 DXA/CR DXA/CR000003.dcm,1.2.643.5.1.13.13.12.2.77.8252.01120903030308120114061013030505,2.25.217397325224876728316360420804118329081/series_002_2_CR/A250474631 DXA/CR DXA/CR000003.dcm,LEG,,,20260916171027.330223,uid_match
Размеченные_244_Илья,C:\Users\Андрей\Desktop\Хакатон\Размеченные_244_Илья\2.25.217397325224876728316360420804118329081\series_002_2_CR\A250474631 DXA\CR DXA\CR000004.dcm,2.25.217397325224876728316360420804118329081/series_002_2_CR/A250474631 DXA/CR DXA/CR000004.dcm,1.2.643.5.1.13.13.12.2.77.8252.03000813041512141007100304081206,2.25.217397325224876728316360420804118329081/series_002_2_CR/A250474631 DXA/CR DXA/CR000004.dcm,SPINE,,,20260916171029.059498,uid_match
Размеченные_244_Илья,C:\Users\Андрей\Desktop\Хакатон\Размеченные_244_Илья\2.25.217397325224876728316360420804118329081\series_002_2_CR\A250474631 DXA\CR DXA\CR000005.dcm,2.25.217397325224876728316360420804118329081/series_002_2_CR/A250474631 DXA/CR DXA/CR000005.dcm,1.2.643.5.1.13.13.12.2.77.8252.13021514070905140715121507140313,2.25.217397325224876728316360420804118329081/series_002_2_CR/A250474631 DXA/CR DXA/CR000005.dcm,SPINE,,,20260916171031.258872,uid_match
Размеченные_244_Илья,C:\Users\Андрей\Desktop\Хакатон\Размеченные_244_Илья\2.25.217397325224876728316360420804118329081\series_002_2_CR\A250474631 DXA\CR DXA\CR000006.dcm,2.25.217397325224876728316360420804118329081/series_002_2_CR/A250474631 DXA/CR DXA/CR000006.dcm,1.2.643.5.1.13.13.12.2.77.8252.08100408121001020706011402110914,2.25.217397325224876728316360420804118329081/series_002_2_CR/A250474631 DXA/CR DXA/CR000006.dcm,LEG,,,20260916171032.927695,uid_match
Размеченные_244_Илья,C:\Users\Андрей\Desktop\Хакатон\Размеченные_244_Илья\2.25.217397325224876728316360420804118329081\series_002_2_CR\A250474631 DXA\CR DXA\CR000007.dcm,2.25.217397325224876728316360420804118329081/series_002_2_CR/A250474631 DXA/CR DXA/CR000007.dcm,1.2.643.5.1.13.13.12.2.77.8252.15101108070415081206070914081510,2.25.217397325224876728316360420804118329081/series_002_2_CR/A250474631 DXA/CR DXA/CR000007.dcm,LEG,,,20260916171034.698503,uid_match
Размеченные_244_Илья,C:\Users\Андрей\Desktop\Хакатон\Размеченные_244_Илья\2.25.217397325224876728316360420804118329081\series_002_2_CR\A250474631 DXA\CR DXA\CR000008.dcm,2.25.217397325224876728316360420804118329081/series_002_2_CR/A250474631 DXA/CR DXA/CR000008.dcm,1.2.643.5.1.13.13.12.2.77.8252.14010614131006141014100714050813,2.25.217397325224876728316360420804118329081/series_002_2_CR/A250474631 DXA/CR DXA/CR000008.dcm,LEG,,,20260916171036.385280,uid_match
Размеченные_244_Илья,C:\Users\Андрей\Desktop\Хакатон\Размеченные_244_Илья\2.25.217397325224876728316360420804118329081\series_002_2_CR\A250474631 DXA\CR DXA\CR000009.dcm,2.25.217397325224876728316360420804118329081/series_002_2_CR/A250474631 DXA/CR DXA/CR000009.dcm,1.2.643.5.1.13.13.12.2.77.8252.07081006110204030410140712110010,2.25.217397325224876728316360420804118329081/series_002_2_CR/A250474631 DXA/CR DXA/CR000009.dcm,LEG,,,20260916171038.080292,uid_match
Размеченные_244_Илья,C:\Users\Андрей\Desktop\Хакатон\Размеченные_244_Илья\2.25.217397325224876728316360420804118329081\series_002_2_CR\A250474631 DXA\CR DXA\CR000010.dcm,2.25.217397325224876728316360420804118329081/series_002_2_CR/A250474631 DXA/CR DXA/CR000010.dcm,1.2.643.5.1.13.13.12.2.77.8252.03030902090804040112070613130312,2.25.217397325224876728316360420804118329081/series_002_2_CR/A250474631 DXA/CR DXA/CR000010.dcm,LEG,,,20260916171039.746559,uid_match
Размеченные_244_Илья,C:\Users\Андрей\Desktop\Хакатон\Размеченные_244_Илья\2.25.220866240977467582196609708837940253840\series_001_2_CR\A2504258893 DXA\CR DXA\CR000000.dcm,2.25.220866240977467582196609708837940253840/series_001_2_CR/A2504258893 DXA/CR DXA/CR000000.dcm,1.2.643.5.1.13.13.12.2.77.8252.03010603150012061509030005111300,2.25.220866240977467582196609708837940253840/series_001_2_CR/A2504258893 DXA/CR DXA/CR000000.dcm,SPINE,,,20260916171041.562096,uid_match
Размеченные_244_Илья,C:\Users\Андрей\Desktop\Хакатон\Размеченные_244_Илья\2.25.234651502352368356456298825489565282446\series_002_2_CR\A2504307193 DXA\CR DXA\CR000000.dcm,2.25.234651502352368356456298825489565282446/series_002_2_CR/A2504307193 DXA/CR DXA/CR000000.dcm,1.2.643.5.1.13.13.12.2.77.8252.02051208030605070510050510081213,2.25.234651502352368356456298825489565282446/series_002_2_CR/A2504307193 DXA/CR DXA/CR000000.dcm,LEG,,,20260916171043.930065,uid_match
Размеченные_244_Илья,C:\Users\Андрей\Desktop\Хакатон\Размеченные_244_Илья\2.25.234651502352368356456298825489565282446\series_002_2_CR\A2504307193 DXA\CR DXA\CR000001.dcm,2.25.234651502352368356456298825489565282446/series_002_2_CR/A2504307193 DXA/CR DXA/CR000001.dcm,1.2.643.5.1.13.13.12.2.77.8252.05090510140315010003130007000910,2.25.234651502352368356456298825489565282446/series_002_2_CR/A2504307193 DXA/CR DXA/CR000001.dcm,LEG,,,20260916171046.004333,uid_match
Размеченные_244_Илья,C:\Users\Андрей\Desktop\Хакатон\Размеченные_244_Илья\2.25.234651502352368356456298825489565282446\series_002_2_CR\A2504307193 DXA\CR DXA\CR000002.dcm,2.25.234651502352368356456298825489565282446/series_002_2_CR/A2504307193 DXA/CR DXA/CR000002.dcm,1.2.643.5.1.13.13.12.2.77.8252.09031307051100020212010511060414,2.25.234651502352368356456298825489565282446/series_002_2_CR/A2504307193 DXA/CR DXA/CR000002.dcm,SPINE,,,20260916171047.865948,uid_match
Размеченные_244_Илья,C:\Users\Андрей\Desktop\Хакатон\Размеченные_244_Илья\2.25.234651502352368356456298825489565282446\series_002_2_CR\A2504307193 DXA\CR DXA\CR000003.dcm,2.25.234651502352368356456298825489565282446/series_002_2_CR/A2504307193 DXA/CR DXA/CR000003.dcm,1.2.643.5.1.13.13.12.2.77.8252.09140613011500120102030800080807,2.25.234651502352368356456298825489565282446/series_002_2_CR/A2504307193 DXA/CR DXA/CR000003.dcm,LEG,,,20260916171049.887310,uid_match
Размеченные_244_Илья,C:\Users\Андрей\Desktop\Хакатон\Размеченные_244_Илья\2.25.234651502352368356456298825489565282446\series_002_2_CR\A2504307193 DXA\CR DXA\CR000004.dcm,2.25.234651502352368356456298825489565282446/series_002_2_CR/A2504307193 DXA/CR DXA/CR000004.dcm,1.2.643.5.1.13.13.12.2.77.8252.09061112071413071402070608030006,2.25.234651502352368356456298825489565282446/series_002_2_CR/A2504307193 DXA/CR DXA/CR000004.dcm,LEG,,,20260916171051.736354,uid_match
Размеченные_244_Илья,C:\Users\Андрей\Desktop\Хакатон\Размеченные_244_Илья\2.25.234651502352368356456298825489565282446\series_002_2_CR\A2504307193 DXA\CR DXA\CR000005.dcm,2.25.234651502352368356456298825489565282446/series_002_2_CR/A2504307193 DXA/CR DXA/CR000005.dcm,1.2.643.5.1.13.13.12.2.77.8252.14111506040710041211031511080401,2.25.234651502352368356456298825489565282446/series_002_2_CR/A2504307193 DXA/CR DXA/CR000005.dcm,LEG,,,20260916171053.488310,uid_match
Размеченные_244_Илья,C:\Users\Андрей\Desktop\Хакатон\Размеченные_244_Илья\2.25.234651502352368356456298825489565282446\series_002_2_CR\A2504307193 DXA\CR DXA\CR000006.dcm,2.25.234651502352368356456298825489565282446/series_002_2_CR/A2504307193 DXA/CR DXA/CR000006.dcm,1.2.643.5.1.13.13.12.2.77.8252.10051211011505050506141504040101,2.25.234651502352368356456298825489565282446/series_002_2_CR/A2504307193 DXA/CR DXA/CR000006.dcm,SPINE,,,20260916171055.405702,uid_match
Размеченные_244_Илья,C:\Users\Андрей\Desktop\Хакатон\Размеченные_244_Илья\2.25.234651502352368356456298825489565282446\series_002_2_CR\A2504307193 DXA\CR DXA\CR000007.dcm,2.25.234651502352368356456298825489565282446/series_002_2_CR/A2504307193 DXA/CR DXA/CR000007.dcm,1.2.643.5.1.13.13.12.2.77.8252.15100402090103120615100706141310,2.25.234651502352368356456298825489565282446/series_002_2_CR/A2504307193 DXA/CR DXA/CR000007.dcm,LEG,,,20260916171057.231666,uid_match
Размеченные_244_Илья,C:\Users\Андрей\Desktop\Хакатон\Размеченные_244_Илья\2.25.234651502352368356456298825489565282446\series_002_2_CR\A2504307193 DXA\CR DXA\CR000008.dcm,2.25.234651502352368356456298825489565282446/series_002_2_CR/A2504307193 DXA/CR DXA/CR000008.dcm,1.2.643.5.1.13.13.12.2.77.8252.10021305031009110615021114111114,2.25.234651502352368356456298825489565282446/series_002_2_CR/A2504307193 DXA/CR DXA/CR000008.dcm,SPINE,,,20260916171059.710847,uid_match
Размеченные_244_Илья,C:\Users\Андрей\Desktop\Хакатон\Размеченные_244_Илья\2.25.234651502352368356456298825489565282446\series_002_2_CR\A2504307193 DXA\CR DXA\CR000009.dcm,2.25.234651502352368356456298825489565282446/series_002_2_CR/A2504307193 DXA/CR DXA/CR000009.dcm,1.2.643.5.1.13.13.12.2.77.8252.09110410141103030507060004110108,2.25.234651502352368356456298825489565282446/series_002_2_CR/A2504307193 DXA/CR DXA/CR000009.dcm,LEG,,,20260916171103.414980,uid_match
Размеченные_244_Илья,C:\Users\Андрей\Desktop\Хакатон\Размеченные_244_Илья\2.25.234651502352368356456298825489565282446\series_002_2_CR\A2504307193 DXA\CR DXA\CR000010.dcm,2.25.234651502352368356456298825489565282446/series_002_2_CR/A2504307193 DXA/CR DXA/CR000010.dcm,1.2.643.5.1.13.13.12.2.77.8252.15060200100906151411000112060511,2.25.234651502352368356456298825489565282446/series_002_2_CR/A2504307193 DXA/CR DXA/CR000010.dcm,LEG,,,20260916171105.151672,uid_match
Размеченные_244_Илья,C:\Users\Андрей\Desktop\Хакатон\Размеченные_244_Илья\2.25.247714038039430659432048101646401574824\series_002_2_CR\A2504238024 DXA Exam\CR DXA Images\CR000000.dcm,2.25.247714038039430659432048101646401574824/series_002_2_CR/A2504238024 DXA Exam/CR DXA Images/CR000000.dcm,1.2.643.5.1.13.13.12.2.77.8252.06051510010614000404080600020603,2.25.247714038039430659432048101646401574824/series_002_2_CR/A2504238024 DXA Exam/CR DXA Images/CR000000.dcm,LEG,,,20260916171107.392377,uid_match
Размеченные_244_Илья,C:\Users\Андрей\Desktop\Хакатон\Размеченные_244_Илья\2.25.247714038039430659432048101646401574824\series_002_2_CR\A2504238024 DXA Exam\CR DXA Images\CR000001.dcm,2.25.247714038039430659432048101646401574824/series_002_2_CR/A2504238024 DXA Exam/CR DXA Images/CR000001.dcm,1.2.643.5.1.13.13.12.2.77.8252.13110800060502010303101404091303,2.25.247714038039430659432048101646401574824/series_002_2_CR/A2504238024 DXA Exam/CR DXA Images/CR000001.dcm,LEG,,,20260916171109.230414,uid_match
Размеченные_244_Илья,C:\Users\Андрей\Desktop\Хакатон\Размеченные_244_Илья\2.25.247714038039430659432048101646401574824\series_002_2_CR\A2504238024 DXA Exam\CR DXA Images\CR000002.dcm,2.25.247714038039430659432048101646401574824/series_002_2_CR/A2504238024 DXA Exam/CR DXA Images/CR000002.dcm,1.2.643.5.1.13.13.12.2.77.8252.06030210110500061108030910090908,2.25.247714038039430659432048101646401574824/series_002_2_CR/A2504238024 DXA Exam/CR DXA Images/CR000002.dcm,SPINE,,,20260916171110.753470,uid_match
Размеченные_244_Илья,C:\Users\Андрей\Desktop\Хакатон\Размеченные_244_Илья\2.25.269648774413746842548908998641183395622\series_001_2_CR\A2504393664 DXA\CR DXA\CR000000.dcm,2.25.269648774413746842548908998641183395622/series_001_2_CR/A2504393664 DXA/CR DXA/CR000000.dcm,1.2.643.5.1.13.13.12.2.77.8252.12031014110715041000030602140501,2.25.269648774413746842548908998641183395622/series_001_2_CR/A2504393664 DXA/CR DXA/CR000000.dcm,LEG,,,20260916171112.873753,uid_match
Размеченные_244_Илья,C:\Users\Андрей\Desktop\Хакатон\Размеченные_244_Илья\2.25.269648774413746842548908998641183395622\series_001_2_CR\A2504393664 DXA\CR DXA\CR000001.dcm,2.25.269648774413746842548908998641183395622/series_001_2_CR/A2504393664 DXA/CR DXA/CR000001.dcm,1.2.643.5.1.13.13.12.2.77.8252.02001209000515050108060411111311,2.25.269648774413746842548908998641183395622/series_001_2_CR/A2504393664 DXA/CR DXA/CR000001.dcm,SPINE,,,20260916171115.152507,uid_match
Размеченные_244_Илья,C:\Users\Андрей\Desktop\Хакатон\Размеченные_244_Илья\2.25.269648774413746842548908998641183395622\series_001_2_CR\A2504393664 DXA\CR DXA\CR000002.dcm,2.25.269648774413746842548908998641183395622/series_001_2_CR/A2504393664 DXA/CR DXA/CR000002.dcm,1.2.643.5.1.13.13.12.2.77.8252.12130902030702050210110604020115,2.25.269648774413746842548908998641183395622/series_001_2_CR/A2504393664 DXA/CR DXA/CR000002.dcm,LEG,,,20260916171122.349286,uid_match
Размеченные_244_Илья,C:\Users\Андрей\Desktop\Хакатон\Размеченные_244_Илья\2.25.269742577365511543488820993979123763373\series_003_2_CR\A250477751 DXA\CR DXA\CR000000.dcm,2.25.269742577365511543488820993979123763373/series_003_2_CR/A250477751 DXA/CR DXA/CR000000.dcm,1.2.643.5.1.13.13.12.2.77.8252.11081308031311040302130506061304,2.25.269742577365511543488820993979123763373/series_003_2_CR/A250477751 DXA/CR DXA/CR000000.dcm,SPINE,,,20260916171124.028949,uid_match
Размеченные_244_Илья,C:\Users\Андрей\Desktop\Хакатон\Размеченные_244_Илья\2.25.272690031744216183651627058502316132741\series_002_2_CR\A2504373414 DXA\CR DXA\CR000000.dcm,2.25.272690031744216183651627058502316132741/series_002_2_CR/A2504373414 DXA/CR DXA/CR000000.dcm,1.2.643.5.1.13.13.12.2.77.8252.01011201030601080312040805131303,2.25.272690031744216183651627058502316132741/series_002_2_CR/A2504373414 DXA/CR DXA/CR000000.dcm,LEG,,,20260916171125.607988,uid_match
Размеченные_244_Илья,C:\Users\Андрей\Desktop\Хакатон\Размеченные_244_Илья\2.25.272690031744216183651627058502316132741\series_002_2_CR\A2504373414 DXA\CR DXA\CR000001.dcm,2.25.272690031744216183651627058502316132741/series_002_2_CR/A2504373414 DXA/CR DXA/CR000001.dcm,1.2.643.5.1.13.13.12.2.77.8252.06030606140315081407041104141012,2.25.272690031744216183651627058502316132741/series_002_2_CR/A2504373414 DXA/CR DXA/CR000001.dcm,SPINE,,,20260916171127.411162,uid_match
Размеченные_244_Илья,C:\Users\Андрей\Desktop\Хакатон\Размеченные_244_Илья\2.25.272690031744216183651627058502316132741\series_002_2_CR\A2504373414 DXA\CR DXA\CR000002.dcm,2.25.272690031744216183651627058502316132741/series_002_2_CR/A2504373414 DXA/CR DXA/CR000002.dcm,1.2.643.5.1.13.13.12.2.77.8252.15091411140404110408151008030010,2.25.272690031744216183651627058502316132741/series_002_2_CR/A2504373414 DXA/CR DXA/CR000002.dcm,LEG,,,20260916171129.093246,uid_match
Размеченные_244_Илья,C:\Users\Андрей\Desktop\Хакатон\Размеченные_244_Илья\2.25.272690031744216183651627058502316132741\series_002_2_CR\A2504373414 DXA\CR DXA\CR000003.dcm,2.25.272690031744216183651627058502316132741/series_002_2_CR/A2504373414 DXA/CR DXA/CR000003.dcm,1.2.643.5.1.13.13.12.2.77.8252.12111114061412150313141006121511,2.25.272690031744216183651627058502316132741/series_002_2_CR/A2504373414 DXA/CR DXA/CR000003.dcm,LEG,,,20260916171131.682920,uid_match
Размеченные_244_Илья,C:\Users\Андрей\Desktop\Хакатон\Размеченные_244_Илья\2.25.272690031744216183651627058502316132741\series_002_2_CR\A2504373414 DXA\CR DXA\CR000004.dcm,2.25.272690031744216183651627058502316132741/series_002_2_CR/A2504373414 DXA/CR DXA/CR000004.dcm,1.2.643.5.1.13.13.12.2.77.8252.11001315081502000300100815110411,2.25.272690031744216183651627058502316132741/series_002_2_CR/A2504373414 DXA/CR DXA/CR000004.dcm,LEG,,,20260916171133.396390,uid_match
Размеченные_244_Илья,C:\Users\Андрей\Desktop\Хакатон\Размеченные_244_Илья\2.25.272690031744216183651627058502316132741\series_002_2_CR\A2504373414 DXA\CR DXA\CR000005.dcm,2.25.272690031744216183651627058502316132741/series_002_2_CR/A2504373414 DXA/CR DXA/CR000005.dcm,1.2.643.5.1.13.13.12.2.77.8252.05061403001014150211070209121100,2.25.272690031744216183651627058502316132741/series_002_2_CR/A2504373414 DXA/CR DXA/CR000005.dcm,LEG,,,20260916171135.895419,uid_match
Размеченные_244_Илья,C:\Users\Андрей\Desktop\Хакатон\Размеченные_244_Илья\2.25.272690031744216183651627058502316132741\series_002_2_CR\A2504373414 DXA\CR DXA\CR000006.dcm,2.25.272690031744216183651627058502316132741/series_002_2_CR/A2504373414 DXA/CR DXA/CR000006.dcm,1.2.643.5.1.13.13.12.2.77.8252.07020101080211090714060800071015,2.25.272690031744216183651627058502316132741/series_002_2_CR/A2504373414 DXA/CR DXA/CR000006.dcm,SPINE,,,20260916171137.520327,uid_match
Размеченные_244_Илья,C:\Users\Андрей\Desktop\Хакатон\Размеченные_244_Илья\2.25.272690031744216183651627058502316132741\series_002_2_CR\A2504373414 DXA\CR DXA\CR000007.dcm,2.25.272690031744216183651627058502316132741/series_002_2_CR/A2504373414 DXA/CR DXA/CR000007.dcm,1.2.643.5.1.13.13.12.2.77.8252.10090104061310110414150206150115,2.25.272690031744216183651627058502316132741/series_002_2_CR/A2504373414 DXA/CR DXA/CR000007.dcm,LEG,,,20260916171139.026833,uid_match
Размеченные_244_Илья,C:\Users\Андрей\Desktop\Хакатон\Размеченные_244_Илья\2.25.272690031744216183651627058502316132741\series_002_2_CR\A2504373414 DXA\CR DXA\CR000008.dcm,2.25.272690031744216183651627058502316132741/series_002_2_CR/A2504373414 DXA/CR DXA/CR000008.dcm,1.2.643.5.1.13.13.12.2.77.8252.03130108120702021004141402130400,2.25.272690031744216183651627058502316132741/series_002_2_CR/A2504373414 DXA/CR DXA/CR000008.dcm,LEG,,,20260916171141.146406,uid_match
Размеченные_244_Илья,C:\Users\Андрей\Desktop\Хакатон\Размеченные_244_Илья\2.25.272690031744216183651627058502316132741\series_002_2_CR\A2504373414 DXA\CR DXA\CR000009.dcm,2.25.272690031744216183651627058502316132741/series_002_2_CR/A2504373414 DXA/CR DXA/CR000009.dcm,1.2.643.5.1.13.13.12.2.77.8252.05090009071111050211130101070710,2.25.272690031744216183651627058502316132741/series_002_2_CR/A2504373414 DXA/CR DXA/CR000009.dcm,SPINE,,,20260916171142.896564,uid_match
Размеченные_244_Илья,C:\Users\Андрей\Desktop\Хакатон\Размеченные_244_Илья\2.25.272690031744216183651627058502316132741\series_002_2_CR\A2504373414 DXA\CR DXA\CR000010.dcm,2.25.272690031744216183651627058502316132741/series_002_2_CR/A2504373414 DXA/CR DXA/CR000010.dcm,1.2.643.5.1.13.13.12.2.77.8252.06121304010102150202081301011406,2.25.272690031744216183651627058502316132741/series_002_2_CR/A2504373414 DXA/CR DXA/CR000010.dcm,LEG,,,20260916171148.315333,uid_match
Размеченные_244_Илья,C:\Users\Андрей\Desktop\Хакатон\Размеченные_244_Илья\2.25.276415754443998872860614500027519740375\series_002_2_CR\A2504387089 DXA\CR DXA\CR000000.dcm,2.25.276415754443998872860614500027519740375/series_002_2_CR/A2504387089 DXA/CR DXA/CR000000.dcm,1.2.643.5.1.13.13.12.2.77.8252.13000009090006001202001212051006,2.25.276415754443998872860614500027519740375/series_002_2_CR/A2504387089 DXA/CR DXA/CR000000.dcm,SPINE,,,20260916171150.270045,uid_match
Размеченные_244_Илья,C:\Users\Андрей\Desktop\Хакатон\Размеченные_244_Илья\2.25.276415754443998872860614500027519740375\series_002_2_CR\A2504387089 DXA\CR DXA\CR000001.dcm,2.25.276415754443998872860614500027519740375/series_002_2_CR/A2504387089 DXA/CR DXA/CR000001.dcm,1.2.643.5.1.13.13.12.2.77.8252.00080112010710030607090609070409,2.25.276415754443998872860614500027519740375/series_002_2_CR/A2504387089 DXA/CR DXA/CR000001.dcm,SPINE,,,20260916171152.046229,uid_match
Размеченные_244_Илья,C:\Users\Андрей\Desktop\Хакатон\Размеченные_244_Илья\2.25.276415754443998872860614500027519740375\series_002_2_CR\A2504387089 DXA\CR DXA\CR000002.dcm,2.25.276415754443998872860614500027519740375/series_002_2_CR/A2504387089 DXA/CR DXA/CR000002.dcm,1.2.643.5.1.13.13.12.2.77.8252.01080011050715071510151108031409,2.25.276415754443998872860614500027519740375/series_002_2_CR/A2504387089 DXA/CR DXA/CR000002.dcm,LEG,,,20260916171155.374119,uid_match
Размеченные_244_Илья,C:\Users\Андрей\Desktop\Хакатон\Размеченные_244_Илья\2.25.276415754443998872860614500027519740375\series_002_2_CR\A2504387089 DXA\CR DXA\CR000003.dcm,2.25.276415754443998872860614500027519740375/series_002_2_CR/A2504387089 DXA/CR DXA/CR000003.dcm,1.2.643.5.1.13.13.12.2.77.8252.12100615051100140712150704150801,2.25.276415754443998872860614500027519740375/series_002_2_CR/A2504387089 DXA/CR DXA/CR000003.dcm,LEG,,,20260916171157.084377,uid_match
Размеченные_244_Илья,C:\Users\Андрей\Desktop\Хакатон\Размеченные_244_Илья\2.25.276415754443998872860614500027519740375\series_002_2_CR\A2504387089 DXA\CR DXA\CR000004.dcm,2.25.276415754443998872860614500027519740375/series_002_2_CR/A2504387089 DXA/CR DXA/CR000004.dcm,1.2.643.5.1.13.13.12.2.77.8252.06120002061108140400041203121102,2.25.276415754443998872860614500027519740375/series_002_2_CR/A2504387089 DXA/CR DXA/CR000004.dcm,LEG,,,20260916171158.670990,uid_match
Размеченные_244_Илья,C:\Users\Андрей\Desktop\Хакатон\Размеченные_244_Илья\2.25.276415754443998872860614500027519740375\series_002_2_CR\A2504387089 DXA\CR DXA\CR000005.dcm,2.25.276415754443998872860614500027519740375/series_002_2_CR/A2504387089 DXA/CR DXA/CR000005.dcm,1.2.643.5.1.13.13.12.2.77.8252.15130815100101091501031008111015,2.25.276415754443998872860614500027519740375/series_002_2_CR/A2504387089 DXA/CR DXA/CR000005.dcm,LEG,,,20260916171200.600930,uid_match
Размеченные_244_Илья,C:\Users\Андрей\Desktop\Хакатон\Размеченные_244_Илья\2.25.277752758923974029595977676354128739670\series_002_2_CR\A2504223752 DXA\CR DXA\CR000000.dcm,2.25.277752758923974029595977676354128739670/series_002_2_CR/A2504223752 DXA/CR DXA/CR000000.dcm,1.2.643.5.1.13.13.12.2.77.8252.11140100091110050501140207060912,2.25.277752758923974029595977676354128739670/series_002_2_CR/A2504223752 DXA/CR DXA/CR000000.dcm,LEG,,,20260916171204.266029,uid_match
Размеченные_244_Илья,C:\Users\Андрей\Desktop\Хакатон\Размеченные_244_Илья\2.25.277752758923974029595977676354128739670\series_002_2_CR\A2504223752 DXA\CR DXA\CR000001.dcm,2.25.277752758923974029595977676354128739670/series_002_2_CR/A2504223752 DXA/CR DXA/CR000001.dcm,1.2.643.5.1.13.13.12.2.77.8252.05010011080903070300131415001403,2.25.277752758923974029595977676354128739670/series_002_2_CR/A2504223752 DXA/CR DXA/CR000001.dcm,LEG,,,20260916171206.132712,uid_match
Размеченные_244_Илья,C:\Users\Андрей\Desktop\Хакатон\Размеченные_244_Илья\2.25.277752758923974029595977676354128739670\series_002_2_CR\A2504223752 DXA\CR DXA\CR000002.dcm,2.25.277752758923974029595977676354128739670/series_002_2_CR/A2504223752 DXA/CR DXA/CR000002.dcm,1.2.643.5.1.13.13.12.2.77.8252.09010705011309010307011213150407,2.25.277752758923974029595977676354128739670/series_002_2_CR/A2504223752 DXA/CR DXA/CR000002.dcm,LEG,,,20260916171207.607360,uid_match
Размеченные_244_Илья,C:\Users\Андрей\Desktop\Хакатон\Размеченные_244_Илья\2.25.277752758923974029595977676354128739670\series_002_2_CR\A2504223752 DXA\CR DXA\CR000003.dcm,2.25.277752758923974029595977676354128739670/series_002_2_CR/A2504223752 DXA/CR DXA/CR000003.dcm,1.2.643.5.1.13.13.12.2.77.8252.05101415070003100803120514081507,2.25.277752758923974029595977676354128739670/series_002_2_CR/A2504223752 DXA/CR DXA/CR000003.dcm,LEG,,,20260916171209.493655,uid_match
Размеченные_244_Илья,C:\Users\Андрей\Desktop\Хакатон\Размеченные_244_Илья\2.25.277752758923974029595977676354128739670\series_002_2_CR\A2504223752 DXA\CR DXA\CR000004.dcm,2.25.277752758923974029595977676354128739670/series_002_2_CR/A2504223752 DXA/CR DXA/CR000004.dcm,1.2.643.5.1.13.13.12.2.77.8252.07090609050707040704081509101500,2.25.277752758923974029595977676354128739670/series_002_2_CR/A2504223752 DXA/CR DXA/CR000004.dcm,SPINE,,,20260916171211.229715,uid_match
Размеченные_244_Илья,C:\Users\Андрей\Desktop\Хакатон\Размеченные_244_Илья\2.25.277752758923974029595977676354128739670\series_002_2_CR\A2504223752 DXA\CR DXA\CR000005.dcm,2.25.277752758923974029595977676354128739670/series_002_2_CR/A2504223752 DXA/CR DXA/CR000005.dcm,1.2.643.5.1.13.13.12.2.77.8252.15080302090100001214141305071301,2.25.277752758923974029595977676354128739670/series_002_2_CR/A2504223752 DXA/CR DXA/CR000005.dcm,SPINE,,,20260916171213.182623,uid_match
Размеченные_244_Илья,C:\Users\Андрей\Desktop\Хакатон\Размеченные_244_Илья\2.25.286999464611662854355201599068538813496\series_003_2_CR\A2504223477 DXA\CR DXA\CR000000.dcm,2.25.286999464611662854355201599068538813496/series_003_2_CR/A2504223477 DXA/CR DXA/CR000000.dcm,1.2.643.5.1.13.13.12.2.77.8252.11091010090201121300090614051311,2.25.286999464611662854355201599068538813496/series_003_2_CR/A2504223477 DXA/CR DXA/CR000000.dcm,LEG,,,20260916171215.570308,uid_match
Размеченные_244_Илья,C:\Users\Андрей\Desktop\Хакатон\Размеченные_244_Илья\2.25.286999464611662854355201599068538813496\series_003_2_CR\A2504223477 DXA\CR DXA\CR000001.dcm,2.25.286999464611662854355201599068538813496/series_003_2_CR/A2504223477 DXA/CR DXA/CR000001.dcm,1.2.643.5.1.13.13.12.2.77.8252.02141512030209141106060309030501,2.25.286999464611662854355201599068538813496/series_003_2_CR/A2504223477 DXA/CR DXA/CR000001.dcm,SPINE,,,20260916171217.432768,uid_match
Размеченные_244_Илья,C:\Users\Андрей\Desktop\Хакатон\Размеченные_244_Илья\2.25.286999464611662854355201599068538813496\series_003_2_CR\A2504223477 DXA\CR DXA\CR000002.dcm,2.25.286999464611662854355201599068538813496/series_003_2_CR/A2504223477 DXA/CR DXA/CR000002.dcm,1.2.643.5.1.13.13.12.2.77.8252.15080906090913051107110915140103,2.25.286999464611662854355201599068538813496/series_003_2_CR/A2504223477 DXA/CR DXA/CR000002.dcm,LEG,,,20260916171218.930660,uid_match
Размеченные_244_Илья,C:\Users\Андрей\Desktop\Хакатон\Размеченные_244_Илья\2.25.286999464611662854355201599068538813496\series_003_2_CR\A2504223477 DXA\CR DXA\CR000003.dcm,2.25.286999464611662854355201599068538813496/series_003_2_CR/A2504223477 DXA/CR DXA/CR000003.dcm,1.2.643.5.1.13.13.12.2.77.8252.02060612071110031306070811070605,2.25.286999464611662854355201599068538813496/series_003_2_CR/A2504223477 DXA/CR DXA/CR000003.dcm,LEG,,,20260916171220.578492,uid_match
Размеченные_244_Илья,C:\Users\Андрей\Desktop\Хакатон\Размеченные_244_Илья\2.25.286999464611662854355201599068538813496\series_003_2_CR\A2504223477 DXA\CR DXA\CR000004.dcm,2.25.286999464611662854355201599068538813496/series_003_2_CR/A2504223477 DXA/CR DXA/CR000004.dcm,1.2.643.5.1.13.13.12.2.77.8252.08001013010106001102020015031109,2.25.286999464611662854355201599068538813496/series_003_2_CR/A2504223477 DXA/CR DXA/CR000004.dcm,SPINE,,,20260916171222.416059,uid_match
Размеченные_244_Илья,C:\Users\Андрей\Desktop\Хакатон\Размеченные_244_Илья\2.25.286999464611662854355201599068538813496\series_003_2_CR\A2504223477 DXA\CR DXA\CR000005.dcm,2.25.286999464611662854355201599068538813496/series_003_2_CR/A2504223477 DXA/CR DXA/CR000005.dcm,1.2.643.5.1.13.13.12.2.77.8252.11130511020109141404120604130811,2.25.286999464611662854355201599068538813496/series_003_2_CR/A2504223477 DXA/CR DXA/CR000005.dcm,LEG,,,20260916171223.940563,uid_match
Размеченные_244_Илья,C:\Users\Андрей\Desktop\Хакатон\Размеченные_244_Илья\2.25.29638026465755240167985424461715024381\series_004_3_CR\A2504115579 DXA\CR DXA\CR000000.dcm,2.25.29638026465755240167985424461715024381/series_004_3_CR/A2504115579 DXA/CR DXA/CR000000.dcm,1.2.643.5.1.13.13.12.2.77.8252.09040806151211060704090912150608,2.25.29638026465755240167985424461715024381/series_004_3_CR/A2504115579 DXA/CR DXA/CR000000.dcm,LEG,,,20260916171226.036352,uid_match
Размеченные_244_Илья,C:\Users\Андрей\Desktop\Хакатон\Размеченные_244_Илья\2.25.29638026465755240167985424461715024381\series_004_3_CR\A2504115579 DXA\CR DXA\CR000001.dcm,2.25.29638026465755240167985424461715024381/series_004_3_CR/A2504115579 DXA/CR DXA/CR000001.dcm,1.2.643.5.1.13.13.12.2.77.8252.12021011000615031102060001101203,2.25.29638026465755240167985424461715024381/series_004_3_CR/A2504115579 DXA/CR DXA/CR000001.dcm,SPINE,,,20260916171227.932237,uid_match
Размеченные_244_Илья,C:\Users\Андрей\Desktop\Хакатон\Размеченные_244_Илья\2.25.29638026465755240167985424461715024381\series_004_3_CR\A2504115579 DXA\CR DXA\CR000002.dcm,2.25.29638026465755240167985424461715024381/series_004_3_CR/A2504115579 DXA/CR DXA/CR000002.dcm,1.2.643.5.1.13.13.12.2.77.8252.11100504100006050214040402081303,2.25.29638026465755240167985424461715024381/series_004_3_CR/A2504115579 DXA/CR DXA/CR000002.dcm,LEG,,,20260916171230.054755,uid_match
Размеченные_244_Илья,C:\Users\Андрей\Desktop\Хакатон\Размеченные_244_Илья\2.25.29638026465755240167985424461715024381\series_004_3_CR\A2504115579 DXA\CR DXA\CR000003.dcm,2.25.29638026465755240167985424461715024381/series_004_3_CR/A2504115579 DXA/CR DXA/CR000003.dcm,1.2.643.5.1.13.13.12.2.77.8252.12090901030412121214030908040015,2.25.29638026465755240167985424461715024381/series_004_3_CR/A2504115579 DXA/CR DXA/CR000003.dcm,LEG,,,20260916171231.608213,uid_match
Размеченные_244_Илья,C:\Users\Андрей\Desktop\Хакатон\Размеченные_244_Илья\2.25.306921081709806079165809721263236241032\series_002_2_CR\A2504381177 DXA\CR DXA\CR000000.dcm,2.25.306921081709806079165809721263236241032/series_002_2_CR/A2504381177 DXA/CR DXA/CR000000.dcm,1.2.643.5.1.13.13.12.2.77.8252.05140704131104071313121101000313,2.25.306921081709806079165809721263236241032/series_002_2_CR/A2504381177 DXA/CR DXA/CR000000.dcm,SPINE,,,20260916171233.072427,uid_match
Размеченные_244_Илья,C:\Users\Андрей\Desktop\Хакатон\Размеченные_244_Илья\2.25.307021710202910067378603383388989711646\series_004_2_CR\A2504110565 DXA\CR DXA\CR000000.dcm,2.25.307021710202910067378603383388989711646/series_004_2_CR/A2504110565 DXA/CR DXA/CR000000.dcm,1.2.643.5.1.13.13.12.2.77.8252.10011315050807060809100706050011,2.25.307021710202910067378603383388989711646/series_004_2_CR/A2504110565 DXA/CR DXA/CR000000.dcm,SPINE,,,20260916171235.294407,uid_match
Размеченные_244_Илья,C:\Users\Андрей\Desktop\Хакатон\Размеченные_244_Илья\2.25.307021710202910067378603383388989711646\series_004_2_CR\A2504110565 DXA\CR DXA\CR000001.dcm,2.25.307021710202910067378603383388989711646/series_004_2_CR/A2504110565 DXA/CR DXA/CR000001.dcm,1.2.643.5.1.13.13.12.2.77.8252.12090115120005000603040515131409,2.25.307021710202910067378603383388989711646/series_004_2_CR/A2504110565 DXA/CR DXA/CR000001.dcm,LEG,,,20260916171237.266156,uid_match
Размеченные_244_Илья,C:\Users\Андрей\Desktop\Хакатон\Размеченные_244_Илья\2.25.307021710202910067378603383388989711646\series_004_2_CR\A2504110565 DXA\CR DXA\CR000002.dcm,2.25.307021710202910067378603383388989711646/series_004_2_CR/A2504110565 DXA/CR DXA/CR000002.dcm,1.2.643.5.1.13.13.12.2.77.8252.04030803131507080109070101120910,2.25.307021710202910067378603383388989711646/series_004_2_CR/A2504110565 DXA/CR DXA/CR000002.dcm,LEG,,,20260916171238.934590,uid_match
Размеченные_244_Илья,C:\Users\Андрей\Desktop\Хакатон\Размеченные_244_Илья\2.25.307021710202910067378603383388989711646\series_004_2_CR\A2504110565 DXA\CR DXA\CR000003.dcm,2.25.307021710202910067378603383388989711646/series_004_2_CR/A2504110565 DXA/CR DXA/CR000003.dcm,1.2.643.5.1.13.13.12.2.77.8252.08080707141115140509110700030200,2.25.307021710202910067378603383388989711646/series_004_2_CR/A2504110565 DXA/CR DXA/CR000003.dcm,LEG,,,20260916171240.704852,uid_match
Размеченные_244_Илья,C:\Users\Андрей\Desktop\Хакатон\Размеченные_244_Илья\2.25.307021710202910067378603383388989711646\series_004_2_CR\A2504110565 DXA\CR DXA\CR000004.dcm,2.25.307021710202910067378603383388989711646/series_004_2_CR/A2504110565 DXA/CR DXA/CR000004.dcm,1.2.643.5.1.13.13.12.2.77.8252.09020610121102091006070609000414,2.25.307021710202910067378603383388989711646/series_004_2_CR/A2504110565 DXA/CR DXA/CR000004.dcm,LEG,,,20260916171243.417197,uid_match
Размеченные_244_Илья,C:\Users\Андрей\Desktop\Хакатон\Размеченные_244_Илья\2.25.307021710202910067378603383388989711646\series_004_2_CR\A2504110565 DXA\CR DXA\CR000005.dcm,2.25.307021710202910067378603383388989711646/series_004_2_CR/A2504110565 DXA/CR DXA/CR000005.dcm,1.2.643.5.1.13.13.12.2.77.8252.09141210051000000105030213061514,2.25.307021710202910067378603383388989711646/series_004_2_CR/A2504110565 DXA/CR DXA/CR000005.dcm,LEG,,,20260916171245.109533,uid_match
Размеченные_244_Илья,C:\Users\Андрей\Desktop\Хакатон\Размеченные_244_Илья\2.25.307021710202910067378603383388989711646\series_004_2_CR\A2504110565 DXA\CR DXA\CR000006.dcm,2.25.307021710202910067378603383388989711646/series_004_2_CR/A2504110565 DXA/CR DXA/CR000006.dcm,1.2.643.5.1.13.13.12.2.77.8252.10030011090613091008080403130712,2.25.307021710202910067378603383388989711646/series_004_2_CR/A2504110565 DXA/CR DXA/CR000006.dcm,LEG,,,20260916171246.668029,uid_match
Размеченные_244_Илья,C:\Users\Андрей\Desktop\Хакатон\Размеченные_244_Илья\2.25.307021710202910067378603383388989711646\series_004_2_CR\A2504110565 DXA\CR DXA\CR000007.dcm,2.25.307021710202910067378603383388989711646/series_004_2_CR/A2504110565 DXA/CR DXA/CR000007.dcm,1.2.643.5.1.13.13.12.2.77.8252.10091201060313121514040903111108,2.25.307021710202910067378603383388989711646/series_004_2_CR/A2504110565 DXA/CR DXA/CR000007.dcm,LEG,,,20260916171248.400138,uid_match
Размеченные_244_Илья,C:\Users\Андрей\Desktop\Хакатон\Размеченные_244_Илья\2.25.307021710202910067378603383388989711646\series_004_2_CR\A2504110565 DXA\CR DXA\CR000008.dcm,2.25.307021710202910067378603383388989711646/series_004_2_CR/A2504110565 DXA/CR DXA/CR000008.dcm,1.2.643.5.1.13.13.12.2.77.8252.08061203141300041506070501101310,2.25.307021710202910067378603383388989711646/series_004_2_CR/A2504110565 DXA/CR DXA/CR000008.dcm,LEG,,,20260916171250.103033,uid_match
Размеченные_244_Илья,C:\Users\Андрей\Desktop\Хакатон\Размеченные_244_Илья\2.25.307021710202910067378603383388989711646\series_004_2_CR\A2504110565 DXA\CR DXA\CR000009.dcm,2.25.307021710202910067378603383388989711646/series_004_2_CR/A2504110565 DXA/CR DXA/CR000009.dcm,1.2.643.5.1.13.13.12.2.77.8252.01080203060404010906011511140504,2.25.307021710202910067378603383388989711646/series_004_2_CR/A2504110565 DXA/CR DXA/CR000009.dcm,LEG,,,20260916171252.114137,uid_match
Размеченные_244_Илья,C:\Users\Андрей\Desktop\Хакатон\Размеченные_244_Илья\2.25.307021710202910067378603383388989711646\series_004_2_CR\A2504110565 DXA\CR DXA\CR000010.dcm,2.25.307021710202910067378603383388989711646/series_004_2_CR/A2504110565 DXA/CR DXA/CR000010.dcm,1.2.643.5.1.13.13.12.2.77.8252.02020610071014010106090300080911,2.25.307021710202910067378603383388989711646/series_004_2_CR/A2504110565 DXA/CR DXA/CR000010.dcm,SPINE,,,20260916171253.613409,uid_match
Размеченные_244_Илья,C:\Users\Андрей\Desktop\Хакатон\Размеченные_244_Илья\2.25.307021710202910067378603383388989711646\series_004_2_CR\A2504110565 DXA\CR DXA\CR000011.dcm,2.25.307021710202910067378603383388989711646/series_004_2_CR/A2504110565 DXA/CR DXA/CR000011.dcm,1.2.643.5.1.13.13.12.2.77.8252.00041503151008120109091101041101,2.25.307021710202910067378603383388989711646/series_004_2_CR/A2504110565 DXA/CR DXA/CR000011.dcm,SPINE,,,20260916171256.311377,uid_match
Размеченные_244_Илья,C:\Users\Андрей\Desktop\Хакатон\Размеченные_244_Илья\2.25.309085571913348252136520206003694446566\series_002_2_CR\A2504116267 DXA\CR DXA\CR000000.dcm,2.25.309085571913348252136520206003694446566/series_002_2_CR/A2504116267 DXA/CR DXA/CR000000.dcm,1.2.643.5.1.13.13.12.2.77.8252.03121103130007121510030803050514,2.25.309085571913348252136520206003694446566/series_002_2_CR/A2504116267 DXA/CR DXA/CR000000.dcm,SPINE,,,20260916171259.211759,uid_match
Размеченные_244_Илья,C:\Users\Андрей\Desktop\Хакатон\Размеченные_244_Илья\2.25.309085571913348252136520206003694446566\series_002_2_CR\A2504116267 DXA\CR DXA\CR000001.dcm,2.25.309085571913348252136520206003694446566/series_002_2_CR/A2504116267 DXA/CR DXA/CR000001.dcm,1.2.643.5.1.13.13.12.2.77.8252.07070904150315000704031208001011,2.25.309085571913348252136520206003694446566/series_002_2_CR/A2504116267 DXA/CR DXA/CR000001.dcm,LEG,,,20260916171301.209089,uid_match
Размеченные_244_Илья,C:\Users\Андрей\Desktop\Хакатон\Размеченные_244_Илья\2.25.309085571913348252136520206003694446566\series_002_2_CR\A2504116267 DXA\CR DXA\CR000002.dcm,2.25.309085571913348252136520206003694446566/series_002_2_CR/A2504116267 DXA/CR DXA/CR000002.dcm,1.2.643.5.1.13.13.12.2.77.8252.09030700121011131209150303151015,2.25.309085571913348252136520206003694446566/series_002_2_CR/A2504116267 DXA/CR DXA/CR000002.dcm,LEG,,,20260916171302.987323,uid_match
Размеченные_244_Илья,C:\Users\Андрей\Desktop\Хакатон\Размеченные_244_Илья\2.25.314147167453134440746270747484612743945\series_002_2_CR\A2504224780 DXA\CR DXA\CR000000.dcm,2.25.314147167453134440746270747484612743945/series_002_2_CR/A2504224780 DXA/CR DXA/CR000000.dcm,1.2.643.5.1.13.13.12.2.77.8252.02000306061002040514101500000812,2.25.314147167453134440746270747484612743945/series_002_2_CR/A2504224780 DXA/CR DXA/CR000000.dcm,LEG,,,20260916171304.960846,uid_match
Размеченные_244_Илья,C:\Users\Андрей\Desktop\Хакатон\Размеченные_244_Илья\2.25.314147167453134440746270747484612743945\series_002_2_CR\A2504224780 DXA\CR DXA\CR000001.dcm,2.25.314147167453134440746270747484612743945/series_002_2_CR/A2504224780 DXA/CR DXA/CR000001.dcm,1.2.643.5.1.13.13.12.2.77.8252.01130904120915050401031210031001,2.25.314147167453134440746270747484612743945/series_002_2_CR/A2504224780 DXA/CR DXA/CR000001.dcm,LEG,,,20260916171306.656216,uid_match
Размеченные_244_Илья,C:\Users\Андрей\Desktop\Хакатон\Размеченные_244_Илья\2.25.314147167453134440746270747484612743945\series_002_2_CR\A2504224780 DXA\CR DXA\CR000002.dcm,2.25.314147167453134440746270747484612743945/series_002_2_CR/A2504224780 DXA/CR DXA/CR000002.dcm,1.2.643.5.1.13.13.12.2.77.8252.02120204101515130306021007150210,2.25.314147167453134440746270747484612743945/series_002_2_CR/A2504224780 DXA/CR DXA/CR000002.dcm,SPINE,,,20260916171308.237986,uid_match
Размеченные_244_Илья,C:\Users\Андрей\Desktop\Хакатон\Размеченные_244_Илья\2.25.322202456901330781765399791024580391565\series_002_2_CR\A2504350020 DXA\CR DXA\CR000000.dcm,2.25.322202456901330781765399791024580391565/series_002_2_CR/A2504350020 DXA/CR DXA/CR000000.dcm,1.2.643.5.1.13.13.12.2.77.8252.06061007030610120805010913100711,2.25.322202456901330781765399791024580391565/series_002_2_CR/A2504350020 DXA/CR DXA/CR000000.dcm,SPINE,,,20260916171310.123358,uid_match
Размеченные_244_Илья,C:\Users\Андрей\Desktop\Хакатон\Размеченные_244_Илья\2.25.338439598607961312040815816824093323492\series_002_2_CR\A2504147124 DXA\CR DXA\CR000000.dcm,2.25.338439598607961312040815816824093323492/series_002_2_CR/A2504147124 DXA/CR DXA/CR000000.dcm,1.2.643.5.1.13.13.12.2.77.8252.13110108131113110013070512051310,2.25.338439598607961312040815816824093323492/series_002_2_CR/A2504147124 DXA/CR DXA/CR000000.dcm,SPINE,,,20260916171311.910238,uid_match
Размеченные_244_Илья,C:\Users\Андрей\Desktop\Хакатон\Размеченные_244_Илья\2.25.339027809107632348165171236474821772940\series_001_2_CR\A2504349642 DXA\CR DXA\CR000000.dcm,2.25.339027809107632348165171236474821772940/series_001_2_CR/A2504349642 DXA/CR DXA/CR000000.dcm,1.2.643.5.1.13.13.12.2.77.8252.05111003151314100612100700031506,2.25.339027809107632348165171236474821772940/series_001_2_CR/A2504349642 DXA/CR DXA/CR000000.dcm,LEG,,,20260916171313.505291,uid_match
Размеченные_244_Илья,C:\Users\Андрей\Desktop\Хакатон\Размеченные_244_Илья\2.25.339027809107632348165171236474821772940\series_001_2_CR\A2504349642 DXA\CR DXA\CR000001.dcm,2.25.339027809107632348165171236474821772940/series_001_2_CR/A2504349642 DXA/CR DXA/CR000001.dcm,1.2.643.5.1.13.13.12.2.77.8252.04091012040015061107090014081504,2.25.339027809107632348165171236474821772940/series_001_2_CR/A2504349642 DXA/CR DXA/CR000001.dcm,SPINE,,,20260916171315.236209,uid_match
Размеченные_244_Илья,C:\Users\Андрей\Desktop\Хакатон\Размеченные_244_Илья\2.25.339027809107632348165171236474821772940\series_001_2_CR\A2504349642 DXA\CR DXA\CR000002.dcm,2.25.339027809107632348165171236474821772940/series_001_2_CR/A2504349642 DXA/CR DXA/CR000002.dcm,1.2.643.5.1.13.13.12.2.77.8252.11010912010413080807030107050600,2.25.339027809107632348165171236474821772940/series_001_2_CR/A2504349642 DXA/CR DXA/CR000002.dcm,LEG,,,20260916171316.902383,uid_match
Размеченные_244_Илья,C:\Users\Андрей\Desktop\Хакатон\Размеченные_244_Илья\2.25.339027809107632348165171236474821772940\series_001_2_CR\A2504349642 DXA\CR DXA\CR000003.dcm,2.25.339027809107632348165171236474821772940/series_001_2_CR/A2504349642 DXA/CR DXA/CR000003.dcm,1.2.643.5.1.13.13.12.2.77.8252.02060903061507111201080601150903,2.25.339027809107632348165171236474821772940/series_001_2_CR/A2504349642 DXA/CR DXA/CR000003.dcm,LEG,,,20260916171320.381939,uid_match
Размеченные_244_Илья,C:\Users\Андрей\Desktop\Хакатон\Размеченные_244_Илья\2.25.339027809107632348165171236474821772940\series_001_2_CR\A2504349642 DXA\CR DXA\CR000004.dcm,2.25.339027809107632348165171236474821772940/series_001_2_CR/A2504349642 DXA/CR DXA/CR000004.dcm,1.2.643.5.1.13.13.12.2.77.8252.09100506150509030310111310041309,2.25.339027809107632348165171236474821772940/series_001_2_CR/A2504349642 DXA/CR DXA/CR000004.dcm,SPINE,,,20260916171322.028057,uid_match
Размеченные_244_Илья,C:\Users\Андрей\Desktop\Хакатон\Размеченные_244_Илья\2.25.339027809107632348165171236474821772940\series_001_2_CR\A2504349642 DXA\CR DXA\CR000005.dcm,2.25.339027809107632348165171236474821772940/series_001_2_CR/A2504349642 DXA/CR DXA/CR000005.dcm,1.2.643.5.1.13.13.12.2.77.8252.02080414020805070003121215081311,2.25.339027809107632348165171236474821772940/series_001_2_CR/A2504349642 DXA/CR DXA/CR000005.dcm,LEG,,,20260916171323.699977,uid_match
Размеченные_244_Илья,C:\Users\Андрей\Desktop\Хакатон\Размеченные_244_Илья\2.25.340839477910528898406207279980417945\series_001_2_CR\A2504224555 DXA Exam\CR DXA Images\CR000000.dcm,2.25.340839477910528898406207279980417945/series_001_2_CR/A2504224555 DXA Exam/CR DXA Images/CR000000.dcm,1.2.643.5.1.13.13.12.2.77.8252.14120712151005010200040708001308,2.25.340839477910528898406207279980417945/series_001_2_CR/A2504224555 DXA Exam/CR DXA Images/CR000000.dcm,LEG,,,20260916171325.758928,uid_match
Размеченные_244_Илья,C:\Users\Андрей\Desktop\Хакатон\Размеченные_244_Илья\2.25.340839477910528898406207279980417945\series_001_2_CR\A2504224555 DXA Exam\CR DXA Images\CR000001.dcm,2.25.340839477910528898406207279980417945/series_001_2_CR/A2504224555 DXA Exam/CR DXA Images/CR000001.dcm,1.2.643.5.1.13.13.12.2.77.8252.05030701101012140702110704000714,2.25.340839477910528898406207279980417945/series_001_2_CR/A2504224555 DXA Exam/CR DXA Images/CR000001.dcm,LEG,,,20260916171328.004281,uid_match
Размеченные_244_Илья,C:\Users\Андрей\Desktop\Хакатон\Размеченные_244_Илья\2.25.340839477910528898406207279980417945\series_001_2_CR\A2504224555 DXA Exam\CR DXA Images\CR000002.dcm,2.25.340839477910528898406207279980417945/series_001_2_CR/A2504224555 DXA Exam/CR DXA Images/CR000002.dcm,1.2.643.5.1.13.13.12.2.77.8252.12111312010203070900101115051015,2.25.340839477910528898406207279980417945/series_001_2_CR/A2504224555 DXA Exam/CR DXA Images/CR000002.dcm,SPINE,,,20260916171329.882773,uid_match
Размеченные_244_Илья,C:\Users\Андрей\Desktop\Хакатон\Размеченные_244_Илья\2.25.37515662379281069436632838996073181551\series_001_2_CR\A2504329840 DXA\CR DXA\CR000000.dcm,2.25.37515662379281069436632838996073181551/series_001_2_CR/A2504329840 DXA/CR DXA/CR000000.dcm,1.2.643.5.1.13.13.12.2.77.8252.05001409080504151204111500000514,2.25.37515662379281069436632838996073181551/series_001_2_CR/A2504329840 DXA/CR DXA/CR000000.dcm,SPINE,,,20260916171332.855190,uid_match
Размеченные_244_Илья,C:\Users\Андрей\Desktop\Хакатон\Размеченные_244_Илья\2.25.37515662379281069436632838996073181551\series_001_2_CR\A2504329840 DXA\CR DXA\CR000001.dcm,2.25.37515662379281069436632838996073181551/series_001_2_CR/A2504329840 DXA/CR DXA/CR000001.dcm,1.2.643.5.1.13.13.12.2.77.8252.12090208061115110101131315120813,2.25.37515662379281069436632838996073181551/series_001_2_CR/A2504329840 DXA/CR DXA/CR000001.dcm,LEG,,,20260916171334.667506,uid_match
Размеченные_244_Илья,C:\Users\Андрей\Desktop\Хакатон\Размеченные_244_Илья\2.25.37515662379281069436632838996073181551\series_001_2_CR\A2504329840 DXA\CR DXA\CR000002.dcm,2.25.37515662379281069436632838996073181551/series_001_2_CR/A2504329840 DXA/CR DXA/CR000002.dcm,1.2.643.5.1.13.13.12.2.77.8252.08110803070615141513021414111001,2.25.37515662379281069436632838996073181551/series_001_2_CR/A2504329840 DXA/CR DXA/CR000002.dcm,LEG,,,20260916171336.454124,uid_match
Размеченные_244_Илья,C:\Users\Андрей\Desktop\Хакатон\Размеченные_244_Илья\2.25.39068163399801173920284179500049527111\series_002_2_CR\A2504195842 DXA\CR DXA\CR000000.dcm,2.25.39068163399801173920284179500049527111/series_002_2_CR/A2504195842 DXA/CR DXA/CR000000.dcm,1.2.643.5.1.13.13.12.2.77.8252.00030605020706130003080307080701,2.25.39068163399801173920284179500049527111/series_002_2_CR/A2504195842 DXA/CR DXA/CR000000.dcm,LEG,,,20260916171338.612362,uid_match
Размеченные_244_Илья,C:\Users\Андрей\Desktop\Хакатон\Размеченные_244_Илья\2.25.39068163399801173920284179500049527111\series_002_2_CR\A2504195842 DXA\CR DXA\CR000001.dcm,2.25.39068163399801173920284179500049527111/series_002_2_CR/A2504195842 DXA/CR DXA/CR000001.dcm,1.2.643.5.1.13.13.12.2.77.8252.07150610130411050211021514011106,2.25.39068163399801173920284179500049527111/series_002_2_CR/A2504195842 DXA/CR DXA/CR000001.dcm,LEG,,,20260916171340.347102,uid_match
Размеченные_244_Илья,C:\Users\Андрей\Desktop\Хакатон\Размеченные_244_Илья\2.25.39068163399801173920284179500049527111\series_002_2_CR\A2504195842 DXA\CR DXA\CR000002.dcm,2.25.39068163399801173920284179500049527111/series_002_2_CR/A2504195842 DXA/CR DXA/CR000002.dcm,1.2.643.5.1.13.13.12.2.77.8252.15141302131508150312140605060212,2.25.39068163399801173920284179500049527111/series_002_2_CR/A2504195842 DXA/CR DXA/CR000002.dcm,SPINE,,,20260916171341.984805,uid_match
Размеченные_244_Илья,C:\Users\Андрей\Desktop\Хакатон\Размеченные_244_Илья\2.25.48906424954135283790354958243772558962\series_001_2_CR\A2504185596 DXA Exam\CR DXA Images\CR000000.dcm,2.25.48906424954135283790354958243772558962/series_001_2_CR/A2504185596 DXA Exam/CR DXA Images/CR000000.dcm,1.2.643.5.1.13.13.12.2.77.8252.06080100090802110008000311010501,2.25.48906424954135283790354958243772558962/series_001_2_CR/A2504185596 DXA Exam/CR DXA Images/CR000000.dcm,LEG,,,20260916171343.554137,uid_match
Размеченные_244_Илья,C:\Users\Андрей\Desktop\Хакатон\Размеченные_244_Илья\2.25.48906424954135283790354958243772558962\series_001_2_CR\A2504185596 DXA Exam\CR DXA Images\CR000001.dcm,2.25.48906424954135283790354958243772558962/series_001_2_CR/A2504185596 DXA Exam/CR DXA Images/CR000001.dcm,1.2.643.5.1.13.13.12.2.77.8252.03010404051000131408111209140108,2.25.48906424954135283790354958243772558962/series_001_2_CR/A2504185596 DXA Exam/CR DXA Images/CR000001.dcm,LEG,,,20260916171345.376720,uid_match
Размеченные_244_Илья,C:\Users\Андрей\Desktop\Хакатон\Размеченные_244_Илья\2.25.48906424954135283790354958243772558962\series_001_2_CR\A2504185596 DXA Exam\CR DXA Images\CR000002.dcm,2.25.48906424954135283790354958243772558962/series_001_2_CR/A2504185596 DXA Exam/CR DXA Images/CR000002.dcm,1.2.643.5.1.13.13.12.2.77.8252.02031401091510001200041308031003,2.25.48906424954135283790354958243772558962/series_001_2_CR/A2504185596 DXA Exam/CR DXA Images/CR000002.dcm,SPINE,,,20260916171347.077132,uid_match
Размеченные_244_Илья,C:\Users\Андрей\Desktop\Хакатон\Размеченные_244_Илья\2.25.52532476139575422857225834315571570912\series_001_2_CR\A2504247961 DXA\CR DXA\CR000000.dcm,2.25.52532476139575422857225834315571570912/series_001_2_CR/A2504247961 DXA/CR DXA/CR000000.dcm,1.2.643.5.1.13.13.12.2.77.8252.07120809010109050202061111011110,2.25.52532476139575422857225834315571570912/series_001_2_CR/A2504247961 DXA/CR DXA/CR000000.dcm,SPINE,,,20260916171349.566806,uid_match
Размеченные_244_Илья,C:\Users\Андрей\Desktop\Хакатон\Размеченные_244_Илья\2.25.52982400970721161435951723390541696819\series_001_2_CR\A2504331065 DXA\CR DXA\CR000000.dcm,2.25.52982400970721161435951723390541696819/series_001_2_CR/A2504331065 DXA/CR DXA/CR000000.dcm,1.2.643.5.1.13.13.12.2.77.8252.07081506021006111207090213090701,2.25.52982400970721161435951723390541696819/series_001_2_CR/A2504331065 DXA/CR DXA/CR000000.dcm,LEG,,,20260916171351.197909,uid_match
Размеченные_244_Илья,C:\Users\Андрей\Desktop\Хакатон\Размеченные_244_Илья\2.25.52982400970721161435951723390541696819\series_001_2_CR\A2504331065 DXA\CR DXA\CR000001.dcm,2.25.52982400970721161435951723390541696819/series_001_2_CR/A2504331065 DXA/CR DXA/CR000001.dcm,1.2.643.5.1.13.13.12.2.77.8252.06001210040802120801060507001509,2.25.52982400970721161435951723390541696819/series_001_2_CR/A2504331065 DXA/CR DXA/CR000001.dcm,LEG,,,20260916171353.423093,uid_match
Размеченные_244_Илья,C:\Users\Андрей\Desktop\Хакатон\Размеченные_244_Илья\2.25.52982400970721161435951723390541696819\series_001_2_CR\A2504331065 DXA\CR DXA\CR000002.dcm,2.25.52982400970721161435951723390541696819/series_001_2_CR/A2504331065 DXA/CR DXA/CR000002.dcm,1.2.643.5.1.13.13.12.2.77.8252.02030504060005060505040905021305,2.25.52982400970721161435951723390541696819/series_001_2_CR/A2504331065 DXA/CR DXA/CR000002.dcm,SPINE,,,20260916171355.522061,uid_match
Размеченные_244_Илья,C:\Users\Андрей\Desktop\Хакатон\Размеченные_244_Илья\2.25.52982400970721161435951723390541696819\series_001_2_CR\A2504331065 DXA\CR DXA\CR000003.dcm,2.25.52982400970721161435951723390541696819/series_001_2_CR/A2504331065 DXA/CR DXA/CR000003.dcm,1.2.643.5.1.13.13.12.2.77.8252.15141212090108110812010201000904,2.25.52982400970721161435951723390541696819/series_001_2_CR/A2504331065 DXA/CR DXA/CR000003.dcm,LEG,,,20260916171357.175840,uid_match
Размеченные_244_Илья,C:\Users\Андрей\Desktop\Хакатон\Размеченные_244_Илья\2.25.52982400970721161435951723390541696819\series_001_2_CR\A2504331065 DXA\CR DXA\CR000004.dcm,2.25.52982400970721161435951723390541696819/series_001_2_CR/A2504331065 DXA/CR DXA/CR000004.dcm,1.2.643.5.1.13.13.12.2.77.8252.06130007090800051113070612071205,2.25.52982400970721161435951723390541696819/series_001_2_CR/A2504331065 DXA/CR DXA/CR000004.dcm,SPINE,,,20260916171358.772990,uid_match
Размеченные_244_Илья,C:\Users\Андрей\Desktop\Хакатон\Размеченные_244_Илья\2.25.52982400970721161435951723390541696819\series_001_2_CR\A2504331065 DXA\CR DXA\CR000005.dcm,2.25.52982400970721161435951723390541696819/series_001_2_CR/A2504331065 DXA/CR DXA/CR000005.dcm,1.2.643.5.1.13.13.12.2.77.8252.13060812000809140915061004151307,2.25.52982400970721161435951723390541696819/series_001_2_CR/A2504331065 DXA/CR DXA/CR000005.dcm,LEG,,,20260916171400.392309,uid_match
Размеченные_244_Илья,C:\Users\Андрей\Desktop\Хакатон\Размеченные_244_Илья\2.25.52982400970721161435951723390541696819\series_001_2_CR\A2504331065 DXA\CR DXA\CR000006.dcm,2.25.52982400970721161435951723390541696819/series_001_2_CR/A2504331065 DXA/CR DXA/CR000006.dcm,1.2.643.5.1.13.13.12.2.77.8252.14150614130710030701101012031106,2.25.52982400970721161435951723390541696819/series_001_2_CR/A2504331065 DXA/CR DXA/CR000006.dcm,LEG,,,20260916171401.963997,uid_match
Размеченные_244_Илья,C:\Users\Андрей\Desktop\Хакатон\Размеченные_244_Илья\2.25.52982400970721161435951723390541696819\series_001_2_CR\A2504331065 DXA\CR DXA\CR000007.dcm,2.25.52982400970721161435951723390541696819/series_001_2_CR/A2504331065 DXA/CR DXA/CR000007.dcm,1.2.643.5.1.13.13.12.2.77.8252.10071506040807070913151311141504,2.25.52982400970721161435951723390541696819/series_001_2_CR/A2504331065 DXA/CR DXA/CR000007.dcm,LEG,,,20260916171403.704175,uid_match
Размеченные_244_Илья,C:\Users\Андрей\Desktop\Хакатон\Размеченные_244_Илья\2.25.54396839637320114639948764487283877793\series_003_2_CR\A2504111090 DXA\CR DXA\CR000000.dcm,2.25.54396839637320114639948764487283877793/series_003_2_CR/A2504111090 DXA/CR DXA/CR000000.dcm,1.2.643.5.1.13.13.12.2.77.8252.02060605151213121009151302130207,2.25.54396839637320114639948764487283877793/series_003_2_CR/A2504111090 DXA/CR DXA/CR000000.dcm,SPINE,,,20260916171406.297626,uid_match
Размеченные_244_Илья,C:\Users\Андрей\Desktop\Хакатон\Размеченные_244_Илья\2.25.59542620917302828428419211045951914336\series_001_2_CR\A2504303391 DXA\CR DXA\CR000000.dcm,2.25.59542620917302828428419211045951914336/series_001_2_CR/A2504303391 DXA/CR DXA/CR000000.dcm,1.2.643.5.1.13.13.12.2.77.8252.07101010011513020401030213080905,2.25.59542620917302828428419211045951914336/series_001_2_CR/A2504303391 DXA/CR DXA/CR000000.dcm,SPINE,,,20260916171407.844987,uid_match
Размеченные_244_Илья,C:\Users\Андрей\Desktop\Хакатон\Размеченные_244_Илья\2.25.65954778282254353457041255543338557112\series_004_3_CR\A2504246289 DXA\CR DXA\CR000000.dcm,2.25.65954778282254353457041255543338557112/series_004_3_CR/A2504246289 DXA/CR DXA/CR000000.dcm,1.2.643.5.1.13.13.12.2.77.8252.11130315030911081202140406010814,2.25.65954778282254353457041255543338557112/series_004_3_CR/A2504246289 DXA/CR DXA/CR000000.dcm,LEG,,,20260916171409.350645,uid_match
Размеченные_244_Илья,C:\Users\Андрей\Desktop\Хакатон\Размеченные_244_Илья\2.25.65954778282254353457041255543338557112\series_004_3_CR\A2504246289 DXA\CR DXA\CR000001.dcm,2.25.65954778282254353457041255543338557112/series_004_3_CR/A2504246289 DXA/CR DXA/CR000001.dcm,1.2.643.5.1.13.13.12.2.77.8252.10000615050107010300151404090301,2.25.65954778282254353457041255543338557112/series_004_3_CR/A2504246289 DXA/CR DXA/CR000001.dcm,LEG,,,20260916171410.851558,uid_match
Размеченные_244_Илья,C:\Users\Андрей\Desktop\Хакатон\Размеченные_244_Илья\2.25.65954778282254353457041255543338557112\series_004_3_CR\A2504246289 DXA\CR DXA\CR000002.dcm,2.25.65954778282254353457041255543338557112/series_004_3_CR/A2504246289 DXA/CR DXA/CR000002.dcm,1.2.643.5.1.13.13.12.2.77.8252.05111111030105140803060510040613,2.25.65954778282254353457041255543338557112/series_004_3_CR/A2504246289 DXA/CR DXA/CR000002.dcm,SPINE,,,20260916171412.416931,uid_match
Размеченные_244_Илья,C:\Users\Андрей\Desktop\Хакатон\Размеченные_244_Илья\2.25.66397484472966116002950503539482860450\series_001_2_CR\A2504194637 DXA\CR DXA\CR000000.dcm,2.25.66397484472966116002950503539482860450/series_001_2_CR/A2504194637 DXA/CR DXA/CR000000.dcm,1.2.643.5.1.13.13.12.2.77.8252.02091011000006010704070004091411,2.25.66397484472966116002950503539482860450/series_001_2_CR/A2504194637 DXA/CR DXA/CR000000.dcm,LEG,,,20260916171413.922696,uid_match
Размеченные_244_Илья,C:\Users\Андрей\Desktop\Хакатон\Размеченные_244_Илья\2.25.66397484472966116002950503539482860450\series_001_2_CR\A2504194637 DXA\CR DXA\CR000001.dcm,2.25.66397484472966116002950503539482860450/series_001_2_CR/A2504194637 DXA/CR DXA/CR000001.dcm,1.2.643.5.1.13.13.12.2.77.8252.08151215001015040112061102060812,2.25.66397484472966116002950503539482860450/series_001_2_CR/A2504194637 DXA/CR DXA/CR000001.dcm,LEG,,,20260916171415.566088,uid_match
Размеченные_244_Илья,C:\Users\Андрей\Desktop\Хакатон\Размеченные_244_Илья\2.25.66397484472966116002950503539482860450\series_001_2_CR\A2504194637 DXA\CR DXA\CR000002.dcm,2.25.66397484472966116002950503539482860450/series_001_2_CR/A2504194637 DXA/CR DXA/CR000002.dcm,1.2.643.5.1.13.13.12.2.77.8252.03111115071204110106020413091215,2.25.66397484472966116002950503539482860450/series_001_2_CR/A2504194637 DXA/CR DXA/CR000002.dcm,LEG,,,20260916171417.216491,uid_match
Размеченные_244_Илья,C:\Users\Андрей\Desktop\Хакатон\Размеченные_244_Илья\2.25.66397484472966116002950503539482860450\series_001_2_CR\A2504194637 DXA\CR DXA\CR000003.dcm,2.25.66397484472966116002950503539482860450/series_001_2_CR/A2504194637 DXA/CR DXA/CR000003.dcm,1.2.643.5.1.13.13.12.2.77.8252.08021214010408050013070405100802,2.25.66397484472966116002950503539482860450/series_001_2_CR/A2504194637 DXA/CR DXA/CR000003.dcm,LEG,,,20260916171418.668516,uid_match
Размеченные_244_Илья,C:\Users\Андрей\Desktop\Хакатон\Размеченные_244_Илья\2.25.66397484472966116002950503539482860450\series_001_2_CR\A2504194637 DXA\CR DXA\CR000004.dcm,2.25.66397484472966116002950503539482860450/series_001_2_CR/A2504194637 DXA/CR DXA/CR000004.dcm,1.2.643.5.1.13.13.12.2.77.8252.01011407000709010910090115010000,2.25.66397484472966116002950503539482860450/series_001_2_CR/A2504194637 DXA/CR DXA/CR000004.dcm,SPINE,,,20260916171420.276053,uid_match
Размеченные_244_Илья,C:\Users\Андрей\Desktop\Хакатон\Размеченные_244_Илья\2.25.66397484472966116002950503539482860450\series_001_2_CR\A2504194637 DXA\CR DXA\CR000005.dcm,2.25.66397484472966116002950503539482860450/series_001_2_CR/A2504194637 DXA/CR DXA/CR000005.dcm,1.2.643.5.1.13.13.12.2.77.8252.15121501030904011113060500050403,2.25.66397484472966116002950503539482860450/series_001_2_CR/A2504194637 DXA/CR DXA/CR000005.dcm,LEG,,,20260916171421.749388,uid_match
Размеченные_244_Илья,C:\Users\Андрей\Desktop\Хакатон\Размеченные_244_Илья\2.25.66397484472966116002950503539482860450\series_001_2_CR\A2504194637 DXA\CR DXA\CR000006.dcm,2.25.66397484472966116002950503539482860450/series_001_2_CR/A2504194637 DXA/CR DXA/CR000006.dcm,1.2.643.5.1.13.13.12.2.77.8252.10040310131315131311011115051512,2.25.66397484472966116002950503539482860450/series_001_2_CR/A2504194637 DXA/CR DXA/CR000006.dcm,LEG,,,20260916171424.057833,uid_match
Размеченные_244_Илья,C:\Users\Андрей\Desktop\Хакатон\Размеченные_244_Илья\2.25.66397484472966116002950503539482860450\series_001_2_CR\A2504194637 DXA\CR DXA\CR000007.dcm,2.25.66397484472966116002950503539482860450/series_001_2_CR/A2504194637 DXA/CR DXA/CR000007.dcm,1.2.643.5.1.13.13.12.2.77.8252.13130501101110040009090201091209,2.25.66397484472966116002950503539482860450/series_001_2_CR/A2504194637 DXA/CR DXA/CR000007.dcm,LEG,,,20260916171428.767446,uid_match
Размеченные_244_Илья,C:\Users\Андрей\Desktop\Хакатон\Размеченные_244_Илья\2.25.66397484472966116002950503539482860450\series_001_2_CR\A2504194637 DXA\CR DXA\CR000008.dcm,2.25.66397484472966116002950503539482860450/series_001_2_CR/A2504194637 DXA/CR DXA/CR000008.dcm,1.2.643.5.1.13.13.12.2.77.8252.15080405040711111211130015010914,2.25.66397484472966116002950503539482860450/series_001_2_CR/A2504194637 DXA/CR DXA/CR000008.dcm,SPINE,,,20260916171431.249941,uid_match
Размеченные_244_Илья,C:\Users\Андрей\Desktop\Хакатон\Размеченные_244_Илья\2.25.66397484472966116002950503539482860450\series_001_2_CR\A2504194637 DXA\CR DXA\CR000009.dcm,2.25.66397484472966116002950503539482860450/series_001_2_CR/A2504194637 DXA/CR DXA/CR000009.dcm,1.2.643.5.1.13.13.12.2.77.8252.00121200081108110912041503010000,2.25.66397484472966116002950503539482860450/series_001_2_CR/A2504194637 DXA/CR DXA/CR000009.dcm,SPINE,,,20260916171432.936448,uid_match
Размеченные_244_Илья,C:\Users\Андрей\Desktop\Хакатон\Размеченные_244_Илья\2.25.66397484472966116002950503539482860450\series_001_2_CR\A2504194637 DXA\CR DXA\CR000010.dcm,2.25.66397484472966116002950503539482860450/series_001_2_CR/A2504194637 DXA/CR DXA/CR000010.dcm,1.2.643.5.1.13.13.12.2.77.8252.10080308141508151114100414150301,2.25.66397484472966116002950503539482860450/series_001_2_CR/A2504194637 DXA/CR DXA/CR000010.dcm,LEG,,,20260916171434.477004,uid_match
Размеченные_244_Илья,C:\Users\Андрей\Desktop\Хакатон\Размеченные_244_Илья\2.25.73070100851377917031356937075051545239\series_002_2_CR\A2504239110 DXA\CR DXA\CR000000.dcm,2.25.73070100851377917031356937075051545239/series_002_2_CR/A2504239110 DXA/CR DXA/CR000000.dcm,1.2.643.5.1.13.13.12.2.77.8252.00031305050707070014000611130907,2.25.73070100851377917031356937075051545239/series_002_2_CR/A2504239110 DXA/CR DXA/CR000000.dcm,LEG,,,20260916171437.025374,uid_match
Размеченные_244_Илья,C:\Users\Андрей\Desktop\Хакатон\Размеченные_244_Илья\2.25.73070100851377917031356937075051545239\series_002_2_CR\A2504239110 DXA\CR DXA\CR000001.dcm,2.25.73070100851377917031356937075051545239/series_002_2_CR/A2504239110 DXA/CR DXA/CR000001.dcm,1.2.643.5.1.13.13.12.2.77.8252.09110310111109140609041514031010,2.25.73070100851377917031356937075051545239/series_002_2_CR/A2504239110 DXA/CR DXA/CR000001.dcm,LEG,,,20260916171438.821797,uid_match
Размеченные_244_Илья,C:\Users\Андрей\Desktop\Хакатон\Размеченные_244_Илья\2.25.73070100851377917031356937075051545239\series_002_2_CR\A2504239110 DXA\CR DXA\CR000002.dcm,2.25.73070100851377917031356937075051545239/series_002_2_CR/A2504239110 DXA/CR DXA/CR000002.dcm,1.2.643.5.1.13.13.12.2.77.8252.03041015000108071402071509131313,2.25.73070100851377917031356937075051545239/series_002_2_CR/A2504239110 DXA/CR DXA/CR000002.dcm,SPINE,,,20260916171440.789196,uid_match
Размеченные_244_Илья,C:\Users\Андрей\Desktop\Хакатон\Размеченные_244_Илья\2.25.73070100851377917031356937075051545239\series_002_2_CR\A2504239110 DXA\CR DXA\CR000003.dcm,2.25.73070100851377917031356937075051545239/series_002_2_CR/A2504239110 DXA/CR DXA/CR000003.dcm,1.2.643.5.1.13.13.12.2.77.8252.07150604010711031305090702140107,2.25.73070100851377917031356937075051545239/series_002_2_CR/A2504239110 DXA/CR DXA/CR000003.dcm,SPINE,,,20260916171443.634862,uid_match
Размеченные_244_Илья,C:\Users\Андрей\Desktop\Хакатон\Размеченные_244_Илья\2.25.73070100851377917031356937075051545239\series_002_2_CR\A2504239110 DXA\CR DXA\CR000004.dcm,2.25.73070100851377917031356937075051545239/series_002_2_CR/A2504239110 DXA/CR DXA/CR000004.dcm,1.2.643.5.1.13.13.12.2.77.8252.13090506040311041500070413151313,2.25.73070100851377917031356937075051545239/series_002_2_CR/A2504239110 DXA/CR DXA/CR000004.dcm,LEG,,,20260916171445.336344,uid_match
Размеченные_244_Илья,C:\Users\Андрей\Desktop\Хакатон\Размеченные_244_Илья\2.25.73070100851377917031356937075051545239\series_002_2_CR\A2504239110 DXA\CR DXA\CR000005.dcm,2.25.73070100851377917031356937075051545239/series_002_2_CR/A2504239110 DXA/CR DXA/CR000005.dcm,1.2.643.5.1.13.13.12.2.77.8252.12110509121413070408000802041201,2.25.73070100851377917031356937075051545239/series_002_2_CR/A2504239110 DXA/CR DXA/CR000005.dcm,LEG,,,20260916171447.623704,uid_match
Размеченные_244_Илья,C:\Users\Андрей\Desktop\Хакатон\Размеченные_244_Илья\2.25.76710355977373089612172037086913478687\series_002_3_CR\A2504104830 DXA\CR DXA\CR000000.dcm,2.25.76710355977373089612172037086913478687/series_002_3_CR/A2504104830 DXA/CR DXA/CR000000.dcm,1.2.643.5.1.13.13.12.2.77.8252.14130302090906050506100315000611,2.25.76710355977373089612172037086913478687/series_002_3_CR/A2504104830 DXA/CR DXA/CR000000.dcm,LEG,,,20260916171449.417881,uid_match
Размеченные_244_Илья,C:\Users\Андрей\Desktop\Хакатон\Размеченные_244_Илья\2.25.76710355977373089612172037086913478687\series_002_3_CR\A2504104830 DXA\CR DXA\CR000001.dcm,2.25.76710355977373089612172037086913478687/series_002_3_CR/A2504104830 DXA/CR DXA/CR000001.dcm,1.2.643.5.1.13.13.12.2.77.8252.06151311061015011100110511080701,2.25.76710355977373089612172037086913478687/series_002_3_CR/A2504104830 DXA/CR DXA/CR000001.dcm,SPINE,,,20260916171451.165088,uid_match
Размеченные_244_Илья,C:\Users\Андрей\Desktop\Хакатон\Размеченные_244_Илья\2.25.76710355977373089612172037086913478687\series_002_3_CR\A2504104830 DXA\CR DXA\CR000002.dcm,2.25.76710355977373089612172037086913478687/series_002_3_CR/A2504104830 DXA/CR DXA/CR000002.dcm,1.2.643.5.1.13.13.12.2.77.8252.02050808061207030811150709091509,2.25.76710355977373089612172037086913478687/series_002_3_CR/A2504104830 DXA/CR DXA/CR000002.dcm,LEG,,,20260916171452.514974,uid_match
Размеченные_244_Илья,C:\Users\Андрей\Desktop\Хакатон\Размеченные_244_Илья\2.25.78999454687125053757525542837745968726\series_004_3_CR\A2504222617 DXA\CR DXA\CR000000.dcm,2.25.78999454687125053757525542837745968726/series_004_3_CR/A2504222617 DXA/CR DXA/CR000000.dcm,1.2.643.5.1.13.13.12.2.77.8252.05120913001500151408091003040415,2.25.78999454687125053757525542837745968726/series_004_3_CR/A2504222617 DXA/CR DXA/CR000000.dcm,LEG,,,20260916171453.989523,uid_match
Размеченные_244_Илья,C:\Users\Андрей\Desktop\Хакатон\Размеченные_244_Илья\2.25.78999454687125053757525542837745968726\series_004_3_CR\A2504222617 DXA\CR DXA\CR000001.dcm,2.25.78999454687125053757525542837745968726/series_004_3_CR/A2504222617 DXA/CR DXA/CR000001.dcm,1.2.643.5.1.13.13.12.2.77.8252.07150713040501120002001009141410,2.25.78999454687125053757525542837745968726/series_004_3_CR/A2504222617 DXA/CR DXA/CR000001.dcm,LEG,,,20260916171455.699775,uid_match
Размеченные_244_Илья,C:\Users\Андрей\Desktop\Хакатон\Размеченные_244_Илья\2.25.78999454687125053757525542837745968726\series_004_3_CR\A2504222617 DXA\CR DXA\CR000002.dcm,2.25.78999454687125053757525542837745968726/series_004_3_CR/A2504222617 DXA/CR DXA/CR000002.dcm,1.2.643.5.1.13.13.12.2.77.8252.11011500050713141305050211140308,2.25.78999454687125053757525542837745968726/series_004_3_CR/A2504222617 DXA/CR DXA/CR000002.dcm,SPINE,,,20260916171458.914142,uid_match
Размеченные_244_Илья,C:\Users\Андрей\Desktop\Хакатон\Размеченные_244_Илья\2.25.82912555346523716720160717883917565880\series_002_2_CR\A2504149480 DXA\CR DXA\CR000000.dcm,2.25.82912555346523716720160717883917565880/series_002_2_CR/A2504149480 DXA/CR DXA/CR000000.dcm,1.2.643.5.1.13.13.12.2.77.8252.15121403061107000609060400100413,2.25.82912555346523716720160717883917565880/series_002_2_CR/A2504149480 DXA/CR DXA/CR000000.dcm,LEG,,,20260916171501.847191,uid_match
Размеченные_244_Илья,C:\Users\Андрей\Desktop\Хакатон\Размеченные_244_Илья\2.25.82912555346523716720160717883917565880\series_002_2_CR\A2504149480 DXA\CR DXA\CR000001.dcm,2.25.82912555346523716720160717883917565880/series_002_2_CR/A2504149480 DXA/CR DXA/CR000001.dcm,1.2.643.5.1.13.13.12.2.77.8252.14111212050609060202121515040103,2.25.82912555346523716720160717883917565880/series_002_2_CR/A2504149480 DXA/CR DXA/CR000001.dcm,SPINE,,,20260916171503.411129,uid_match
Размеченные_244_Илья,C:\Users\Андрей\Desktop\Хакатон\Размеченные_244_Илья\2.25.82912555346523716720160717883917565880\series_002_2_CR\A2504149480 DXA\CR DXA\CR000002.dcm,2.25.82912555346523716720160717883917565880/series_002_2_CR/A2504149480 DXA/CR DXA/CR000002.dcm,1.2.643.5.1.13.13.12.2.77.8252.07130510130614040904060413131200,2.25.82912555346523716720160717883917565880/series_002_2_CR/A2504149480 DXA/CR DXA/CR000002.dcm,LEG,,,20260916171505.031666,uid_match
Размеченные_244_Илья,C:\Users\Андрей\Desktop\Хакатон\Размеченные_244_Илья\2.25.82912555346523716720160717883917565880\series_002_2_CR\A2504149480 DXA\CR DXA\CR000003.dcm,2.25.82912555346523716720160717883917565880/series_002_2_CR/A2504149480 DXA/CR DXA/CR000003.dcm,1.2.643.5.1.13.13.12.2.77.8252.06060810060308150905140912050013,2.25.82912555346523716720160717883917565880/series_002_2_CR/A2504149480 DXA/CR DXA/CR000003.dcm,LEG,,,20260916171506.654687,uid_match
Размеченные_244_Илья,C:\Users\Андрей\Desktop\Хакатон\Размеченные_244_Илья\2.25.82912555346523716720160717883917565880\series_002_2_CR\A2504149480 DXA\CR DXA\CR000004.dcm,2.25.82912555346523716720160717883917565880/series_002_2_CR/A2504149480 DXA/CR DXA/CR000004.dcm,1.2.643.5.1.13.13.12.2.77.8252.13130903011502030304101506090814,2.25.82912555346523716720160717883917565880/series_002_2_CR/A2504149480 DXA/CR DXA/CR000004.dcm,LEG,,,20260916171507.872063,uid_match
Размеченные_244_Илья,C:\Users\Андрей\Desktop\Хакатон\Размеченные_244_Илья\2.25.82912555346523716720160717883917565880\series_002_2_CR\A2504149480 DXA\CR DXA\CR000005.dcm,2.25.82912555346523716720160717883917565880/series_002_2_CR/A2504149480 DXA/CR DXA/CR000005.dcm,1.2.643.5.1.13.13.12.2.77.8252.15001111061311011106030303001309,2.25.82912555346523716720160717883917565880/series_002_2_CR/A2504149480 DXA/CR DXA/CR000005.dcm,SPINE,,,20260916171509.201163,uid_match
Размеченные_244_Илья,C:\Users\Андрей\Desktop\Хакатон\Размеченные_244_Илья\2.25.87718478011637131470224319788530286374\series_002_2_CR\A2504337993 DXA\CR DXA\CR000000.dcm,2.25.87718478011637131470224319788530286374/series_002_2_CR/A2504337993 DXA/CR DXA/CR000000.dcm,1.2.643.5.1.13.13.12.2.77.8252.10041006131411151513070104110809,2.25.87718478011637131470224319788530286374/series_002_2_CR/A2504337993 DXA/CR DXA/CR000000.dcm,SPINE,,,20260916171510.986296,uid_match
Размеченные_244_Илья,C:\Users\Андрей\Desktop\Хакатон\Размеченные_244_Илья\2.25.87869906212286587478854831452123526595\series_002_2_CR\A250419699 DXA\CR DXA\CR000000.dcm,2.25.87869906212286587478854831452123526595/series_002_2_CR/A250419699 DXA/CR DXA/CR000000.dcm,1.2.643.5.1.13.13.12.2.77.8252.06111209081313111015020309051508,2.25.87869906212286587478854831452123526595/series_002_2_CR/A250419699 DXA/CR DXA/CR000000.dcm,LEG,,,20260916171512.439215,uid_match
Размеченные_244_Илья,C:\Users\Андрей\Desktop\Хакатон\Размеченные_244_Илья\2.25.87869906212286587478854831452123526595\series_002_2_CR\A250419699 DXA\CR DXA\CR000001.dcm,2.25.87869906212286587478854831452123526595/series_002_2_CR/A250419699 DXA/CR DXA/CR000001.dcm,1.2.643.5.1.13.13.12.2.77.8252.04050904100201141507070306131511,2.25.87869906212286587478854831452123526595/series_002_2_CR/A250419699 DXA/CR DXA/CR000001.dcm,SPINE,,,20260916171513.738416,uid_match
Размеченные_244_Илья,C:\Users\Андрей\Desktop\Хакатон\Размеченные_244_Илья\2.25.87869906212286587478854831452123526595\series_002_2_CR\A250419699 DXA\CR DXA\CR000002.dcm,2.25.87869906212286587478854831452123526595/series_002_2_CR/A250419699 DXA/CR DXA/CR000002.dcm,1.2.643.5.1.13.13.12.2.77.8252.15101115041306031303150405131115,2.25.87869906212286587478854831452123526595/series_002_2_CR/A250419699 DXA/CR DXA/CR000002.dcm,LEG,,,20260916171515.748357,uid_match
Размеченные_244_Илья,C:\Users\Андрей\Desktop\Хакатон\Размеченные_244_Илья\2.25.91981043841368764114007975581101713077\series_003_2_CR\A250496619 DXA\CR DXA\CR000000.dcm,2.25.91981043841368764114007975581101713077/series_003_2_CR/A250496619 DXA/CR DXA/CR000000.dcm,1.2.643.5.1.13.13.12.2.77.8252.08061201060114131102110802141411,2.25.91981043841368764114007975581101713077/series_003_2_CR/A250496619 DXA/CR DXA/CR000000.dcm,LEG,,,20260916171516.989548,uid_match
Размеченные_244_Илья,C:\Users\Андрей\Desktop\Хакатон\Размеченные_244_Илья\2.25.91981043841368764114007975581101713077\series_003_2_CR\A250496619 DXA\CR DXA\CR000001.dcm,2.25.91981043841368764114007975581101713077/series_003_2_CR/A250496619 DXA/CR DXA/CR000001.dcm,1.2.643.5.1.13.13.12.2.77.8252.04141409090807040100020211061514,2.25.91981043841368764114007975581101713077/series_003_2_CR/A250496619 DXA/CR DXA/CR000001.dcm,LEG,,,20260916171518.931069,uid_match
Размеченные_244_Илья,C:\Users\Андрей\Desktop\Хакатон\Размеченные_244_Илья\2.25.91981043841368764114007975581101713077\series_003_2_CR\A250496619 DXA\CR DXA\CR000002.dcm,2.25.91981043841368764114007975581101713077/series_003_2_CR/A250496619 DXA/CR DXA/CR000002.dcm,1.2.643.5.1.13.13.12.2.77.8252.04000607141411061507120106050309,2.25.91981043841368764114007975581101713077/series_003_2_CR/A250496619 DXA/CR DXA/CR000002.dcm,LEG,,,20260916171520.326940,uid_match
Размеченные_244_Илья,C:\Users\Андрей\Desktop\Хакатон\Размеченные_244_Илья\2.25.91981043841368764114007975581101713077\series_003_2_CR\A250496619 DXA\CR DXA\CR000003.dcm,2.25.91981043841368764114007975581101713077/series_003_2_CR/A250496619 DXA/CR DXA/CR000003.dcm,1.2.643.5.1.13.13.12.2.77.8252.03130309141409040708100214070815,2.25.91981043841368764114007975581101713077/series_003_2_CR/A250496619 DXA/CR DXA/CR000003.dcm,LEG,,,20260916171521.854332,uid_match
Размеченные_244_Илья,C:\Users\Андрей\Desktop\Хакатон\Размеченные_244_Илья\2.25.91981043841368764114007975581101713077\series_003_2_CR\A250496619 DXA\CR DXA\CR000004.dcm,2.25.91981043841368764114007975581101713077/series_003_2_CR/A250496619 DXA/CR DXA/CR000004.dcm,1.2.643.5.1.13.13.12.2.77.8252.07021003040810040809000711080701,2.25.91981043841368764114007975581101713077/series_003_2_CR/A250496619 DXA/CR DXA/CR000004.dcm,SPINE,,,20260916171523.393282,uid_match
Размеченные_244_Илья,C:\Users\Андрей\Desktop\Хакатон\Размеченные_244_Илья\2.25.91981043841368764114007975581101713077\series_003_2_CR\A250496619 DXA\CR DXA\CR000005.dcm,2.25.91981043841368764114007975581101713077/series_003_2_CR/A250496619 DXA/CR DXA/CR000005.dcm,1.2.643.5.1.13.13.12.2.77.8252.04111101091200130111070203120509,2.25.91981043841368764114007975581101713077/series_003_2_CR/A250496619 DXA/CR DXA/CR000005.dcm,LEG,,,20260916171526.728580,uid_match
Размеченные_244_Илья,C:\Users\Андрей\Desktop\Хакатон\Размеченные_244_Илья\2.25.91981043841368764114007975581101713077\series_003_2_CR\A250496619 DXA\CR DXA\CR000006.dcm,2.25.91981043841368764114007975581101713077/series_003_2_CR/A250496619 DXA/CR DXA/CR000006.dcm,1.2.643.5.1.13.13.12.2.77.8252.04141300131506141004121211120710,2.25.91981043841368764114007975581101713077/series_003_2_CR/A250496619 DXA/CR DXA/CR000006.dcm,LEG,,,20260916171528.082600,uid_match
Размеченные_244_Илья,C:\Users\Андрей\Desktop\Хакатон\Размеченные_244_Илья\2.25.91981043841368764114007975581101713077\series_003_2_CR\A250496619 DXA\CR DXA\CR000007.dcm,2.25.91981043841368764114007975581101713077/series_003_2_CR/A250496619 DXA/CR DXA/CR000007.dcm,1.2.643.5.1.13.13.12.2.77.8252.09031306140406050914091115001515,2.25.91981043841368764114007975581101713077/series_003_2_CR/A250496619 DXA/CR DXA/CR000007.dcm,LEG,,,20260916171529.626754,uid_match
Размеченные_244_Илья,C:\Users\Андрей\Desktop\Хакатон\Размеченные_244_Илья\2.25.91981043841368764114007975581101713077\series_003_2_CR\A250496619 DXA\CR DXA\CR000008.dcm,2.25.91981043841368764114007975581101713077/series_003_2_CR/A250496619 DXA/CR DXA/CR000008.dcm,1.2.643.5.1.13.13.12.2.77.8252.03070910041410130909021014090904,2.25.91981043841368764114007975581101713077/series_003_2_CR/A250496619 DXA/CR DXA/CR000008.dcm,LEG,,,20260916171532.415330,uid_match
Размеченные_244_Илья,C:\Users\Андрей\Desktop\Хакатон\Размеченные_244_Илья\2.25.91981043841368764114007975581101713077\series_003_2_CR\A250496619 DXA\CR DXA\CR000009.dcm,2.25.91981043841368764114007975581101713077/series_003_2_CR/A250496619 DXA/CR DXA/CR000009.dcm,1.2.643.5.1.13.13.12.2.77.8252.01031400050508070812091015000904,2.25.91981043841368764114007975581101713077/series_003_2_CR/A250496619 DXA/CR DXA/CR000009.dcm,SPINE,,,20260916171534.515665,uid_match
Размеченные_244_Илья,C:\Users\Андрей\Desktop\Хакатон\Размеченные_244_Илья\2.25.91981043841368764114007975581101713077\series_003_2_CR\A250496619 DXA\CR DXA\CR000010.dcm,2.25.91981043841368764114007975581101713077/series_003_2_CR/A250496619 DXA/CR DXA/CR000010.dcm,1.2.643.5.1.13.13.12.2.77.8252.07120905081404061009060805020905,2.25.91981043841368764114007975581101713077/series_003_2_CR/A250496619 DXA/CR DXA/CR000010.dcm,SPINE,,,20260916171535.908665,uid_match
Размеченные_244_Илья,C:\Users\Андрей\Desktop\Хакатон\Размеченные_244_Илья\2.25.91981043841368764114007975581101713077\series_003_2_CR\A250496619 DXA\CR DXA\CR000011.dcm,2.25.91981043841368764114007975581101713077/series_003_2_CR/A250496619 DXA/CR DXA/CR000011.dcm,1.2.643.5.1.13.13.12.2.77.8252.07130502151014041012130400130108,2.25.91981043841368764114007975581101713077/series_003_2_CR/A250496619 DXA/CR DXA/CR000011.dcm,LEG,,,20260916171543.830774,uid_match
Размеченные_499_Илья,C:\Users\Андрей\Desktop\Хакатон\Размеченные_499_Илья\1.2.840.113619.2.110.512719.20250403090444\series_004_3_CR\DXA\CR DXA\CR000000.dcm,1.2.840.113619.2.110.512719.20250403090444/series_004_3_CR/DXA/CR DXA/CR000000.dcm,1.2.643.5.1.13.13.12.2.77.8252.14031015091008031013040205110915,1.2.840.113619.2.110.512719.20250403090444/series_004_3_CR/DXA/CR DXA/CR000000.dcm,SPINE,,,20260916175358.526045,uid_match
Размеченные_499_Илья,C:\Users\Андрей\Desktop\Хакатон\Размеченные_499_Илья\1.2.840.113619.2.110.512719.20250403090444\series_004_3_CR\DXA\CR DXA\CR000001.dcm,1.2.840.113619.2.110.512719.20250403090444/series_004_3_CR/DXA/CR DXA/CR000001.dcm,1.2.643.5.1.13.13.12.2.77.8252.03030811151201151502050615010000,1.2.840.113619.2.110.512719.20250403090444/series_004_3_CR/DXA/CR DXA/CR000001.dcm,LEG,,,20260916175400.712118,uid_match
Размеченные_499_Илья,C:\Users\Андрей\Desktop\Хакатон\Размеченные_499_Илья\1.2.840.113619.2.110.512719.20250403090444\series_004_3_CR\DXA\CR DXA\CR000002.dcm,1.2.840.113619.2.110.512719.20250403090444/series_004_3_CR/DXA/CR DXA/CR000002.dcm,1.2.643.5.1.13.13.12.2.77.8252.06000812101106141213041404150112,1.2.840.113619.2.110.512719.20250403090444/series_004_3_CR/DXA/CR DXA/CR000002.dcm,LEG,,,20260916175402.283147,uid_match
Размеченные_499_Илья,C:\Users\Андрей\Desktop\Хакатон\Размеченные_499_Илья\1.2.840.113619.2.110.512719.20250403090444\series_004_3_CR\DXA\CR DXA\CR000003.dcm,1.2.840.113619.2.110.512719.20250403090444/series_004_3_CR/DXA/CR DXA/CR000003.dcm,1.2.643.5.1.13.13.12.2.77.8252.10130209021503050013090302090705,1.2.840.113619.2.110.512719.20250403090444/series_004_3_CR/DXA/CR DXA/CR000003.dcm,LEG,,,20260916175406.027601,uid_match
Размеченные_499_Илья,C:\Users\Андрей\Desktop\Хакатон\Размеченные_499_Илья\1.2.840.113619.2.110.512719.20250403090444\series_004_3_CR\DXA\CR DXA\CR000004.dcm,1.2.840.113619.2.110.512719.20250403090444/series_004_3_CR/DXA/CR DXA/CR000004.dcm,1.2.643.5.1.13.13.12.2.77.8252.13011105091309080008130511041109,1.2.840.113619.2.110.512719.20250403090444/series_004_3_CR/DXA/CR DXA/CR000004.dcm,LEG,,,20260916175420.851427,uid_match
Размеченные_499_Илья,C:\Users\Андрей\Desktop\Хакатон\Размеченные_499_Илья\1.2.840.113619.2.110.512719.20250403090444\series_004_3_CR\DXA\CR DXA\CR000005.dcm,1.2.840.113619.2.110.512719.20250403090444/series_004_3_CR/DXA/CR DXA/CR000005.dcm,1.2.643.5.1.13.13.12.2.77.8252.04131215000514000414051510091103,1.2.840.113619.2.110.512719.20250403090444/series_004_3_CR/DXA/CR DXA/CR000005.dcm,SPINE,,,20260916175423.449731,uid_match
Размеченные_499_Илья,C:\Users\Андрей\Desktop\Хакатон\Размеченные_499_Илья\1.2.840.113619.2.110.512719.20250403092052\series_003_3_CR\DXA\CR DXA\CR000000.dcm,1.2.840.113619.2.110.512719.20250403092052/series_003_3_CR/DXA/CR DXA/CR000000.dcm,1.2.643.5.1.13.13.12.2.77.8252.06140010030611061314081200121305,1.2.840.113619.2.110.512719.20250403092052/series_003_3_CR/DXA/CR DXA/CR000000.dcm,LEG,,,20260916175426.094722,uid_match
Размеченные_499_Илья,C:\Users\Андрей\Desktop\Хакатон\Размеченные_499_Илья\1.2.840.113619.2.110.512719.20250403092052\series_003_3_CR\DXA\CR DXA\CR000001.dcm,1.2.840.113619.2.110.512719.20250403092052/series_003_3_CR/DXA/CR DXA/CR000001.dcm,1.2.643.5.1.13.13.12.2.77.8252.09050515110402090102050206010406,1.2.840.113619.2.110.512719.20250403092052/series_003_3_CR/DXA/CR DXA/CR000001.dcm,SPINE,,,20260916175427.852135,uid_match
Размеченные_499_Илья,C:\Users\Андрей\Desktop\Хакатон\Размеченные_499_Илья\1.2.840.113619.2.110.512719.20250403092052\series_003_3_CR\DXA\CR DXA\CR000002.dcm,1.2.840.113619.2.110.512719.20250403092052/series_003_3_CR/DXA/CR DXA/CR000002.dcm,1.2.643.5.1.13.13.12.2.77.8252.09040712010609120601031410140610,1.2.840.113619.2.110.512719.20250403092052/series_003_3_CR/DXA/CR DXA/CR000002.dcm,LEG,,,20260916175429.433673,uid_match
Размеченные_499_Илья,C:\Users\Андрей\Desktop\Хакатон\Размеченные_499_Илья\1.2.840.113619.2.110.512719.20250403092052\series_003_3_CR\DXA\CR DXA\CR000003.dcm,1.2.840.113619.2.110.512719.20250403092052/series_003_3_CR/DXA/CR DXA/CR000003.dcm,1.2.643.5.1.13.13.12.2.77.8252.07120303070106110214090814060908,1.2.840.113619.2.110.512719.20250403092052/series_003_3_CR/DXA/CR DXA/CR000003.dcm,LEG,,,20260916175431.128734,uid_match
Размеченные_499_Илья,C:\Users\Андрей\Desktop\Хакатон\Размеченные_499_Илья\1.2.840.113619.2.110.512719.20250403092052\series_003_3_CR\DXA\CR DXA\CR000004.dcm,1.2.840.113619.2.110.512719.20250403092052/series_003_3_CR/DXA/CR DXA/CR000004.dcm,1.2.643.5.1.13.13.12.2.77.8252.14060811030909110008140112131212,1.2.840.113619.2.110.512719.20250403092052/series_003_3_CR/DXA/CR DXA/CR000004.dcm,LEG,,,20260916175433.039180,uid_match
Размеченные_499_Илья,C:\Users\Андрей\Desktop\Хакатон\Размеченные_499_Илья\1.2.840.113619.2.110.512719.20250403092052\series_003_3_CR\DXA\CR DXA\CR000005.dcm,1.2.840.113619.2.110.512719.20250403092052/series_003_3_CR/DXA/CR DXA/CR000005.dcm,1.2.643.5.1.13.13.12.2.77.8252.06111207031100151513000412070105,1.2.840.113619.2.110.512719.20250403092052/series_003_3_CR/DXA/CR DXA/CR000005.dcm,SPINE,,,20260916175434.653172,uid_match
Размеченные_499_Илья,C:\Users\Андрей\Desktop\Хакатон\Размеченные_499_Илья\1.2.840.113619.2.110.512719.20250407113211\series_001_2_CR\DXA\CR DXA\CR000000.dcm,1.2.840.113619.2.110.512719.20250407113211/series_001_2_CR/DXA/CR DXA/CR000000.dcm,1.2.643.5.1.13.13.12.2.77.8252.07140808121311040315101301051200,1.2.840.113619.2.110.512719.20250407113211/series_001_2_CR/DXA/CR DXA/CR000000.dcm,LEG,,,20260916175436.252295,uid_match
Размеченные_499_Илья,C:\Users\Андрей\Desktop\Хакатон\Размеченные_499_Илья\1.2.840.113619.2.110.512719.20250407113211\series_001_2_CR\DXA\CR DXA\CR000001.dcm,1.2.840.113619.2.110.512719.20250407113211/series_001_2_CR/DXA/CR DXA/CR000001.dcm,1.2.643.5.1.13.13.12.2.77.8252.10011302120900111505101501141402,1.2.840.113619.2.110.512719.20250407113211/series_001_2_CR/DXA/CR DXA/CR000001.dcm,LEG,,,20260916175438.207098,uid_match
Размеченные_499_Илья,C:\Users\Андрей\Desktop\Хакатон\Размеченные_499_Илья\1.2.840.113619.2.110.512719.20250407113211\series_001_2_CR\DXA\CR DXA\CR000002.dcm,1.2.840.113619.2.110.512719.20250407113211/series_001_2_CR/DXA/CR DXA/CR000002.dcm,1.2.643.5.1.13.13.12.2.77.8252.03030413031313090107050002151508,1.2.840.113619.2.110.512719.20250407113211/series_001_2_CR/DXA/CR DXA/CR000002.dcm,LEG,,,20260916175440.119027,uid_match
Размеченные_499_Илья,C:\Users\Андрей\Desktop\Хакатон\Размеченные_499_Илья\1.2.840.113619.2.110.512719.20250407113211\series_001_2_CR\DXA\CR DXA\CR000003.dcm,1.2.840.113619.2.110.512719.20250407113211/series_001_2_CR/DXA/CR DXA/CR000003.dcm,1.2.643.5.1.13.13.12.2.77.8252.13101207101114060008151413130115,1.2.840.113619.2.110.512719.20250407113211/series_001_2_CR/DXA/CR DXA/CR000003.dcm,SPINE,,,20260916175441.884926,uid_match
Размеченные_499_Илья,C:\Users\Андрей\Desktop\Хакатон\Размеченные_499_Илья\1.2.840.113619.2.110.512719.20250407113211\series_001_2_CR\DXA\CR DXA\CR000004.dcm,1.2.840.113619.2.110.512719.20250407113211/series_001_2_CR/DXA/CR DXA/CR000004.dcm,1.2.643.5.1.13.13.12.2.77.8252.07150612000412081110110102150004,1.2.840.113619.2.110.512719.20250407113211/series_001_2_CR/DXA/CR DXA/CR000004.dcm,SPINE,,,20260916175443.841454,uid_match
Размеченные_499_Илья,C:\Users\Андрей\Desktop\Хакатон\Размеченные_499_Илья\1.2.840.113619.2.110.512719.20250407113211\series_001_2_CR\DXA\CR DXA\CR000005.dcm,1.2.840.113619.2.110.512719.20250407113211/series_001_2_CR/DXA/CR DXA/CR000005.dcm,1.2.643.5.1.13.13.12.2.77.8252.08010006000103071201020606001302,1.2.840.113619.2.110.512719.20250407113211/series_001_2_CR/DXA/CR DXA/CR000005.dcm,LEG,,,20260916175446.518273,uid_match
Размеченные_499_Илья,C:\Users\Андрей\Desktop\Хакатон\Размеченные_499_Илья\2.25.10245777060263212829333021434108890537\series_003_2_CR\A2504412435 DXA\CR DXA\CR000000.dcm,2.25.10245777060263212829333021434108890537/series_003_2_CR/A2504412435 DXA/CR DXA/CR000000.dcm,1.2.643.5.1.13.13.12.2.77.8252.07000215121313030213041009101409,2.25.10245777060263212829333021434108890537/series_003_2_CR/A2504412435 DXA/CR DXA/CR000000.dcm,LEG,,,20260916175448.308703,uid_match
Размеченные_499_Илья,C:\Users\Андрей\Desktop\Хакатон\Размеченные_499_Илья\2.25.10245777060263212829333021434108890537\series_003_2_CR\A2504412435 DXA\CR DXA\CR000001.dcm,2.25.10245777060263212829333021434108890537/series_003_2_CR/A2504412435 DXA/CR DXA/CR000001.dcm,1.2.643.5.1.13.13.12.2.77.8252.14131410040814100713070401091213,2.25.10245777060263212829333021434108890537/series_003_2_CR/A2504412435 DXA/CR DXA/CR000001.dcm,SPINE,,,20260916175450.485996,uid_match
Размеченные_499_Илья,C:\Users\Андрей\Desktop\Хакатон\Размеченные_499_Илья\2.25.10245777060263212829333021434108890537\series_003_2_CR\A2504412435 DXA\CR DXA\CR000002.dcm,2.25.10245777060263212829333021434108890537/series_003_2_CR/A2504412435 DXA/CR DXA/CR000002.dcm,1.2.643.5.1.13.13.12.2.77.8252.03081500040505121009070211080902,2.25.10245777060263212829333021434108890537/series_003_2_CR/A2504412435 DXA/CR DXA/CR000002.dcm,LEG,,,20260916175452.568372,uid_match
Размеченные_499_Илья,C:\Users\Андрей\Desktop\Хакатон\Размеченные_499_Илья\2.25.102755089973625799055786462646268820450\series_002_2_CR\A2504257770 DXA\CR DXA\CR000000.dcm,2.25.102755089973625799055786462646268820450/series_002_2_CR/A2504257770 DXA/CR DXA/CR000000.dcm,1.2.643.5.1.13.13.12.2.77.8252.01140903011212140408111315130511,2.25.102755089973625799055786462646268820450/series_002_2_CR/A2504257770 DXA/CR DXA/CR000000.dcm,LEG,,,20260916175454.898407,uid_match
Размеченные_499_Илья,C:\Users\Андрей\Desktop\Хакатон\Размеченные_499_Илья\2.25.102755089973625799055786462646268820450\series_002_2_CR\A2504257770 DXA\CR DXA\CR000001.dcm,2.25.102755089973625799055786462646268820450/series_002_2_CR/A2504257770 DXA/CR DXA/CR000001.dcm,1.2.643.5.1.13.13.12.2.77.8252.10030113050111051002020402141304,2.25.102755089973625799055786462646268820450/series_002_2_CR/A2504257770 DXA/CR DXA/CR000001.dcm,SPINE,,,20260916175500.466757,uid_match
Размеченные_499_Илья,C:\Users\Андрей\Desktop\Хакатон\Размеченные_499_Илья\2.25.102755089973625799055786462646268820450\series_002_2_CR\A2504257770 DXA\CR DXA\CR000002.dcm,2.25.102755089973625799055786462646268820450/series_002_2_CR/A2504257770 DXA/CR DXA/CR000002.dcm,1.2.643.5.1.13.13.12.2.77.8252.10100907120107030904131503081506,2.25.102755089973625799055786462646268820450/series_002_2_CR/A2504257770 DXA/CR DXA/CR000002.dcm,LEG,,,20260916175502.886824,uid_match
Размеченные_499_Илья,C:\Users\Андрей\Desktop\Хакатон\Размеченные_499_Илья\2.25.102755089973625799055786462646268820450\series_002_2_CR\A2504257770 DXA\CR DXA\CR000003.dcm,2.25.102755089973625799055786462646268820450/series_002_2_CR/A2504257770 DXA/CR DXA/CR000003.dcm,1.2.643.5.1.13.13.12.2.77.8252.11020107010405070800051206110610,2.25.102755089973625799055786462646268820450/series_002_2_CR/A2504257770 DXA/CR DXA/CR000003.dcm,LEG,,,20260916175505.232475,uid_match
Размеченные_499_Илья,C:\Users\Андрей\Desktop\Хакатон\Размеченные_499_Илья\2.25.102755089973625799055786462646268820450\series_002_2_CR\A2504257770 DXA\CR DXA\CR000004.dcm,2.25.102755089973625799055786462646268820450/series_002_2_CR/A2504257770 DXA/CR DXA/CR000004.dcm,1.2.643.5.1.13.13.12.2.77.8252.07001207050006000600091513060701,2.25.102755089973625799055786462646268820450/series_002_2_CR/A2504257770 DXA/CR DXA/CR000004.dcm,SPINE,,,20260916175507.040395,uid_match
Размеченные_499_Илья,C:\Users\Андрей\Desktop\Хакатон\Размеченные_499_Илья\2.25.102755089973625799055786462646268820450\series_002_2_CR\A2504257770 DXA\CR DXA\CR000005.dcm,2.25.102755089973625799055786462646268820450/series_002_2_CR/A2504257770 DXA/CR DXA/CR000005.dcm,1.2.643.5.1.13.13.12.2.77.8252.10091111150614140108020903000009,2.25.102755089973625799055786462646268820450/series_002_2_CR/A2504257770 DXA/CR DXA/CR000005.dcm,LEG,,,20260916175510.901734,uid_match
Размеченные_499_Илья,C:\Users\Андрей\Desktop\Хакатон\Размеченные_499_Илья\2.25.102965897799404973225419898683246248872\series_001_2_CR\A250726353 DXA\CR DXA\CR000000.dcm,2.25.102965897799404973225419898683246248872/series_001_2_CR/A250726353 DXA/CR DXA/CR000000.dcm,1.2.643.5.1.13.13.12.2.77.8252.10140807011010031112140700150015,2.25.102965897799404973225419898683246248872/series_001_2_CR/A250726353 DXA/CR DXA/CR000000.dcm,LEG,,,20260916175513.283712,uid_match
Размеченные_499_Илья,C:\Users\Андрей\Desktop\Хакатон\Размеченные_499_Илья\2.25.102965897799404973225419898683246248872\series_001_2_CR\A250726353 DXA\CR DXA\CR000001.dcm,2.25.102965897799404973225419898683246248872/series_001_2_CR/A250726353 DXA/CR DXA/CR000001.dcm,1.2.643.5.1.13.13.12.2.77.8252.11011413051206050400150606100110,2.25.102965897799404973225419898683246248872/series_001_2_CR/A250726353 DXA/CR DXA/CR000001.dcm,SPINE,,,20260916175515.747759,uid_match
Размеченные_499_Илья,C:\Users\Андрей\Desktop\Хакатон\Размеченные_499_Илья\2.25.102965897799404973225419898683246248872\series_001_2_CR\A250726353 DXA\CR DXA\CR000002.dcm,2.25.102965897799404973225419898683246248872/series_001_2_CR/A250726353 DXA/CR DXA/CR000002.dcm,1.2.643.5.1.13.13.12.2.77.8252.06050309100102041203101101110913,2.25.102965897799404973225419898683246248872/series_001_2_CR/A250726353 DXA/CR DXA/CR000002.dcm,LEG,,,20260916175518.800539,uid_match
Размеченные_499_Илья,C:\Users\Андрей\Desktop\Хакатон\Размеченные_499_Илья\2.25.103868781101960771917584077315578649178\series_001_3_CR\A2507485409 DXA\CR DXA\CR000000.dcm,2.25.103868781101960771917584077315578649178/series_001_3_CR/A2507485409 DXA/CR DXA/CR000000.dcm,1.2.643.5.1.13.13.12.2.77.8252.15031208100010080909150509041308,2.25.103868781101960771917584077315578649178/series_001_3_CR/A2507485409 DXA/CR DXA/CR000000.dcm,LEG,,,20260916175522.217302,uid_match
Размеченные_499_Илья,C:\Users\Андрей\Desktop\Хакатон\Размеченные_499_Илья\2.25.103868781101960771917584077315578649178\series_001_3_CR\A2507485409 DXA\CR DXA\CR000001.dcm,2.25.103868781101960771917584077315578649178/series_001_3_CR/A2507485409 DXA/CR DXA/CR000001.dcm,1.2.643.5.1.13.13.12.2.77.8252.12051209130410130502141403101414,2.25.103868781101960771917584077315578649178/series_001_3_CR/A2507485409 DXA/CR DXA/CR000001.dcm,LEG,,,20260916175524.672781,uid_match
Размеченные_499_Илья,C:\Users\Андрей\Desktop\Хакатон\Размеченные_499_Илья\2.25.103868781101960771917584077315578649178\series_001_3_CR\A2507485409 DXA\CR DXA\CR000002.dcm,2.25.103868781101960771917584077315578649178/series_001_3_CR/A2507485409 DXA/CR DXA/CR000002.dcm,1.2.643.5.1.13.13.12.2.77.8252.08120904010605130814050710080508,2.25.103868781101960771917584077315578649178/series_001_3_CR/A2507485409 DXA/CR DXA/CR000002.dcm,SPINE,,,20260916175527.107767,uid_match
Размеченные_499_Илья,C:\Users\Андрей\Desktop\Хакатон\Размеченные_499_Илья\2.25.105033841136787477881326326053319223817\series_001_2_CR\A250790559 DXA\CR DXA\CR000000.dcm,2.25.105033841136787477881326326053319223817/series_001_2_CR/A250790559 DXA/CR DXA/CR000000.dcm,1.2.643.5.1.13.13.12.2.77.8252.00071307071102020311080215100104,2.25.105033841136787477881326326053319223817/series_001_2_CR/A250790559 DXA/CR DXA/CR000000.dcm,SPINE,,,20260916175529.429763,uid_match
Размеченные_499_Илья,C:\Users\Андрей\Desktop\Хакатон\Размеченные_499_Илья\2.25.105033841136787477881326326053319223817\series_001_2_CR\A250790559 DXA\CR DXA\CR000001.dcm,2.25.105033841136787477881326326053319223817/series_001_2_CR/A250790559 DXA/CR DXA/CR000001.dcm,1.2.643.5.1.13.13.12.2.77.8252.12021012060504060503030002061208,2.25.105033841136787477881326326053319223817/series_001_2_CR/A250790559 DXA/CR DXA/CR000001.dcm,SPINE,,,20260916175532.326296,uid_match
Размеченные_499_Илья,C:\Users\Андрей\Desktop\Хакатон\Размеченные_499_Илья\2.25.105033841136787477881326326053319223817\series_001_2_CR\A250790559 DXA\CR DXA\CR000002.dcm,2.25.105033841136787477881326326053319223817/series_001_2_CR/A250790559 DXA/CR DXA/CR000002.dcm,1.2.643.5.1.13.13.12.2.77.8252.11131406091213131205130612021414,2.25.105033841136787477881326326053319223817/series_001_2_CR/A250790559 DXA/CR DXA/CR000002.dcm,LEG,,,20260916175535.972586,uid_match
Размеченные_499_Илья,C:\Users\Андрей\Desktop\Хакатон\Размеченные_499_Илья\2.25.105033841136787477881326326053319223817\series_001_2_CR\A250790559 DXA\CR DXA\CR000003.dcm,2.25.105033841136787477881326326053319223817/series_001_2_CR/A250790559 DXA/CR DXA/CR000003.dcm,1.2.643.5.1.13.13.12.2.77.8252.14130208070502001411050502150202,2.25.105033841136787477881326326053319223817/series_001_2_CR/A250790559 DXA/CR DXA/CR000003.dcm,LEG,,,20260916175539.235341,uid_match
Размеченные_499_Илья,C:\Users\Андрей\Desktop\Хакатон\Размеченные_499_Илья\2.25.105033841136787477881326326053319223817\series_001_2_CR\A250790559 DXA\CR DXA\CR000004.dcm,2.25.105033841136787477881326326053319223817/series_001_2_CR/A250790559 DXA/CR DXA/CR000004.dcm,1.2.643.5.1.13.13.12.2.77.8252.11120508121303130402081303070008,2.25.105033841136787477881326326053319223817/series_001_2_CR/A250790559 DXA/CR DXA/CR000004.dcm,LEG,,,20260916175542.338455,uid_match
Размеченные_499_Илья,C:\Users\Андрей\Desktop\Хакатон\Размеченные_499_Илья\2.25.105033841136787477881326326053319223817\series_001_2_CR\A250790559 DXA\CR DXA\CR000005.dcm,2.25.105033841136787477881326326053319223817/series_001_2_CR/A250790559 DXA/CR DXA/CR000005.dcm,1.2.643.5.1.13.13.12.2.77.8252.03090510061307040702090411010105,2.25.105033841136787477881326326053319223817/series_001_2_CR/A250790559 DXA/CR DXA/CR000005.dcm,LEG,,,20260916175546.563434,uid_match
Размеченные_499_Илья,C:\Users\Андрей\Desktop\Хакатон\Размеченные_499_Илья\2.25.108537195937431169718850276671337677972\series_002_2_CR\A250479795 DXA\CR DXA\CR000000.dcm,2.25.108537195937431169718850276671337677972/series_002_2_CR/A250479795 DXA/CR DXA/CR000000.dcm,1.2.643.5.1.13.13.12.2.77.8252.14031513011512070711151413071213,2.25.108537195937431169718850276671337677972/series_002_2_CR/A250479795 DXA/CR DXA/CR000000.dcm,SPINE,,,20260916175549.054229,uid_match
Размеченные_499_Илья,C:\Users\Андрей\Desktop\Хакатон\Размеченные_499_Илья\2.25.11175860580562939441493697221497597640\series_003_2_CR\A2507431060 DXA\CR DXA\CR000000.dcm,2.25.11175860580562939441493697221497597640/series_003_2_CR/A2507431060 DXA/CR DXA/CR000000.dcm,1.2.643.5.1.13.13.12.2.77.8252.07121414121104070401050315140813,2.25.11175860580562939441493697221497597640/series_003_2_CR/A2507431060 DXA/CR DXA/CR000000.dcm,LEG,,,20260916175553.387047,uid_match
Размеченные_499_Илья,C:\Users\Андрей\Desktop\Хакатон\Размеченные_499_Илья\2.25.11175860580562939441493697221497597640\series_003_2_CR\A2507431060 DXA\CR DXA\CR000001.dcm,2.25.11175860580562939441493697221497597640/series_003_2_CR/A2507431060 DXA/CR DXA/CR000001.dcm,1.2.643.5.1.13.13.12.2.77.8252.11051001091403121310010813110103,2.25.11175860580562939441493697221497597640/series_003_2_CR/A2507431060 DXA/CR DXA/CR000001.dcm,SPINE,,,20260916175555.427022,uid_match
Размеченные_499_Илья,C:\Users\Андрей\Desktop\Хакатон\Размеченные_499_Илья\2.25.11175860580562939441493697221497597640\series_003_2_CR\A2507431060 DXA\CR DXA\CR000002.dcm,2.25.11175860580562939441493697221497597640/series_003_2_CR/A2507431060 DXA/CR DXA/CR000002.dcm,1.2.643.5.1.13.13.12.2.77.8252.12051512011202090502051206130907,2.25.11175860580562939441493697221497597640/series_003_2_CR/A2507431060 DXA/CR DXA/CR000002.dcm,LEG,,,20260916175557.229792,uid_match
Размеченные_499_Илья,C:\Users\Андрей\Desktop\Хакатон\Размеченные_499_Илья\2.25.11175860580562939441493697221497597640\series_003_2_CR\A2507431060 DXA\CR DXA\CR000003.dcm,2.25.11175860580562939441493697221497597640/series_003_2_CR/A2507431060 DXA/CR DXA/CR000003.dcm,1.2.643.5.1.13.13.12.2.77.8252.08110803080105090710150006100300,2.25.11175860580562939441493697221497597640/series_003_2_CR/A2507431060 DXA/CR DXA/CR000003.dcm,LEG,,,20260916175559.485251,uid_match
Размеченные_499_Илья,C:\Users\Андрей\Desktop\Хакатон\Размеченные_499_Илья\2.25.11175860580562939441493697221497597640\series_003_2_CR\A2507431060 DXA\CR DXA\CR000004.dcm,2.25.11175860580562939441493697221497597640/series_003_2_CR/A2507431060 DXA/CR DXA/CR000004.dcm,1.2.643.5.1.13.13.12.2.77.8252.13030903151515081500090603041412,2.25.11175860580562939441493697221497597640/series_003_2_CR/A2507431060 DXA/CR DXA/CR000004.dcm,SPINE,,,20260916175601.614284,uid_match
Размеченные_499_Илья,C:\Users\Андрей\Desktop\Хакатон\Размеченные_499_Илья\2.25.11175860580562939441493697221497597640\series_003_2_CR\A2507431060 DXA\CR DXA\CR000005.dcm,2.25.11175860580562939441493697221497597640/series_003_2_CR/A2507431060 DXA/CR DXA/CR000005.dcm,1.2.643.5.1.13.13.12.2.77.8252.08101400121500101415120401040211,2.25.11175860580562939441493697221497597640/series_003_2_CR/A2507431060 DXA/CR DXA/CR000005.dcm,LEG,,,20260916175605.008452,uid_match
Размеченные_499_Илья,C:\Users\Андрей\Desktop\Хакатон\Размеченные_499_Илья\2.25.112621744005021908434051268014787122937\series_002_2_CR\A2504301685 DXA\CR DXA\CR000000.dcm,2.25.112621744005021908434051268014787122937/series_002_2_CR/A2504301685 DXA/CR DXA/CR000000.dcm,1.2.643.5.1.13.13.12.2.77.8252.15090515141309140806011408041204,2.25.112621744005021908434051268014787122937/series_002_2_CR/A2504301685 DXA/CR DXA/CR000000.dcm,SPINE,,,20260916175607.121722,uid_match
Размеченные_499_Илья,C:\Users\Андрей\Desktop\Хакатон\Размеченные_499_Илья\2.25.114887542067602662452692698814728642117\series_001_2_CR\A2504131887 DXA\CR DXA\CR000000.dcm,2.25.114887542067602662452692698814728642117/series_001_2_CR/A2504131887 DXA/CR DXA/CR000000.dcm,1.2.643.5.1.13.13.12.2.77.8252.03150400010605060115070904121304,2.25.114887542067602662452692698814728642117/series_001_2_CR/A2504131887 DXA/CR DXA/CR000000.dcm,LEG,,,20260916175609.169751,uid_match
Размеченные_499_Илья,C:\Users\Андрей\Desktop\Хакатон\Размеченные_499_Илья\2.25.114887542067602662452692698814728642117\series_001_2_CR\A2504131887 DXA\CR DXA\CR000001.dcm,2.25.114887542067602662452692698814728642117/series_001_2_CR/A2504131887 DXA/CR DXA/CR000001.dcm,1.2.643.5.1.13.13.12.2.77.8252.15050814070214050107040604101305,2.25.114887542067602662452692698814728642117/series_001_2_CR/A2504131887 DXA/CR DXA/CR000001.dcm,LEG,,,20260916175610.725118,uid_match
Размеченные_499_Илья,C:\Users\Андрей\Desktop\Хакатон\Размеченные_499_Илья\2.25.114887542067602662452692698814728642117\series_001_2_CR\A2504131887 DXA\CR DXA\CR000002.dcm,2.25.114887542067602662452692698814728642117/series_001_2_CR/A2504131887 DXA/CR DXA/CR000002.dcm,1.2.643.5.1.13.13.12.2.77.8252.00111415140915030904140513150113,2.25.114887542067602662452692698814728642117/series_001_2_CR/A2504131887 DXA/CR DXA/CR000002.dcm,LEG,,,20260916175613.195959,uid_match
Размеченные_499_Илья,C:\Users\Андрей\Desktop\Хакатон\Размеченные_499_Илья\2.25.114887542067602662452692698814728642117\series_001_2_CR\A2504131887 DXA\CR DXA\CR000003.dcm,2.25.114887542067602662452692698814728642117/series_001_2_CR/A2504131887 DXA/CR DXA/CR000003.dcm,1.2.643.5.1.13.13.12.2.77.8252.08111114040702130902010708100700,2.25.114887542067602662452692698814728642117/series_001_2_CR/A2504131887 DXA/CR DXA/CR000003.dcm,LEG,,,20260916175615.216822,uid_match
Размеченные_499_Илья,C:\Users\Андрей\Desktop\Хакатон\Размеченные_499_Илья\2.25.114887542067602662452692698814728642117\series_001_2_CR\A2504131887 DXA\CR DXA\CR000004.dcm,2.25.114887542067602662452692698814728642117/series_001_2_CR/A2504131887 DXA/CR DXA/CR000004.dcm,1.2.643.5.1.13.13.12.2.77.8252.10001500010311100907131007040004,2.25.114887542067602662452692698814728642117/series_001_2_CR/A2504131887 DXA/CR DXA/CR000004.dcm,SPINE,,,20260916175617.327217,uid_match
Размеченные_499_Илья,C:\Users\Андрей\Desktop\Хакатон\Размеченные_499_Илья\2.25.114887542067602662452692698814728642117\series_001_2_CR\A2504131887 DXA\CR DXA\CR000005.dcm,2.25.114887542067602662452692698814728642117/series_001_2_CR/A2504131887 DXA/CR DXA/CR000005.dcm,1.2.643.5.1.13.13.12.2.77.8252.11151502000914000710090013020813,2.25.114887542067602662452692698814728642117/series_001_2_CR/A2504131887 DXA/CR DXA/CR000005.dcm,LEG,,,20260916175619.284183,uid_match
Размеченные_499_Илья,C:\Users\Андрей\Desktop\Хакатон\Размеченные_499_Илья\2.25.114887542067602662452692698814728642117\series_001_2_CR\A2504131887 DXA\CR DXA\CR000006.dcm,2.25.114887542067602662452692698814728642117/series_001_2_CR/A2504131887 DXA/CR DXA/CR000006.dcm,1.2.643.5.1.13.13.12.2.77.8252.10141411130204150513090803110213,2.25.114887542067602662452692698814728642117/series_001_2_CR/A2504131887 DXA/CR DXA/CR000006.dcm,LEG,,,20260916175620.675177,uid_match
Размеченные_499_Илья,C:\Users\Андрей\Desktop\Хакатон\Размеченные_499_Илья\2.25.114887542067602662452692698814728642117\series_001_2_CR\A2504131887 DXA\CR DXA\CR000007.dcm,2.25.114887542067602662452692698814728642117/series_001_2_CR/A2504131887 DXA/CR DXA/CR000007.dcm,1.2.643.5.1.13.13.12.2.77.8252.09060814101015050208090100150206,2.25.114887542067602662452692698814728642117/series_001_2_CR/A2504131887 DXA/CR DXA/CR000007.dcm,SPINE,,,20260916175622.548025,uid_match
Размеченные_499_Илья,C:\Users\Андрей\Desktop\Хакатон\Размеченные_499_Илья\2.25.114887542067602662452692698814728642117\series_001_2_CR\A2504131887 DXA\CR DXA\CR000008.dcm,2.25.114887542067602662452692698814728642117/series_001_2_CR/A2504131887 DXA/CR DXA/CR000008.dcm,1.2.643.5.1.13.13.12.2.77.8252.11060402050912131204000502001414,2.25.114887542067602662452692698814728642117/series_001_2_CR/A2504131887 DXA/CR DXA/CR000008.dcm,LEG,,,20260916175624.627660,uid_match
Размеченные_499_Илья,C:\Users\Андрей\Desktop\Хакатон\Размеченные_499_Илья\2.25.114887542067602662452692698814728642117\series_001_2_CR\A2504131887 DXA\CR DXA\CR000009.dcm,2.25.114887542067602662452692698814728642117/series_001_2_CR/A2504131887 DXA/CR DXA/CR000009.dcm,1.2.643.5.1.13.13.12.2.77.8252.04051301070809101001111312060114,2.25.114887542067602662452692698814728642117/series_001_2_CR/A2504131887 DXA/CR DXA/CR000009.dcm,LEG,,,20260916175626.462797,uid_match
Размеченные_499_Илья,C:\Users\Андрей\Desktop\Хакатон\Размеченные_499_Илья\2.25.114887542067602662452692698814728642117\series_001_2_CR\A2504131887 DXA\CR DXA\CR000010.dcm,2.25.114887542067602662452692698814728642117/series_001_2_CR/A2504131887 DXA/CR DXA/CR000010.dcm,1.2.643.5.1.13.13.12.2.77.8252.08050414010100010110100910070904,2.25.114887542067602662452692698814728642117/series_001_2_CR/A2504131887 DXA/CR DXA/CR000010.dcm,SPINE,,,20260916175628.609006,uid_match
Размеченные_499_Илья,C:\Users\Андрей\Desktop\Хакатон\Размеченные_499_Илья\2.25.116822802042655971810859435524105064465\series_003_2_CR\A2507273296 DXA\CR DXA\CR000000.dcm,2.25.116822802042655971810859435524105064465/series_003_2_CR/A2507273296 DXA/CR DXA/CR000000.dcm,1.2.643.5.1.13.13.12.2.77.8252.13011301091003020814061203020304,2.25.116822802042655971810859435524105064465/series_003_2_CR/A2507273296 DXA/CR DXA/CR000000.dcm,LEG,,,20260916175631.234816,uid_match
Размеченные_499_Илья,C:\Users\Андрей\Desktop\Хакатон\Размеченные_499_Илья\2.25.116822802042655971810859435524105064465\series_003_2_CR\A2507273296 DXA\CR DXA\CR000001.dcm,2.25.116822802042655971810859435524105064465/series_003_2_CR/A2507273296 DXA/CR DXA/CR000001.dcm,1.2.643.5.1.13.13.12.2.77.8252.01010713081306120510130101121412,2.25.116822802042655971810859435524105064465/series_003_2_CR/A2507273296 DXA/CR DXA/CR000001.dcm,LEG,,,20260916175700.587606,uid_match
Размеченные_499_Илья,C:\Users\Андрей\Desktop\Хакатон\Размеченные_499_Илья\2.25.116822802042655971810859435524105064465\series_003_2_CR\A2507273296 DXA\CR DXA\CR000002.dcm,2.25.116822802042655971810859435524105064465/series_003_2_CR/A2507273296 DXA/CR DXA/CR000002.dcm,1.2.643.5.1.13.13.12.2.77.8252.05150512091506110304120408070606,2.25.116822802042655971810859435524105064465/series_003_2_CR/A2507273296 DXA/CR DXA/CR000002.dcm,SPINE,,,20260916175704.868372,uid_match
Размеченные_499_Илья,C:\Users\Андрей\Desktop\Хакатон\Размеченные_499_Илья\2.25.122446767306607067205618235949445789306\series_001_2_CR\A2504255080 DXA\CR DXA\CR000000.dcm,2.25.122446767306607067205618235949445789306/series_001_2_CR/A2504255080 DXA/CR DXA/CR000000.dcm,1.2.643.5.1.13.13.12.2.77.8252.02101009080308000015051512140806,2.25.122446767306607067205618235949445789306/series_001_2_CR/A2504255080 DXA/CR DXA/CR000000.dcm,LEG,,,20260916175707.335467,uid_match
Размеченные_499_Илья,C:\Users\Андрей\Desktop\Хакатон\Размеченные_499_Илья\2.25.122446767306607067205618235949445789306\series_001_2_CR\A2504255080 DXA\CR DXA\CR000001.dcm,2.25.122446767306607067205618235949445789306/series_001_2_CR/A2504255080 DXA/CR DXA/CR000001.dcm,1.2.643.5.1.13.13.12.2.77.8252.02091106060004131215091000000909,2.25.122446767306607067205618235949445789306/series_001_2_CR/A2504255080 DXA/CR DXA/CR000001.dcm,LEG,,,20260916175709.243422,uid_match
Размеченные_499_Илья,C:\Users\Андрей\Desktop\Хакатон\Размеченные_499_Илья\2.25.122446767306607067205618235949445789306\series_001_2_CR\A2504255080 DXA\CR DXA\CR000002.dcm,2.25.122446767306607067205618235949445789306/series_001_2_CR/A2504255080 DXA/CR DXA/CR000002.dcm,1.2.643.5.1.13.13.12.2.77.8252.15060100040008041103060904131005,2.25.122446767306607067205618235949445789306/series_001_2_CR/A2504255080 DXA/CR DXA/CR000002.dcm,SPINE,,,20260916175711.187980,uid_match
Размеченные_499_Илья,C:\Users\Андрей\Desktop\Хакатон\Размеченные_499_Илья\2.25.122446767306607067205618235949445789306\series_001_2_CR\A2504255080 DXA\CR DXA\CR000003.dcm,2.25.122446767306607067205618235949445789306/series_001_2_CR/A2504255080 DXA/CR DXA/CR000003.dcm,1.2.643.5.1.13.13.12.2.77.8252.03040807040905131500140112021404,2.25.122446767306607067205618235949445789306/series_001_2_CR/A2504255080 DXA/CR DXA/CR000003.dcm,LEG,,,20260916175713.084038,uid_match
Размеченные_499_Илья,C:\Users\Андрей\Desktop\Хакатон\Размеченные_499_Илья\2.25.122446767306607067205618235949445789306\series_001_2_CR\A2504255080 DXA\CR DXA\CR000004.dcm,2.25.122446767306607067205618235949445789306/series_001_2_CR/A2504255080 DXA/CR DXA/CR000004.dcm,1.2.643.5.1.13.13.12.2.77.8252.11100905091110000105111305090709,2.25.122446767306607067205618235949445789306/series_001_2_CR/A2504255080 DXA/CR DXA/CR000004.dcm,LEG,,,20260916175714.622399,uid_match
Размеченные_499_Илья,C:\Users\Андрей\Desktop\Хакатон\Размеченные_499_Илья\2.25.122446767306607067205618235949445789306\series_001_2_CR\A2504255080 DXA\CR DXA\CR000005.dcm,2.25.122446767306607067205618235949445789306/series_001_2_CR/A2504255080 DXA/CR DXA/CR000005.dcm,1.2.643.5.1.13.13.12.2.77.8252.09071502150602001009041214040315,2.25.122446767306607067205618235949445789306/series_001_2_CR/A2504255080 DXA/CR DXA/CR000005.dcm,SPINE,,,20260916175716.428137,uid_match
Размеченные_499_Илья,C:\Users\Андрей\Desktop\Хакатон\Размеченные_499_Илья\2.25.123175695355749859846173904788591707879\series_001_2_CR\A250722449 DXA\CR DXA\CR000000.dcm,2.25.123175695355749859846173904788591707879/series_001_2_CR/A250722449 DXA/CR DXA/CR000000.dcm,1.2.643.5.1.13.13.12.2.77.8252.12031311070507060813050800031313,2.25.123175695355749859846173904788591707879/series_001_2_CR/A250722449 DXA/CR DXA/CR000000.dcm,SPINE,,,20260916175718.337939,uid_match
Размеченные_499_Илья,C:\Users\Андрей\Desktop\Хакатон\Размеченные_499_Илья\2.25.124890633326693921702195356152595253940\series_002_2_CR\A2504263153 DXA\CR DXA\CR000000.dcm,2.25.124890633326693921702195356152595253940/series_002_2_CR/A2504263153 DXA/CR DXA/CR000000.dcm,1.2.643.5.1.13.13.12.2.77.8252.04131510070001011107040403071102,2.25.124890633326693921702195356152595253940/series_002_2_CR/A2504263153 DXA/CR DXA/CR000000.dcm,SPINE,,,20260916175719.904660,uid_match
Размеченные_499_Илья,C:\Users\Андрей\Desktop\Хакатон\Размеченные_499_Илья\2.25.124890633326693921702195356152595253940\series_002_2_CR\A2504263153 DXA\CR DXA\CR000001.dcm,2.25.124890633326693921702195356152595253940/series_002_2_CR/A2504263153 DXA/CR DXA/CR000001.dcm,1.2.643.5.1.13.13.12.2.77.8252.08050506060410091114110412130504,2.25.124890633326693921702195356152595253940/series_002_2_CR/A2504263153 DXA/CR DXA/CR000001.dcm,LEG,,,20260916175721.849951,uid_match
Размеченные_499_Илья,C:\Users\Андрей\Desktop\Хакатон\Размеченные_499_Илья\2.25.124890633326693921702195356152595253940\series_002_2_CR\A2504263153 DXA\CR DXA\CR000002.dcm,2.25.124890633326693921702195356152595253940/series_002_2_CR/A2504263153 DXA/CR DXA/CR000002.dcm,1.2.643.5.1.13.13.12.2.77.8252.10081312010805021201100507060411,2.25.124890633326693921702195356152595253940/series_002_2_CR/A2504263153 DXA/CR DXA/CR000002.dcm,LEG,,,20260916175723.402580,uid_match
Размеченные_499_Илья,C:\Users\Андрей\Desktop\Хакатон\Размеченные_499_Илья\2.25.125521310320333648427417313254965624364\series_001_2_CR\A250444126 DXA\CR DXA\CR000000.dcm,2.25.125521310320333648427417313254965624364/series_001_2_CR/A250444126 DXA/CR DXA/CR000000.dcm,1.2.643.5.1.13.13.12.2.77.8252.06141210040207130507130606070312,2.25.125521310320333648427417313254965624364/series_001_2_CR/A250444126 DXA/CR DXA/CR000000.dcm,SPINE,,,20260916175725.031787,uid_match
Размеченные_499_Илья,C:\Users\Андрей\Desktop\Хакатон\Размеченные_499_Илья\2.25.126293418391331346694592071563510265596\series_002_3_CR\A2507250865 DXA\CR DXA\CR000000.dcm,2.25.126293418391331346694592071563510265596/series_002_3_CR/A2507250865 DXA/CR DXA/CR000000.dcm,1.2.643.5.1.13.13.12.2.77.8252.08121504041301080101130415050611,2.25.126293418391331346694592071563510265596/series_002_3_CR/A2507250865 DXA/CR DXA/CR000000.dcm,LEG,,,20260916175728.630595,uid_match
Размеченные_499_Илья,C:\Users\Андрей\Desktop\Хакатон\Размеченные_499_Илья\2.25.126293418391331346694592071563510265596\series_002_3_CR\A2507250865 DXA\CR DXA\CR000001.dcm,2.25.126293418391331346694592071563510265596/series_002_3_CR/A2507250865 DXA/CR DXA/CR000001.dcm,1.2.643.5.1.13.13.12.2.77.8252.10031005061115110908060312000307,2.25.126293418391331346694592071563510265596/series_002_3_CR/A2507250865 DXA/CR DXA/CR000001.dcm,SPINE,,,20260916175732.565700,uid_match
Размеченные_499_Илья,C:\Users\Андрей\Desktop\Хакатон\Размеченные_499_Илья\2.25.126293418391331346694592071563510265596\series_002_3_CR\A2507250865 DXA\CR DXA\CR000002.dcm,2.25.126293418391331346694592071563510265596/series_002_3_CR/A2507250865 DXA/CR DXA/CR000002.dcm,1.2.643.5.1.13.13.12.2.77.8252.11151304101402090112060913070605,2.25.126293418391331346694592071563510265596/series_002_3_CR/A2507250865 DXA/CR DXA/CR000002.dcm,LEG,,,20260916175747.734360,uid_match
Размеченные_499_Илья,C:\Users\Андрей\Desktop\Хакатон\Размеченные_499_Илья\2.25.127126130998341190348103034690069487890\series_002_2_CR\A250428736 DXA\CR DXA\CR000000.dcm,2.25.127126130998341190348103034690069487890/series_002_2_CR/A250428736 DXA/CR DXA/CR000000.dcm,1.2.643.5.1.13.13.12.2.77.8252.13130511100900071404010502130909,2.25.127126130998341190348103034690069487890/series_002_2_CR/A250428736 DXA/CR DXA/CR000000.dcm,SPINE,,,20260916175749.880118,uid_match
Размеченные_499_Илья,C:\Users\Андрей\Desktop\Хакатон\Размеченные_499_Илья\2.25.127126130998341190348103034690069487890\series_002_2_CR\A250428736 DXA\CR DXA\CR000001.dcm,2.25.127126130998341190348103034690069487890/series_002_2_CR/A250428736 DXA/CR DXA/CR000001.dcm,1.2.643.5.1.13.13.12.2.77.8252.10040807011312021210130513011200,2.25.127126130998341190348103034690069487890/series_002_2_CR/A250428736 DXA/CR DXA/CR000001.dcm,LEG,,,20260916175752.397126,uid_match
Размеченные_499_Илья,C:\Users\Андрей\Desktop\Хакатон\Размеченные_499_Илья\2.25.127126130998341190348103034690069487890\series_002_2_CR\A250428736 DXA\CR DXA\CR000002.dcm,2.25.127126130998341190348103034690069487890/series_002_2_CR/A250428736 DXA/CR DXA/CR000002.dcm,1.2.643.5.1.13.13.12.2.77.8252.03120008051300001208141011101302,2.25.127126130998341190348103034690069487890/series_002_2_CR/A250428736 DXA/CR DXA/CR000002.dcm,LEG,,,20260916175754.202559,uid_match
Размеченные_499_Илья,C:\Users\Андрей\Desktop\Хакатон\Размеченные_499_Илья\2.25.127126130998341190348103034690069487890\series_002_2_CR\A250428736 DXA\CR DXA\CR000003.dcm,2.25.127126130998341190348103034690069487890/series_002_2_CR/A250428736 DXA/CR DXA/CR000003.dcm,1.2.643.5.1.13.13.12.2.77.8252.01070801081413060013111012010201,2.25.127126130998341190348103034690069487890/series_002_2_CR/A250428736 DXA/CR DXA/CR000003.dcm,LEG,,,20260916175759.246784,uid_match
Размеченные_499_Илья,C:\Users\Андрей\Desktop\Хакатон\Размеченные_499_Илья\2.25.127126130998341190348103034690069487890\series_002_2_CR\A250428736 DXA\CR DXA\CR000004.dcm,2.25.127126130998341190348103034690069487890/series_002_2_CR/A250428736 DXA/CR DXA/CR000004.dcm,1.2.643.5.1.13.13.12.2.77.8252.14080500031007021314121106040303,2.25.127126130998341190348103034690069487890/series_002_2_CR/A250428736 DXA/CR DXA/CR000004.dcm,SPINE,,,20260916175801.269172,uid_match
Размеченные_499_Илья,C:\Users\Андрей\Desktop\Хакатон\Размеченные_499_Илья\2.25.127126130998341190348103034690069487890\series_002_2_CR\A250428736 DXA\CR DXA\CR000005.dcm,2.25.127126130998341190348103034690069487890/series_002_2_CR/A250428736 DXA/CR DXA/CR000005.dcm,1.2.643.5.1.13.13.12.2.77.8252.03020502031409151006020306090105,2.25.127126130998341190348103034690069487890/series_002_2_CR/A250428736 DXA/CR DXA/CR000005.dcm,LEG,,,20260916175803.255674,uid_match
Размеченные_499_Илья,C:\Users\Андрей\Desktop\Хакатон\Размеченные_499_Илья\2.25.12798473087614376830819854616447908612\series_002_2_CR\A2507538847 DXA\CR DXA\CR000000.dcm,2.25.12798473087614376830819854616447908612/series_002_2_CR/A2507538847 DXA/CR DXA/CR000000.dcm,1.2.643.5.1.13.13.12.2.77.8252.07111115111305011108141412010801,2.25.12798473087614376830819854616447908612/series_002_2_CR/A2507538847 DXA/CR DXA/CR000000.dcm,SPINE,,,20260916175804.881149,uid_match
Размеченные_499_Илья,C:\Users\Андрей\Desktop\Хакатон\Размеченные_499_Илья\2.25.12798473087614376830819854616447908612\series_002_2_CR\A2507538847 DXA\CR DXA\CR000001.dcm,2.25.12798473087614376830819854616447908612/series_002_2_CR/A2507538847 DXA/CR DXA/CR000001.dcm,1.2.643.5.1.13.13.12.2.77.8252.02011409120209130807021302101100,2.25.12798473087614376830819854616447908612/series_002_2_CR/A2507538847 DXA/CR DXA/CR000001.dcm,LEG,,,20260916175816.759361,uid_match
Размеченные_499_Илья,C:\Users\Андрей\Desktop\Хакатон\Размеченные_499_Илья\2.25.12798473087614376830819854616447908612\series_002_2_CR\A2507538847 DXA\CR DXA\CR000002.dcm,2.25.12798473087614376830819854616447908612/series_002_2_CR/A2507538847 DXA/CR DXA/CR000002.dcm,1.2.643.5.1.13.13.12.2.77.8252.07050602130910101513020700010509,2.25.12798473087614376830819854616447908612/series_002_2_CR/A2507538847 DXA/CR DXA/CR000002.dcm,LEG,,,20260916175819.087830,uid_match
Размеченные_499_Илья,C:\Users\Андрей\Desktop\Хакатон\Размеченные_499_Илья\2.25.128197189461989832465575162384360009377\series_001_2_CR\A2507216909 DXA\CR DXA\CR000000.dcm,2.25.128197189461989832465575162384360009377/series_001_2_CR/A2507216909 DXA/CR DXA/CR000000.dcm,1.2.643.5.1.13.13.12.2.77.8252.02030508140000071310150302011113,2.25.128197189461989832465575162384360009377/series_001_2_CR/A2507216909 DXA/CR DXA/CR000000.dcm,SPINE,,,20260916175820.715517,uid_match
Размеченные_499_Илья,C:\Users\Андрей\Desktop\Хакатон\Размеченные_499_Илья\2.25.128630285053087246379265602913470285158\series_003_2_CR\A2504394821 DXA\CR DXA\CR000000.dcm,2.25.128630285053087246379265602913470285158/series_003_2_CR/A2504394821 DXA/CR DXA/CR000000.dcm,1.2.643.5.1.13.13.12.2.77.8252.09070705131210061514041509120513,2.25.128630285053087246379265602913470285158/series_003_2_CR/A2504394821 DXA/CR DXA/CR000000.dcm,SPINE,,,20260916175822.488288,uid_match
Размеченные_499_Илья,C:\Users\Андрей\Desktop\Хакатон\Размеченные_499_Илья\2.25.128990540359421489042453547244535073735\series_002_2_CR\A2507388698 DXA\CR DXA\CR000000.dcm,2.25.128990540359421489042453547244535073735/series_002_2_CR/A2507388698 DXA/CR DXA/CR000000.dcm,1.2.643.5.1.13.13.12.2.77.8252.09150805131402040209060509150410,2.25.128990540359421489042453547244535073735/series_002_2_CR/A2507388698 DXA/CR DXA/CR000000.dcm,LEG,,,20260916175824.127348,uid_match
Размеченные_499_Илья,C:\Users\Андрей\Desktop\Хакатон\Размеченные_499_Илья\2.25.128990540359421489042453547244535073735\series_002_2_CR\A2507388698 DXA\CR DXA\CR000001.dcm,2.25.128990540359421489042453547244535073735/series_002_2_CR/A2507388698 DXA/CR DXA/CR000001.dcm,1.2.643.5.1.13.13.12.2.77.8252.11000605051111050207041006140905,2.25.128990540359421489042453547244535073735/series_002_2_CR/A2507388698 DXA/CR DXA/CR000001.dcm,SPINE,,,20260916175826.100980,uid_match
Размеченные_499_Илья,C:\Users\Андрей\Desktop\Хакатон\Размеченные_499_Илья\2.25.128990540359421489042453547244535073735\series_002_2_CR\A2507388698 DXA\CR DXA\CR000002.dcm,2.25.128990540359421489042453547244535073735/series_002_2_CR/A2507388698 DXA/CR DXA/CR000002.dcm,1.2.643.5.1.13.13.12.2.77.8252.09060004140611120111091509030603,2.25.128990540359421489042453547244535073735/series_002_2_CR/A2507388698 DXA/CR DXA/CR000002.dcm,LEG,,,20260916175827.903191,uid_match
Размеченные_499_Илья,C:\Users\Андрей\Desktop\Хакатон\Размеченные_499_Илья\2.25.128990540359421489042453547244535073735\series_002_2_CR\A2507388698 DXA\CR DXA\CR000003.dcm,2.25.128990540359421489042453547244535073735/series_002_2_CR/A2507388698 DXA/CR DXA/CR000003.dcm,1.2.643.5.1.13.13.12.2.77.8252.02111507100612121000021204080801,2.25.128990540359421489042453547244535073735/series_002_2_CR/A2507388698 DXA/CR DXA/CR000003.dcm,LEG,,,20260916175829.500779,uid_match
Размеченные_499_Илья,C:\Users\Андрей\Desktop\Хакатон\Размеченные_499_Илья\2.25.128990540359421489042453547244535073735\series_002_2_CR\A2507388698 DXA\CR DXA\CR000004.dcm,2.25.128990540359421489042453547244535073735/series_002_2_CR/A2507388698 DXA/CR DXA/CR000004.dcm,1.2.643.5.1.13.13.12.2.77.8252.04071014120313000711051010091409,2.25.128990540359421489042453547244535073735/series_002_2_CR/A2507388698 DXA/CR DXA/CR000004.dcm,SPINE,,,20260916175831.047748,uid_match
Размеченные_499_Илья,C:\Users\Андрей\Desktop\Хакатон\Размеченные_499_Илья\2.25.128990540359421489042453547244535073735\series_002_2_CR\A2507388698 DXA\CR DXA\CR000005.dcm,2.25.128990540359421489042453547244535073735/series_002_2_CR/A2507388698 DXA/CR DXA/CR000005.dcm,1.2.643.5.1.13.13.12.2.77.8252.12120911020011140507050515090906,2.25.128990540359421489042453547244535073735/series_002_2_CR/A2507388698 DXA/CR DXA/CR000005.dcm,LEG,,,20260916175832.612998,uid_match
Размеченные_499_Илья,C:\Users\Андрей\Desktop\Хакатон\Размеченные_499_Илья\2.25.129239680100193368599713239115902740628\series_003_3_CR\A250757345 DXA\CR DXA\CR000000.dcm,2.25.129239680100193368599713239115902740628/series_003_3_CR/A250757345 DXA/CR DXA/CR000000.dcm,1.2.643.5.1.13.13.12.2.77.8252.00131503020212110600101502020700,2.25.129239680100193368599713239115902740628/series_003_3_CR/A250757345 DXA/CR DXA/CR000000.dcm,LEG,,,20260916175835.299708,uid_match
Размеченные_499_Илья,C:\Users\Андрей\Desktop\Хакатон\Размеченные_499_Илья\2.25.13069823278093578548407087310307113784\series_003_2_CR\A2507242667 DXA\CR DXA\CR000000.dcm,2.25.13069823278093578548407087310307113784/series_003_2_CR/A2507242667 DXA/CR DXA/CR000000.dcm,1.2.643.5.1.13.13.12.2.77.8252.12051101030200021506031210090702,2.25.13069823278093578548407087310307113784/series_003_2_CR/A2507242667 DXA/CR DXA/CR000000.dcm,LEG,,,20260916175837.684936,uid_match
Размеченные_499_Илья,C:\Users\Андрей\Desktop\Хакатон\Размеченные_499_Илья\2.25.13069823278093578548407087310307113784\series_003_2_CR\A2507242667 DXA\CR DXA\CR000001.dcm,2.25.13069823278093578548407087310307113784/series_003_2_CR/A2507242667 DXA/CR DXA/CR000001.dcm,1.2.643.5.1.13.13.12.2.77.8252.05100110120015150515030506140402,2.25.13069823278093578548407087310307113784/series_003_2_CR/A2507242667 DXA/CR DXA/CR000001.dcm,SPINE,,,20260916175839.944682,uid_match
Размеченные_499_Илья,C:\Users\Андрей\Desktop\Хакатон\Размеченные_499_Илья\2.25.13069823278093578548407087310307113784\series_003_2_CR\A2507242667 DXA\CR DXA\CR000002.dcm,2.25.13069823278093578548407087310307113784/series_003_2_CR/A2507242667 DXA/CR DXA/CR000002.dcm,1.2.643.5.1.13.13.12.2.77.8252.06081211090913150712130913130401,2.25.13069823278093578548407087310307113784/series_003_2_CR/A2507242667 DXA/CR DXA/CR000002.dcm,LEG,,,20260916175841.510355,uid_match
Размеченные_499_Илья,C:\Users\Андрей\Desktop\Хакатон\Размеченные_499_Илья\2.25.132083163398091874662674590622589534350\series_003_2_CR\A2507386583 DXA Exam\CR DXA Images\CR000000.dcm,2.25.132083163398091874662674590622589534350/series_003_2_CR/A2507386583 DXA Exam/CR DXA Images/CR000000.dcm,1.2.643.5.1.13.13.12.2.77.8252.13151303131009131214000609090104,2.25.132083163398091874662674590622589534350/series_003_2_CR/A2507386583 DXA Exam/CR DXA Images/CR000000.dcm,LEG,,,20260916175844.022918,uid_match
Размеченные_499_Илья,C:\Users\Андрей\Desktop\Хакатон\Размеченные_499_Илья\2.25.132083163398091874662674590622589534350\series_003_2_CR\A2507386583 DXA Exam\CR DXA Images\CR000001.dcm,2.25.132083163398091874662674590622589534350/series_003_2_CR/A2507386583 DXA Exam/CR DXA Images/CR000001.dcm,1.2.643.5.1.13.13.12.2.77.8252.15080409060108110106110204020115,2.25.132083163398091874662674590622589534350/series_003_2_CR/A2507386583 DXA Exam/CR DXA Images/CR000001.dcm,SPINE,,,20260916175846.160119,uid_match
Размеченные_499_Илья,C:\Users\Андрей\Desktop\Хакатон\Размеченные_499_Илья\2.25.132083163398091874662674590622589534350\series_003_2_CR\A2507386583 DXA Exam\CR DXA Images\CR000002.dcm,2.25.132083163398091874662674590622589534350/series_003_2_CR/A2507386583 DXA Exam/CR DXA Images/CR000002.dcm,1.2.643.5.1.13.13.12.2.77.8252.06120903051105150112061201080014,2.25.132083163398091874662674590622589534350/series_003_2_CR/A2507386583 DXA Exam/CR DXA Images/CR000002.dcm,LEG,,,20260916175847.690968,uid_match
Размеченные_499_Илья,C:\Users\Андрей\Desktop\Хакатон\Размеченные_499_Илья\2.25.132272637351979990811754009849547633391\series_003_3_CR\A2504141080 DXA\CR DXA\CR000000.dcm,2.25.132272637351979990811754009849547633391/series_003_3_CR/A2504141080 DXA/CR DXA/CR000000.dcm,1.2.643.5.1.13.13.12.2.77.8252.05020106091400040809110708040301,2.25.132272637351979990811754009849547633391/series_003_3_CR/A2504141080 DXA/CR DXA/CR000000.dcm,LEG,,,20260916175849.743937,uid_match
Размеченные_499_Илья,C:\Users\Андрей\Desktop\Хакатон\Размеченные_499_Илья\2.25.132272637351979990811754009849547633391\series_003_3_CR\A2504141080 DXA\CR DXA\CR000001.dcm,2.25.132272637351979990811754009849547633391/series_003_3_CR/A2504141080 DXA/CR DXA/CR000001.dcm,1.2.643.5.1.13.13.12.2.77.8252.15140601101305061400021505010802,2.25.132272637351979990811754009849547633391/series_003_3_CR/A2504141080 DXA/CR DXA/CR000001.dcm,LEG,,,20260916175852.091774,uid_match
Размеченные_499_Илья,C:\Users\Андрей\Desktop\Хакатон\Размеченные_499_Илья\2.25.132272637351979990811754009849547633391\series_003_3_CR\A2504141080 DXA\CR DXA\CR000002.dcm,2.25.132272637351979990811754009849547633391/series_003_3_CR/A2504141080 DXA/CR DXA/CR000002.dcm,1.2.643.5.1.13.13.12.2.77.8252.07151108041411120004040810151209,2.25.132272637351979990811754009849547633391/series_003_3_CR/A2504141080 DXA/CR DXA/CR000002.dcm,SPINE,,,20260916175855.266007,uid_match
Размеченные_499_Илья,C:\Users\Андрей\Desktop\Хакатон\Размеченные_499_Илья\2.25.13325817932854000792938662637654885530\series_002_2_CR\A2507365486 DXA\CR DXA\CR000000.dcm,2.25.13325817932854000792938662637654885530/series_002_2_CR/A2507365486 DXA/CR DXA/CR000000.dcm,1.2.643.5.1.13.13.12.2.77.8252.02090003020511130407030106110206,2.25.13325817932854000792938662637654885530/series_002_2_CR/A2507365486 DXA/CR DXA/CR000000.dcm,SPINE,,,20260916175857.103106,uid_match
Размеченные_499_Илья,C:\Users\Андрей\Desktop\Хакатон\Размеченные_499_Илья\2.25.13325817932854000792938662637654885530\series_002_2_CR\A2507365486 DXA\CR DXA\CR000001.dcm,2.25.13325817932854000792938662637654885530/series_002_2_CR/A2507365486 DXA/CR DXA/CR000001.dcm,1.2.643.5.1.13.13.12.2.77.8252.04080409110008071309041404000111,2.25.13325817932854000792938662637654885530/series_002_2_CR/A2507365486 DXA/CR DXA/CR000001.dcm,LEG,,,20260916175859.052298,uid_match
Размеченные_499_Илья,C:\Users\Андрей\Desktop\Хакатон\Размеченные_499_Илья\2.25.13325817932854000792938662637654885530\series_002_2_CR\A2507365486 DXA\CR DXA\CR000002.dcm,2.25.13325817932854000792938662637654885530/series_002_2_CR/A2507365486 DXA/CR DXA/CR000002.dcm,1.2.643.5.1.13.13.12.2.77.8252.11150104101400000200001411070008,2.25.13325817932854000792938662637654885530/series_002_2_CR/A2507365486 DXA/CR DXA/CR000002.dcm,LEG,,,20260916175900.580003,uid_match
Размеченные_499_Илья,C:\Users\Андрей\Desktop\Хакатон\Размеченные_499_Илья\2.25.13325817932854000792938662637654885530\series_002_2_CR\A2507365486 DXA\CR DXA\CR000003.dcm,2.25.13325817932854000792938662637654885530/series_002_2_CR/A2507365486 DXA/CR DXA/CR000003.dcm,1.2.643.5.1.13.13.12.2.77.8252.00090714091003060206031503010409,2.25.13325817932854000792938662637654885530/series_002_2_CR/A2507365486 DXA/CR DXA/CR000003.dcm,LEG,,,20260916175902.423737,uid_match
Размеченные_499_Илья,C:\Users\Андрей\Desktop\Хакатон\Размеченные_499_Илья\2.25.13325817932854000792938662637654885530\series_002_2_CR\A2507365486 DXA\CR DXA\CR000004.dcm,2.25.13325817932854000792938662637654885530/series_002_2_CR/A2507365486 DXA/CR DXA/CR000004.dcm,1.2.643.5.1.13.13.12.2.77.8252.13150808100913111314080101030008,2.25.13325817932854000792938662637654885530/series_002_2_CR/A2507365486 DXA/CR DXA/CR000004.dcm,LEG,,,20260916175904.260134,uid_match
Размеченные_499_Илья,C:\Users\Андрей\Desktop\Хакатон\Размеченные_499_Илья\2.25.13325817932854000792938662637654885530\series_002_2_CR\A2507365486 DXA\CR DXA\CR000005.dcm,2.25.13325817932854000792938662637654885530/series_002_2_CR/A2507365486 DXA/CR DXA/CR000005.dcm,1.2.643.5.1.13.13.12.2.77.8252.11020707081006150000011408140609,2.25.13325817932854000792938662637654885530/series_002_2_CR/A2507365486 DXA/CR DXA/CR000005.dcm,LEG,,,20260916175906.360795,uid_match
Размеченные_499_Илья,C:\Users\Андрей\Desktop\Хакатон\Размеченные_499_Илья\2.25.13325817932854000792938662637654885530\series_002_2_CR\A2507365486 DXA\CR DXA\CR000006.dcm,2.25.13325817932854000792938662637654885530/series_002_2_CR/A2507365486 DXA/CR DXA/CR000006.dcm,1.2.643.5.1.13.13.12.2.77.8252.10001304041304060303041004101403,2.25.13325817932854000792938662637654885530/series_002_2_CR/A2507365486 DXA/CR DXA/CR000006.dcm,LEG,,,20260916175908.045214,uid_match
Размеченные_499_Илья,C:\Users\Андрей\Desktop\Хакатон\Размеченные_499_Илья\2.25.13325817932854000792938662637654885530\series_002_2_CR\A2507365486 DXA\CR DXA\CR000007.dcm,2.25.13325817932854000792938662637654885530/series_002_2_CR/A2507365486 DXA/CR DXA/CR000007.dcm,1.2.643.5.1.13.13.12.2.77.8252.12151114030903000211100702060009,2.25.13325817932854000792938662637654885530/series_002_2_CR/A2507365486 DXA/CR DXA/CR000007.dcm,LEG,,,20260916175909.694244,uid_match
Размеченные_499_Илья,C:\Users\Андрей\Desktop\Хакатон\Размеченные_499_Илья\2.25.13325817932854000792938662637654885530\series_002_2_CR\A2507365486 DXA\CR DXA\CR000008.dcm,2.25.13325817932854000792938662637654885530/series_002_2_CR/A2507365486 DXA/CR DXA/CR000008.dcm,1.2.643.5.1.13.13.12.2.77.8252.02031303080313100507120501150506,2.25.13325817932854000792938662637654885530/series_002_2_CR/A2507365486 DXA/CR DXA/CR000008.dcm,LEG,,,20260916175911.801960,uid_match
Размеченные_499_Илья,C:\Users\Андрей\Desktop\Хакатон\Размеченные_499_Илья\2.25.13325817932854000792938662637654885530\series_002_2_CR\A2507365486 DXA\CR DXA\CR000009.dcm,2.25.13325817932854000792938662637654885530/series_002_2_CR/A2507365486 DXA/CR DXA/CR000009.dcm,1.2.643.5.1.13.13.12.2.77.8252.06150706081207041203070111090707,2.25.13325817932854000792938662637654885530/series_002_2_CR/A2507365486 DXA/CR DXA/CR000009.dcm,LEG,,,20260916175913.640528,uid_match
Размеченные_499_Илья,C:\Users\Андрей\Desktop\Хакатон\Размеченные_499_Илья\2.25.13325817932854000792938662637654885530\series_002_2_CR\A2507365486 DXA\CR DXA\CR000010.dcm,2.25.13325817932854000792938662637654885530/series_002_2_CR/A2507365486 DXA/CR DXA/CR000010.dcm,1.2.643.5.1.13.13.12.2.77.8252.06150108111302000413130014070915,2.25.13325817932854000792938662637654885530/series_002_2_CR/A2507365486 DXA/CR DXA/CR000010.dcm,SPINE,,,20260916175915.436273,uid_match
Размеченные_499_Илья,C:\Users\Андрей\Desktop\Хакатон\Размеченные_499_Илья\2.25.13325817932854000792938662637654885530\series_002_2_CR\A2507365486 DXA\CR DXA\CR000011.dcm,2.25.13325817932854000792938662637654885530/series_002_2_CR/A2507365486 DXA/CR DXA/CR000011.dcm,1.2.643.5.1.13.13.12.2.77.8252.07031408150101110505001201030207,2.25.13325817932854000792938662637654885530/series_002_2_CR/A2507365486 DXA/CR DXA/CR000011.dcm,LEG,,,20260916175917.417342,uid_match
Размеченные_499_Илья,C:\Users\Андрей\Desktop\Хакатон\Размеченные_499_Илья\2.25.13325817932854000792938662637654885530\series_002_2_CR\A2507365486 DXA\CR DXA\CR000012.dcm,2.25.13325817932854000792938662637654885530/series_002_2_CR/A2507365486 DXA/CR DXA/CR000012.dcm,1.2.643.5.1.13.13.12.2.77.8252.14070208080209001506081402060503,2.25.13325817932854000792938662637654885530/series_002_2_CR/A2507365486 DXA/CR DXA/CR000012.dcm,SPINE,,,20260916175918.993108,uid_match
Размеченные_499_Илья,C:\Users\Андрей\Desktop\Хакатон\Размеченные_499_Илья\2.25.134456506307367483341018281460841912845\series_002_2_CR\A2507120612 DXA\CR DXA\CR000000.dcm,2.25.134456506307367483341018281460841912845/series_002_2_CR/A2507120612 DXA/CR DXA/CR000000.dcm,1.2.643.5.1.13.13.12.2.77.8252.04040803080402061202041005000304,2.25.134456506307367483341018281460841912845/series_002_2_CR/A2507120612 DXA/CR DXA/CR000000.dcm,LEG,,,20260916175920.713581,uid_match
Размеченные_499_Илья,C:\Users\Андрей\Desktop\Хакатон\Размеченные_499_Илья\2.25.134456506307367483341018281460841912845\series_002_2_CR\A2507120612 DXA\CR DXA\CR000001.dcm,2.25.134456506307367483341018281460841912845/series_002_2_CR/A2507120612 DXA/CR DXA/CR000001.dcm,1.2.643.5.1.13.13.12.2.77.8252.13090607110001000310151006050113,2.25.134456506307367483341018281460841912845/series_002_2_CR/A2507120612 DXA/CR DXA/CR000001.dcm,SPINE,,,20260916175923.637407,uid_match
Размеченные_499_Илья,C:\Users\Андрей\Desktop\Хакатон\Размеченные_499_Илья\2.25.134456506307367483341018281460841912845\series_002_2_CR\A2507120612 DXA\CR DXA\CR000002.dcm,2.25.134456506307367483341018281460841912845/series_002_2_CR/A2507120612 DXA/CR DXA/CR000002.dcm,1.2.643.5.1.13.13.12.2.77.8252.14121200111500000012151207021305,2.25.134456506307367483341018281460841912845/series_002_2_CR/A2507120612 DXA/CR DXA/CR000002.dcm,LEG,,,20260916175925.423052,uid_match
Размеченные_499_Илья,C:\Users\Андрей\Desktop\Хакатон\Размеченные_499_Илья\2.25.135241889065705954191821710363605596815\series_003_3_CR\A250715060 DXA\CR DXA\CR000000.dcm,2.25.135241889065705954191821710363605596815/series_003_3_CR/A250715060 DXA/CR DXA/CR000000.dcm,1.2.643.5.1.13.13.12.2.77.8252.04060811050000140014040410080212,2.25.135241889065705954191821710363605596815/series_003_3_CR/A250715060 DXA/CR DXA/CR000000.dcm,LEG,,,20260916175927.098269,uid_match
Размеченные_499_Илья,C:\Users\Андрей\Desktop\Хакатон\Размеченные_499_Илья\2.25.135241889065705954191821710363605596815\series_003_3_CR\A250715060 DXA\CR DXA\CR000001.dcm,2.25.135241889065705954191821710363605596815/series_003_3_CR/A250715060 DXA/CR DXA/CR000001.dcm,1.2.643.5.1.13.13.12.2.77.8252.12060607091105150404131215110908,2.25.135241889065705954191821710363605596815/series_003_3_CR/A250715060 DXA/CR DXA/CR000001.dcm,SPINE,,,20260916175928.974589,uid_match
Размеченные_499_Илья,C:\Users\Андрей\Desktop\Хакатон\Размеченные_499_Илья\2.25.13566237352084812982996047541944701548\series_002_2_CR\A2504268931 DXA\CR DXA\CR000000.dcm,2.25.13566237352084812982996047541944701548/series_002_2_CR/A2504268931 DXA/CR DXA/CR000000.dcm,1.2.643.5.1.13.13.12.2.77.8252.09030712140506070904071003000708,2.25.13566237352084812982996047541944701548/series_002_2_CR/A2504268931 DXA/CR DXA/CR000000.dcm,SPINE,,,20260916175930.519617,uid_match
Размеченные_499_Илья,C:\Users\Андрей\Desktop\Хакатон\Размеченные_499_Илья\2.25.137344827330550141320158285144101816664\series_003_3_CR\A2507146630 DXA\CR DXA\CR000000.dcm,2.25.137344827330550141320158285144101816664/series_003_3_CR/A2507146630 DXA/CR DXA/CR000000.dcm,1.2.643.5.1.13.13.12.2.77.8252.02050314081501100100131400110412,2.25.137344827330550141320158285144101816664/series_003_3_CR/A2507146630 DXA/CR DXA/CR000000.dcm,SPINE,,,20260916175932.814139,uid_match
Размеченные_499_Илья,C:\Users\Андрей\Desktop\Хакатон\Размеченные_499_Илья\2.25.137344827330550141320158285144101816664\series_003_3_CR\A2507146630 DXA\CR DXA\CR000001.dcm,2.25.137344827330550141320158285144101816664/series_003_3_CR/A2507146630 DXA/CR DXA/CR000001.dcm,1.2.643.5.1.13.13.12.2.77.8252.14140312010015010504081306061203,2.25.137344827330550141320158285144101816664/series_003_3_CR/A2507146630 DXA/CR DXA/CR000001.dcm,LEG,,,20260916175936.099890,uid_match
Размеченные_499_Илья,C:\Users\Андрей\Desktop\Хакатон\Размеченные_499_Илья\2.25.137344827330550141320158285144101816664\series_003_3_CR\A2507146630 DXA\CR DXA\CR000002.dcm,2.25.137344827330550141320158285144101816664/series_003_3_CR/A2507146630 DXA/CR DXA/CR000002.dcm,1.2.643.5.1.13.13.12.2.77.8252.03131510081105080011060404010511,2.25.137344827330550141320158285144101816664/series_003_3_CR/A2507146630 DXA/CR DXA/CR000002.dcm,LEG,,,20260916175937.869838,uid_match
Размеченные_499_Илья,C:\Users\Андрей\Desktop\Хакатон\Размеченные_499_Илья\2.25.137675513852774974135210999345676405116\series_001_2_CR\A2504106597 DXA\CR DXA\CR000000.dcm,2.25.137675513852774974135210999345676405116/series_001_2_CR/A2504106597 DXA/CR DXA/CR000000.dcm,1.2.643.5.1.13.13.12.2.77.8252.05060902130204131205041207051405,2.25.137675513852774974135210999345676405116/series_001_2_CR/A2504106597 DXA/CR DXA/CR000000.dcm,SPINE,,,20260916175939.539465,uid_match
Размеченные_499_Илья,C:\Users\Андрей\Desktop\Хакатон\Размеченные_499_Илья\2.25.13983650679559142983913935144968795415\series_003_2_CR\A2504335111 DXA\CR DXA\CR000000.dcm,2.25.13983650679559142983913935144968795415/series_003_2_CR/A2504335111 DXA/CR DXA/CR000000.dcm,1.2.643.5.1.13.13.12.2.77.8252.01100509051301061200120505020711,2.25.13983650679559142983913935144968795415/series_003_2_CR/A2504335111 DXA/CR DXA/CR000000.dcm,SPINE,,,20260916175941.360875,uid_match
Размеченные_499_Илья,C:\Users\Андрей\Desktop\Хакатон\Размеченные_499_Илья\2.25.13983650679559142983913935144968795415\series_003_2_CR\A2504335111 DXA\CR DXA\CR000001.dcm,2.25.13983650679559142983913935144968795415/series_003_2_CR/A2504335111 DXA/CR DXA/CR000001.dcm,1.2.643.5.1.13.13.12.2.77.8252.02030711120805150008090200030710,2.25.13983650679559142983913935144968795415/series_003_2_CR/A2504335111 DXA/CR DXA/CR000001.dcm,LEG,,,20260916175943.101602,uid_match
Размеченные_499_Илья,C:\Users\Андрей\Desktop\Хакатон\Размеченные_499_Илья\2.25.13983650679559142983913935144968795415\series_003_2_CR\A2504335111 DXA\CR DXA\CR000002.dcm,2.25.13983650679559142983913935144968795415/series_003_2_CR/A2504335111 DXA/CR DXA/CR000002.dcm,1.2.643.5.1.13.13.12.2.77.8252.05100908130706051511060907050202,2.25.13983650679559142983913935144968795415/series_003_2_CR/A2504335111 DXA/CR DXA/CR000002.dcm,LEG,,,20260916175945.077959,uid_match
Размеченные_499_Илья,C:\Users\Андрей\Desktop\Хакатон\Размеченные_499_Илья\2.25.13983650679559142983913935144968795415\series_003_2_CR\A2504335111 DXA\CR DXA\CR000003.dcm,2.25.13983650679559142983913935144968795415/series_003_2_CR/A2504335111 DXA/CR DXA/CR000003.dcm,1.2.643.5.1.13.13.12.2.77.8252.07080813110202150000000512100700,2.25.13983650679559142983913935144968795415/series_003_2_CR/A2504335111 DXA/CR DXA/CR000003.dcm,SPINE,,,20260916175949.828343,uid_match
Размеченные_499_Илья,C:\Users\Андрей\Desktop\Хакатон\Размеченные_499_Илья\2.25.13983650679559142983913935144968795415\series_003_2_CR\A2504335111 DXA\CR DXA\CR000004.dcm,2.25.13983650679559142983913935144968795415/series_003_2_CR/A2504335111 DXA/CR DXA/CR000004.dcm,1.2.643.5.1.13.13.12.2.77.8252.04081012050615111107130109120010,2.25.13983650679559142983913935144968795415/series_003_2_CR/A2504335111 DXA/CR DXA/CR000004.dcm,LEG,,,20260916175952.855638,uid_match
Размеченные_499_Илья,C:\Users\Андрей\Desktop\Хакатон\Размеченные_499_Илья\2.25.13983650679559142983913935144968795415\series_003_2_CR\A2504335111 DXA\CR DXA\CR000005.dcm,2.25.13983650679559142983913935144968795415/series_003_2_CR/A2504335111 DXA/CR DXA/CR000005.dcm,1.2.643.5.1.13.13.12.2.77.8252.02081511091502140105000012140914,2.25.13983650679559142983913935144968795415/series_003_2_CR/A2504335111 DXA/CR DXA/CR000005.dcm,LEG,,,20260916175954.787361,uid_match
Размеченные_499_Илья,C:\Users\Андрей\Desktop\Хакатон\Размеченные_499_Илья\2.25.144941557565802351596730914409170713112\series_001_2_CR\A250728979 DXA\CR DXA\CR000000.dcm,2.25.144941557565802351596730914409170713112/series_001_2_CR/A250728979 DXA/CR DXA/CR000000.dcm,1.2.643.5.1.13.13.12.2.77.8252.01100715050305071000110707040014,2.25.144941557565802351596730914409170713112/series_001_2_CR/A250728979 DXA/CR DXA/CR000000.dcm,LEG,,,20260916175956.375574,uid_match
Размеченные_499_Илья,C:\Users\Андрей\Desktop\Хакатон\Размеченные_499_Илья\2.25.144941557565802351596730914409170713112\series_001_2_CR\A250728979 DXA\CR DXA\CR000001.dcm,2.25.144941557565802351596730914409170713112/series_001_2_CR/A250728979 DXA/CR DXA/CR000001.dcm,1.2.643.5.1.13.13.12.2.77.8252.05030004000114011306070703000900,2.25.144941557565802351596730914409170713112/series_001_2_CR/A250728979 DXA/CR DXA/CR000001.dcm,LEG,,,20260916175958.142340,uid_match
Размеченные_499_Илья,C:\Users\Андрей\Desktop\Хакатон\Размеченные_499_Илья\2.25.144941557565802351596730914409170713112\series_001_2_CR\A250728979 DXA\CR DXA\CR000002.dcm,2.25.144941557565802351596730914409170713112/series_001_2_CR/A250728979 DXA/CR DXA/CR000002.dcm,1.2.643.5.1.13.13.12.2.77.8252.14070202101304120203120502100808,2.25.144941557565802351596730914409170713112/series_001_2_CR/A250728979 DXA/CR DXA/CR000002.dcm,LEG,,,20260916175959.629598,uid_match
Размеченные_499_Илья,C:\Users\Андрей\Desktop\Хакатон\Размеченные_499_Илья\2.25.144941557565802351596730914409170713112\series_001_2_CR\A250728979 DXA\CR DXA\CR000003.dcm,2.25.144941557565802351596730914409170713112/series_001_2_CR/A250728979 DXA/CR DXA/CR000003.dcm,1.2.643.5.1.13.13.12.2.77.8252.03000804151513141409051310151514,2.25.144941557565802351596730914409170713112/series_001_2_CR/A250728979 DXA/CR DXA/CR000003.dcm,LEG,,,20260916180001.623329,uid_match
Размеченные_499_Илья,C:\Users\Андрей\Desktop\Хакатон\Размеченные_499_Илья\2.25.144941557565802351596730914409170713112\series_001_2_CR\A250728979 DXA\CR DXA\CR000004.dcm,2.25.144941557565802351596730914409170713112/series_001_2_CR/A250728979 DXA/CR DXA/CR000004.dcm,1.2.643.5.1.13.13.12.2.77.8252.10050606131001041108060208080404,2.25.144941557565802351596730914409170713112/series_001_2_CR/A250728979 DXA/CR DXA/CR000004.dcm,LEG,,,20260916180003.149989,uid_match
Размеченные_499_Илья,C:\Users\Андрей\Desktop\Хакатон\Размеченные_499_Илья\2.25.144941557565802351596730914409170713112\series_001_2_CR\A250728979 DXA\CR DXA\CR000005.dcm,2.25.144941557565802351596730914409170713112/series_001_2_CR/A250728979 DXA/CR DXA/CR000005.dcm,1.2.643.5.1.13.13.12.2.77.8252.13110302070015120304051003100511,2.25.144941557565802351596730914409170713112/series_001_2_CR/A250728979 DXA/CR DXA/CR000005.dcm,LEG,,,20260916180004.858310,uid_match
Размеченные_499_Илья,C:\Users\Андрей\Desktop\Хакатон\Размеченные_499_Илья\2.25.144941557565802351596730914409170713112\series_001_2_CR\A250728979 DXA\CR DXA\CR000006.dcm,2.25.144941557565802351596730914409170713112/series_001_2_CR/A250728979 DXA/CR DXA/CR000006.dcm,1.2.643.5.1.13.13.12.2.77.8252.14021109030605071205090308080911,2.25.144941557565802351596730914409170713112/series_001_2_CR/A250728979 DXA/CR DXA/CR000006.dcm,SPINE,,,20260916180007.401529,uid_match
Размеченные_499_Илья,C:\Users\Андрей\Desktop\Хакатон\Размеченные_499_Илья\2.25.144941557565802351596730914409170713112\series_001_2_CR\A250728979 DXA\CR DXA\CR000007.dcm,2.25.144941557565802351596730914409170713112/series_001_2_CR/A250728979 DXA/CR DXA/CR000007.dcm,1.2.643.5.1.13.13.12.2.77.8252.02000707141211070603071400111001,2.25.144941557565802351596730914409170713112/series_001_2_CR/A250728979 DXA/CR DXA/CR000007.dcm,LEG,,,20260916180009.157435,uid_match
Размеченные_499_Илья,C:\Users\Андрей\Desktop\Хакатон\Размеченные_499_Илья\2.25.144941557565802351596730914409170713112\series_001_2_CR\A250728979 DXA\CR DXA\CR000008.dcm,2.25.144941557565802351596730914409170713112/series_001_2_CR/A250728979 DXA/CR DXA/CR000008.dcm,1.2.643.5.1.13.13.12.2.77.8252.12001403040706100907100308030007,2.25.144941557565802351596730914409170713112/series_001_2_CR/A250728979 DXA/CR DXA/CR000008.dcm,SPINE,,,20260916180010.873664,uid_match
Размеченные_499_Илья,C:\Users\Андрей\Desktop\Хакатон\Размеченные_499_Илья\2.25.144941557565802351596730914409170713112\series_001_2_CR\A250728979 DXA\CR DXA\CR000009.dcm,2.25.144941557565802351596730914409170713112/series_001_2_CR/A250728979 DXA/CR DXA/CR000009.dcm,1.2.643.5.1.13.13.12.2.77.8252.03150209000513130305020013101408,2.25.144941557565802351596730914409170713112/series_001_2_CR/A250728979 DXA/CR DXA/CR000009.dcm,SPINE,,,20260916180013.477364,uid_match
Размеченные_499_Илья,C:\Users\Андрей\Desktop\Хакатон\Размеченные_499_Илья\2.25.144941557565802351596730914409170713112\series_001_2_CR\A250728979 DXA\CR DXA\CR000010.dcm,2.25.144941557565802351596730914409170713112/series_001_2_CR/A250728979 DXA/CR DXA/CR000010.dcm,1.2.643.5.1.13.13.12.2.77.8252.08060612000510000609001512070103,2.25.144941557565802351596730914409170713112/series_001_2_CR/A250728979 DXA/CR DXA/CR000010.dcm,LEG,,,20260916180015.305506,uid_match
Размеченные_499_Илья,C:\Users\Андрей\Desktop\Хакатон\Размеченные_499_Илья\2.25.145848300160680194368420189079847088556\series_002_2_CR\A2504248615 DXA Exam\CR DXA Images\CR000000.dcm,2.25.145848300160680194368420189079847088556/series_002_2_CR/A2504248615 DXA Exam/CR DXA Images/CR000000.dcm,1.2.643.5.1.13.13.12.2.77.8252.06130104100900080002100912090901,2.25.145848300160680194368420189079847088556/series_002_2_CR/A2504248615 DXA Exam/CR DXA Images/CR000000.dcm,LEG,,,20260916180018.740428,uid_match
Размеченные_499_Илья,C:\Users\Андрей\Desktop\Хакатон\Размеченные_499_Илья\2.25.145848300160680194368420189079847088556\series_002_2_CR\A2504248615 DXA Exam\CR DXA Images\CR000001.dcm,2.25.145848300160680194368420189079847088556/series_002_2_CR/A2504248615 DXA Exam/CR DXA Images/CR000001.dcm,1.2.643.5.1.13.13.12.2.77.8252.09091111090903031309150614110215,2.25.145848300160680194368420189079847088556/series_002_2_CR/A2504248615 DXA Exam/CR DXA Images/CR000001.dcm,LEG,,,20260916180020.523096,uid_match
Размеченные_499_Илья,C:\Users\Андрей\Desktop\Хакатон\Размеченные_499_Илья\2.25.145848300160680194368420189079847088556\series_002_2_CR\A2504248615 DXA Exam\CR DXA Images\CR000002.dcm,2.25.145848300160680194368420189079847088556/series_002_2_CR/A2504248615 DXA Exam/CR DXA Images/CR000002.dcm,1.2.643.5.1.13.13.12.2.77.8252.07040802010906150312000007110303,2.25.145848300160680194368420189079847088556/series_002_2_CR/A2504248615 DXA Exam/CR DXA Images/CR000002.dcm,SPINE,,,20260916180022.281994,uid_match
Размеченные_499_Илья,C:\Users\Андрей\Desktop\Хакатон\Размеченные_499_Илья\2.25.151186844055172005615813066162721550889\series_002_2_CR\A250436130 DXA\CR DXA\CR000000.dcm,2.25.151186844055172005615813066162721550889/series_002_2_CR/A250436130 DXA/CR DXA/CR000000.dcm,1.2.643.5.1.13.13.12.2.77.8252.07051313070907070603030815070904,2.25.151186844055172005615813066162721550889/series_002_2_CR/A250436130 DXA/CR DXA/CR000000.dcm,SPINE,,,20260916180023.948216,uid_match
Размеченные_499_Илья,C:\Users\Андрей\Desktop\Хакатон\Размеченные_499_Илья\2.25.151186844055172005615813066162721550889\series_002_2_CR\A250436130 DXA\CR DXA\CR000001.dcm,2.25.151186844055172005615813066162721550889/series_002_2_CR/A250436130 DXA/CR DXA/CR000001.dcm,1.2.643.5.1.13.13.12.2.77.8252.06120514140811101106020900110711,2.25.151186844055172005615813066162721550889/series_002_2_CR/A250436130 DXA/CR DXA/CR000001.dcm,LEG,,,20260916180025.829101,uid_match
Размеченные_499_Илья,C:\Users\Андрей\Desktop\Хакатон\Размеченные_499_Илья\2.25.151186844055172005615813066162721550889\series_002_2_CR\A250436130 DXA\CR DXA\CR000002.dcm,2.25.151186844055172005615813066162721550889/series_002_2_CR/A250436130 DXA/CR DXA/CR000002.dcm,1.2.643.5.1.13.13.12.2.77.8252.07071507091013150605060411110414,2.25.151186844055172005615813066162721550889/series_002_2_CR/A250436130 DXA/CR DXA/CR000002.dcm,LEG,,,20260916180030.435292,uid_match
Размеченные_499_Илья,C:\Users\Андрей\Desktop\Хакатон\Размеченные_499_Илья\2.25.156021661584944120526934974594604520993\series_003_2_CR\A2507142228 DXA\CR DXA\CR000000.dcm,2.25.156021661584944120526934974594604520993/series_003_2_CR/A2507142228 DXA/CR DXA/CR000000.dcm,1.2.643.5.1.13.13.12.2.77.8252.09130714090405151215050914040809,2.25.156021661584944120526934974594604520993/series_003_2_CR/A2507142228 DXA/CR DXA/CR000000.dcm,SPINE,,,20260916180032.063422,uid_match
Размеченные_499_Илья,C:\Users\Андрей\Desktop\Хакатон\Размеченные_499_Илья\2.25.156021661584944120526934974594604520993\series_003_2_CR\A2507142228 DXA\CR DXA\CR000001.dcm,2.25.156021661584944120526934974594604520993/series_003_2_CR/A2507142228 DXA/CR DXA/CR000001.dcm,1.2.643.5.1.13.13.12.2.77.8252.09091502110711081102050610090100,2.25.156021661584944120526934974594604520993/series_003_2_CR/A2507142228 DXA/CR DXA/CR000001.dcm,LEG,,,20260916180033.950035,uid_match
Размеченные_499_Илья,C:\Users\Андрей\Desktop\Хакатон\Размеченные_499_Илья\2.25.156021661584944120526934974594604520993\series_003_2_CR\A2507142228 DXA\CR DXA\CR000002.dcm,2.25.156021661584944120526934974594604520993/series_003_2_CR/A2507142228 DXA/CR DXA/CR000002.dcm,1.2.643.5.1.13.13.12.2.77.8252.02061505000012091414020201140711,2.25.156021661584944120526934974594604520993/series_003_2_CR/A2507142228 DXA/CR DXA/CR000002.dcm,LEG,,,20260916180036.209319,uid_match
Размеченные_499_Илья,C:\Users\Андрей\Desktop\Хакатон\Размеченные_499_Илья\2.25.156021661584944120526934974594604520993\series_003_2_CR\A2507142228 DXA\CR DXA\CR000003.dcm,2.25.156021661584944120526934974594604520993/series_003_2_CR/A2507142228 DXA/CR DXA/CR000003.dcm,1.2.643.5.1.13.13.12.2.77.8252.12020806150405080200131300151004,2.25.156021661584944120526934974594604520993/series_003_2_CR/A2507142228 DXA/CR DXA/CR000003.dcm,LEG,,,20260916180038.243982,uid_match
Размеченные_499_Илья,C:\Users\Андрей\Desktop\Хакатон\Размеченные_499_Илья\2.25.156021661584944120526934974594604520993\series_003_2_CR\A2507142228 DXA\CR DXA\CR000004.dcm,2.25.156021661584944120526934974594604520993/series_003_2_CR/A2507142228 DXA/CR DXA/CR000004.dcm,1.2.643.5.1.13.13.12.2.77.8252.04040506120312070613131201100500,2.25.156021661584944120526934974594604520993/series_003_2_CR/A2507142228 DXA/CR DXA/CR000004.dcm,LEG,,,20260916180042.036222,uid_match
Размеченные_499_Илья,C:\Users\Андрей\Desktop\Хакатон\Размеченные_499_Илья\2.25.156021661584944120526934974594604520993\series_003_2_CR\A2507142228 DXA\CR DXA\CR000005.dcm,2.25.156021661584944120526934974594604520993/series_003_2_CR/A2507142228 DXA/CR DXA/CR000005.dcm,1.2.643.5.1.13.13.12.2.77.8252.04130713101511140710050408091506,2.25.156021661584944120526934974594604520993/series_003_2_CR/A2507142228 DXA/CR DXA/CR000005.dcm,LEG,,,20260916180043.989432,uid_match
Размеченные_499_Илья,C:\Users\Андрей\Desktop\Хакатон\Размеченные_499_Илья\2.25.156021661584944120526934974594604520993\series_003_2_CR\A2507142228 DXA\CR DXA\CR000006.dcm,2.25.156021661584944120526934974594604520993/series_003_2_CR/A2507142228 DXA/CR DXA/CR000006.dcm,1.2.643.5.1.13.13.12.2.77.8252.11080103090607140209131008021505,2.25.156021661584944120526934974594604520993/series_003_2_CR/A2507142228 DXA/CR DXA/CR000006.dcm,LEG,,,20260916180045.855208,uid_match
Размеченные_499_Илья,C:\Users\Андрей\Desktop\Хакатон\Размеченные_499_Илья\2.25.156021661584944120526934974594604520993\series_003_2_CR\A2507142228 DXA\CR DXA\CR000007.dcm,2.25.156021661584944120526934974594604520993/series_003_2_CR/A2507142228 DXA/CR DXA/CR000007.dcm,1.2.643.5.1.13.13.12.2.77.8252.05041404051513101304111210060012,2.25.156021661584944120526934974594604520993/series_003_2_CR/A2507142228 DXA/CR DXA/CR000007.dcm,LEG,,,20260916180047.758571,uid_match
Размеченные_499_Илья,C:\Users\Андрей\Desktop\Хакатон\Размеченные_499_Илья\2.25.156021661584944120526934974594604520993\series_003_2_CR\A2507142228 DXA\CR DXA\CR000008.dcm,2.25.156021661584944120526934974594604520993/series_003_2_CR/A2507142228 DXA/CR DXA/CR000008.dcm,1.2.643.5.1.13.13.12.2.77.8252.10050703151214090610040504130101,2.25.156021661584944120526934974594604520993/series_003_2_CR/A2507142228 DXA/CR DXA/CR000008.dcm,SPINE,,,20260916180050.130201,uid_match
Размеченные_499_Илья,C:\Users\Андрей\Desktop\Хакатон\Размеченные_499_Илья\2.25.156021661584944120526934974594604520993\series_003_2_CR\A2507142228 DXA\CR DXA\CR000009.dcm,2.25.156021661584944120526934974594604520993/series_003_2_CR/A2507142228 DXA/CR DXA/CR000009.dcm,1.2.643.5.1.13.13.12.2.77.8252.01020015070311140900060907010202,2.25.156021661584944120526934974594604520993/series_003_2_CR/A2507142228 DXA/CR DXA/CR000009.dcm,LEG,,,20260916180051.894203,uid_match
Размеченные_499_Илья,C:\Users\Андрей\Desktop\Хакатон\Размеченные_499_Илья\2.25.156021661584944120526934974594604520993\series_003_2_CR\A2507142228 DXA\CR DXA\CR000010.dcm,2.25.156021661584944120526934974594604520993/series_003_2_CR/A2507142228 DXA/CR DXA/CR000010.dcm,1.2.643.5.1.13.13.12.2.77.8252.11001008080504080903151311021305,2.25.156021661584944120526934974594604520993/series_003_2_CR/A2507142228 DXA/CR DXA/CR000010.dcm,LEG,,,20260916180053.499528,uid_match
Размеченные_499_Илья,C:\Users\Андрей\Desktop\Хакатон\Размеченные_499_Илья\2.25.156021661584944120526934974594604520993\series_003_2_CR\A2507142228 DXA\CR DXA\CR000011.dcm,2.25.156021661584944120526934974594604520993/series_003_2_CR/A2507142228 DXA/CR DXA/CR000011.dcm,1.2.643.5.1.13.13.12.2.77.8252.10070914150303091307080902000612,2.25.156021661584944120526934974594604520993/series_003_2_CR/A2507142228 DXA/CR DXA/CR000011.dcm,SPINE,,,20260916180055.089096,uid_match
Размеченные_499_Илья,C:\Users\Андрей\Desktop\Хакатон\Размеченные_499_Илья\2.25.156375884487675936513403083218009333856\series_003_2_CR\A250727121 DXA\CR DXA\CR000000.dcm,2.25.156375884487675936513403083218009333856/series_003_2_CR/A250727121 DXA/CR DXA/CR000000.dcm,1.2.643.5.1.13.13.12.2.77.8252.04001402031200081204010009090110,2.25.156375884487675936513403083218009333856/series_003_2_CR/A250727121 DXA/CR DXA/CR000000.dcm,LEG,,,20260916180056.878970,uid_match
Размеченные_499_Илья,C:\Users\Андрей\Desktop\Хакатон\Размеченные_499_Илья\2.25.156375884487675936513403083218009333856\series_003_2_CR\A250727121 DXA\CR DXA\CR000001.dcm,2.25.156375884487675936513403083218009333856/series_003_2_CR/A250727121 DXA/CR DXA/CR000001.dcm,1.2.643.5.1.13.13.12.2.77.8252.07090311111312140315080706100515,2.25.156375884487675936513403083218009333856/series_003_2_CR/A250727121 DXA/CR DXA/CR000001.dcm,SPINE,,,20260916180059.732559,uid_match
Размеченные_499_Илья,C:\Users\Андрей\Desktop\Хакатон\Размеченные_499_Илья\2.25.156375884487675936513403083218009333856\series_003_2_CR\A250727121 DXA\CR DXA\CR000002.dcm,2.25.156375884487675936513403083218009333856/series_003_2_CR/A250727121 DXA/CR DXA/CR000002.dcm,1.2.643.5.1.13.13.12.2.77.8252.14151108130201081305130506031009,2.25.156375884487675936513403083218009333856/series_003_2_CR/A250727121 DXA/CR DXA/CR000002.dcm,LEG,,,20260916180101.175868,uid_match
Размеченные_499_Илья,C:\Users\Андрей\Desktop\Хакатон\Размеченные_499_Илья\2.25.156375884487675936513403083218009333856\series_003_2_CR\A250727121 DXA\CR DXA\CR000003.dcm,2.25.156375884487675936513403083218009333856/series_003_2_CR/A250727121 DXA/CR DXA/CR000003.dcm,1.2.643.5.1.13.13.12.2.77.8252.14051207080309081314081508110108,2.25.156375884487675936513403083218009333856/series_003_2_CR/A250727121 DXA/CR DXA/CR000003.dcm,SPINE,,,20260916180102.678984,uid_match
Размеченные_499_Илья,C:\Users\Андрей\Desktop\Хакатон\Размеченные_499_Илья\2.25.156375884487675936513403083218009333856\series_003_2_CR\A250727121 DXA\CR DXA\CR000004.dcm,2.25.156375884487675936513403083218009333856/series_003_2_CR/A250727121 DXA/CR DXA/CR000004.dcm,1.2.643.5.1.13.13.12.2.77.8252.00010208150107110206110212130810,2.25.156375884487675936513403083218009333856/series_003_2_CR/A250727121 DXA/CR DXA/CR000004.dcm,LEG,,,20260916180105.860045,uid_match
Размеченные_499_Илья,C:\Users\Андрей\Desktop\Хакатон\Размеченные_499_Илья\2.25.156375884487675936513403083218009333856\series_003_2_CR\A250727121 DXA\CR DXA\CR000005.dcm,2.25.156375884487675936513403083218009333856/series_003_2_CR/A250727121 DXA/CR DXA/CR000005.dcm,1.2.643.5.1.13.13.12.2.77.8252.09011413060403000011030100010009,2.25.156375884487675936513403083218009333856/series_003_2_CR/A250727121 DXA/CR DXA/CR000005.dcm,LEG,,,20260916180107.835914,uid_match
Размеченные_499_Илья,C:\Users\Андрей\Desktop\Хакатон\Размеченные_499_Илья\2.25.156375884487675936513403083218009333856\series_003_2_CR\A250727121 DXA\CR DXA\CR000006.dcm,2.25.156375884487675936513403083218009333856/series_003_2_CR/A250727121 DXA/CR DXA/CR000006.dcm,1.2.643.5.1.13.13.12.2.77.8252.08030713030704060311150311011102,2.25.156375884487675936513403083218009333856/series_003_2_CR/A250727121 DXA/CR DXA/CR000006.dcm,LEG,,,20260916180110.167927,uid_match
Размеченные_499_Илья,C:\Users\Андрей\Desktop\Хакатон\Размеченные_499_Илья\2.25.156375884487675936513403083218009333856\series_003_2_CR\A250727121 DXA\CR DXA\CR000007.dcm,2.25.156375884487675936513403083218009333856/series_003_2_CR/A250727121 DXA/CR DXA/CR000007.dcm,1.2.643.5.1.13.13.12.2.77.8252.05051104100602100505120514140315,2.25.156375884487675936513403083218009333856/series_003_2_CR/A250727121 DXA/CR DXA/CR000007.dcm,LEG,,,20260916180111.756020,uid_match
Размеченные_499_Илья,C:\Users\Андрей\Desktop\Хакатон\Размеченные_499_Илья\2.25.156375884487675936513403083218009333856\series_003_2_CR\A250727121 DXA\CR DXA\CR000008.dcm,2.25.156375884487675936513403083218009333856/series_003_2_CR/A250727121 DXA/CR DXA/CR000008.dcm,1.2.643.5.1.13.13.12.2.77.8252.02120313110611140813031405011300,2.25.156375884487675936513403083218009333856/series_003_2_CR/A250727121 DXA/CR DXA/CR000008.dcm,LEG,,,20260916180113.457257,uid_match
Размеченные_499_Илья,C:\Users\Андрей\Desktop\Хакатон\Размеченные_499_Илья\2.25.156375884487675936513403083218009333856\series_003_2_CR\A250727121 DXA\CR DXA\CR000009.dcm,2.25.156375884487675936513403083218009333856/series_003_2_CR/A250727121 DXA/CR DXA/CR000009.dcm,1.2.643.5.1.13.13.12.2.77.8252.01081107130715100908030700130001,2.25.156375884487675936513403083218009333856/series_003_2_CR/A250727121 DXA/CR DXA/CR000009.dcm,SPINE,,,20260916180115.181071,uid_match
Размеченные_499_Илья,C:\Users\Андрей\Desktop\Хакатон\Размеченные_499_Илья\2.25.156375884487675936513403083218009333856\series_003_2_CR\A250727121 DXA\CR DXA\CR000010.dcm,2.25.156375884487675936513403083218009333856/series_003_2_CR/A250727121 DXA/CR DXA/CR000010.dcm,1.2.643.5.1.13.13.12.2.77.8252.02031105000207140511130815071303,2.25.156375884487675936513403083218009333856/series_003_2_CR/A250727121 DXA/CR DXA/CR000010.dcm,LEG,,,20260916180116.960015,uid_match
Размеченные_499_Илья,C:\Users\Андрей\Desktop\Хакатон\Размеченные_499_Илья\2.25.156389075510671877606923458507011517218\series_001_2_CR\A2507389755 DXA\CR DXA\CR000000.dcm,2.25.156389075510671877606923458507011517218/series_001_2_CR/A2507389755 DXA/CR DXA/CR000000.dcm,1.2.643.5.1.13.13.12.2.77.8252.12101514000107101207120412120213,2.25.156389075510671877606923458507011517218/series_001_2_CR/A2507389755 DXA/CR DXA/CR000000.dcm,LEG,,,20260916180119.347411,uid_match
Размеченные_499_Илья,C:\Users\Андрей\Desktop\Хакатон\Размеченные_499_Илья\2.25.156389075510671877606923458507011517218\series_001_2_CR\A2507389755 DXA\CR DXA\CR000001.dcm,2.25.156389075510671877606923458507011517218/series_001_2_CR/A2507389755 DXA/CR DXA/CR000001.dcm,1.2.643.5.1.13.13.12.2.77.8252.05051100060005040907000403081502,2.25.156389075510671877606923458507011517218/series_001_2_CR/A2507389755 DXA/CR DXA/CR000001.dcm,LEG,,,20260916180122.202793,uid_match
Размеченные_499_Илья,C:\Users\Андрей\Desktop\Хакатон\Размеченные_499_Илья\2.25.156389075510671877606923458507011517218\series_001_2_CR\A2507389755 DXA\CR DXA\CR000002.dcm,2.25.156389075510671877606923458507011517218/series_001_2_CR/A2507389755 DXA/CR DXA/CR000002.dcm,1.2.643.5.1.13.13.12.2.77.8252.10040508121311001415130412050515,2.25.156389075510671877606923458507011517218/series_001_2_CR/A2507389755 DXA/CR DXA/CR000002.dcm,SPINE,,,20260916180123.846760,uid_match
Размеченные_499_Илья,C:\Users\Андрей\Desktop\Хакатон\Размеченные_499_Илья\2.25.156389075510671877606923458507011517218\series_001_2_CR\A2507389755 DXA\CR DXA\CR000003.dcm,2.25.156389075510671877606923458507011517218/series_001_2_CR/A2507389755 DXA/CR DXA/CR000003.dcm,1.2.643.5.1.13.13.12.2.77.8252.12071112070710000412111310090807,2.25.156389075510671877606923458507011517218/series_001_2_CR/A2507389755 DXA/CR DXA/CR000003.dcm,SPINE,,,20260916180125.545852,uid_match
Размеченные_499_Илья,C:\Users\Андрей\Desktop\Хакатон\Размеченные_499_Илья\2.25.156389075510671877606923458507011517218\series_001_2_CR\A2507389755 DXA\CR DXA\CR000004.dcm,2.25.156389075510671877606923458507011517218/series_001_2_CR/A2507389755 DXA/CR DXA/CR000004.dcm,1.2.643.5.1.13.13.12.2.77.8252.05071102020515091408100612011404,2.25.156389075510671877606923458507011517218/series_001_2_CR/A2507389755 DXA/CR DXA/CR000004.dcm,LEG,,,20260916180127.375362,uid_match
Размеченные_499_Илья,C:\Users\Андрей\Desktop\Хакатон\Размеченные_499_Илья\2.25.156389075510671877606923458507011517218\series_001_2_CR\A2507389755 DXA\CR DXA\CR000005.dcm,2.25.156389075510671877606923458507011517218/series_001_2_CR/A2507389755 DXA/CR DXA/CR000005.dcm,1.2.643.5.1.13.13.12.2.77.8252.06010215090214010805091400020206,2.25.156389075510671877606923458507011517218/series_001_2_CR/A2507389755 DXA/CR DXA/CR000005.dcm,LEG,,,20260916180129.130430,uid_match
Размеченные_499_Илья,C:\Users\Андрей\Desktop\Хакатон\Размеченные_499_Илья\2.25.157462338378550185821790046400986801350\series_001_2_CR\A2507498707 DXA\CR DXA\CR000000.dcm,2.25.157462338378550185821790046400986801350/series_001_2_CR/A2507498707 DXA/CR DXA/CR000000.dcm,1.2.643.5.1.13.13.12.2.77.8252.15011410150513090204040606151204,2.25.157462338378550185821790046400986801350/series_001_2_CR/A2507498707 DXA/CR DXA/CR000000.dcm,SPINE,,,20260916180131.269728,uid_match
Размеченные_499_Илья,C:\Users\Андрей\Desktop\Хакатон\Размеченные_499_Илья\2.25.157462338378550185821790046400986801350\series_001_2_CR\A2507498707 DXA\CR DXA\CR000001.dcm,2.25.157462338378550185821790046400986801350/series_001_2_CR/A2507498707 DXA/CR DXA/CR000001.dcm,1.2.643.5.1.13.13.12.2.77.8252.14100604010411121207140303140506,2.25.157462338378550185821790046400986801350/series_001_2_CR/A2507498707 DXA/CR DXA/CR000001.dcm,LEG,,,20260916180136.128012,uid_match
Размеченные_499_Илья,C:\Users\Андрей\Desktop\Хакатон\Размеченные_499_Илья\2.25.157462338378550185821790046400986801350\series_001_2_CR\A2507498707 DXA\CR DXA\CR000002.dcm,2.25.157462338378550185821790046400986801350/series_001_2_CR/A2507498707 DXA/CR DXA/CR000002.dcm,1.2.643.5.1.13.13.12.2.77.8252.15141103121505150805131303080314,2.25.157462338378550185821790046400986801350/series_001_2_CR/A2507498707 DXA/CR DXA/CR000002.dcm,SPINE,,,20260916180138.115320,uid_match
Размеченные_499_Илья,C:\Users\Андрей\Desktop\Хакатон\Размеченные_499_Илья\2.25.157462338378550185821790046400986801350\series_001_2_CR\A2507498707 DXA\CR DXA\CR000003.dcm,2.25.157462338378550185821790046400986801350/series_001_2_CR/A2507498707 DXA/CR DXA/CR000003.dcm,1.2.643.5.1.13.13.12.2.77.8252.01041213150709070704090905040703,2.25.157462338378550185821790046400986801350/series_001_2_CR/A2507498707 DXA/CR DXA/CR000003.dcm,LEG,,,20260916180148.640428,uid_match
Размеченные_499_Илья,C:\Users\Андрей\Desktop\Хакатон\Размеченные_499_Илья\2.25.157462338378550185821790046400986801350\series_001_2_CR\A2507498707 DXA\CR DXA\CR000004.dcm,2.25.157462338378550185821790046400986801350/series_001_2_CR/A2507498707 DXA/CR DXA/CR000004.dcm,1.2.643.5.1.13.13.12.2.77.8252.01050311070609101401120201090506,2.25.157462338378550185821790046400986801350/series_001_2_CR/A2507498707 DXA/CR DXA/CR000004.dcm,LEG,,,20260916180150.294904,uid_match
Размеченные_499_Илья,C:\Users\Андрей\Desktop\Хакатон\Размеченные_499_Илья\2.25.157462338378550185821790046400986801350\series_001_2_CR\A2507498707 DXA\CR DXA\CR000005.dcm,2.25.157462338378550185821790046400986801350/series_001_2_CR/A2507498707 DXA/CR DXA/CR000005.dcm,1.2.643.5.1.13.13.12.2.77.8252.04150901080711131310091006050208,2.25.157462338378550185821790046400986801350/series_001_2_CR/A2507498707 DXA/CR DXA/CR000005.dcm,LEG,,,20260916180151.932830,uid_match
Размеченные_499_Илья,C:\Users\Андрей\Desktop\Хакатон\Размеченные_499_Илья\2.25.158197739569377798130962967413133224194\series_002_2_CR\A2504245497 DXA\CR DXA\CR000000.dcm,2.25.158197739569377798130962967413133224194/series_002_2_CR/A2504245497 DXA/CR DXA/CR000000.dcm,1.2.643.5.1.13.13.12.2.77.8252.09040703010601060814101313081104,2.25.158197739569377798130962967413133224194/series_002_2_CR/A2504245497 DXA/CR DXA/CR000000.dcm,SPINE,,,20260916180153.756544,uid_match
Размеченные_499_Илья,C:\Users\Андрей\Desktop\Хакатон\Размеченные_499_Илья\2.25.158646777318759504110695916200521633609\series_003_6_CR\A2507266260 DXA\CR DXA\CR000000.dcm,2.25.158646777318759504110695916200521633609/series_003_6_CR/A2507266260 DXA/CR DXA/CR000000.dcm,1.2.643.5.1.13.13.12.2.77.8252.11050703151212091005010115120315,2.25.158646777318759504110695916200521633609/series_003_6_CR/A2507266260 DXA/CR DXA/CR000000.dcm,LEG,,,20260916180155.650147,uid_match
Размеченные_499_Илья,C:\Users\Андрей\Desktop\Хакатон\Размеченные_499_Илья\2.25.158646777318759504110695916200521633609\series_003_6_CR\A2507266260 DXA\CR DXA\CR000001.dcm,2.25.158646777318759504110695916200521633609/series_003_6_CR/A2507266260 DXA/CR DXA/CR000001.dcm,1.2.643.5.1.13.13.12.2.77.8252.08140602091513140007031414030212,2.25.158646777318759504110695916200521633609/series_003_6_CR/A2507266260 DXA/CR DXA/CR000001.dcm,SPINE,,,20260916180157.674435,uid_match
Размеченные_499_Илья,C:\Users\Андрей\Desktop\Хакатон\Размеченные_499_Илья\2.25.158646777318759504110695916200521633609\series_003_6_CR\A2507266260 DXA\CR DXA\CR000002.dcm,2.25.158646777318759504110695916200521633609/series_003_6_CR/A2507266260 DXA/CR DXA/CR000002.dcm,1.2.643.5.1.13.13.12.2.77.8252.09070206070204150105120502020002,2.25.158646777318759504110695916200521633609/series_003_6_CR/A2507266260 DXA/CR DXA/CR000002.dcm,SPINE,,,20260916180200.228313,uid_match
Размеченные_499_Илья,C:\Users\Андрей\Desktop\Хакатон\Размеченные_499_Илья\2.25.158646777318759504110695916200521633609\series_003_6_CR\A2507266260 DXA\CR DXA\CR000003.dcm,2.25.158646777318759504110695916200521633609/series_003_6_CR/A2507266260 DXA/CR DXA/CR000003.dcm,1.2.643.5.1.13.13.12.2.77.8252.03110108081008000413081502071511,2.25.158646777318759504110695916200521633609/series_003_6_CR/A2507266260 DXA/CR DXA/CR000003.dcm,LEG,,,20260916180201.981193,uid_match
Размеченные_499_Илья,C:\Users\Андрей\Desktop\Хакатон\Размеченные_499_Илья\2.25.158646777318759504110695916200521633609\series_003_6_CR\A2507266260 DXA\CR DXA\CR000004.dcm,2.25.158646777318759504110695916200521633609/series_003_6_CR/A2507266260 DXA/CR DXA/CR000004.dcm,1.2.643.5.1.13.13.12.2.77.8252.12001515051514100814070205030801,2.25.158646777318759504110695916200521633609/series_003_6_CR/A2507266260 DXA/CR DXA/CR000004.dcm,LEG,,,20260916180203.898975,uid_match
Размеченные_499_Илья,C:\Users\Андрей\Desktop\Хакатон\Размеченные_499_Илья\2.25.158646777318759504110695916200521633609\series_003_6_CR\A2507266260 DXA\CR DXA\CR000005.dcm,2.25.158646777318759504110695916200521633609/series_003_6_CR/A2507266260 DXA/CR DXA/CR000005.dcm,1.2.643.5.1.13.13.12.2.77.8252.15131010101502051307000500101007,2.25.158646777318759504110695916200521633609/series_003_6_CR/A2507266260 DXA/CR DXA/CR000005.dcm,LEG,,,20260916180205.942592,uid_match
Размеченные_499_Илья,C:\Users\Андрей\Desktop\Хакатон\Размеченные_499_Илья\2.25.158646777318759504110695916200521633609\series_003_6_CR\A2507266260 DXA\CR DXA\CR000006.dcm,2.25.158646777318759504110695916200521633609/series_003_6_CR/A2507266260 DXA/CR DXA/CR000006.dcm,1.2.643.5.1.13.13.12.2.77.8252.04030712110411040711120105080700,2.25.158646777318759504110695916200521633609/series_003_6_CR/A2507266260 DXA/CR DXA/CR000006.dcm,LEG,,,20260916180207.831451,uid_match
Размеченные_499_Илья,C:\Users\Андрей\Desktop\Хакатон\Размеченные_499_Илья\2.25.158646777318759504110695916200521633609\series_003_6_CR\A2507266260 DXA\CR DXA\CR000007.dcm,2.25.158646777318759504110695916200521633609/series_003_6_CR/A2507266260 DXA/CR DXA/CR000007.dcm,1.2.643.5.1.13.13.12.2.77.8252.14150106081013050013050511140613,2.25.158646777318759504110695916200521633609/series_003_6_CR/A2507266260 DXA/CR DXA/CR000007.dcm,LEG,,,20260916180209.516165,uid_match
Размеченные_499_Илья,C:\Users\Андрей\Desktop\Хакатон\Размеченные_499_Илья\2.25.158646777318759504110695916200521633609\series_003_6_CR\A2507266260 DXA\CR DXA\CR000008.dcm,2.25.158646777318759504110695916200521633609/series_003_6_CR/A2507266260 DXA/CR DXA/CR000008.dcm,1.2.643.5.1.13.13.12.2.77.8252.01120709131111081211081313110800,2.25.158646777318759504110695916200521633609/series_003_6_CR/A2507266260 DXA/CR DXA/CR000008.dcm,SPINE,,,20260916180211.205944,uid_match
Размеченные_499_Илья,C:\Users\Андрей\Desktop\Хакатон\Размеченные_499_Илья\2.25.158646777318759504110695916200521633609\series_003_6_CR\A2507266260 DXA\CR DXA\CR000009.dcm,2.25.158646777318759504110695916200521633609/series_003_6_CR/A2507266260 DXA/CR DXA/CR000009.dcm,1.2.643.5.1.13.13.12.2.77.8252.10080511020009041308131206080209,2.25.158646777318759504110695916200521633609/series_003_6_CR/A2507266260 DXA/CR DXA/CR000009.dcm,SPINE,,,20260916180212.998194,uid_match
Размеченные_499_Илья,C:\Users\Андрей\Desktop\Хакатон\Размеченные_499_Илья\2.25.158646777318759504110695916200521633609\series_003_6_CR\A2507266260 DXA\CR DXA\CR000010.dcm,2.25.158646777318759504110695916200521633609/series_003_6_CR/A2507266260 DXA/CR DXA/CR000010.dcm,1.2.643.5.1.13.13.12.2.77.8252.13040700151412120600060201031309,2.25.158646777318759504110695916200521633609/series_003_6_CR/A2507266260 DXA/CR DXA/CR000010.dcm,LEG,,,20260916180215.321941,uid_match
Размеченные_499_Илья,C:\Users\Андрей\Desktop\Хакатон\Размеченные_499_Илья\2.25.158646777318759504110695916200521633609\series_004_2_CR\A2507266260 DXA\CR DXA\CR000000.dcm,2.25.158646777318759504110695916200521633609/series_004_2_CR/A2507266260 DXA/CR DXA/CR000000.dcm,1.2.643.5.1.13.13.12.2.77.8252.01101303110802020807060303150105,2.25.158646777318759504110695916200521633609/series_004_2_CR/A2507266260 DXA/CR DXA/CR000000.dcm,SPINE,,,20260916180217.482500,uid_match
Размеченные_499_Илья,C:\Users\Андрей\Desktop\Хакатон\Размеченные_499_Илья\2.25.158646777318759504110695916200521633609\series_004_2_CR\A2507266260 DXA\CR DXA\CR000001.dcm,2.25.158646777318759504110695916200521633609/series_004_2_CR/A2507266260 DXA/CR DXA/CR000001.dcm,1.2.643.5.1.13.13.12.2.77.8252.07040712050005061000030214131300,2.25.158646777318759504110695916200521633609/series_004_2_CR/A2507266260 DXA/CR DXA/CR000001.dcm,LEG,,,20260916180219.732806,uid_match
Размеченные_499_Илья,C:\Users\Андрей\Desktop\Хакатон\Размеченные_499_Илья\2.25.158646777318759504110695916200521633609\series_004_2_CR\A2507266260 DXA\CR DXA\CR000002.dcm,2.25.158646777318759504110695916200521633609/series_004_2_CR/A2507266260 DXA/CR DXA/CR000002.dcm,1.2.643.5.1.13.13.12.2.77.8252.07100810031004120210110309111304,2.25.158646777318759504110695916200521633609/series_004_2_CR/A2507266260 DXA/CR DXA/CR000002.dcm,SPINE,,,20260916180221.849414,uid_match
Размеченные_499_Илья,C:\Users\Андрей\Desktop\Хакатон\Размеченные_499_Илья\2.25.158646777318759504110695916200521633609\series_004_2_CR\A2507266260 DXA\CR DXA\CR000003.dcm,2.25.158646777318759504110695916200521633609/series_004_2_CR/A2507266260 DXA/CR DXA/CR000003.dcm,1.2.643.5.1.13.13.12.2.77.8252.07071202031002110807120405030608,2.25.158646777318759504110695916200521633609/series_004_2_CR/A2507266260 DXA/CR DXA/CR000003.dcm,LEG,,,20260916180223.752208,uid_match
Размеченные_499_Илья,C:\Users\Андрей\Desktop\Хакатон\Размеченные_499_Илья\2.25.158646777318759504110695916200521633609\series_004_2_CR\A2507266260 DXA\CR DXA\CR000004.dcm,2.25.158646777318759504110695916200521633609/series_004_2_CR/A2507266260 DXA/CR DXA/CR000004.dcm,1.2.643.5.1.13.13.12.2.77.8252.02070215040314000714060301121012,2.25.158646777318759504110695916200521633609/series_004_2_CR/A2507266260 DXA/CR DXA/CR000004.dcm,LEG,,,20260916180225.828118,uid_match
Размеченные_499_Илья,C:\Users\Андрей\Desktop\Хакатон\Размеченные_499_Илья\2.25.158646777318759504110695916200521633609\series_004_2_CR\A2507266260 DXA\CR DXA\CR000005.dcm,2.25.158646777318759504110695916200521633609/series_004_2_CR/A2507266260 DXA/CR DXA/CR000005.dcm,1.2.643.5.1.13.13.12.2.77.8252.14020109130502120101091201060702,2.25.158646777318759504110695916200521633609/series_004_2_CR/A2507266260 DXA/CR DXA/CR000005.dcm,SPINE,,,20260916180227.605148,uid_match
Размеченные_499_Илья,C:\Users\Андрей\Desktop\Хакатон\Размеченные_499_Илья\2.25.158646777318759504110695916200521633609\series_004_2_CR\A2507266260 DXA\CR DXA\CR000006.dcm,2.25.158646777318759504110695916200521633609/series_004_2_CR/A2507266260 DXA/CR DXA/CR000006.dcm,1.2.643.5.1.13.13.12.2.77.8252.10080501080902141107071310080400,2.25.158646777318759504110695916200521633609/series_004_2_CR/A2507266260 DXA/CR DXA/CR000006.dcm,LEG,,,20260916180228.906499,uid_match
Размеченные_499_Илья,C:\Users\Андрей\Desktop\Хакатон\Размеченные_499_Илья\2.25.158646777318759504110695916200521633609\series_004_2_CR\A2507266260 DXA\CR DXA\CR000007.dcm,2.25.158646777318759504110695916200521633609/series_004_2_CR/A2507266260 DXA/CR DXA/CR000007.dcm,1.2.643.5.1.13.13.12.2.77.8252.05110305041311030310151512080811,2.25.158646777318759504110695916200521633609/series_004_2_CR/A2507266260 DXA/CR DXA/CR000007.dcm,LEG,,,20260916180230.526364,uid_match
Размеченные_499_Илья,C:\Users\Андрей\Desktop\Хакатон\Размеченные_499_Илья\2.25.158646777318759504110695916200521633609\series_004_2_CR\A2507266260 DXA\CR DXA\CR000008.dcm,2.25.158646777318759504110695916200521633609/series_004_2_CR/A2507266260 DXA/CR DXA/CR000008.dcm,1.2.643.5.1.13.13.12.2.77.8252.05050408000609040210110603090612,2.25.158646777318759504110695916200521633609/series_004_2_CR/A2507266260 DXA/CR DXA/CR000008.dcm,SPINE,,,20260916180232.916728,uid_match
Размеченные_499_Илья,C:\Users\Андрей\Desktop\Хакатон\Размеченные_499_Илья\2.25.158646777318759504110695916200521633609\series_004_2_CR\A2507266260 DXA\CR DXA\CR000009.dcm,2.25.158646777318759504110695916200521633609/series_004_2_CR/A2507266260 DXA/CR DXA/CR000009.dcm,1.2.643.5.1.13.13.12.2.77.8252.09030907130311001200011206051201,2.25.158646777318759504110695916200521633609/series_004_2_CR/A2507266260 DXA/CR DXA/CR000009.dcm,LEG,,,20260916180234.841975,uid_match
Размеченные_499_Илья,C:\Users\Андрей\Desktop\Хакатон\Размеченные_499_Илья\2.25.158646777318759504110695916200521633609\series_004_2_CR\A2507266260 DXA\CR DXA\CR000010.dcm,2.25.158646777318759504110695916200521633609/series_004_2_CR/A2507266260 DXA/CR DXA/CR000010.dcm,1.2.643.5.1.13.13.12.2.77.8252.14070407100802110204090510100607,2.25.158646777318759504110695916200521633609/series_004_2_CR/A2507266260 DXA/CR DXA/CR000010.dcm,LEG,,,20260916180237.321955,uid_match
Размеченные_499_Илья,C:\Users\Андрей\Desktop\Хакатон\Размеченные_499_Илья\2.25.158646777318759504110695916200521633609\series_004_2_CR\A2507266260 DXA\CR DXA\CR000011.dcm,2.25.158646777318759504110695916200521633609/series_004_2_CR/A2507266260 DXA/CR DXA/CR000011.dcm,1.2.643.5.1.13.13.12.2.77.8252.02001101060409110302091107020305,2.25.158646777318759504110695916200521633609/series_004_2_CR/A2507266260 DXA/CR DXA/CR000011.dcm,LEG,,,20260916180239.389116,uid_match
Размеченные_499_Илья,C:\Users\Андрей\Desktop\Хакатон\Размеченные_499_Илья\2.25.158646777318759504110695916200521633609\series_004_2_CR\A2507266260 DXA\CR DXA\CR000012.dcm,2.25.158646777318759504110695916200521633609/series_004_2_CR/A2507266260 DXA/CR DXA/CR000012.dcm,1.2.643.5.1.13.13.12.2.77.8252.02081311121209090807151401120110,2.25.158646777318759504110695916200521633609/series_004_2_CR/A2507266260 DXA/CR DXA/CR000012.dcm,SPINE,,,20260916180303.712578,uid_match
Размеченные_499_Илья,C:\Users\Андрей\Desktop\Хакатон\Размеченные_499_Илья\2.25.158646777318759504110695916200521633609\series_004_2_CR\A2507266260 DXA\CR DXA\CR000013.dcm,2.25.158646777318759504110695916200521633609/series_004_2_CR/A2507266260 DXA/CR DXA/CR000013.dcm,1.2.643.5.1.13.13.12.2.77.8252.04021100060501150502031503091205,2.25.158646777318759504110695916200521633609/series_004_2_CR/A2507266260 DXA/CR DXA/CR000013.dcm,SPINE,,,20260916180305.538613,uid_match
Размеченные_499_Илья,C:\Users\Андрей\Desktop\Хакатон\Размеченные_499_Илья\2.25.158646777318759504110695916200521633609\series_004_2_CR\A2507266260 DXA\CR DXA\CR000014.dcm,2.25.158646777318759504110695916200521633609/series_004_2_CR/A2507266260 DXA/CR DXA/CR000014.dcm,1.2.643.5.1.13.13.12.2.77.8252.08031403081214020202010408050515,2.25.158646777318759504110695916200521633609/series_004_2_CR/A2507266260 DXA/CR DXA/CR000014.dcm,LEG,,,20260916180307.611140,uid_match
Размеченные_499_Илья,C:\Users\Андрей\Desktop\Хакатон\Размеченные_499_Илья\2.25.158646777318759504110695916200521633609\series_004_2_CR\A2507266260 DXA\CR DXA\CR000015.dcm,2.25.158646777318759504110695916200521633609/series_004_2_CR/A2507266260 DXA/CR DXA/CR000015.dcm,1.2.643.5.1.13.13.12.2.77.8252.12010614051405051206130410050708,2.25.158646777318759504110695916200521633609/series_004_2_CR/A2507266260 DXA/CR DXA/CR000015.dcm,LEG,,,20260916180310.123933,uid_match
Размеченные_499_Илья,C:\Users\Андрей\Desktop\Хакатон\Размеченные_499_Илья\2.25.158646777318759504110695916200521633609\series_004_2_CR\A2507266260 DXA\CR DXA\CR000016.dcm,2.25.158646777318759504110695916200521633609/series_004_2_CR/A2507266260 DXA/CR DXA/CR000016.dcm,1.2.643.5.1.13.13.12.2.77.8252.05131012021403090403150713091114,2.25.158646777318759504110695916200521633609/series_004_2_CR/A2507266260 DXA/CR DXA/CR000016.dcm,LEG,,,20260916180312.706277,uid_match
Размеченные_499_Илья,C:\Users\Андрей\Desktop\Хакатон\Размеченные_499_Илья\2.25.158646777318759504110695916200521633609\series_004_2_CR\A2507266260 DXA\CR DXA\CR000017.dcm,2.25.158646777318759504110695916200521633609/series_004_2_CR/A2507266260 DXA/CR DXA/CR000017.dcm,1.2.643.5.1.13.13.12.2.77.8252.11030505061512110108000404010908,2.25.158646777318759504110695916200521633609/series_004_2_CR/A2507266260 DXA/CR DXA/CR000017.dcm,LEG,,,20260916180314.309750,uid_match
Размеченные_499_Илья,C:\Users\Андрей\Desktop\Хакатон\Размеченные_499_Илья\2.25.159930383074323525630608416881201447861\series_002_2_CR\A2507139428 DXA\CR DXA\CR000000.dcm,2.25.159930383074323525630608416881201447861/series_002_2_CR/A2507139428 DXA/CR DXA/CR000000.dcm,1.2.643.5.1.13.13.12.2.77.8252.03050413050004110015050414021412,2.25.159930383074323525630608416881201447861/series_002_2_CR/A2507139428 DXA/CR DXA/CR000000.dcm,SPINE,,,20260916180315.923107,uid_match
Размеченные_499_Илья,C:\Users\Андрей\Desktop\Хакатон\Размеченные_499_Илья\2.25.164566280810634620154538016595892212884\series_001_2_CR\A2504291878 DXA Exam\CR DXA Images\CR000000.dcm,2.25.164566280810634620154538016595892212884/series_001_2_CR/A2504291878 DXA Exam/CR DXA Images/CR000000.dcm,1.2.643.5.1.13.13.12.2.77.8252.05080909100510090906081209130901,2.25.164566280810634620154538016595892212884/series_001_2_CR/A2504291878 DXA Exam/CR DXA Images/CR000000.dcm,LEG,,,20260916180318.443720,uid_match
Размеченные_499_Илья,C:\Users\Андрей\Desktop\Хакатон\Размеченные_499_Илья\2.25.164566280810634620154538016595892212884\series_001_2_CR\A2504291878 DXA Exam\CR DXA Images\CR000001.dcm,2.25.164566280810634620154538016595892212884/series_001_2_CR/A2504291878 DXA Exam/CR DXA Images/CR000001.dcm,1.2.643.5.1.13.13.12.2.77.8252.02030112081401101404040904010405,2.25.164566280810634620154538016595892212884/series_001_2_CR/A2504291878 DXA Exam/CR DXA Images/CR000001.dcm,SPINE,,,20260916180321.060840,uid_match
Размеченные_499_Илья,C:\Users\Андрей\Desktop\Хакатон\Размеченные_499_Илья\2.25.164566280810634620154538016595892212884\series_001_2_CR\A2504291878 DXA Exam\CR DXA Images\CR000002.dcm,2.25.164566280810634620154538016595892212884/series_001_2_CR/A2504291878 DXA Exam/CR DXA Images/CR000002.dcm,1.2.643.5.1.13.13.12.2.77.8252.00071210060602011311010906021407,2.25.164566280810634620154538016595892212884/series_001_2_CR/A2504291878 DXA Exam/CR DXA Images/CR000002.dcm,LEG,,,20260916180323.355623,uid_match
Размеченные_499_Илья,C:\Users\Андрей\Desktop\Хакатон\Размеченные_499_Илья\2.25.165091430504580219034019815337441064349\series_001_2_CR\A2504415443 DXA\CR DXA\CR000000.dcm,2.25.165091430504580219034019815337441064349/series_001_2_CR/A2504415443 DXA/CR DXA/CR000000.dcm,1.2.643.5.1.13.13.12.2.77.8252.14100208080000030010140812001111,2.25.165091430504580219034019815337441064349/series_001_2_CR/A2504415443 DXA/CR DXA/CR000000.dcm,LEG,,,20260916180325.165469,uid_match
Размеченные_499_Илья,C:\Users\Андрей\Desktop\Хакатон\Размеченные_499_Илья\2.25.165091430504580219034019815337441064349\series_001_2_CR\A2504415443 DXA\CR DXA\CR000001.dcm,2.25.165091430504580219034019815337441064349/series_001_2_CR/A2504415443 DXA/CR DXA/CR000001.dcm,1.2.643.5.1.13.13.12.2.77.8252.12140710150813060013011403140807,2.25.165091430504580219034019815337441064349/series_001_2_CR/A2504415443 DXA/CR DXA/CR000001.dcm,LEG,,,20260916180326.718400,uid_match
Размеченные_499_Илья,C:\Users\Андрей\Desktop\Хакатон\Размеченные_499_Илья\2.25.165091430504580219034019815337441064349\series_001_2_CR\A2504415443 DXA\CR DXA\CR000002.dcm,2.25.165091430504580219034019815337441064349/series_001_2_CR/A2504415443 DXA/CR DXA/CR000002.dcm,1.2.643.5.1.13.13.12.2.77.8252.01120104060301100213100004141203,2.25.165091430504580219034019815337441064349/series_001_2_CR/A2504415443 DXA/CR DXA/CR000002.dcm,SPINE,,,20260916180328.818017,uid_match
Размеченные_499_Илья,C:\Users\Андрей\Desktop\Хакатон\Размеченные_499_Илья\2.25.165091430504580219034019815337441064349\series_001_2_CR\A2504415443 DXA\CR DXA\CR000003.dcm,2.25.165091430504580219034019815337441064349/series_001_2_CR/A2504415443 DXA/CR DXA/CR000003.dcm,1.2.643.5.1.13.13.12.2.77.8252.03000107141315000207090502080502,2.25.165091430504580219034019815337441064349/series_001_2_CR/A2504415443 DXA/CR DXA/CR000003.dcm,SPINE,,,20260916180331.366942,uid_match
Размеченные_499_Илья,C:\Users\Андрей\Desktop\Хакатон\Размеченные_499_Илья\2.25.165091430504580219034019815337441064349\series_001_2_CR\A2504415443 DXA\CR DXA\CR000004.dcm,2.25.165091430504580219034019815337441064349/series_001_2_CR/A2504415443 DXA/CR DXA/CR000004.dcm,1.2.643.5.1.13.13.12.2.77.8252.12050607100307101401110010080508,2.25.165091430504580219034019815337441064349/series_001_2_CR/A2504415443 DXA/CR DXA/CR000004.dcm,LEG,,,20260916180332.804186,uid_match
Размеченные_499_Илья,C:\Users\Андрей\Desktop\Хакатон\Размеченные_499_Илья\2.25.165091430504580219034019815337441064349\series_001_2_CR\A2504415443 DXA\CR DXA\CR000005.dcm,2.25.165091430504580219034019815337441064349/series_001_2_CR/A2504415443 DXA/CR DXA/CR000005.dcm,1.2.643.5.1.13.13.12.2.77.8252.02080910050503150405130310031107,2.25.165091430504580219034019815337441064349/series_001_2_CR/A2504415443 DXA/CR DXA/CR000005.dcm,LEG,,,20260916180334.574456,uid_match
Размеченные_499_Илья,C:\Users\Андрей\Desktop\Хакатон\Размеченные_499_Илья\2.25.165355673991587715046346525964554729786\series_003_3_CR\A2506448267 DXA\CR DXA\CR000000.dcm,2.25.165355673991587715046346525964554729786/series_003_3_CR/A2506448267 DXA/CR DXA/CR000000.dcm,1.2.643.5.1.13.13.12.2.77.8252.03030806061309020808141008071213,2.25.165355673991587715046346525964554729786/series_003_3_CR/A2506448267 DXA/CR DXA/CR000000.dcm,LEG,,,20260916180336.277429,uid_match
Размеченные_499_Илья,C:\Users\Андрей\Desktop\Хакатон\Размеченные_499_Илья\2.25.165355673991587715046346525964554729786\series_003_3_CR\A2506448267 DXA\CR DXA\CR000001.dcm,2.25.165355673991587715046346525964554729786/series_003_3_CR/A2506448267 DXA/CR DXA/CR000001.dcm,1.2.643.5.1.13.13.12.2.77.8252.05130006080703150808130311150104,2.25.165355673991587715046346525964554729786/series_003_3_CR/A2506448267 DXA/CR DXA/CR000001.dcm,SPINE,,,20260916180337.857325,uid_match
Размеченные_499_Илья,C:\Users\Андрей\Desktop\Хакатон\Размеченные_499_Илья\2.25.167344201679287285499405412654740659745\series_003_2_CR\A2504249537 DXA\CR DXA\CR000000.dcm,2.25.167344201679287285499405412654740659745/series_003_2_CR/A2504249537 DXA/CR DXA/CR000000.dcm,1.2.643.5.1.13.13.12.2.77.8252.05050004021105041108010100020012,2.25.167344201679287285499405412654740659745/series_003_2_CR/A2504249537 DXA/CR DXA/CR000000.dcm,LEG,,,20260916180339.742975,uid_match
Размеченные_499_Илья,C:\Users\Андрей\Desktop\Хакатон\Размеченные_499_Илья\2.25.167344201679287285499405412654740659745\series_003_2_CR\A2504249537 DXA\CR DXA\CR000001.dcm,2.25.167344201679287285499405412654740659745/series_003_2_CR/A2504249537 DXA/CR DXA/CR000001.dcm,1.2.643.5.1.13.13.12.2.77.8252.03020203090713120707041512070302,2.25.167344201679287285499405412654740659745/series_003_2_CR/A2504249537 DXA/CR DXA/CR000001.dcm,LEG,,,20260916180341.211384,uid_match
Размеченные_499_Илья,C:\Users\Андрей\Desktop\Хакатон\Размеченные_499_Илья\2.25.167344201679287285499405412654740659745\series_003_2_CR\A2504249537 DXA\CR DXA\CR000002.dcm,2.25.167344201679287285499405412654740659745/series_003_2_CR/A2504249537 DXA/CR DXA/CR000002.dcm,1.2.643.5.1.13.13.12.2.77.8252.06020510071406141308051102110806,2.25.167344201679287285499405412654740659745/series_003_2_CR/A2504249537 DXA/CR DXA/CR000002.dcm,SPINE,,,20260916180342.888254,uid_match
Размеченные_499_Илья,C:\Users\Андрей\Desktop\Хакатон\Размеченные_499_Илья\2.25.167344201679287285499405412654740659745\series_003_2_CR\A2504249537 DXA\CR DXA\CR000003.dcm,2.25.167344201679287285499405412654740659745/series_003_2_CR/A2504249537 DXA/CR DXA/CR000003.dcm,1.2.643.5.1.13.13.12.2.77.8252.03110714040901011514120512140506,2.25.167344201679287285499405412654740659745/series_003_2_CR/A2504249537 DXA/CR DXA/CR000003.dcm,LEG,,,20260916180344.532509,uid_match
Размеченные_499_Илья,C:\Users\Андрей\Desktop\Хакатон\Размеченные_499_Илья\2.25.167344201679287285499405412654740659745\series_003_2_CR\A2504249537 DXA\CR DXA\CR000004.dcm,2.25.167344201679287285499405412654740659745/series_003_2_CR/A2504249537 DXA/CR DXA/CR000004.dcm,1.2.643.5.1.13.13.12.2.77.8252.04140115150705031110051301090913,2.25.167344201679287285499405412654740659745/series_003_2_CR/A2504249537 DXA/CR DXA/CR000004.dcm,SPINE,,,20260916180346.565633,uid_match
Размеченные_499_Илья,C:\Users\Андрей\Desktop\Хакатон\Размеченные_499_Илья\2.25.167344201679287285499405412654740659745\series_003_2_CR\A2504249537 DXA\CR DXA\CR000005.dcm,2.25.167344201679287285499405412654740659745/series_003_2_CR/A2504249537 DXA/CR DXA/CR000005.dcm,1.2.643.5.1.13.13.12.2.77.8252.10110808050405011511051303070302,2.25.167344201679287285499405412654740659745/series_003_2_CR/A2504249537 DXA/CR DXA/CR000005.dcm,LEG,,,20260916180348.297223,uid_match
Размеченные_499_Илья,C:\Users\Андрей\Desktop\Хакатон\Размеченные_499_Илья\2.25.16773626720107440979805052259711419763\series_004_2_CR\A2507537392 DXA\CR DXA\CR000000.dcm,2.25.16773626720107440979805052259711419763/series_004_2_CR/A2507537392 DXA/CR DXA/CR000000.dcm,1.2.643.5.1.13.13.12.2.77.8252.09031014151115011007041507060209,2.25.16773626720107440979805052259711419763/series_004_2_CR/A2507537392 DXA/CR DXA/CR000000.dcm,SPINE,,,20260916180350.825371,uid_match
Размеченные_499_Илья,C:\Users\Андрей\Desktop\Хакатон\Размеченные_499_Илья\2.25.16773626720107440979805052259711419763\series_004_2_CR\A2507537392 DXA\CR DXA\CR000001.dcm,2.25.16773626720107440979805052259711419763/series_004_2_CR/A2507537392 DXA/CR DXA/CR000001.dcm,1.2.643.5.1.13.13.12.2.77.8252.15000110101510080415120006131402,2.25.16773626720107440979805052259711419763/series_004_2_CR/A2507537392 DXA/CR DXA/CR000001.dcm,LEG,,,20260916180352.509842,uid_match
Размеченные_499_Илья,C:\Users\Андрей\Desktop\Хакатон\Размеченные_499_Илья\2.25.16773626720107440979805052259711419763\series_004_2_CR\A2507537392 DXA\CR DXA\CR000002.dcm,2.25.16773626720107440979805052259711419763/series_004_2_CR/A2507537392 DXA/CR DXA/CR000002.dcm,1.2.643.5.1.13.13.12.2.77.8252.07111109140703130315001513000701,2.25.16773626720107440979805052259711419763/series_004_2_CR/A2507537392 DXA/CR DXA/CR000002.dcm,LEG,,,20260916180354.094272,uid_match
Размеченные_499_Илья,C:\Users\Андрей\Desktop\Хакатон\Размеченные_499_Илья\2.25.16773626720107440979805052259711419763\series_004_2_CR\A2507537392 DXA\CR DXA\CR000003.dcm,2.25.16773626720107440979805052259711419763/series_004_2_CR/A2507537392 DXA/CR DXA/CR000003.dcm,1.2.643.5.1.13.13.12.2.77.8252.15061506101401070412150108010615,2.25.16773626720107440979805052259711419763/series_004_2_CR/A2507537392 DXA/CR DXA/CR000003.dcm,SPINE,,,20260916180356.432938,uid_match
Размеченные_499_Илья,C:\Users\Андрей\Desktop\Хакатон\Размеченные_499_Илья\2.25.16773626720107440979805052259711419763\series_004_2_CR\A2507537392 DXA\CR DXA\CR000004.dcm,2.25.16773626720107440979805052259711419763/series_004_2_CR/A2507537392 DXA/CR DXA/CR000004.dcm,1.2.643.5.1.13.13.12.2.77.8252.13040605040810031203041510031012,2.25.16773626720107440979805052259711419763/series_004_2_CR/A2507537392 DXA/CR DXA/CR000004.dcm,LEG,,,20260916180358.497626,uid_match
Размеченные_499_Илья,C:\Users\Андрей\Desktop\Хакатон\Размеченные_499_Илья\2.25.16773626720107440979805052259711419763\series_004_2_CR\A2507537392 DXA\CR DXA\CR000005.dcm,2.25.16773626720107440979805052259711419763/series_004_2_CR/A2507537392 DXA/CR DXA/CR000005.dcm,1.2.643.5.1.13.13.12.2.77.8252.02071412140202140114070213030205,2.25.16773626720107440979805052259711419763/series_004_2_CR/A2507537392 DXA/CR DXA/CR000005.dcm,LEG,,,20260916180400.476266,uid_match
Размеченные_499_Илья,C:\Users\Андрей\Desktop\Хакатон\Размеченные_499_Илья\2.25.16773626720107440979805052259711419763\series_004_2_CR\A2507537392 DXA\CR DXA\CR000006.dcm,2.25.16773626720107440979805052259711419763/series_004_2_CR/A2507537392 DXA/CR DXA/CR000006.dcm,1.2.643.5.1.13.13.12.2.77.8252.11120907150103150102101200080104,2.25.16773626720107440979805052259711419763/series_004_2_CR/A2507537392 DXA/CR DXA/CR000006.dcm,LEG,,,20260916180402.178763,uid_match
Размеченные_499_Илья,C:\Users\Андрей\Desktop\Хакатон\Размеченные_499_Илья\2.25.16773626720107440979805052259711419763\series_004_2_CR\A2507537392 DXA\CR DXA\CR000007.dcm,2.25.16773626720107440979805052259711419763/series_004_2_CR/A2507537392 DXA/CR DXA/CR000007.dcm,1.2.643.5.1.13.13.12.2.77.8252.00120605081302140615061408051413,2.25.16773626720107440979805052259711419763/series_004_2_CR/A2507537392 DXA/CR DXA/CR000007.dcm,LEG,,,20260916180403.660297,uid_match
Размеченные_499_Илья,C:\Users\Андрей\Desktop\Хакатон\Размеченные_499_Илья\2.25.16773626720107440979805052259711419763\series_004_2_CR\A2507537392 DXA\CR DXA\CR000008.dcm,2.25.16773626720107440979805052259711419763/series_004_2_CR/A2507537392 DXA/CR DXA/CR000008.dcm,1.2.643.5.1.13.13.12.2.77.8252.13060012130706071508131506061110,2.25.16773626720107440979805052259711419763/series_004_2_CR/A2507537392 DXA/CR DXA/CR000008.dcm,LEG,,,20260916180405.281027,uid_match
Размеченные_499_Илья,C:\Users\Андрей\Desktop\Хакатон\Размеченные_499_Илья\2.25.16773626720107440979805052259711419763\series_004_2_CR\A2507537392 DXA\CR DXA\CR000009.dcm,2.25.16773626720107440979805052259711419763/series_004_2_CR/A2507537392 DXA/CR DXA/CR000009.dcm,1.2.643.5.1.13.13.12.2.77.8252.09020303070910070711011409031209,2.25.16773626720107440979805052259711419763/series_004_2_CR/A2507537392 DXA/CR DXA/CR000009.dcm,LEG,,,20260916180406.850944,uid_match
Размеченные_499_Илья,C:\Users\Андрей\Desktop\Хакатон\Размеченные_499_Илья\2.25.16773626720107440979805052259711419763\series_004_2_CR\A2507537392 DXA\CR DXA\CR000010.dcm,2.25.16773626720107440979805052259711419763/series_004_2_CR/A2507537392 DXA/CR DXA/CR000010.dcm,1.2.643.5.1.13.13.12.2.77.8252.04101314021103041302071314011203,2.25.16773626720107440979805052259711419763/series_004_2_CR/A2507537392 DXA/CR DXA/CR000010.dcm,LEG,,,20260916180408.925078,uid_match
Размеченные_499_Илья,C:\Users\Андрей\Desktop\Хакатон\Размеченные_499_Илья\2.25.16773626720107440979805052259711419763\series_004_2_CR\A2507537392 DXA\CR DXA\CR000011.dcm,2.25.16773626720107440979805052259711419763/series_004_2_CR/A2507537392 DXA/CR DXA/CR000011.dcm,1.2.643.5.1.13.13.12.2.77.8252.03120113151010021310000801051000,2.25.16773626720107440979805052259711419763/series_004_2_CR/A2507537392 DXA/CR DXA/CR000011.dcm,SPINE,,,20260916180411.299771,uid_match
Размеченные_499_Илья,C:\Users\Андрей\Desktop\Хакатон\Размеченные_499_Илья\2.25.168317503020329569414190677927680518621\series_004_2_CR\A2507557128 DXA\CR DXA\CR000000.dcm,2.25.168317503020329569414190677927680518621/series_004_2_CR/A2507557128 DXA/CR DXA/CR000000.dcm,1.2.643.5.1.13.13.12.2.77.8252.10050700041001040614050614130103,2.25.168317503020329569414190677927680518621/series_004_2_CR/A2507557128 DXA/CR DXA/CR000000.dcm,LEG,,,20260916180413.839172,uid_match
Размеченные_499_Илья,C:\Users\Андрей\Desktop\Хакатон\Размеченные_499_Илья\2.25.168317503020329569414190677927680518621\series_004_2_CR\A2507557128 DXA\CR DXA\CR000001.dcm,2.25.168317503020329569414190677927680518621/series_004_2_CR/A2507557128 DXA/CR DXA/CR000001.dcm,1.2.643.5.1.13.13.12.2.77.8252.04081410150705000907120005030306,2.25.168317503020329569414190677927680518621/series_004_2_CR/A2507557128 DXA/CR DXA/CR000001.dcm,LEG,,,20260916180415.488740,uid_match
Размеченные_499_Илья,C:\Users\Андрей\Desktop\Хакатон\Размеченные_499_Илья\2.25.168317503020329569414190677927680518621\series_004_2_CR\A2507557128 DXA\CR DXA\CR000002.dcm,2.25.168317503020329569414190677927680518621/series_004_2_CR/A2507557128 DXA/CR DXA/CR000002.dcm,1.2.643.5.1.13.13.12.2.77.8252.10010207001309070508110212031008,2.25.168317503020329569414190677927680518621/series_004_2_CR/A2507557128 DXA/CR DXA/CR000002.dcm,LEG,,,20260916180417.096217,uid_match
Размеченные_499_Илья,C:\Users\Андрей\Desktop\Хакатон\Размеченные_499_Илья\2.25.168317503020329569414190677927680518621\series_004_2_CR\A2507557128 DXA\CR DXA\CR000003.dcm,2.25.168317503020329569414190677927680518621/series_004_2_CR/A2507557128 DXA/CR DXA/CR000003.dcm,1.2.643.5.1.13.13.12.2.77.8252.08150001020008051511060800070004,2.25.168317503020329569414190677927680518621/series_004_2_CR/A2507557128 DXA/CR DXA/CR000003.dcm,SPINE,,,20260916180418.580977,uid_match
Размеченные_499_Илья,C:\Users\Андрей\Desktop\Хакатон\Размеченные_499_Илья\2.25.168317503020329569414190677927680518621\series_004_2_CR\A2507557128 DXA\CR DXA\CR000004.dcm,2.25.168317503020329569414190677927680518621/series_004_2_CR/A2507557128 DXA/CR DXA/CR000004.dcm,1.2.643.5.1.13.13.12.2.77.8252.03110002011112060400010906040109,2.25.168317503020329569414190677927680518621/series_004_2_CR/A2507557128 DXA/CR DXA/CR000004.dcm,LEG,,,20260916180420.187534,uid_match
Размеченные_499_Илья,C:\Users\Андрей\Desktop\Хакатон\Размеченные_499_Илья\2.25.168317503020329569414190677927680518621\series_004_2_CR\A2507557128 DXA\CR DXA\CR000005.dcm,2.25.168317503020329569414190677927680518621/series_004_2_CR/A2507557128 DXA/CR DXA/CR000005.dcm,1.2.643.5.1.13.13.12.2.77.8252.01130115100005150714080303151110,2.25.168317503020329569414190677927680518621/series_004_2_CR/A2507557128 DXA/CR DXA/CR000005.dcm,LEG,,,20260916180422.155838,uid_match
Размеченные_499_Илья,C:\Users\Андрей\Desktop\Хакатон\Размеченные_499_Илья\2.25.168317503020329569414190677927680518621\series_004_2_CR\A2507557128 DXA\CR DXA\CR000006.dcm,2.25.168317503020329569414190677927680518621/series_004_2_CR/A2507557128 DXA/CR DXA/CR000006.dcm,1.2.643.5.1.13.13.12.2.77.8252.14030405080503070005090010011210,2.25.168317503020329569414190677927680518621/series_004_2_CR/A2507557128 DXA/CR DXA/CR000006.dcm,SPINE,,,20260916180423.781353,uid_match
Размеченные_499_Илья,C:\Users\Андрей\Desktop\Хакатон\Размеченные_499_Илья\2.25.168317503020329569414190677927680518621\series_004_2_CR\A2507557128 DXA\CR DXA\CR000007.dcm,2.25.168317503020329569414190677927680518621/series_004_2_CR/A2507557128 DXA/CR DXA/CR000007.dcm,1.2.643.5.1.13.13.12.2.77.8252.02031311110004131100010706000003,2.25.168317503020329569414190677927680518621/series_004_2_CR/A2507557128 DXA/CR DXA/CR000007.dcm,LEG,,,20260916180425.556326,uid_match
Размеченные_499_Илья,C:\Users\Андрей\Desktop\Хакатон\Размеченные_499_Илья\2.25.168317503020329569414190677927680518621\series_004_2_CR\A2507557128 DXA\CR DXA\CR000008.dcm,2.25.168317503020329569414190677927680518621/series_004_2_CR/A2507557128 DXA/CR DXA/CR000008.dcm,1.2.643.5.1.13.13.12.2.77.8252.14040413080712030012001414011512,2.25.168317503020329569414190677927680518621/series_004_2_CR/A2507557128 DXA/CR DXA/CR000008.dcm,LEG,,,20260916180427.157718,uid_match
Размеченные_499_Илья,C:\Users\Андрей\Desktop\Хакатон\Размеченные_499_Илья\2.25.168317503020329569414190677927680518621\series_004_2_CR\A2507557128 DXA\CR DXA\CR000009.dcm,2.25.168317503020329569414190677927680518621/series_004_2_CR/A2507557128 DXA/CR DXA/CR000009.dcm,1.2.643.5.1.13.13.12.2.77.8252.09111007121406000411060915050407,2.25.168317503020329569414190677927680518621/series_004_2_CR/A2507557128 DXA/CR DXA/CR000009.dcm,SPINE,,,20260916180431.028659,uid_match
Размеченные_499_Илья,C:\Users\Андрей\Desktop\Хакатон\Размеченные_499_Илья\2.25.168317503020329569414190677927680518621\series_004_2_CR\A2507557128 DXA\CR DXA\CR000010.dcm,2.25.168317503020329569414190677927680518621/series_004_2_CR/A2507557128 DXA/CR DXA/CR000010.dcm,1.2.643.5.1.13.13.12.2.77.8252.06080402070700011103140402140007,2.25.168317503020329569414190677927680518621/series_004_2_CR/A2507557128 DXA/CR DXA/CR000010.dcm,LEG,,,20260916180433.374655,uid_match
Размеченные_499_Илья,C:\Users\Андрей\Desktop\Хакатон\Размеченные_499_Илья\2.25.168317503020329569414190677927680518621\series_004_2_CR\A2507557128 DXA\CR DXA\CR000011.dcm,2.25.168317503020329569414190677927680518621/series_004_2_CR/A2507557128 DXA/CR DXA/CR000011.dcm,1.2.643.5.1.13.13.12.2.77.8252.05090510080809140209120604081002,2.25.168317503020329569414190677927680518621/series_004_2_CR/A2507557128 DXA/CR DXA/CR000011.dcm,LEG,,,20260916180435.321031,uid_match
Размеченные_499_Илья,C:\Users\Андрей\Desktop\Хакатон\Размеченные_499_Илья\2.25.169242707068684757906797344800977707240\series_003_2_CR\A2507185832 DXA\CR DXA\CR000000.dcm,2.25.169242707068684757906797344800977707240/series_003_2_CR/A2507185832 DXA/CR DXA/CR000000.dcm,1.2.643.5.1.13.13.12.2.77.8252.03020907090204060013031106111312,2.25.169242707068684757906797344800977707240/series_003_2_CR/A2507185832 DXA/CR DXA/CR000000.dcm,SPINE,,,20260916180437.762813,uid_match
Размеченные_499_Илья,C:\Users\Андрей\Desktop\Хакатон\Размеченные_499_Илья\2.25.172445998420765569384934552191547932566\series_004_2_CR\A2507368766 DXA\CR DXA\CR000000.dcm,2.25.172445998420765569384934552191547932566/series_004_2_CR/A2507368766 DXA/CR DXA/CR000000.dcm,1.2.643.5.1.13.13.12.2.77.8252.08131412000401011215150704040610,2.25.172445998420765569384934552191547932566/series_004_2_CR/A2507368766 DXA/CR DXA/CR000000.dcm,SPINE,,,20260916180440.373461,uid_match
Размеченные_499_Илья,C:\Users\Андрей\Desktop\Хакатон\Размеченные_499_Илья\2.25.172445998420765569384934552191547932566\series_004_2_CR\A2507368766 DXA\CR DXA\CR000001.dcm,2.25.172445998420765569384934552191547932566/series_004_2_CR/A2507368766 DXA/CR DXA/CR000001.dcm,1.2.643.5.1.13.13.12.2.77.8252.05030907080814020708000711150507,2.25.172445998420765569384934552191547932566/series_004_2_CR/A2507368766 DXA/CR DXA/CR000001.dcm,LEG,,,20260916180443.694009,uid_match
Размеченные_499_Илья,C:\Users\Андрей\Desktop\Хакатон\Размеченные_499_Илья\2.25.172445998420765569384934552191547932566\series_004_2_CR\A2507368766 DXA\CR DXA\CR000002.dcm,2.25.172445998420765569384934552191547932566/series_004_2_CR/A2507368766 DXA/CR DXA/CR000002.dcm,1.2.643.5.1.13.13.12.2.77.8252.15151313120000020410110702050700,2.25.172445998420765569384934552191547932566/series_004_2_CR/A2507368766 DXA/CR DXA/CR000002.dcm,LEG,,,20260916180445.396593,uid_match
Размеченные_499_Илья,C:\Users\Андрей\Desktop\Хакатон\Размеченные_499_Илья\2.25.173731186748227489808861376513577450951\series_002_2_CR\A2507188958 DXA\CR DXA\CR000000.dcm,2.25.173731186748227489808861376513577450951/series_002_2_CR/A2507188958 DXA/CR DXA/CR000000.dcm,1.2.643.5.1.13.13.12.2.77.8252.01091510011014070612050311031410,2.25.173731186748227489808861376513577450951/series_002_2_CR/A2507188958 DXA/CR DXA/CR000000.dcm,SPINE,,,20260916180447.280427,uid_match
Размеченные_499_Илья,C:\Users\Андрей\Desktop\Хакатон\Размеченные_499_Илья\2.25.173731186748227489808861376513577450951\series_002_2_CR\A2507188958 DXA\CR DXA\CR000001.dcm,2.25.173731186748227489808861376513577450951/series_002_2_CR/A2507188958 DXA/CR DXA/CR000001.dcm,1.2.643.5.1.13.13.12.2.77.8252.04070212140009090002060410031413,2.25.173731186748227489808861376513577450951/series_002_2_CR/A2507188958 DXA/CR DXA/CR000001.dcm,LEG,,,20260916180448.518732,uid_match
Размеченные_499_Илья,C:\Users\Андрей\Desktop\Хакатон\Размеченные_499_Илья\2.25.173753313169335820519632380691065649420\series_003_2_CR\A2504265499 DXA\CR DXA\CR000000.dcm,2.25.173753313169335820519632380691065649420/series_003_2_CR/A2504265499 DXA/CR DXA/CR000000.dcm,1.2.643.5.1.13.13.12.2.77.8252.10100404000008120405081411021306,2.25.173753313169335820519632380691065649420/series_003_2_CR/A2504265499 DXA/CR DXA/CR000000.dcm,LEG,,,20260916180450.128281,uid_match
Размеченные_499_Илья,C:\Users\Андрей\Desktop\Хакатон\Размеченные_499_Илья\2.25.173753313169335820519632380691065649420\series_003_2_CR\A2504265499 DXA\CR DXA\CR000001.dcm,2.25.173753313169335820519632380691065649420/series_003_2_CR/A2504265499 DXA/CR DXA/CR000001.dcm,1.2.643.5.1.13.13.12.2.77.8252.04131502110204030305140811061103,2.25.173753313169335820519632380691065649420/series_003_2_CR/A2504265499 DXA/CR DXA/CR000001.dcm,LEG,,,20260916180455.701588,uid_match
Размеченные_499_Илья,C:\Users\Андрей\Desktop\Хакатон\Размеченные_499_Илья\2.25.173753313169335820519632380691065649420\series_003_2_CR\A2504265499 DXA\CR DXA\CR000002.dcm,2.25.173753313169335820519632380691065649420/series_003_2_CR/A2504265499 DXA/CR DXA/CR000002.dcm,1.2.643.5.1.13.13.12.2.77.8252.13001014110608151112110112061114,2.25.173753313169335820519632380691065649420/series_003_2_CR/A2504265499 DXA/CR DXA/CR000002.dcm,SPINE,,,20260916180457.299439,uid_match
Размеченные_499_Илья,C:\Users\Андрей\Desktop\Хакатон\Размеченные_499_Илья\2.25.173753313169335820519632380691065649420\series_003_2_CR\A2504265499 DXA\CR DXA\CR000003.dcm,2.25.173753313169335820519632380691065649420/series_003_2_CR/A2504265499 DXA/CR DXA/CR000003.dcm,1.2.643.5.1.13.13.12.2.77.8252.04111300031205120703050100121209,2.25.173753313169335820519632380691065649420/series_003_2_CR/A2504265499 DXA/CR DXA/CR000003.dcm,LEG,,,20260916180459.324430,uid_match
Размеченные_499_Илья,C:\Users\Андрей\Desktop\Хакатон\Размеченные_499_Илья\2.25.173753313169335820519632380691065649420\series_003_2_CR\A2504265499 DXA\CR DXA\CR000004.dcm,2.25.173753313169335820519632380691065649420/series_003_2_CR/A2504265499 DXA/CR DXA/CR000004.dcm,1.2.643.5.1.13.13.12.2.77.8252.14060111140409011305070812141414,2.25.173753313169335820519632380691065649420/series_003_2_CR/A2504265499 DXA/CR DXA/CR000004.dcm,LEG,,,20260916180502.314900,uid_match
Размеченные_499_Илья,C:\Users\Андрей\Desktop\Хакатон\Размеченные_499_Илья\2.25.173753313169335820519632380691065649420\series_003_2_CR\A2504265499 DXA\CR DXA\CR000005.dcm,2.25.173753313169335820519632380691065649420/series_003_2_CR/A2504265499 DXA/CR DXA/CR000005.dcm,1.2.643.5.1.13.13.12.2.77.8252.15000310101315070007100105150401,2.25.173753313169335820519632380691065649420/series_003_2_CR/A2504265499 DXA/CR DXA/CR000005.dcm,SPINE,,,20260916180504.012695,uid_match
Размеченные_499_Илья,C:\Users\Андрей\Desktop\Хакатон\Размеченные_499_Илья\2.25.173753313169335820519632380691065649420\series_003_2_CR\A2504265499 DXA\CR DXA\CR000006.dcm,2.25.173753313169335820519632380691065649420/series_003_2_CR/A2504265499 DXA/CR DXA/CR000006.dcm,1.2.643.5.1.13.13.12.2.77.8252.05130004120107120511100914090711,2.25.173753313169335820519632380691065649420/series_003_2_CR/A2504265499 DXA/CR DXA/CR000006.dcm,LEG,,,20260916180505.476894,uid_match
Размеченные_499_Илья,C:\Users\Андрей\Desktop\Хакатон\Размеченные_499_Илья\2.25.173753313169335820519632380691065649420\series_003_2_CR\A2504265499 DXA\CR DXA\CR000007.dcm,2.25.173753313169335820519632380691065649420/series_003_2_CR/A2504265499 DXA/CR DXA/CR000007.dcm,1.2.643.5.1.13.13.12.2.77.8252.14100508051012080011140911030615,2.25.173753313169335820519632380691065649420/series_003_2_CR/A2504265499 DXA/CR DXA/CR000007.dcm,LEG,,,20260916180507.794163,uid_match
Размеченные_499_Илья,C:\Users\Андрей\Desktop\Хакатон\Размеченные_499_Илья\2.25.173753313169335820519632380691065649420\series_003_2_CR\A2504265499 DXA\CR DXA\CR000008.dcm,2.25.173753313169335820519632380691065649420/series_003_2_CR/A2504265499 DXA/CR DXA/CR000008.dcm,1.2.643.5.1.13.13.12.2.77.8252.04041008080502040914000415071204,2.25.173753313169335820519632380691065649420/series_003_2_CR/A2504265499 DXA/CR DXA/CR000008.dcm,SPINE,,,20260916180509.511065,uid_match
Размеченные_499_Илья,C:\Users\Андрей\Desktop\Хакатон\Размеченные_499_Илья\2.25.173753313169335820519632380691065649420\series_003_2_CR\A2504265499 DXA\CR DXA\CR000009.dcm,2.25.173753313169335820519632380691065649420/series_003_2_CR/A2504265499 DXA/CR DXA/CR000009.dcm,1.2.643.5.1.13.13.12.2.77.8252.03020200150014080308080615120500,2.25.173753313169335820519632380691065649420/series_003_2_CR/A2504265499 DXA/CR DXA/CR000009.dcm,LEG,,,20260916180511.154068,uid_match
Размеченные_499_Илья,C:\Users\Андрей\Desktop\Хакатон\Размеченные_499_Илья\2.25.173753313169335820519632380691065649420\series_003_2_CR\A2504265499 DXA\CR DXA\CR000010.dcm,2.25.173753313169335820519632380691065649420/series_003_2_CR/A2504265499 DXA/CR DXA/CR000010.dcm,1.2.643.5.1.13.13.12.2.77.8252.13141514150708151311080810050711,2.25.173753313169335820519632380691065649420/series_003_2_CR/A2504265499 DXA/CR DXA/CR000010.dcm,LEG,,,20260916180513.209550,uid_match
Размеченные_499_Илья,C:\Users\Андрей\Desktop\Хакатон\Размеченные_499_Илья\2.25.175881661753775295785039265792986971602\series_003_2_CR\A2507266462 DXA\CR DXA\CR000000.dcm,2.25.175881661753775295785039265792986971602/series_003_2_CR/A2507266462 DXA/CR DXA/CR000000.dcm,1.2.643.5.1.13.13.12.2.77.8252.06070803110509120507010310141201,2.25.175881661753775295785039265792986971602/series_003_2_CR/A2507266462 DXA/CR DXA/CR000000.dcm,LEG,,,20260916180514.703019,uid_match
Размеченные_499_Илья,C:\Users\Андрей\Desktop\Хакатон\Размеченные_499_Илья\2.25.175881661753775295785039265792986971602\series_003_2_CR\A2507266462 DXA\CR DXA\CR000001.dcm,2.25.175881661753775295785039265792986971602/series_003_2_CR/A2507266462 DXA/CR DXA/CR000001.dcm,1.2.643.5.1.13.13.12.2.77.8252.14060403060314010506081209070311,2.25.175881661753775295785039265792986971602/series_003_2_CR/A2507266462 DXA/CR DXA/CR000001.dcm,SPINE,,,20260916180516.156691,uid_match
Размеченные_499_Илья,C:\Users\Андрей\Desktop\Хакатон\Размеченные_499_Илья\2.25.175881661753775295785039265792986971602\series_003_2_CR\A2507266462 DXA\CR DXA\CR000002.dcm,2.25.175881661753775295785039265792986971602/series_003_2_CR/A2507266462 DXA/CR DXA/CR000002.dcm,1.2.643.5.1.13.13.12.2.77.8252.10000603030913050503020611051415,2.25.175881661753775295785039265792986971602/series_003_2_CR/A2507266462 DXA/CR DXA/CR000002.dcm,LEG,,,20260916180518.469824,uid_match
Размеченные_499_Илья,C:\Users\Андрей\Desktop\Хакатон\Размеченные_499_Илья\2.25.175881661753775295785039265792986971602\series_003_2_CR\A2507266462 DXA\CR DXA\CR000003.dcm,2.25.175881661753775295785039265792986971602/series_003_2_CR/A2507266462 DXA/CR DXA/CR000003.dcm,1.2.643.5.1.13.13.12.2.77.8252.06110514030914051115040913030103,2.25.175881661753775295785039265792986971602/series_003_2_CR/A2507266462 DXA/CR DXA/CR000003.dcm,LEG,,,20260916180520.965113,uid_match
Размеченные_499_Илья,C:\Users\Андрей\Desktop\Хакатон\Размеченные_499_Илья\2.25.175903805423871105435148927871625232853\series_001_2_CR\A2507159447 DXA\CR DXA\CR000000.dcm,2.25.175903805423871105435148927871625232853/series_001_2_CR/A2507159447 DXA/CR DXA/CR000000.dcm,1.2.643.5.1.13.13.12.2.77.8252.12071204070300150506091512141413,2.25.175903805423871105435148927871625232853/series_001_2_CR/A2507159447 DXA/CR DXA/CR000000.dcm,SPINE,,,20260916180526.393921,uid_match
Размеченные_499_Илья,C:\Users\Андрей\Desktop\Хакатон\Размеченные_499_Илья\2.25.175903805423871105435148927871625232853\series_001_2_CR\A2507159447 DXA\CR DXA\CR000001.dcm,2.25.175903805423871105435148927871625232853/series_001_2_CR/A2507159447 DXA/CR DXA/CR000001.dcm,1.2.643.5.1.13.13.12.2.77.8252.13151105000600070510031109011109,2.25.175903805423871105435148927871625232853/series_001_2_CR/A2507159447 DXA/CR DXA/CR000001.dcm,LEG,,,20260916180527.871724,uid_match
Размеченные_499_Илья,C:\Users\Андрей\Desktop\Хакатон\Размеченные_499_Илья\2.25.175903805423871105435148927871625232853\series_001_2_CR\A2507159447 DXA\CR DXA\CR000002.dcm,2.25.175903805423871105435148927871625232853/series_001_2_CR/A2507159447 DXA/CR DXA/CR000002.dcm,1.2.643.5.1.13.13.12.2.77.8252.15100208060002090813060606131404,2.25.175903805423871105435148927871625232853/series_001_2_CR/A2507159447 DXA/CR DXA/CR000002.dcm,LEG,,,20260916180529.358069,uid_match
Размеченные_499_Илья,C:\Users\Андрей\Desktop\Хакатон\Размеченные_499_Илья\2.25.17706555930735581384953296958427669848\series_004_3_CR\A2504146513 DXA\CR DXA\CR000000.dcm,2.25.17706555930735581384953296958427669848/series_004_3_CR/A2504146513 DXA/CR DXA/CR000000.dcm,1.2.643.5.1.13.13.12.2.77.8252.11051514070611150905020505061111,2.25.17706555930735581384953296958427669848/series_004_3_CR/A2504146513 DXA/CR DXA/CR000000.dcm,LEG,,,20260916180530.813638,uid_match
Размеченные_499_Илья,C:\Users\Андрей\Desktop\Хакатон\Размеченные_499_Илья\2.25.17706555930735581384953296958427669848\series_004_3_CR\A2504146513 DXA\CR DXA\CR000001.dcm,2.25.17706555930735581384953296958427669848/series_004_3_CR/A2504146513 DXA/CR DXA/CR000001.dcm,1.2.643.5.1.13.13.12.2.77.8252.03050114141207061001080502130215,2.25.17706555930735581384953296958427669848/series_004_3_CR/A2504146513 DXA/CR DXA/CR000001.dcm,SPINE,,,20260916180533.444284,uid_match
Размеченные_499_Илья,C:\Users\Андрей\Desktop\Хакатон\Размеченные_499_Илья\2.25.17706555930735581384953296958427669848\series_004_3_CR\A2504146513 DXA\CR DXA\CR000002.dcm,2.25.17706555930735581384953296958427669848/series_004_3_CR/A2504146513 DXA/CR DXA/CR000002.dcm,1.2.643.5.1.13.13.12.2.77.8252.02140511090200100603110807051014,2.25.17706555930735581384953296958427669848/series_004_3_CR/A2504146513 DXA/CR DXA/CR000002.dcm,SPINE,,,20260916180535.573787,uid_match
Размеченные_499_Илья,C:\Users\Андрей\Desktop\Хакатон\Размеченные_499_Илья\2.25.17706555930735581384953296958427669848\series_004_3_CR\A2504146513 DXA\CR DXA\CR000003.dcm,2.25.17706555930735581384953296958427669848/series_004_3_CR/A2504146513 DXA/CR DXA/CR000003.dcm,1.2.643.5.1.13.13.12.2.77.8252.08081313070715151208110603030015,2.25.17706555930735581384953296958427669848/series_004_3_CR/A2504146513 DXA/CR DXA/CR000003.dcm,LEG,,,20260916180536.966075,uid_match
Размеченные_499_Илья,C:\Users\Андрей\Desktop\Хакатон\Размеченные_499_Илья\2.25.17706555930735581384953296958427669848\series_004_3_CR\A2504146513 DXA\CR DXA\CR000004.dcm,2.25.17706555930735581384953296958427669848/series_004_3_CR/A2504146513 DXA/CR DXA/CR000004.dcm,1.2.643.5.1.13.13.12.2.77.8252.04041511061006011303010701020104,2.25.17706555930735581384953296958427669848/series_004_3_CR/A2504146513 DXA/CR DXA/CR000004.dcm,LEG,,,20260916180538.670043,uid_match
Размеченные_499_Илья,C:\Users\Андрей\Desktop\Хакатон\Размеченные_499_Илья\2.25.17706555930735581384953296958427669848\series_004_3_CR\A2504146513 DXA\CR DXA\CR000005.dcm,2.25.17706555930735581384953296958427669848/series_004_3_CR/A2504146513 DXA/CR DXA/CR000005.dcm,1.2.643.5.1.13.13.12.2.77.8252.14111104000112000401050109111415,2.25.17706555930735581384953296958427669848/series_004_3_CR/A2504146513 DXA/CR DXA/CR000005.dcm,LEG,,,20260916180540.952324,uid_match
Размеченные_499_Илья,C:\Users\Андрей\Desktop\Хакатон\Размеченные_499_Илья\2.25.177745077805190810016231350557005569203\series_002_2_CR\A2504273759 DXA\CR DXA\CR000000.dcm,2.25.177745077805190810016231350557005569203/series_002_2_CR/A2504273759 DXA/CR DXA/CR000000.dcm,1.2.643.5.1.13.13.12.2.77.8252.04150214121314031409051312111410,2.25.177745077805190810016231350557005569203/series_002_2_CR/A2504273759 DXA/CR DXA/CR000000.dcm,LEG,,,20260916180542.744523,uid_match
Размеченные_499_Илья,C:\Users\Андрей\Desktop\Хакатон\Размеченные_499_Илья\2.25.177745077805190810016231350557005569203\series_002_2_CR\A2504273759 DXA\CR DXA\CR000001.dcm,2.25.177745077805190810016231350557005569203/series_002_2_CR/A2504273759 DXA/CR DXA/CR000001.dcm,1.2.643.5.1.13.13.12.2.77.8252.03031110041309110901030612131412,2.25.177745077805190810016231350557005569203/series_002_2_CR/A2504273759 DXA/CR DXA/CR000001.dcm,SPINE,,,20260916180544.819103,uid_match
Размеченные_499_Илья,C:\Users\Андрей\Desktop\Хакатон\Размеченные_499_Илья\2.25.177745077805190810016231350557005569203\series_002_2_CR\A2504273759 DXA\CR DXA\CR000002.dcm,2.25.177745077805190810016231350557005569203/series_002_2_CR/A2504273759 DXA/CR DXA/CR000002.dcm,1.2.643.5.1.13.13.12.2.77.8252.10151201011509101414030411060512,2.25.177745077805190810016231350557005569203/series_002_2_CR/A2504273759 DXA/CR DXA/CR000002.dcm,SPINE,,,20260916180546.600101,uid_match
Размеченные_499_Илья,C:\Users\Андрей\Desktop\Хакатон\Размеченные_499_Илья\2.25.177745077805190810016231350557005569203\series_002_2_CR\A2504273759 DXA\CR DXA\CR000003.dcm,2.25.177745077805190810016231350557005569203/series_002_2_CR/A2504273759 DXA/CR DXA/CR000003.dcm,1.2.643.5.1.13.13.12.2.77.8252.00141000101506010405040508081209,2.25.177745077805190810016231350557005569203/series_002_2_CR/A2504273759 DXA/CR DXA/CR000003.dcm,LEG,,,20260916180548.107330,uid_match
Размеченные_499_Илья,C:\Users\Андрей\Desktop\Хакатон\Размеченные_499_Илья\2.25.177745077805190810016231350557005569203\series_002_2_CR\A2504273759 DXA\CR DXA\CR000004.dcm,2.25.177745077805190810016231350557005569203/series_002_2_CR/A2504273759 DXA/CR DXA/CR000004.dcm,1.2.643.5.1.13.13.12.2.77.8252.06130700140211110505051411010711,2.25.177745077805190810016231350557005569203/series_002_2_CR/A2504273759 DXA/CR DXA/CR000004.dcm,LEG,,,20260916180550.084666,uid_match
Размеченные_499_Илья,C:\Users\Андрей\Desktop\Хакатон\Размеченные_499_Илья\2.25.177745077805190810016231350557005569203\series_002_2_CR\A2504273759 DXA\CR DXA\CR000005.dcm,2.25.177745077805190810016231350557005569203/series_002_2_CR/A2504273759 DXA/CR DXA/CR000005.dcm,1.2.643.5.1.13.13.12.2.77.8252.01001108050505090405071008120805,2.25.177745077805190810016231350557005569203/series_002_2_CR/A2504273759 DXA/CR DXA/CR000005.dcm,LEG,,,20260916180551.665605,uid_match
Размеченные_499_Илья,C:\Users\Андрей\Desktop\Хакатон\Размеченные_499_Илья\2.25.178533355209696795441380751187185128893\series_003_2_CR\A2507155452 DXA\CR DXA\CR000000.dcm,2.25.178533355209696795441380751187185128893/series_003_2_CR/A2507155452 DXA/CR DXA/CR000000.dcm,1.2.643.5.1.13.13.12.2.77.8252.14110604050810020100071004090404,2.25.178533355209696795441380751187185128893/series_003_2_CR/A2507155452 DXA/CR DXA/CR000000.dcm,SPINE,,,20260916180553.197140,uid_match
Размеченные_499_Илья,C:\Users\Андрей\Desktop\Хакатон\Размеченные_499_Илья\2.25.181196659018348153828200695057897449628\series_004_2_CR\A2507370620 DXA\CR DXA\CR000000.dcm,2.25.181196659018348153828200695057897449628/series_004_2_CR/A2507370620 DXA/CR DXA/CR000000.dcm,1.2.643.5.1.13.13.12.2.77.8252.14150808010700150501131415040808,2.25.181196659018348153828200695057897449628/series_004_2_CR/A2507370620 DXA/CR DXA/CR000000.dcm,LEG,,,20260916180554.587068,uid_match
Размеченные_499_Илья,C:\Users\Андрей\Desktop\Хакатон\Размеченные_499_Илья\2.25.181196659018348153828200695057897449628\series_004_2_CR\A2507370620 DXA\CR DXA\CR000001.dcm,2.25.181196659018348153828200695057897449628/series_004_2_CR/A2507370620 DXA/CR DXA/CR000001.dcm,1.2.643.5.1.13.13.12.2.77.8252.07040306041313130904140702020908,2.25.181196659018348153828200695057897449628/series_004_2_CR/A2507370620 DXA/CR DXA/CR000001.dcm,LEG,,,20260916180556.922816,uid_match
Размеченные_499_Илья,C:\Users\Андрей\Desktop\Хакатон\Размеченные_499_Илья\2.25.181196659018348153828200695057897449628\series_004_2_CR\A2507370620 DXA\CR DXA\CR000002.dcm,2.25.181196659018348153828200695057897449628/series_004_2_CR/A2507370620 DXA/CR DXA/CR000002.dcm,1.2.643.5.1.13.13.12.2.77.8252.08141015091400020302110912090508,2.25.181196659018348153828200695057897449628/series_004_2_CR/A2507370620 DXA/CR DXA/CR000002.dcm,SPINE,,,20260916180558.547688,uid_match
Размеченные_499_Илья,C:\Users\Андрей\Desktop\Хакатон\Размеченные_499_Илья\2.25.181196659018348153828200695057897449628\series_004_2_CR\A2507370620 DXA\CR DXA\CR000003.dcm,2.25.181196659018348153828200695057897449628/series_004_2_CR/A2507370620 DXA/CR DXA/CR000003.dcm,1.2.643.5.1.13.13.12.2.77.8252.07130015011404020601141211131000,2.25.181196659018348153828200695057897449628/series_004_2_CR/A2507370620 DXA/CR DXA/CR000003.dcm,SPINE,,,20260916180600.683790,uid_match
Размеченные_499_Илья,C:\Users\Андрей\Desktop\Хакатон\Размеченные_499_Илья\2.25.181196659018348153828200695057897449628\series_004_2_CR\A2507370620 DXA\CR DXA\CR000004.dcm,2.25.181196659018348153828200695057897449628/series_004_2_CR/A2507370620 DXA/CR DXA/CR000004.dcm,1.2.643.5.1.13.13.12.2.77.8252.07070209131108100009081313101204,2.25.181196659018348153828200695057897449628/series_004_2_CR/A2507370620 DXA/CR DXA/CR000004.dcm,LEG,,,20260916180602.527720,uid_match
Размеченные_499_Илья,C:\Users\Андрей\Desktop\Хакатон\Размеченные_499_Илья\2.25.181196659018348153828200695057897449628\series_004_2_CR\A2507370620 DXA\CR DXA\CR000005.dcm,2.25.181196659018348153828200695057897449628/series_004_2_CR/A2507370620 DXA/CR DXA/CR000005.dcm,1.2.643.5.1.13.13.12.2.77.8252.03001212011504090610110601060006,2.25.181196659018348153828200695057897449628/series_004_2_CR/A2507370620 DXA/CR DXA/CR000005.dcm,LEG,,,20260916180604.740098,uid_match
Размеченные_499_Илья,C:\Users\Андрей\Desktop\Хакатон\Размеченные_499_Илья\2.25.181196659018348153828200695057897449628\series_004_2_CR\A2507370620 DXA\CR DXA\CR000006.dcm,2.25.181196659018348153828200695057897449628/series_004_2_CR/A2507370620 DXA/CR DXA/CR000006.dcm,1.2.643.5.1.13.13.12.2.77.8252.11080509070315011108060003120408,2.25.181196659018348153828200695057897449628/series_004_2_CR/A2507370620 DXA/CR DXA/CR000006.dcm,LEG,,,20260916180606.207525,uid_match
Размеченные_499_Илья,C:\Users\Андрей\Desktop\Хакатон\Размеченные_499_Илья\2.25.181196659018348153828200695057897449628\series_004_2_CR\A2507370620 DXA\CR DXA\CR000007.dcm,2.25.181196659018348153828200695057897449628/series_004_2_CR/A2507370620 DXA/CR DXA/CR000007.dcm,1.2.643.5.1.13.13.12.2.77.8252.13100414021307020008020611130410,2.25.181196659018348153828200695057897449628/series_004_2_CR/A2507370620 DXA/CR DXA/CR000007.dcm,LEG,,,20260916180610.560617,uid_match
Размеченные_499_Илья,C:\Users\Андрей\Desktop\Хакатон\Размеченные_499_Илья\2.25.181196659018348153828200695057897449628\series_004_2_CR\A2507370620 DXA\CR DXA\CR000008.dcm,2.25.181196659018348153828200695057897449628/series_004_2_CR/A2507370620 DXA/CR DXA/CR000008.dcm,1.2.643.5.1.13.13.12.2.77.8252.00010603011503150401111314061209,2.25.181196659018348153828200695057897449628/series_004_2_CR/A2507370620 DXA/CR DXA/CR000008.dcm,LEG,,,20260916180613.000949,uid_match
Размеченные_499_Илья,C:\Users\Андрей\Desktop\Хакатон\Размеченные_499_Илья\2.25.181196659018348153828200695057897449628\series_004_2_CR\A2507370620 DXA\CR DXA\CR000009.dcm,2.25.181196659018348153828200695057897449628/series_004_2_CR/A2507370620 DXA/CR DXA/CR000009.dcm,1.2.643.5.1.13.13.12.2.77.8252.08041100070615121300141413020001,2.25.181196659018348153828200695057897449628/series_004_2_CR/A2507370620 DXA/CR DXA/CR000009.dcm,LEG,,,20260916180615.095702,uid_match
Размеченные_499_Илья,C:\Users\Андрей\Desktop\Хакатон\Размеченные_499_Илья\2.25.181196659018348153828200695057897449628\series_004_2_CR\A2507370620 DXA\CR DXA\CR000010.dcm,2.25.181196659018348153828200695057897449628/series_004_2_CR/A2507370620 DXA/CR DXA/CR000010.dcm,1.2.643.5.1.13.13.12.2.77.8252.08060613070108000200131403151214,2.25.181196659018348153828200695057897449628/series_004_2_CR/A2507370620 DXA/CR DXA/CR000010.dcm,LEG,,,20260916180617.470116,uid_match
Размеченные_499_Илья,C:\Users\Андрей\Desktop\Хакатон\Размеченные_499_Илья\2.25.181196659018348153828200695057897449628\series_004_2_CR\A2507370620 DXA\CR DXA\CR000011.dcm,2.25.181196659018348153828200695057897449628/series_004_2_CR/A2507370620 DXA/CR DXA/CR000011.dcm,1.2.643.5.1.13.13.12.2.77.8252.15131206051500011310060914011411,2.25.181196659018348153828200695057897449628/series_004_2_CR/A2507370620 DXA/CR DXA/CR000011.dcm,SPINE,,,20260916180619.105413,uid_match
Размеченные_499_Илья,C:\Users\Андрей\Desktop\Хакатон\Размеченные_499_Илья\2.25.181196659018348153828200695057897449628\series_004_2_CR\A2507370620 DXA\CR DXA\CR000012.dcm,2.25.181196659018348153828200695057897449628/series_004_2_CR/A2507370620 DXA/CR DXA/CR000012.dcm,1.2.643.5.1.13.13.12.2.77.8252.00110402080602151505051001010810,2.25.181196659018348153828200695057897449628/series_004_2_CR/A2507370620 DXA/CR DXA/CR000012.dcm,LEG,,,20260916180620.862334,uid_match
Размеченные_499_Илья,C:\Users\Андрей\Desktop\Хакатон\Размеченные_499_Илья\2.25.184198356665635336833172191504278054074\series_004_2_CR\A250788286 DXA\CR DXA\CR000000.dcm,2.25.184198356665635336833172191504278054074/series_004_2_CR/A250788286 DXA/CR DXA/CR000000.dcm,1.2.643.5.1.13.13.12.2.77.8252.04151306060901060605121400081206,2.25.184198356665635336833172191504278054074/series_004_2_CR/A250788286 DXA/CR DXA/CR000000.dcm,SPINE,,,20260916180622.350847,uid_match
Размеченные_499_Илья,C:\Users\Андрей\Desktop\Хакатон\Размеченные_499_Илья\2.25.184198356665635336833172191504278054074\series_004_2_CR\A250788286 DXA\CR DXA\CR000001.dcm,2.25.184198356665635336833172191504278054074/series_004_2_CR/A250788286 DXA/CR DXA/CR000001.dcm,1.2.643.5.1.13.13.12.2.77.8252.11141409010404080202090702050104,2.25.184198356665635336833172191504278054074/series_004_2_CR/A250788286 DXA/CR DXA/CR000001.dcm,LEG,,,20260916180623.957240,uid_match
Размеченные_499_Илья,C:\Users\Андрей\Desktop\Хакатон\Размеченные_499_Илья\2.25.184198356665635336833172191504278054074\series_004_2_CR\A250788286 DXA\CR DXA\CR000002.dcm,2.25.184198356665635336833172191504278054074/series_004_2_CR/A250788286 DXA/CR DXA/CR000002.dcm,1.2.643.5.1.13.13.12.2.77.8252.02150805140008141106110606070801,2.25.184198356665635336833172191504278054074/series_004_2_CR/A250788286 DXA/CR DXA/CR000002.dcm,LEG,,,20260916180625.258875,uid_match
Размеченные_499_Илья,C:\Users\Андрей\Desktop\Хакатон\Размеченные_499_Илья\2.25.186201010600484120326273381077449377115\series_004_2_CR\A250777475 DXA\CR DXA\CR000000.dcm,2.25.186201010600484120326273381077449377115/series_004_2_CR/A250777475 DXA/CR DXA/CR000000.dcm,1.2.643.5.1.13.13.12.2.77.8252.01110601131107041511021510061211,2.25.186201010600484120326273381077449377115/series_004_2_CR/A250777475 DXA/CR DXA/CR000000.dcm,LEG,,,20260916180626.626400,uid_match
Размеченные_499_Илья,C:\Users\Андрей\Desktop\Хакатон\Размеченные_499_Илья\2.25.186201010600484120326273381077449377115\series_004_2_CR\A250777475 DXA\CR DXA\CR000001.dcm,2.25.186201010600484120326273381077449377115/series_004_2_CR/A250777475 DXA/CR DXA/CR000001.dcm,1.2.643.5.1.13.13.12.2.77.8252.09061504020803021006021501021304,2.25.186201010600484120326273381077449377115/series_004_2_CR/A250777475 DXA/CR DXA/CR000001.dcm,LEG,,,20260916180628.275678,uid_match
Размеченные_499_Илья,C:\Users\Андрей\Desktop\Хакатон\Размеченные_499_Илья\2.25.186201010600484120326273381077449377115\series_004_2_CR\A250777475 DXA\CR DXA\CR000002.dcm,2.25.186201010600484120326273381077449377115/series_004_2_CR/A250777475 DXA/CR DXA/CR000002.dcm,1.2.643.5.1.13.13.12.2.77.8252.00091315091215060415120908060402,2.25.186201010600484120326273381077449377115/series_004_2_CR/A250777475 DXA/CR DXA/CR000002.dcm,LEG,,,20260916180630.355122,uid_match
Размеченные_499_Илья,C:\Users\Андрей\Desktop\Хакатон\Размеченные_499_Илья\2.25.186201010600484120326273381077449377115\series_004_2_CR\A250777475 DXA\CR DXA\CR000003.dcm,2.25.186201010600484120326273381077449377115/series_004_2_CR/A250777475 DXA/CR DXA/CR000003.dcm,1.2.643.5.1.13.13.12.2.77.8252.01141302020713050903060503061314,2.25.186201010600484120326273381077449377115/series_004_2_CR/A250777475 DXA/CR DXA/CR000003.dcm,LEG,,,20260916180632.027555,uid_match
Размеченные_499_Илья,C:\Users\Андрей\Desktop\Хакатон\Размеченные_499_Илья\2.25.186201010600484120326273381077449377115\series_004_2_CR\A250777475 DXA\CR DXA\CR000004.dcm,2.25.186201010600484120326273381077449377115/series_004_2_CR/A250777475 DXA/CR DXA/CR000004.dcm,1.2.643.5.1.13.13.12.2.77.8252.13051209051006081503100907110310,2.25.186201010600484120326273381077449377115/series_004_2_CR/A250777475 DXA/CR DXA/CR000004.dcm,LEG,,,20260916180633.221281,uid_match
Размеченные_499_Илья,C:\Users\Андрей\Desktop\Хакатон\Размеченные_499_Илья\2.25.186201010600484120326273381077449377115\series_004_2_CR\A250777475 DXA\CR DXA\CR000005.dcm,2.25.186201010600484120326273381077449377115/series_004_2_CR/A250777475 DXA/CR DXA/CR000005.dcm,1.2.643.5.1.13.13.12.2.77.8252.07131015031512050310021202060000,2.25.186201010600484120326273381077449377115/series_004_2_CR/A250777475 DXA/CR DXA/CR000005.dcm,LEG,,,20260916180634.729824,uid_match
Размеченные_499_Илья,C:\Users\Андрей\Desktop\Хакатон\Размеченные_499_Илья\2.25.186201010600484120326273381077449377115\series_004_2_CR\A250777475 DXA\CR DXA\CR000006.dcm,2.25.186201010600484120326273381077449377115/series_004_2_CR/A250777475 DXA/CR DXA/CR000006.dcm,1.2.643.5.1.13.13.12.2.77.8252.01060001050009070514040213010802,2.25.186201010600484120326273381077449377115/series_004_2_CR/A250777475 DXA/CR DXA/CR000006.dcm,LEG,,,20260916180636.800309,uid_match
Размеченные_499_Илья,C:\Users\Андрей\Desktop\Хакатон\Размеченные_499_Илья\2.25.186201010600484120326273381077449377115\series_004_2_CR\A250777475 DXA\CR DXA\CR000007.dcm,2.25.186201010600484120326273381077449377115/series_004_2_CR/A250777475 DXA/CR DXA/CR000007.dcm,1.2.643.5.1.13.13.12.2.77.8252.07140512060315100814061103061308,2.25.186201010600484120326273381077449377115/series_004_2_CR/A250777475 DXA/CR DXA/CR000007.dcm,SPINE,,,20260916180638.592799,uid_match
Размеченные_499_Илья,C:\Users\Андрей\Desktop\Хакатон\Размеченные_499_Илья\2.25.186201010600484120326273381077449377115\series_004_2_CR\A250777475 DXA\CR DXA\CR000008.dcm,2.25.186201010600484120326273381077449377115/series_004_2_CR/A250777475 DXA/CR DXA/CR000008.dcm,1.2.643.5.1.13.13.12.2.77.8252.05080405071204150306061400051307,2.25.186201010600484120326273381077449377115/series_004_2_CR/A250777475 DXA/CR DXA/CR000008.dcm,LEG,,,20260916180640.310992,uid_match
Размеченные_499_Илья,C:\Users\Андрей\Desktop\Хакатон\Размеченные_499_Илья\2.25.186201010600484120326273381077449377115\series_004_2_CR\A250777475 DXA\CR DXA\CR000009.dcm,2.25.186201010600484120326273381077449377115/series_004_2_CR/A250777475 DXA/CR DXA/CR000009.dcm,1.2.643.5.1.13.13.12.2.77.8252.13020010101411130307011411150509,2.25.186201010600484120326273381077449377115/series_004_2_CR/A250777475 DXA/CR DXA/CR000009.dcm,LEG,,,20260916180642.284083,uid_match
Размеченные_499_Илья,C:\Users\Андрей\Desktop\Хакатон\Размеченные_499_Илья\2.25.186201010600484120326273381077449377115\series_004_2_CR\A250777475 DXA\CR DXA\CR000010.dcm,2.25.186201010600484120326273381077449377115/series_004_2_CR/A250777475 DXA/CR DXA/CR000010.dcm,1.2.643.5.1.13.13.12.2.77.8252.07061504011201061005090406100203,2.25.186201010600484120326273381077449377115/series_004_2_CR/A250777475 DXA/CR DXA/CR000010.dcm,SPINE,,,20260916180644.000192,uid_match
Размеченные_499_Илья,C:\Users\Андрей\Desktop\Хакатон\Размеченные_499_Илья\2.25.186201010600484120326273381077449377115\series_004_2_CR\A250777475 DXA\CR DXA\CR000011.dcm,2.25.186201010600484120326273381077449377115/series_004_2_CR/A250777475 DXA/CR DXA/CR000011.dcm,1.2.643.5.1.13.13.12.2.77.8252.04100315041404021215101114140602,2.25.186201010600484120326273381077449377115/series_004_2_CR/A250777475 DXA/CR DXA/CR000011.dcm,SPINE,,,20260916180646.127447,uid_match
Размеченные_499_Илья,C:\Users\Андрей\Desktop\Хакатон\Размеченные_499_Илья\2.25.190331309633057244929837507901317950031\series_001_2_CR\A250791815 DXA\CR DXA\CR000000.dcm,2.25.190331309633057244929837507901317950031/series_001_2_CR/A250791815 DXA/CR DXA/CR000000.dcm,1.2.643.5.1.13.13.12.2.77.8252.11050911061500091304001000100608,2.25.190331309633057244929837507901317950031/series_001_2_CR/A250791815 DXA/CR DXA/CR000000.dcm,LEG,,,20260916180647.707206,uid_match
Размеченные_499_Илья,C:\Users\Андрей\Desktop\Хакатон\Размеченные_499_Илья\2.25.190331309633057244929837507901317950031\series_001_2_CR\A250791815 DXA\CR DXA\CR000001.dcm,2.25.190331309633057244929837507901317950031/series_001_2_CR/A250791815 DXA/CR DXA/CR000001.dcm,1.2.643.5.1.13.13.12.2.77.8252.13070805121401080100090313021511,2.25.190331309633057244929837507901317950031/series_001_2_CR/A250791815 DXA/CR DXA/CR000001.dcm,LEG,,,20260916180649.726545,uid_match
Размеченные_499_Илья,C:\Users\Андрей\Desktop\Хакатон\Размеченные_499_Илья\2.25.190331309633057244929837507901317950031\series_001_2_CR\A250791815 DXA\CR DXA\CR000002.dcm,2.25.190331309633057244929837507901317950031/series_001_2_CR/A250791815 DXA/CR DXA/CR000002.dcm,1.2.643.5.1.13.13.12.2.77.8252.06100709031109071008120605101311,2.25.190331309633057244929837507901317950031/series_001_2_CR/A250791815 DXA/CR DXA/CR000002.dcm,LEG,,,20260916180651.386135,uid_match
Размеченные_499_Илья,C:\Users\Андрей\Desktop\Хакатон\Размеченные_499_Илья\2.25.190331309633057244929837507901317950031\series_001_2_CR\A250791815 DXA\CR DXA\CR000003.dcm,2.25.190331309633057244929837507901317950031/series_001_2_CR/A250791815 DXA/CR DXA/CR000003.dcm,1.2.643.5.1.13.13.12.2.77.8252.11100109131006120600020910050910,2.25.190331309633057244929837507901317950031/series_001_2_CR/A250791815 DXA/CR DXA/CR000003.dcm,SPINE,,,20260916180653.871112,uid_match
Размеченные_499_Илья,C:\Users\Андрей\Desktop\Хакатон\Размеченные_499_Илья\2.25.190331309633057244929837507901317950031\series_001_2_CR\A250791815 DXA\CR DXA\CR000004.dcm,2.25.190331309633057244929837507901317950031/series_001_2_CR/A250791815 DXA/CR DXA/CR000004.dcm,1.2.643.5.1.13.13.12.2.77.8252.03000010070307110614031003090302,2.25.190331309633057244929837507901317950031/series_001_2_CR/A250791815 DXA/CR DXA/CR000004.dcm,LEG,,,20260916180655.216788,uid_match
Размеченные_499_Илья,C:\Users\Андрей\Desktop\Хакатон\Размеченные_499_Илья\2.25.190331309633057244929837507901317950031\series_001_2_CR\A250791815 DXA\CR DXA\CR000005.dcm,2.25.190331309633057244929837507901317950031/series_001_2_CR/A250791815 DXA/CR DXA/CR000005.dcm,1.2.643.5.1.13.13.12.2.77.8252.02040104021012120313090806030008,2.25.190331309633057244929837507901317950031/series_001_2_CR/A250791815 DXA/CR DXA/CR000005.dcm,SPINE,,,20260916180656.607214,uid_match
Размеченные_499_Илья,C:\Users\Андрей\Desktop\Хакатон\Размеченные_499_Илья\2.25.190331309633057244929837507901317950031\series_001_2_CR\A250791815 DXA\CR DXA\CR000006.dcm,2.25.190331309633057244929837507901317950031/series_001_2_CR/A250791815 DXA/CR DXA/CR000006.dcm,1.2.643.5.1.13.13.12.2.77.8252.03020007121211050710080207000313,2.25.190331309633057244929837507901317950031/series_001_2_CR/A250791815 DXA/CR DXA/CR000006.dcm,LEG,,,20260916180658.477010,uid_match
Размеченные_499_Илья,C:\Users\Андрей\Desktop\Хакатон\Размеченные_499_Илья\2.25.190331309633057244929837507901317950031\series_001_2_CR\A250791815 DXA\CR DXA\CR000007.dcm,2.25.190331309633057244929837507901317950031/series_001_2_CR/A250791815 DXA/CR DXA/CR000007.dcm,1.2.643.5.1.13.13.12.2.77.8252.10061312041507151308110106051414,2.25.190331309633057244929837507901317950031/series_001_2_CR/A250791815 DXA/CR DXA/CR000007.dcm,LEG,,,20260916180659.879887,uid_match
Размеченные_499_Илья,C:\Users\Андрей\Desktop\Хакатон\Размеченные_499_Илья\2.25.190331309633057244929837507901317950031\series_001_2_CR\A250791815 DXA\CR DXA\CR000008.dcm,2.25.190331309633057244929837507901317950031/series_001_2_CR/A250791815 DXA/CR DXA/CR000008.dcm,1.2.643.5.1.13.13.12.2.77.8252.06130501091009001200080400150413,2.25.190331309633057244929837507901317950031/series_001_2_CR/A250791815 DXA/CR DXA/CR000008.dcm,SPINE,,,20260916180701.426148,uid_match
Размеченные_499_Илья,C:\Users\Андрей\Desktop\Хакатон\Размеченные_499_Илья\2.25.190331309633057244929837507901317950031\series_001_2_CR\A250791815 DXA\CR DXA\CR000009.dcm,2.25.190331309633057244929837507901317950031/series_001_2_CR/A250791815 DXA/CR DXA/CR000009.dcm,1.2.643.5.1.13.13.12.2.77.8252.11100404131302060711141306031414,2.25.190331309633057244929837507901317950031/series_001_2_CR/A250791815 DXA/CR DXA/CR000009.dcm,LEG,,,20260916180702.958814,uid_match
Размеченные_499_Илья,C:\Users\Андрей\Desktop\Хакатон\Размеченные_499_Илья\2.25.190331309633057244929837507901317950031\series_001_2_CR\A250791815 DXA\CR DXA\CR000010.dcm,2.25.190331309633057244929837507901317950031/series_001_2_CR/A250791815 DXA/CR DXA/CR000010.dcm,1.2.643.5.1.13.13.12.2.77.8252.09051315030213060214031014080701,2.25.190331309633057244929837507901317950031/series_001_2_CR/A250791815 DXA/CR DXA/CR000010.dcm,LEG,,,20260916180704.674924,uid_match
Размеченные_499_Илья,C:\Users\Андрей\Desktop\Хакатон\Размеченные_499_Илья\2.25.190807933410234695931591553323782771995\series_002_3_CR\A250762254 DXA\CR DXA\CR000000.dcm,2.25.190807933410234695931591553323782771995/series_002_3_CR/A250762254 DXA/CR DXA/CR000000.dcm,1.2.643.5.1.13.13.12.2.77.8252.04000404020304020301120408100801,2.25.190807933410234695931591553323782771995/series_002_3_CR/A250762254 DXA/CR DXA/CR000000.dcm,SPINE,,,20260916180707.762833,uid_match
Размеченные_499_Илья,C:\Users\Андрей\Desktop\Хакатон\Размеченные_499_Илья\2.25.190807933410234695931591553323782771995\series_002_3_CR\A250762254 DXA\CR DXA\CR000001.dcm,2.25.190807933410234695931591553323782771995/series_002_3_CR/A250762254 DXA/CR DXA/CR000001.dcm,1.2.643.5.1.13.13.12.2.77.8252.10101410111513000809081215030802,2.25.190807933410234695931591553323782771995/series_002_3_CR/A250762254 DXA/CR DXA/CR000001.dcm,LEG,,,20260916180709.249199,uid_match
Размеченные_499_Илья,C:\Users\Андрей\Desktop\Хакатон\Размеченные_499_Илья\2.25.215177279960644564778148238928738915103\series_002_2_CR\A2504147013 DXA\CR DXA\CR000000.dcm,2.25.215177279960644564778148238928738915103/series_002_2_CR/A2504147013 DXA/CR DXA/CR000000.dcm,1.2.643.5.1.13.13.12.2.77.8252.02120211101306000510080011031411,2.25.215177279960644564778148238928738915103/series_002_2_CR/A2504147013 DXA/CR DXA/CR000000.dcm,LEG,,,20260916180711.538813,uid_match
Размеченные_499_Илья,C:\Users\Андрей\Desktop\Хакатон\Размеченные_499_Илья\2.25.215177279960644564778148238928738915103\series_002_2_CR\A2504147013 DXA\CR DXA\CR000001.dcm,2.25.215177279960644564778148238928738915103/series_002_2_CR/A2504147013 DXA/CR DXA/CR000001.dcm,1.2.643.5.1.13.13.12.2.77.8252.05011012001311141515001115080104,2.25.215177279960644564778148238928738915103/series_002_2_CR/A2504147013 DXA/CR DXA/CR000001.dcm,SPINE,,,20260916180712.825189,uid_match
Размеченные_499_Илья,C:\Users\Андрей\Desktop\Хакатон\Размеченные_499_Илья\2.25.215177279960644564778148238928738915103\series_002_2_CR\A2504147013 DXA\CR DXA\CR000002.dcm,2.25.215177279960644564778148238928738915103/series_002_2_CR/A2504147013 DXA/CR DXA/CR000002.dcm,1.2.643.5.1.13.13.12.2.77.8252.00070615051510041500030210150312,2.25.215177279960644564778148238928738915103/series_002_2_CR/A2504147013 DXA/CR DXA/CR000002.dcm,LEG,,,20260916180714.040242,uid_match
Размеченные_499_Илья,C:\Users\Андрей\Desktop\Хакатон\Размеченные_499_Илья\2.25.215177279960644564778148238928738915103\series_002_2_CR\A2504147013 DXA\CR DXA\CR000003.dcm,2.25.215177279960644564778148238928738915103/series_002_2_CR/A2504147013 DXA/CR DXA/CR000003.dcm,1.2.643.5.1.13.13.12.2.77.8252.02080006130815010800091303020804,2.25.215177279960644564778148238928738915103/series_002_2_CR/A2504147013 DXA/CR DXA/CR000003.dcm,LEG,,,20260916180715.591593,uid_match
Размеченные_499_Илья,C:\Users\Андрей\Desktop\Хакатон\Размеченные_499_Илья\2.25.215177279960644564778148238928738915103\series_002_2_CR\A2504147013 DXA\CR DXA\CR000004.dcm,2.25.215177279960644564778148238928738915103/series_002_2_CR/A2504147013 DXA/CR DXA/CR000004.dcm,1.2.643.5.1.13.13.12.2.77.8252.13140203110104081414101201001405,2.25.215177279960644564778148238928738915103/series_002_2_CR/A2504147013 DXA/CR DXA/CR000004.dcm,SPINE,,,20260916180716.990109,uid_match
Размеченные_499_Илья,C:\Users\Андрей\Desktop\Хакатон\Размеченные_499_Илья\2.25.217397325224876728316360420804118329081\series_002_2_CR\A250474631 DXA\CR DXA\CR000000.dcm,2.25.217397325224876728316360420804118329081/series_002_2_CR/A250474631 DXA/CR DXA/CR000000.dcm,1.2.643.5.1.13.13.12.2.77.8252.02091115080411030312040600000701,2.25.217397325224876728316360420804118329081/series_002_2_CR/A250474631 DXA/CR DXA/CR000000.dcm,LEG,,,20260916180718.424827,uid_match
Размеченные_499_Илья,C:\Users\Андрей\Desktop\Хакатон\Размеченные_499_Илья\2.25.217397325224876728316360420804118329081\series_002_2_CR\A250474631 DXA\CR DXA\CR000001.dcm,2.25.217397325224876728316360420804118329081/series_002_2_CR/A250474631 DXA/CR DXA/CR000001.dcm,1.2.643.5.1.13.13.12.2.77.8252.10000400041408060608031009090710,2.25.217397325224876728316360420804118329081/series_002_2_CR/A250474631 DXA/CR DXA/CR000001.dcm,LEG,,,20260916180719.854145,uid_match
Размеченные_499_Илья,C:\Users\Андрей\Desktop\Хакатон\Размеченные_499_Илья\2.25.217397325224876728316360420804118329081\series_002_2_CR\A250474631 DXA\CR DXA\CR000002.dcm,2.25.217397325224876728316360420804118329081/series_002_2_CR/A250474631 DXA/CR DXA/CR000002.dcm,1.2.643.5.1.13.13.12.2.77.8252.04131001000110131311121304090609,2.25.217397325224876728316360420804118329081/series_002_2_CR/A250474631 DXA/CR DXA/CR000002.dcm,SPINE,,,20260916180721.174760,uid_match
Размеченные_499_Илья,C:\Users\Андрей\Desktop\Хакатон\Размеченные_499_Илья\2.25.217397325224876728316360420804118329081\series_002_2_CR\A250474631 DXA\CR DXA\CR000003.dcm,2.25.217397325224876728316360420804118329081/series_002_2_CR/A250474631 DXA/CR DXA/CR000003.dcm,1.2.643.5.1.13.13.12.2.77.8252.01120903030308120114061013030505,2.25.217397325224876728316360420804118329081/series_002_2_CR/A250474631 DXA/CR DXA/CR000003.dcm,LEG,,,20260916180722.370363,uid_match
Размеченные_499_Илья,C:\Users\Андрей\Desktop\Хакатон\Размеченные_499_Илья\2.25.217397325224876728316360420804118329081\series_002_2_CR\A250474631 DXA\CR DXA\CR000004.dcm,2.25.217397325224876728316360420804118329081/series_002_2_CR/A250474631 DXA/CR DXA/CR000004.dcm,1.2.643.5.1.13.13.12.2.77.8252.03000813041512141007100304081206,2.25.217397325224876728316360420804118329081/series_002_2_CR/A250474631 DXA/CR DXA/CR000004.dcm,SPINE,,,20260916180723.648913,uid_match
Размеченные_499_Илья,C:\Users\Андрей\Desktop\Хакатон\Размеченные_499_Илья\2.25.217397325224876728316360420804118329081\series_002_2_CR\A250474631 DXA\CR DXA\CR000005.dcm,2.25.217397325224876728316360420804118329081/series_002_2_CR/A250474631 DXA/CR DXA/CR000005.dcm,1.2.643.5.1.13.13.12.2.77.8252.13021514070905140715121507140313,2.25.217397325224876728316360420804118329081/series_002_2_CR/A250474631 DXA/CR DXA/CR000005.dcm,SPINE,,,20260916180726.106641,uid_match
Размеченные_499_Илья,C:\Users\Андрей\Desktop\Хакатон\Размеченные_499_Илья\2.25.217397325224876728316360420804118329081\series_002_2_CR\A250474631 DXA\CR DXA\CR000006.dcm,2.25.217397325224876728316360420804118329081/series_002_2_CR/A250474631 DXA/CR DXA/CR000006.dcm,1.2.643.5.1.13.13.12.2.77.8252.08100408121001020706011402110914,2.25.217397325224876728316360420804118329081/series_002_2_CR/A250474631 DXA/CR DXA/CR000006.dcm,LEG,,,20260916180727.612937,uid_match
Размеченные_499_Илья,C:\Users\Андрей\Desktop\Хакатон\Размеченные_499_Илья\2.25.217397325224876728316360420804118329081\series_002_2_CR\A250474631 DXA\CR DXA\CR000007.dcm,2.25.217397325224876728316360420804118329081/series_002_2_CR/A250474631 DXA/CR DXA/CR000007.dcm,1.2.643.5.1.13.13.12.2.77.8252.15101108070415081206070914081510,2.25.217397325224876728316360420804118329081/series_002_2_CR/A250474631 DXA/CR DXA/CR000007.dcm,LEG,,,20260916180729.779011,uid_match
Размеченные_499_Илья,C:\Users\Андрей\Desktop\Хакатон\Размеченные_499_Илья\2.25.217397325224876728316360420804118329081\series_002_2_CR\A250474631 DXA\CR DXA\CR000008.dcm,2.25.217397325224876728316360420804118329081/series_002_2_CR/A250474631 DXA/CR DXA/CR000008.dcm,1.2.643.5.1.13.13.12.2.77.8252.14010614131006141014100714050813,2.25.217397325224876728316360420804118329081/series_002_2_CR/A250474631 DXA/CR DXA/CR000008.dcm,LEG,,,20260916180731.739363,uid_match
Размеченные_499_Илья,C:\Users\Андрей\Desktop\Хакатон\Размеченные_499_Илья\2.25.217397325224876728316360420804118329081\series_002_2_CR\A250474631 DXA\CR DXA\CR000009.dcm,2.25.217397325224876728316360420804118329081/series_002_2_CR/A250474631 DXA/CR DXA/CR000009.dcm,1.2.643.5.1.13.13.12.2.77.8252.07081006110204030410140712110010,2.25.217397325224876728316360420804118329081/series_002_2_CR/A250474631 DXA/CR DXA/CR000009.dcm,LEG,,,20260916180733.146198,uid_match
Размеченные_499_Илья,C:\Users\Андрей\Desktop\Хакатон\Размеченные_499_Илья\2.25.217397325224876728316360420804118329081\series_002_2_CR\A250474631 DXA\CR DXA\CR000010.dcm,2.25.217397325224876728316360420804118329081/series_002_2_CR/A250474631 DXA/CR DXA/CR000010.dcm,1.2.643.5.1.13.13.12.2.77.8252.03030902090804040112070613130312,2.25.217397325224876728316360420804118329081/series_002_2_CR/A250474631 DXA/CR DXA/CR000010.dcm,LEG,,,20260916180734.497870,uid_match
Размеченные_499_Илья,C:\Users\Андрей\Desktop\Хакатон\Размеченные_499_Илья\2.25.220866240977467582196609708837940253840\series_001_2_CR\A2504258893 DXA\CR DXA\CR000000.dcm,2.25.220866240977467582196609708837940253840/series_001_2_CR/A2504258893 DXA/CR DXA/CR000000.dcm,1.2.643.5.1.13.13.12.2.77.8252.03010603150012061509030005111300,2.25.220866240977467582196609708837940253840/series_001_2_CR/A2504258893 DXA/CR DXA/CR000000.dcm,SPINE,,,20260916180735.760750,uid_match
Размеченные_499_Илья,C:\Users\Андрей\Desktop\Хакатон\Размеченные_499_Илья\2.25.234651502352368356456298825489565282446\series_002_2_CR\A2504307193 DXA\CR DXA\CR000000.dcm,2.25.234651502352368356456298825489565282446/series_002_2_CR/A2504307193 DXA/CR DXA/CR000000.dcm,1.2.643.5.1.13.13.12.2.77.8252.02051208030605070510050510081213,2.25.234651502352368356456298825489565282446/series_002_2_CR/A2504307193 DXA/CR DXA/CR000000.dcm,LEG,,,20260916180737.310163,uid_match
Размеченные_499_Илья,C:\Users\Андрей\Desktop\Хакатон\Размеченные_499_Илья\2.25.234651502352368356456298825489565282446\series_002_2_CR\A2504307193 DXA\CR DXA\CR000001.dcm,2.25.234651502352368356456298825489565282446/series_002_2_CR/A2504307193 DXA/CR DXA/CR000001.dcm,1.2.643.5.1.13.13.12.2.77.8252.05090510140315010003130007000910,2.25.234651502352368356456298825489565282446/series_002_2_CR/A2504307193 DXA/CR DXA/CR000001.dcm,LEG,,,20260916180738.934544,uid_match
Размеченные_499_Илья,C:\Users\Андрей\Desktop\Хакатон\Размеченные_499_Илья\2.25.234651502352368356456298825489565282446\series_002_2_CR\A2504307193 DXA\CR DXA\CR000002.dcm,2.25.234651502352368356456298825489565282446/series_002_2_CR/A2504307193 DXA/CR DXA/CR000002.dcm,1.2.643.5.1.13.13.12.2.77.8252.09031307051100020212010511060414,2.25.234651502352368356456298825489565282446/series_002_2_CR/A2504307193 DXA/CR DXA/CR000002.dcm,SPINE,,,20260916180740.704424,uid_match
Размеченные_499_Илья,C:\Users\Андрей\Desktop\Хакатон\Размеченные_499_Илья\2.25.234651502352368356456298825489565282446\series_002_2_CR\A2504307193 DXA\CR DXA\CR000003.dcm,2.25.234651502352368356456298825489565282446/series_002_2_CR/A2504307193 DXA/CR DXA/CR000003.dcm,1.2.643.5.1.13.13.12.2.77.8252.09140613011500120102030800080807,2.25.234651502352368356456298825489565282446/series_002_2_CR/A2504307193 DXA/CR DXA/CR000003.dcm,LEG,,,20260916180744.021123,uid_match
Размеченные_499_Илья,C:\Users\Андрей\Desktop\Хакатон\Размеченные_499_Илья\2.25.234651502352368356456298825489565282446\series_002_2_CR\A2504307193 DXA\CR DXA\CR000004.dcm,2.25.234651502352368356456298825489565282446/series_002_2_CR/A2504307193 DXA/CR DXA/CR000004.dcm,1.2.643.5.1.13.13.12.2.77.8252.09061112071413071402070608030006,2.25.234651502352368356456298825489565282446/series_002_2_CR/A2504307193 DXA/CR DXA/CR000004.dcm,LEG,,,20260916180745.610360,uid_match
Размеченные_499_Илья,C:\Users\Андрей\Desktop\Хакатон\Размеченные_499_Илья\2.25.234651502352368356456298825489565282446\series_002_2_CR\A2504307193 DXA\CR DXA\CR000005.dcm,2.25.234651502352368356456298825489565282446/series_002_2_CR/A2504307193 DXA/CR DXA/CR000005.dcm,1.2.643.5.1.13.13.12.2.77.8252.14111506040710041211031511080401,2.25.234651502352368356456298825489565282446/series_002_2_CR/A2504307193 DXA/CR DXA/CR000005.dcm,LEG,,,20260916180747.307020,uid_match
Размеченные_499_Илья,C:\Users\Андрей\Desktop\Хакатон\Размеченные_499_Илья\2.25.234651502352368356456298825489565282446\series_002_2_CR\A2504307193 DXA\CR DXA\CR000006.dcm,2.25.234651502352368356456298825489565282446/series_002_2_CR/A2504307193 DXA/CR DXA/CR000006.dcm,1.2.643.5.1.13.13.12.2.77.8252.10051211011505050506141504040101,2.25.234651502352368356456298825489565282446/series_002_2_CR/A2504307193 DXA/CR DXA/CR000006.dcm,SPINE,,,20260916180749.069004,uid_match
Размеченные_499_Илья,C:\Users\Андрей\Desktop\Хакатон\Размеченные_499_Илья\2.25.234651502352368356456298825489565282446\series_002_2_CR\A2504307193 DXA\CR DXA\CR000007.dcm,2.25.234651502352368356456298825489565282446/series_002_2_CR/A2504307193 DXA/CR DXA/CR000007.dcm,1.2.643.5.1.13.13.12.2.77.8252.15100402090103120615100706141310,2.25.234651502352368356456298825489565282446/series_002_2_CR/A2504307193 DXA/CR DXA/CR000007.dcm,LEG,,,20260916180755.069507,uid_match
Размеченные_499_Илья,C:\Users\Андрей\Desktop\Хакатон\Размеченные_499_Илья\2.25.234651502352368356456298825489565282446\series_002_2_CR\A2504307193 DXA\CR DXA\CR000008.dcm,2.25.234651502352368356456298825489565282446/series_002_2_CR/A2504307193 DXA/CR DXA/CR000008.dcm,1.2.643.5.1.13.13.12.2.77.8252.10021305031009110615021114111114,2.25.234651502352368356456298825489565282446/series_002_2_CR/A2504307193 DXA/CR DXA/CR000008.dcm,SPINE,,,20260916180756.521927,uid_match
Размеченные_499_Илья,C:\Users\Андрей\Desktop\Хакатон\Размеченные_499_Илья\2.25.234651502352368356456298825489565282446\series_002_2_CR\A2504307193 DXA\CR DXA\CR000009.dcm,2.25.234651502352368356456298825489565282446/series_002_2_CR/A2504307193 DXA/CR DXA/CR000009.dcm,1.2.643.5.1.13.13.12.2.77.8252.09110410141103030507060004110108,2.25.234651502352368356456298825489565282446/series_002_2_CR/A2504307193 DXA/CR DXA/CR000009.dcm,LEG,,,20260916180800.362734,uid_match
Размеченные_499_Илья,C:\Users\Андрей\Desktop\Хакатон\Размеченные_499_Илья\2.25.234651502352368356456298825489565282446\series_002_2_CR\A2504307193 DXA\CR DXA\CR000010.dcm,2.25.234651502352368356456298825489565282446/series_002_2_CR/A2504307193 DXA/CR DXA/CR000010.dcm,1.2.643.5.1.13.13.12.2.77.8252.15060200100906151411000112060511,2.25.234651502352368356456298825489565282446/series_002_2_CR/A2504307193 DXA/CR DXA/CR000010.dcm,LEG,,,20260916180802.194814,uid_match
Размеченные_499_Илья,C:\Users\Андрей\Desktop\Хакатон\Размеченные_499_Илья\2.25.247714038039430659432048101646401574824\series_002_2_CR\A2504238024 DXA Exam\CR DXA Images\CR000000.dcm,2.25.247714038039430659432048101646401574824/series_002_2_CR/A2504238024 DXA Exam/CR DXA Images/CR000000.dcm,1.2.643.5.1.13.13.12.2.77.8252.06051510010614000404080600020603,2.25.247714038039430659432048101646401574824/series_002_2_CR/A2504238024 DXA Exam/CR DXA Images/CR000000.dcm,LEG,,,20260916180804.059970,uid_match
Размеченные_499_Илья,C:\Users\Андрей\Desktop\Хакатон\Размеченные_499_Илья\2.25.247714038039430659432048101646401574824\series_002_2_CR\A2504238024 DXA Exam\CR DXA Images\CR000001.dcm,2.25.247714038039430659432048101646401574824/series_002_2_CR/A2504238024 DXA Exam/CR DXA Images/CR000001.dcm,1.2.643.5.1.13.13.12.2.77.8252.13110800060502010303101404091303,2.25.247714038039430659432048101646401574824/series_002_2_CR/A2504238024 DXA Exam/CR DXA Images/CR000001.dcm,LEG,,,20260916180806.139703,uid_match
Размеченные_499_Илья,C:\Users\Андрей\Desktop\Хакатон\Размеченные_499_Илья\2.25.247714038039430659432048101646401574824\series_002_2_CR\A2504238024 DXA Exam\CR DXA Images\CR000002.dcm,2.25.247714038039430659432048101646401574824/series_002_2_CR/A2504238024 DXA Exam/CR DXA Images/CR000002.dcm,1.2.643.5.1.13.13.12.2.77.8252.06030210110500061108030910090908,2.25.247714038039430659432048101646401574824/series_002_2_CR/A2504238024 DXA Exam/CR DXA Images/CR000002.dcm,SPINE,,,20260916180807.724172,uid_match
Размеченные_499_Илья,C:\Users\Андрей\Desktop\Хакатон\Размеченные_499_Илья\2.25.269648774413746842548908998641183395622\series_001_2_CR\A2504393664 DXA\CR DXA\CR000000.dcm,2.25.269648774413746842548908998641183395622/series_001_2_CR/A2504393664 DXA/CR DXA/CR000000.dcm,1.2.643.5.1.13.13.12.2.77.8252.12031014110715041000030602140501,2.25.269648774413746842548908998641183395622/series_001_2_CR/A2504393664 DXA/CR DXA/CR000000.dcm,LEG,,,20260916180809.839318,uid_match
Размеченные_499_Илья,C:\Users\Андрей\Desktop\Хакатон\Размеченные_499_Илья\2.25.269648774413746842548908998641183395622\series_001_2_CR\A2504393664 DXA\CR DXA\CR000001.dcm,2.25.269648774413746842548908998641183395622/series_001_2_CR/A2504393664 DXA/CR DXA/CR000001.dcm,1.2.643.5.1.13.13.12.2.77.8252.02001209000515050108060411111311,2.25.269648774413746842548908998641183395622/series_001_2_CR/A2504393664 DXA/CR DXA/CR000001.dcm,SPINE,,,20260916180811.507961,uid_match
Размеченные_499_Илья,C:\Users\Андрей\Desktop\Хакатон\Размеченные_499_Илья\2.25.269648774413746842548908998641183395622\series_001_2_CR\A2504393664 DXA\CR DXA\CR000002.dcm,2.25.269648774413746842548908998641183395622/series_001_2_CR/A2504393664 DXA/CR DXA/CR000002.dcm,1.2.643.5.1.13.13.12.2.77.8252.12130902030702050210110604020115,2.25.269648774413746842548908998641183395622/series_001_2_CR/A2504393664 DXA/CR DXA/CR000002.dcm,LEG,,,20260916180812.957920,uid_match
Размеченные_499_Илья,C:\Users\Андрей\Desktop\Хакатон\Размеченные_499_Илья\2.25.269742577365511543488820993979123763373\series_003_2_CR\A250477751 DXA\CR DXA\CR000000.dcm,2.25.269742577365511543488820993979123763373/series_003_2_CR/A250477751 DXA/CR DXA/CR000000.dcm,1.2.643.5.1.13.13.12.2.77.8252.11081308031311040302130506061304,2.25.269742577365511543488820993979123763373/series_003_2_CR/A250477751 DXA/CR DXA/CR000000.dcm,SPINE,,,20260916180814.544850,uid_match
Размеченные_499_Илья,C:\Users\Андрей\Desktop\Хакатон\Размеченные_499_Илья\2.25.272690031744216183651627058502316132741\series_002_2_CR\A2504373414 DXA\CR DXA\CR000000.dcm,2.25.272690031744216183651627058502316132741/series_002_2_CR/A2504373414 DXA/CR DXA/CR000000.dcm,1.2.643.5.1.13.13.12.2.77.8252.01011201030601080312040805131303,2.25.272690031744216183651627058502316132741/series_002_2_CR/A2504373414 DXA/CR DXA/CR000000.dcm,LEG,,,20260916180816.693480,uid_match
Размеченные_499_Илья,C:\Users\Андрей\Desktop\Хакатон\Размеченные_499_Илья\2.25.272690031744216183651627058502316132741\series_002_2_CR\A2504373414 DXA\CR DXA\CR000001.dcm,2.25.272690031744216183651627058502316132741/series_002_2_CR/A2504373414 DXA/CR DXA/CR000001.dcm,1.2.643.5.1.13.13.12.2.77.8252.06030606140315081407041104141012,2.25.272690031744216183651627058502316132741/series_002_2_CR/A2504373414 DXA/CR DXA/CR000001.dcm,SPINE,,,20260916180817.989511,uid_match
Размеченные_499_Илья,C:\Users\Андрей\Desktop\Хакатон\Размеченные_499_Илья\2.25.272690031744216183651627058502316132741\series_002_2_CR\A2504373414 DXA\CR DXA\CR000002.dcm,2.25.272690031744216183651627058502316132741/series_002_2_CR/A2504373414 DXA/CR DXA/CR000002.dcm,1.2.643.5.1.13.13.12.2.77.8252.15091411140404110408151008030010,2.25.272690031744216183651627058502316132741/series_002_2_CR/A2504373414 DXA/CR DXA/CR000002.dcm,LEG,,,20260916180820.166628,uid_match
Размеченные_499_Илья,C:\Users\Андрей\Desktop\Хакатон\Размеченные_499_Илья\2.25.272690031744216183651627058502316132741\series_002_2_CR\A2504373414 DXA\CR DXA\CR000003.dcm,2.25.272690031744216183651627058502316132741/series_002_2_CR/A2504373414 DXA/CR DXA/CR000003.dcm,1.2.643.5.1.13.13.12.2.77.8252.12111114061412150313141006121511,2.25.272690031744216183651627058502316132741/series_002_2_CR/A2504373414 DXA/CR DXA/CR000003.dcm,LEG,,,20260916180821.619097,uid_match
Размеченные_499_Илья,C:\Users\Андрей\Desktop\Хакатон\Размеченные_499_Илья\2.25.272690031744216183651627058502316132741\series_002_2_CR\A2504373414 DXA\CR DXA\CR000004.dcm,2.25.272690031744216183651627058502316132741/series_002_2_CR/A2504373414 DXA/CR DXA/CR000004.dcm,1.2.643.5.1.13.13.12.2.77.8252.11001315081502000300100815110411,2.25.272690031744216183651627058502316132741/series_002_2_CR/A2504373414 DXA/CR DXA/CR000004.dcm,LEG,,,20260916180822.871482,uid_match
Размеченные_499_Илья,C:\Users\Андрей\Desktop\Хакатон\Размеченные_499_Илья\2.25.272690031744216183651627058502316132741\series_002_2_CR\A2504373414 DXA\CR DXA\CR000005.dcm,2.25.272690031744216183651627058502316132741/series_002_2_CR/A2504373414 DXA/CR DXA/CR000005.dcm,1.2.643.5.1.13.13.12.2.77.8252.05061403001014150211070209121100,2.25.272690031744216183651627058502316132741/series_002_2_CR/A2504373414 DXA/CR DXA/CR000005.dcm,LEG,,,20260916180824.093735,uid_match
Размеченные_499_Илья,C:\Users\Андрей\Desktop\Хакатон\Размеченные_499_Илья\2.25.272690031744216183651627058502316132741\series_002_2_CR\A2504373414 DXA\CR DXA\CR000006.dcm,2.25.272690031744216183651627058502316132741/series_002_2_CR/A2504373414 DXA/CR DXA/CR000006.dcm,1.2.643.5.1.13.13.12.2.77.8252.07020101080211090714060800071015,2.25.272690031744216183651627058502316132741/series_002_2_CR/A2504373414 DXA/CR DXA/CR000006.dcm,SPINE,,,20260916180826.376654,uid_match
Размеченные_499_Илья,C:\Users\Андрей\Desktop\Хакатон\Размеченные_499_Илья\2.25.272690031744216183651627058502316132741\series_002_2_CR\A2504373414 DXA\CR DXA\CR000007.dcm,2.25.272690031744216183651627058502316132741/series_002_2_CR/A2504373414 DXA/CR DXA/CR000007.dcm,1.2.643.5.1.13.13.12.2.77.8252.10090104061310110414150206150115,2.25.272690031744216183651627058502316132741/series_002_2_CR/A2504373414 DXA/CR DXA/CR000007.dcm,LEG,,,20260916180827.730015,uid_match
Размеченные_499_Илья,C:\Users\Андрей\Desktop\Хакатон\Размеченные_499_Илья\2.25.272690031744216183651627058502316132741\series_002_2_CR\A2504373414 DXA\CR DXA\CR000008.dcm,2.25.272690031744216183651627058502316132741/series_002_2_CR/A2504373414 DXA/CR DXA/CR000008.dcm,1.2.643.5.1.13.13.12.2.77.8252.03130108120702021004141402130400,2.25.272690031744216183651627058502316132741/series_002_2_CR/A2504373414 DXA/CR DXA/CR000008.dcm,LEG,,,20260916180829.278487,uid_match
Размеченные_499_Илья,C:\Users\Андрей\Desktop\Хакатон\Размеченные_499_Илья\2.25.272690031744216183651627058502316132741\series_002_2_CR\A2504373414 DXA\CR DXA\CR000009.dcm,2.25.272690031744216183651627058502316132741/series_002_2_CR/A2504373414 DXA/CR DXA/CR000009.dcm,1.2.643.5.1.13.13.12.2.77.8252.05090009071111050211130101070710,2.25.272690031744216183651627058502316132741/series_002_2_CR/A2504373414 DXA/CR DXA/CR000009.dcm,SPINE,,,20260916180830.619382,uid_match
Размеченные_499_Илья,C:\Users\Андрей\Desktop\Хакатон\Размеченные_499_Илья\2.25.272690031744216183651627058502316132741\series_002_2_CR\A2504373414 DXA\CR DXA\CR000010.dcm,2.25.272690031744216183651627058502316132741/series_002_2_CR/A2504373414 DXA/CR DXA/CR000010.dcm,1.2.643.5.1.13.13.12.2.77.8252.06121304010102150202081301011406,2.25.272690031744216183651627058502316132741/series_002_2_CR/A2504373414 DXA/CR DXA/CR000010.dcm,LEG,,,20260916180832.088075,uid_match
Размеченные_499_Илья,C:\Users\Андрей\Desktop\Хакатон\Размеченные_499_Илья\2.25.276415754443998872860614500027519740375\series_002_2_CR\A2504387089 DXA\CR DXA\CR000000.dcm,2.25.276415754443998872860614500027519740375/series_002_2_CR/A2504387089 DXA/CR DXA/CR000000.dcm,1.2.643.5.1.13.13.12.2.77.8252.13000009090006001202001212051006,2.25.276415754443998872860614500027519740375/series_002_2_CR/A2504387089 DXA/CR DXA/CR000000.dcm,SPINE,,,20260916180834.028542,uid_match
Размеченные_499_Илья,C:\Users\Андрей\Desktop\Хакатон\Размеченные_499_Илья\2.25.276415754443998872860614500027519740375\series_002_2_CR\A2504387089 DXA\CR DXA\CR000001.dcm,2.25.276415754443998872860614500027519740375/series_002_2_CR/A2504387089 DXA/CR DXA/CR000001.dcm,1.2.643.5.1.13.13.12.2.77.8252.00080112010710030607090609070409,2.25.276415754443998872860614500027519740375/series_002_2_CR/A2504387089 DXA/CR DXA/CR000001.dcm,SPINE,,,20260916180835.613326,uid_match
Размеченные_499_Илья,C:\Users\Андрей\Desktop\Хакатон\Размеченные_499_Илья\2.25.276415754443998872860614500027519740375\series_002_2_CR\A2504387089 DXA\CR DXA\CR000002.dcm,2.25.276415754443998872860614500027519740375/series_002_2_CR/A2504387089 DXA/CR DXA/CR000002.dcm,1.2.643.5.1.13.13.12.2.77.8252.01080011050715071510151108031409,2.25.276415754443998872860614500027519740375/series_002_2_CR/A2504387089 DXA/CR DXA/CR000002.dcm,LEG,,,20260916180836.950712,uid_match
Размеченные_499_Илья,C:\Users\Андрей\Desktop\Хакатон\Размеченные_499_Илья\2.25.276415754443998872860614500027519740375\series_002_2_CR\A2504387089 DXA\CR DXA\CR000003.dcm,2.25.276415754443998872860614500027519740375/series_002_2_CR/A2504387089 DXA/CR DXA/CR000003.dcm,1.2.643.5.1.13.13.12.2.77.8252.12100615051100140712150704150801,2.25.276415754443998872860614500027519740375/series_002_2_CR/A2504387089 DXA/CR DXA/CR000003.dcm,LEG,,,20260916180838.692897,uid_match
Размеченные_499_Илья,C:\Users\Андрей\Desktop\Хакатон\Размеченные_499_Илья\2.25.276415754443998872860614500027519740375\series_002_2_CR\A2504387089 DXA\CR DXA\CR000004.dcm,2.25.276415754443998872860614500027519740375/series_002_2_CR/A2504387089 DXA/CR DXA/CR000004.dcm,1.2.643.5.1.13.13.12.2.77.8252.06120002061108140400041203121102,2.25.276415754443998872860614500027519740375/series_002_2_CR/A2504387089 DXA/CR DXA/CR000004.dcm,LEG,,,20260916180840.099257,uid_match
Размеченные_499_Илья,C:\Users\Андрей\Desktop\Хакатон\Размеченные_499_Илья\2.25.276415754443998872860614500027519740375\series_002_2_CR\A2504387089 DXA\CR DXA\CR000005.dcm,2.25.276415754443998872860614500027519740375/series_002_2_CR/A2504387089 DXA/CR DXA/CR000005.dcm,1.2.643.5.1.13.13.12.2.77.8252.15130815100101091501031008111015,2.25.276415754443998872860614500027519740375/series_002_2_CR/A2504387089 DXA/CR DXA/CR000005.dcm,LEG,,,20260916180841.884947,uid_match
Размеченные_499_Илья,C:\Users\Андрей\Desktop\Хакатон\Размеченные_499_Илья\2.25.277752758923974029595977676354128739670\series_002_2_CR\A2504223752 DXA\CR DXA\CR000000.dcm,2.25.277752758923974029595977676354128739670/series_002_2_CR/A2504223752 DXA/CR DXA/CR000000.dcm,1.2.643.5.1.13.13.12.2.77.8252.11140100091110050501140207060912,2.25.277752758923974029595977676354128739670/series_002_2_CR/A2504223752 DXA/CR DXA/CR000000.dcm,LEG,,,20260916180843.405506,uid_match
Размеченные_499_Илья,C:\Users\Андрей\Desktop\Хакатон\Размеченные_499_Илья\2.25.277752758923974029595977676354128739670\series_002_2_CR\A2504223752 DXA\CR DXA\CR000001.dcm,2.25.277752758923974029595977676354128739670/series_002_2_CR/A2504223752 DXA/CR DXA/CR000001.dcm,1.2.643.5.1.13.13.12.2.77.8252.05010011080903070300131415001403,2.25.277752758923974029595977676354128739670/series_002_2_CR/A2504223752 DXA/CR DXA/CR000001.dcm,LEG,,,20260916180845.384316,uid_match
Размеченные_499_Илья,C:\Users\Андрей\Desktop\Хакатон\Размеченные_499_Илья\2.25.277752758923974029595977676354128739670\series_002_2_CR\A2504223752 DXA\CR DXA\CR000002.dcm,2.25.277752758923974029595977676354128739670/series_002_2_CR/A2504223752 DXA/CR DXA/CR000002.dcm,1.2.643.5.1.13.13.12.2.77.8252.09010705011309010307011213150407,2.25.277752758923974029595977676354128739670/series_002_2_CR/A2504223752 DXA/CR DXA/CR000002.dcm,LEG,,,20260916180846.941045,uid_match
Размеченные_499_Илья,C:\Users\Андрей\Desktop\Хакатон\Размеченные_499_Илья\2.25.277752758923974029595977676354128739670\series_002_2_CR\A2504223752 DXA\CR DXA\CR000003.dcm,2.25.277752758923974029595977676354128739670/series_002_2_CR/A2504223752 DXA/CR DXA/CR000003.dcm,1.2.643.5.1.13.13.12.2.77.8252.05101415070003100803120514081507,2.25.277752758923974029595977676354128739670/series_002_2_CR/A2504223752 DXA/CR DXA/CR000003.dcm,LEG,,,20260916180848.635309,uid_match
Размеченные_499_Илья,C:\Users\Андрей\Desktop\Хакатон\Размеченные_499_Илья\2.25.277752758923974029595977676354128739670\series_002_2_CR\A2504223752 DXA\CR DXA\CR000004.dcm,2.25.277752758923974029595977676354128739670/series_002_2_CR/A2504223752 DXA/CR DXA/CR000004.dcm,1.2.643.5.1.13.13.12.2.77.8252.07090609050707040704081509101500,2.25.277752758923974029595977676354128739670/series_002_2_CR/A2504223752 DXA/CR DXA/CR000004.dcm,SPINE,,,20260916180851.134789,uid_match
Размеченные_499_Илья,C:\Users\Андрей\Desktop\Хакатон\Размеченные_499_Илья\2.25.277752758923974029595977676354128739670\series_002_2_CR\A2504223752 DXA\CR DXA\CR000005.dcm,2.25.277752758923974029595977676354128739670/series_002_2_CR/A2504223752 DXA/CR DXA/CR000005.dcm,1.2.643.5.1.13.13.12.2.77.8252.15080302090100001214141305071301,2.25.277752758923974029595977676354128739670/series_002_2_CR/A2504223752 DXA/CR DXA/CR000005.dcm,SPINE,,,20260916180852.665634,uid_match
Размеченные_499_Илья,C:\Users\Андрей\Desktop\Хакатон\Размеченные_499_Илья\2.25.286999464611662854355201599068538813496\series_003_2_CR\A2504223477 DXA\CR DXA\CR000000.dcm,2.25.286999464611662854355201599068538813496/series_003_2_CR/A2504223477 DXA/CR DXA/CR000000.dcm,1.2.643.5.1.13.13.12.2.77.8252.11091010090201121300090614051311,2.25.286999464611662854355201599068538813496/series_003_2_CR/A2504223477 DXA/CR DXA/CR000000.dcm,LEG,,,20260916180854.004359,uid_match
Размеченные_499_Илья,C:\Users\Андрей\Desktop\Хакатон\Размеченные_499_Илья\2.25.286999464611662854355201599068538813496\series_003_2_CR\A2504223477 DXA\CR DXA\CR000001.dcm,2.25.286999464611662854355201599068538813496/series_003_2_CR/A2504223477 DXA/CR DXA/CR000001.dcm,1.2.643.5.1.13.13.12.2.77.8252.02141512030209141106060309030501,2.25.286999464611662854355201599068538813496/series_003_2_CR/A2504223477 DXA/CR DXA/CR000001.dcm,SPINE,,,20260916180856.116425,uid_match
Размеченные_499_Илья,C:\Users\Андрей\Desktop\Хакатон\Размеченные_499_Илья\2.25.286999464611662854355201599068538813496\series_003_2_CR\A2504223477 DXA\CR DXA\CR000002.dcm,2.25.286999464611662854355201599068538813496/series_003_2_CR/A2504223477 DXA/CR DXA/CR000002.dcm,1.2.643.5.1.13.13.12.2.77.8252.15080906090913051107110915140103,2.25.286999464611662854355201599068538813496/series_003_2_CR/A2504223477 DXA/CR DXA/CR000002.dcm,LEG,,,20260916180857.767883,uid_match
Размеченные_499_Илья,C:\Users\Андрей\Desktop\Хакатон\Размеченные_499_Илья\2.25.286999464611662854355201599068538813496\series_003_2_CR\A2504223477 DXA\CR DXA\CR000003.dcm,2.25.286999464611662854355201599068538813496/series_003_2_CR/A2504223477 DXA/CR DXA/CR000003.dcm,1.2.643.5.1.13.13.12.2.77.8252.02060612071110031306070811070605,2.25.286999464611662854355201599068538813496/series_003_2_CR/A2504223477 DXA/CR DXA/CR000003.dcm,LEG,,,20260916180859.584918,uid_match
Размеченные_499_Илья,C:\Users\Андрей\Desktop\Хакатон\Размеченные_499_Илья\2.25.286999464611662854355201599068538813496\series_003_2_CR\A2504223477 DXA\CR DXA\CR000004.dcm,2.25.286999464611662854355201599068538813496/series_003_2_CR/A2504223477 DXA/CR DXA/CR000004.dcm,1.2.643.5.1.13.13.12.2.77.8252.08001013010106001102020015031109,2.25.286999464611662854355201599068538813496/series_003_2_CR/A2504223477 DXA/CR DXA/CR000004.dcm,SPINE,,,20260916180903.320242,uid_match
Размеченные_499_Илья,C:\Users\Андрей\Desktop\Хакатон\Размеченные_499_Илья\2.25.286999464611662854355201599068538813496\series_003_2_CR\A2504223477 DXA\CR DXA\CR000005.dcm,2.25.286999464611662854355201599068538813496/series_003_2_CR/A2504223477 DXA/CR DXA/CR000005.dcm,1.2.643.5.1.13.13.12.2.77.8252.11130511020109141404120604130811,2.25.286999464611662854355201599068538813496/series_003_2_CR/A2504223477 DXA/CR DXA/CR000005.dcm,LEG,,,20260916180905.805855,uid_match
Размеченные_499_Илья,C:\Users\Андрей\Desktop\Хакатон\Размеченные_499_Илья\2.25.29638026465755240167985424461715024381\series_004_3_CR\A2504115579 DXA\CR DXA\CR000000.dcm,2.25.29638026465755240167985424461715024381/series_004_3_CR/A2504115579 DXA/CR DXA/CR000000.dcm,1.2.643.5.1.13.13.12.2.77.8252.09040806151211060704090912150608,2.25.29638026465755240167985424461715024381/series_004_3_CR/A2504115579 DXA/CR DXA/CR000000.dcm,LEG,,,20260916180909.569105,uid_match
Размеченные_499_Илья,C:\Users\Андрей\Desktop\Хакатон\Размеченные_499_Илья\2.25.29638026465755240167985424461715024381\series_004_3_CR\A2504115579 DXA\CR DXA\CR000001.dcm,2.25.29638026465755240167985424461715024381/series_004_3_CR/A2504115579 DXA/CR DXA/CR000001.dcm,1.2.643.5.1.13.13.12.2.77.8252.12021011000615031102060001101203,2.25.29638026465755240167985424461715024381/series_004_3_CR/A2504115579 DXA/CR DXA/CR000001.dcm,SPINE,,,20260916180911.321362,uid_match
Размеченные_499_Илья,C:\Users\Андрей\Desktop\Хакатон\Размеченные_499_Илья\2.25.29638026465755240167985424461715024381\series_004_3_CR\A2504115579 DXA\CR DXA\CR000002.dcm,2.25.29638026465755240167985424461715024381/series_004_3_CR/A2504115579 DXA/CR DXA/CR000002.dcm,1.2.643.5.1.13.13.12.2.77.8252.11100504100006050214040402081303,2.25.29638026465755240167985424461715024381/series_004_3_CR/A2504115579 DXA/CR DXA/CR000002.dcm,LEG,,,20260916180912.861140,uid_match
Размеченные_499_Илья,C:\Users\Андрей\Desktop\Хакатон\Размеченные_499_Илья\2.25.29638026465755240167985424461715024381\series_004_3_CR\A2504115579 DXA\CR DXA\CR000003.dcm,2.25.29638026465755240167985424461715024381/series_004_3_CR/A2504115579 DXA/CR DXA/CR000003.dcm,1.2.643.5.1.13.13.12.2.77.8252.12090901030412121214030908040015,2.25.29638026465755240167985424461715024381/series_004_3_CR/A2504115579 DXA/CR DXA/CR000003.dcm,LEG,,,20260916180914.699663,uid_match
Размеченные_499_Илья,C:\Users\Андрей\Desktop\Хакатон\Размеченные_499_Илья\2.25.306921081709806079165809721263236241032\series_002_2_CR\A2504381177 DXA\CR DXA\CR000000.dcm,2.25.306921081709806079165809721263236241032/series_002_2_CR/A2504381177 DXA/CR DXA/CR000000.dcm,1.2.643.5.1.13.13.12.2.77.8252.05140704131104071313121101000313,2.25.306921081709806079165809721263236241032/series_002_2_CR/A2504381177 DXA/CR DXA/CR000000.dcm,SPINE,,,20260916180916.495320,uid_match
Размеченные_499_Илья,C:\Users\Андрей\Desktop\Хакатон\Размеченные_499_Илья\2.25.307021710202910067378603383388989711646\series_004_2_CR\A2504110565 DXA\CR DXA\CR000000.dcm,2.25.307021710202910067378603383388989711646/series_004_2_CR/A2504110565 DXA/CR DXA/CR000000.dcm,1.2.643.5.1.13.13.12.2.77.8252.10011315050807060809100706050011,2.25.307021710202910067378603383388989711646/series_004_2_CR/A2504110565 DXA/CR DXA/CR000000.dcm,SPINE,,,20260916180918.086735,uid_match
Размеченные_499_Илья,C:\Users\Андрей\Desktop\Хакатон\Размеченные_499_Илья\2.25.307021710202910067378603383388989711646\series_004_2_CR\A2504110565 DXA\CR DXA\CR000001.dcm,2.25.307021710202910067378603383388989711646/series_004_2_CR/A2504110565 DXA/CR DXA/CR000001.dcm,1.2.643.5.1.13.13.12.2.77.8252.12090115120005000603040515131409,2.25.307021710202910067378603383388989711646/series_004_2_CR/A2504110565 DXA/CR DXA/CR000001.dcm,LEG,,,20260916180919.509914,uid_match
Размеченные_499_Илья,C:\Users\Андрей\Desktop\Хакатон\Размеченные_499_Илья\2.25.307021710202910067378603383388989711646\series_004_2_CR\A2504110565 DXA\CR DXA\CR000002.dcm,2.25.307021710202910067378603383388989711646/series_004_2_CR/A2504110565 DXA/CR DXA/CR000002.dcm,1.2.643.5.1.13.13.12.2.77.8252.04030803131507080109070101120910,2.25.307021710202910067378603383388989711646/series_004_2_CR/A2504110565 DXA/CR DXA/CR000002.dcm,LEG,,,20260916180921.166264,uid_match
Размеченные_499_Илья,C:\Users\Андрей\Desktop\Хакатон\Размеченные_499_Илья\2.25.307021710202910067378603383388989711646\series_004_2_CR\A2504110565 DXA\CR DXA\CR000003.dcm,2.25.307021710202910067378603383388989711646/series_004_2_CR/A2504110565 DXA/CR DXA/CR000003.dcm,1.2.643.5.1.13.13.12.2.77.8252.08080707141115140509110700030200,2.25.307021710202910067378603383388989711646/series_004_2_CR/A2504110565 DXA/CR DXA/CR000003.dcm,LEG,,,20260916180922.587765,uid_match
Размеченные_499_Илья,C:\Users\Андрей\Desktop\Хакатон\Размеченные_499_Илья\2.25.307021710202910067378603383388989711646\series_004_2_CR\A2504110565 DXA\CR DXA\CR000004.dcm,2.25.307021710202910067378603383388989711646/series_004_2_CR/A2504110565 DXA/CR DXA/CR000004.dcm,1.2.643.5.1.13.13.12.2.77.8252.09020610121102091006070609000414,2.25.307021710202910067378603383388989711646/series_004_2_CR/A2504110565 DXA/CR DXA/CR000004.dcm,LEG,,,20260916180925.101130,uid_match
Размеченные_499_Илья,C:\Users\Андрей\Desktop\Хакатон\Размеченные_499_Илья\2.25.307021710202910067378603383388989711646\series_004_2_CR\A2504110565 DXA\CR DXA\CR000005.dcm,2.25.307021710202910067378603383388989711646/series_004_2_CR/A2504110565 DXA/CR DXA/CR000005.dcm,1.2.643.5.1.13.13.12.2.77.8252.09141210051000000105030213061514,2.25.307021710202910067378603383388989711646/series_004_2_CR/A2504110565 DXA/CR DXA/CR000005.dcm,LEG,,,20260916180926.799923,uid_match
Размеченные_499_Илья,C:\Users\Андрей\Desktop\Хакатон\Размеченные_499_Илья\2.25.307021710202910067378603383388989711646\series_004_2_CR\A2504110565 DXA\CR DXA\CR000006.dcm,2.25.307021710202910067378603383388989711646/series_004_2_CR/A2504110565 DXA/CR DXA/CR000006.dcm,1.2.643.5.1.13.13.12.2.77.8252.10030011090613091008080403130712,2.25.307021710202910067378603383388989711646/series_004_2_CR/A2504110565 DXA/CR DXA/CR000006.dcm,LEG,,,20260916180928.333032,uid_match
Размеченные_499_Илья,C:\Users\Андрей\Desktop\Хакатон\Размеченные_499_Илья\2.25.307021710202910067378603383388989711646\series_004_2_CR\A2504110565 DXA\CR DXA\CR000007.dcm,2.25.307021710202910067378603383388989711646/series_004_2_CR/A2504110565 DXA/CR DXA/CR000007.dcm,1.2.643.5.1.13.13.12.2.77.8252.10091201060313121514040903111108,2.25.307021710202910067378603383388989711646/series_004_2_CR/A2504110565 DXA/CR DXA/CR000007.dcm,LEG,,,20260916180930.235902,uid_match
Размеченные_499_Илья,C:\Users\Андрей\Desktop\Хакатон\Размеченные_499_Илья\2.25.307021710202910067378603383388989711646\series_004_2_CR\A2504110565 DXA\CR DXA\CR000008.dcm,2.25.307021710202910067378603383388989711646/series_004_2_CR/A2504110565 DXA/CR DXA/CR000008.dcm,1.2.643.5.1.13.13.12.2.77.8252.08061203141300041506070501101310,2.25.307021710202910067378603383388989711646/series_004_2_CR/A2504110565 DXA/CR DXA/CR000008.dcm,LEG,,,20260916180931.906452,uid_match
Размеченные_499_Илья,C:\Users\Андрей\Desktop\Хакатон\Размеченные_499_Илья\2.25.307021710202910067378603383388989711646\series_004_2_CR\A2504110565 DXA\CR DXA\CR000009.dcm,2.25.307021710202910067378603383388989711646/series_004_2_CR/A2504110565 DXA/CR DXA/CR000009.dcm,1.2.643.5.1.13.13.12.2.77.8252.01080203060404010906011511140504,2.25.307021710202910067378603383388989711646/series_004_2_CR/A2504110565 DXA/CR DXA/CR000009.dcm,LEG,,,20260916180933.434434,uid_match
Размеченные_499_Илья,C:\Users\Андрей\Desktop\Хакатон\Размеченные_499_Илья\2.25.307021710202910067378603383388989711646\series_004_2_CR\A2504110565 DXA\CR DXA\CR000010.dcm,2.25.307021710202910067378603383388989711646/series_004_2_CR/A2504110565 DXA/CR DXA/CR000010.dcm,1.2.643.5.1.13.13.12.2.77.8252.02020610071014010106090300080911,2.25.307021710202910067378603383388989711646/series_004_2_CR/A2504110565 DXA/CR DXA/CR000010.dcm,SPINE,,,20260916180935.107601,uid_match
Размеченные_499_Илья,C:\Users\Андрей\Desktop\Хакатон\Размеченные_499_Илья\2.25.307021710202910067378603383388989711646\series_004_2_CR\A2504110565 DXA\CR DXA\CR000011.dcm,2.25.307021710202910067378603383388989711646/series_004_2_CR/A2504110565 DXA/CR DXA/CR000011.dcm,1.2.643.5.1.13.13.12.2.77.8252.00041503151008120109091101041101,2.25.307021710202910067378603383388989711646/series_004_2_CR/A2504110565 DXA/CR DXA/CR000011.dcm,SPINE,,,20260916180936.482159,uid_match
Размеченные_499_Илья,C:\Users\Андрей\Desktop\Хакатон\Размеченные_499_Илья\2.25.309085571913348252136520206003694446566\series_002_2_CR\A2504116267 DXA\CR DXA\CR000000.dcm,2.25.309085571913348252136520206003694446566/series_002_2_CR/A2504116267 DXA/CR DXA/CR000000.dcm,1.2.643.5.1.13.13.12.2.77.8252.03121103130007121510030803050514,2.25.309085571913348252136520206003694446566/series_002_2_CR/A2504116267 DXA/CR DXA/CR000000.dcm,SPINE,,,20260916180939.437561,uid_match
Размеченные_499_Илья,C:\Users\Андрей\Desktop\Хакатон\Размеченные_499_Илья\2.25.309085571913348252136520206003694446566\series_002_2_CR\A2504116267 DXA\CR DXA\CR000001.dcm,2.25.309085571913348252136520206003694446566/series_002_2_CR/A2504116267 DXA/CR DXA/CR000001.dcm,1.2.643.5.1.13.13.12.2.77.8252.07070904150315000704031208001011,2.25.309085571913348252136520206003694446566/series_002_2_CR/A2504116267 DXA/CR DXA/CR000001.dcm,LEG,,,20260916180941.015300,uid_match
Размеченные_499_Илья,C:\Users\Андрей\Desktop\Хакатон\Размеченные_499_Илья\2.25.309085571913348252136520206003694446566\series_002_2_CR\A2504116267 DXA\CR DXA\CR000002.dcm,2.25.309085571913348252136520206003694446566/series_002_2_CR/A2504116267 DXA/CR DXA/CR000002.dcm,1.2.643.5.1.13.13.12.2.77.8252.09030700121011131209150303151015,2.25.309085571913348252136520206003694446566/series_002_2_CR/A2504116267 DXA/CR DXA/CR000002.dcm,LEG,,,20260916180942.471626,uid_match
Размеченные_499_Илья,C:\Users\Андрей\Desktop\Хакатон\Размеченные_499_Илья\2.25.314147167453134440746270747484612743945\series_002_2_CR\A2504224780 DXA\CR DXA\CR000000.dcm,2.25.314147167453134440746270747484612743945/series_002_2_CR/A2504224780 DXA/CR DXA/CR000000.dcm,1.2.643.5.1.13.13.12.2.77.8252.02000306061002040514101500000812,2.25.314147167453134440746270747484612743945/series_002_2_CR/A2504224780 DXA/CR DXA/CR000000.dcm,LEG,,,20260916180944.203135,uid_match
Размеченные_499_Илья,C:\Users\Андрей\Desktop\Хакатон\Размеченные_499_Илья\2.25.314147167453134440746270747484612743945\series_002_2_CR\A2504224780 DXA\CR DXA\CR000001.dcm,2.25.314147167453134440746270747484612743945/series_002_2_CR/A2504224780 DXA/CR DXA/CR000001.dcm,1.2.643.5.1.13.13.12.2.77.8252.01130904120915050401031210031001,2.25.314147167453134440746270747484612743945/series_002_2_CR/A2504224780 DXA/CR DXA/CR000001.dcm,LEG,,,20260916180945.879037,uid_match
Размеченные_499_Илья,C:\Users\Андрей\Desktop\Хакатон\Размеченные_499_Илья\2.25.314147167453134440746270747484612743945\series_002_2_CR\A2504224780 DXA\CR DXA\CR000002.dcm,2.25.314147167453134440746270747484612743945/series_002_2_CR/A2504224780 DXA/CR DXA/CR000002.dcm,1.2.643.5.1.13.13.12.2.77.8252.02120204101515130306021007150210,2.25.314147167453134440746270747484612743945/series_002_2_CR/A2504224780 DXA/CR DXA/CR000002.dcm,SPINE,,,20260916180947.198395,uid_match
Размеченные_499_Илья,C:\Users\Андрей\Desktop\Хакатон\Размеченные_499_Илья\2.25.322202456901330781765399791024580391565\series_002_2_CR\A2504350020 DXA\CR DXA\CR000000.dcm,2.25.322202456901330781765399791024580391565/series_002_2_CR/A2504350020 DXA/CR DXA/CR000000.dcm,1.2.643.5.1.13.13.12.2.77.8252.06061007030610120805010913100711,2.25.322202456901330781765399791024580391565/series_002_2_CR/A2504350020 DXA/CR DXA/CR000000.dcm,SPINE,,,20260916180948.956358,uid_match
Размеченные_499_Илья,C:\Users\Андрей\Desktop\Хакатон\Размеченные_499_Илья\2.25.338439598607961312040815816824093323492\series_002_2_CR\A2504147124 DXA\CR DXA\CR000000.dcm,2.25.338439598607961312040815816824093323492/series_002_2_CR/A2504147124 DXA/CR DXA/CR000000.dcm,1.2.643.5.1.13.13.12.2.77.8252.13110108131113110013070512051310,2.25.338439598607961312040815816824093323492/series_002_2_CR/A2504147124 DXA/CR DXA/CR000000.dcm,SPINE,,,20260916180950.466452,uid_match
Размеченные_499_Илья,C:\Users\Андрей\Desktop\Хакатон\Размеченные_499_Илья\2.25.339027809107632348165171236474821772940\series_001_2_CR\A2504349642 DXA\CR DXA\CR000000.dcm,2.25.339027809107632348165171236474821772940/series_001_2_CR/A2504349642 DXA/CR DXA/CR000000.dcm,1.2.643.5.1.13.13.12.2.77.8252.05111003151314100612100700031506,2.25.339027809107632348165171236474821772940/series_001_2_CR/A2504349642 DXA/CR DXA/CR000000.dcm,LEG,,,20260916180952.755582,uid_match
Размеченные_499_Илья,C:\Users\Андрей\Desktop\Хакатон\Размеченные_499_Илья\2.25.339027809107632348165171236474821772940\series_001_2_CR\A2504349642 DXA\CR DXA\CR000001.dcm,2.25.339027809107632348165171236474821772940/series_001_2_CR/A2504349642 DXA/CR DXA/CR000001.dcm,1.2.643.5.1.13.13.12.2.77.8252.04091012040015061107090014081504,2.25.339027809107632348165171236474821772940/series_001_2_CR/A2504349642 DXA/CR DXA/CR000001.dcm,SPINE,,,20260916180955.198958,uid_match
Размеченные_499_Илья,C:\Users\Андрей\Desktop\Хакатон\Размеченные_499_Илья\2.25.339027809107632348165171236474821772940\series_001_2_CR\A2504349642 DXA\CR DXA\CR000002.dcm,2.25.339027809107632348165171236474821772940/series_001_2_CR/A2504349642 DXA/CR DXA/CR000002.dcm,1.2.643.5.1.13.13.12.2.77.8252.11010912010413080807030107050600,2.25.339027809107632348165171236474821772940/series_001_2_CR/A2504349642 DXA/CR DXA/CR000002.dcm,LEG,,,20260916180957.215375,uid_match
Размеченные_499_Илья,C:\Users\Андрей\Desktop\Хакатон\Размеченные_499_Илья\2.25.339027809107632348165171236474821772940\series_001_2_CR\A2504349642 DXA\CR DXA\CR000003.dcm,2.25.339027809107632348165171236474821772940/series_001_2_CR/A2504349642 DXA/CR DXA/CR000003.dcm,1.2.643.5.1.13.13.12.2.77.8252.02060903061507111201080601150903,2.25.339027809107632348165171236474821772940/series_001_2_CR/A2504349642 DXA/CR DXA/CR000003.dcm,LEG,,,20260916180958.495348,uid_match
Размеченные_499_Илья,C:\Users\Андрей\Desktop\Хакатон\Размеченные_499_Илья\2.25.339027809107632348165171236474821772940\series_001_2_CR\A2504349642 DXA\CR DXA\CR000004.dcm,2.25.339027809107632348165171236474821772940/series_001_2_CR/A2504349642 DXA/CR DXA/CR000004.dcm,1.2.643.5.1.13.13.12.2.77.8252.09100506150509030310111310041309,2.25.339027809107632348165171236474821772940/series_001_2_CR/A2504349642 DXA/CR DXA/CR000004.dcm,SPINE,,,20260916181000.370228,uid_match
Размеченные_499_Илья,C:\Users\Андрей\Desktop\Хакатон\Размеченные_499_Илья\2.25.339027809107632348165171236474821772940\series_001_2_CR\A2504349642 DXA\CR DXA\CR000005.dcm,2.25.339027809107632348165171236474821772940/series_001_2_CR/A2504349642 DXA/CR DXA/CR000005.dcm,1.2.643.5.1.13.13.12.2.77.8252.02080414020805070003121215081311,2.25.339027809107632348165171236474821772940/series_001_2_CR/A2504349642 DXA/CR DXA/CR000005.dcm,LEG,,,20260916181002.496631,uid_match
Размеченные_499_Илья,C:\Users\Андрей\Desktop\Хакатон\Размеченные_499_Илья\2.25.340839477910528898406207279980417945\series_001_2_CR\A2504224555 DXA Exam\CR DXA Images\CR000000.dcm,2.25.340839477910528898406207279980417945/series_001_2_CR/A2504224555 DXA Exam/CR DXA Images/CR000000.dcm,1.2.643.5.1.13.13.12.2.77.8252.14120712151005010200040708001308,2.25.340839477910528898406207279980417945/series_001_2_CR/A2504224555 DXA Exam/CR DXA Images/CR000000.dcm,LEG,,,20260916181004.729876,uid_match
Размеченные_499_Илья,C:\Users\Андрей\Desktop\Хакатон\Размеченные_499_Илья\2.25.340839477910528898406207279980417945\series_001_2_CR\A2504224555 DXA Exam\CR DXA Images\CR000001.dcm,2.25.340839477910528898406207279980417945/series_001_2_CR/A2504224555 DXA Exam/CR DXA Images/CR000001.dcm,1.2.643.5.1.13.13.12.2.77.8252.05030701101012140702110704000714,2.25.340839477910528898406207279980417945/series_001_2_CR/A2504224555 DXA Exam/CR DXA Images/CR000001.dcm,LEG,,,20260916181006.463691,uid_match
Размеченные_499_Илья,C:\Users\Андрей\Desktop\Хакатон\Размеченные_499_Илья\2.25.340839477910528898406207279980417945\series_001_2_CR\A2504224555 DXA Exam\CR DXA Images\CR000002.dcm,2.25.340839477910528898406207279980417945/series_001_2_CR/A2504224555 DXA Exam/CR DXA Images/CR000002.dcm,1.2.643.5.1.13.13.12.2.77.8252.12111312010203070900101115051015,2.25.340839477910528898406207279980417945/series_001_2_CR/A2504224555 DXA Exam/CR DXA Images/CR000002.dcm,SPINE,,,20260916181007.810079,uid_match
Размеченные_499_Илья,C:\Users\Андрей\Desktop\Хакатон\Размеченные_499_Илья\2.25.37515662379281069436632838996073181551\series_001_2_CR\A2504329840 DXA\CR DXA\CR000000.dcm,2.25.37515662379281069436632838996073181551/series_001_2_CR/A2504329840 DXA/CR DXA/CR000000.dcm,1.2.643.5.1.13.13.12.2.77.8252.05001409080504151204111500000514,2.25.37515662379281069436632838996073181551/series_001_2_CR/A2504329840 DXA/CR DXA/CR000000.dcm,SPINE,,,20260916181009.358326,uid_match
Размеченные_499_Илья,C:\Users\Андрей\Desktop\Хакатон\Размеченные_499_Илья\2.25.37515662379281069436632838996073181551\series_001_2_CR\A2504329840 DXA\CR DXA\CR000001.dcm,2.25.37515662379281069436632838996073181551/series_001_2_CR/A2504329840 DXA/CR DXA/CR000001.dcm,1.2.643.5.1.13.13.12.2.77.8252.12090208061115110101131315120813,2.25.37515662379281069436632838996073181551/series_001_2_CR/A2504329840 DXA/CR DXA/CR000001.dcm,LEG,,,20260916181010.780166,uid_match
Размеченные_499_Илья,C:\Users\Андрей\Desktop\Хакатон\Размеченные_499_Илья\2.25.37515662379281069436632838996073181551\series_001_2_CR\A2504329840 DXA\CR DXA\CR000002.dcm,2.25.37515662379281069436632838996073181551/series_001_2_CR/A2504329840 DXA/CR DXA/CR000002.dcm,1.2.643.5.1.13.13.12.2.77.8252.08110803070615141513021414111001,2.25.37515662379281069436632838996073181551/series_001_2_CR/A2504329840 DXA/CR DXA/CR000002.dcm,LEG,,,20260916181012.094072,uid_match
Размеченные_499_Илья,C:\Users\Андрей\Desktop\Хакатон\Размеченные_499_Илья\2.25.39068163399801173920284179500049527111\series_002_2_CR\A2504195842 DXA\CR DXA\CR000000.dcm,2.25.39068163399801173920284179500049527111/series_002_2_CR/A2504195842 DXA/CR DXA/CR000000.dcm,1.2.643.5.1.13.13.12.2.77.8252.00030605020706130003080307080701,2.25.39068163399801173920284179500049527111/series_002_2_CR/A2504195842 DXA/CR DXA/CR000000.dcm,LEG,,,20260916181014.492791,uid_match
Размеченные_499_Илья,C:\Users\Андрей\Desktop\Хакатон\Размеченные_499_Илья\2.25.39068163399801173920284179500049527111\series_002_2_CR\A2504195842 DXA\CR DXA\CR000001.dcm,2.25.39068163399801173920284179500049527111/series_002_2_CR/A2504195842 DXA/CR DXA/CR000001.dcm,1.2.643.5.1.13.13.12.2.77.8252.07150610130411050211021514011106,2.25.39068163399801173920284179500049527111/series_002_2_CR/A2504195842 DXA/CR DXA/CR000001.dcm,LEG,,,20260916181016.441880,uid_match
Размеченные_499_Илья,C:\Users\Андрей\Desktop\Хакатон\Размеченные_499_Илья\2.25.39068163399801173920284179500049527111\series_002_2_CR\A2504195842 DXA\CR DXA\CR000002.dcm,2.25.39068163399801173920284179500049527111/series_002_2_CR/A2504195842 DXA/CR DXA/CR000002.dcm,1.2.643.5.1.13.13.12.2.77.8252.15141302131508150312140605060212,2.25.39068163399801173920284179500049527111/series_002_2_CR/A2504195842 DXA/CR DXA/CR000002.dcm,SPINE,,,20260916181017.987315,uid_match
Размеченные_499_Илья,C:\Users\Андрей\Desktop\Хакатон\Размеченные_499_Илья\2.25.48906424954135283790354958243772558962\series_001_2_CR\A2504185596 DXA Exam\CR DXA Images\CR000000.dcm,2.25.48906424954135283790354958243772558962/series_001_2_CR/A2504185596 DXA Exam/CR DXA Images/CR000000.dcm,1.2.643.5.1.13.13.12.2.77.8252.06080100090802110008000311010501,2.25.48906424954135283790354958243772558962/series_001_2_CR/A2504185596 DXA Exam/CR DXA Images/CR000000.dcm,LEG,,,20260916181019.498361,uid_match
Размеченные_499_Илья,C:\Users\Андрей\Desktop\Хакатон\Размеченные_499_Илья\2.25.48906424954135283790354958243772558962\series_001_2_CR\A2504185596 DXA Exam\CR DXA Images\CR000001.dcm,2.25.48906424954135283790354958243772558962/series_001_2_CR/A2504185596 DXA Exam/CR DXA Images/CR000001.dcm,1.2.643.5.1.13.13.12.2.77.8252.03010404051000131408111209140108,2.25.48906424954135283790354958243772558962/series_001_2_CR/A2504185596 DXA Exam/CR DXA Images/CR000001.dcm,LEG,,,20260916181021.067758,uid_match
Размеченные_499_Илья,C:\Users\Андрей\Desktop\Хакатон\Размеченные_499_Илья\2.25.48906424954135283790354958243772558962\series_001_2_CR\A2504185596 DXA Exam\CR DXA Images\CR000002.dcm,2.25.48906424954135283790354958243772558962/series_001_2_CR/A2504185596 DXA Exam/CR DXA Images/CR000002.dcm,1.2.643.5.1.13.13.12.2.77.8252.02031401091510001200041308031003,2.25.48906424954135283790354958243772558962/series_001_2_CR/A2504185596 DXA Exam/CR DXA Images/CR000002.dcm,SPINE,,,20260916181022.558347,uid_match
Размеченные_499_Илья,C:\Users\Андрей\Desktop\Хакатон\Размеченные_499_Илья\2.25.52532476139575422857225834315571570912\series_001_2_CR\A2504247961 DXA\CR DXA\CR000000.dcm,2.25.52532476139575422857225834315571570912/series_001_2_CR/A2504247961 DXA/CR DXA/CR000000.dcm,1.2.643.5.1.13.13.12.2.77.8252.07120809010109050202061111011110,2.25.52532476139575422857225834315571570912/series_001_2_CR/A2504247961 DXA/CR DXA/CR000000.dcm,SPINE,,,20260916181024.426095,uid_match
Размеченные_499_Илья,C:\Users\Андрей\Desktop\Хакатон\Размеченные_499_Илья\2.25.52982400970721161435951723390541696819\series_001_2_CR\A2504331065 DXA\CR DXA\CR000000.dcm,2.25.52982400970721161435951723390541696819/series_001_2_CR/A2504331065 DXA/CR DXA/CR000000.dcm,1.2.643.5.1.13.13.12.2.77.8252.07081506021006111207090213090701,2.25.52982400970721161435951723390541696819/series_001_2_CR/A2504331065 DXA/CR DXA/CR000000.dcm,LEG,,,20260916181026.692903,uid_match
Размеченные_499_Илья,C:\Users\Андрей\Desktop\Хакатон\Размеченные_499_Илья\2.25.52982400970721161435951723390541696819\series_001_2_CR\A2504331065 DXA\CR DXA\CR000001.dcm,2.25.52982400970721161435951723390541696819/series_001_2_CR/A2504331065 DXA/CR DXA/CR000001.dcm,1.2.643.5.1.13.13.12.2.77.8252.06001210040802120801060507001509,2.25.52982400970721161435951723390541696819/series_001_2_CR/A2504331065 DXA/CR DXA/CR000001.dcm,LEG,,,20260916181028.661271,uid_match
Размеченные_499_Илья,C:\Users\Андрей\Desktop\Хакатон\Размеченные_499_Илья\2.25.52982400970721161435951723390541696819\series_001_2_CR\A2504331065 DXA\CR DXA\CR000002.dcm,2.25.52982400970721161435951723390541696819/series_001_2_CR/A2504331065 DXA/CR DXA/CR000002.dcm,1.2.643.5.1.13.13.12.2.77.8252.02030504060005060505040905021305,2.25.52982400970721161435951723390541696819/series_001_2_CR/A2504331065 DXA/CR DXA/CR000002.dcm,SPINE,,,20260916181030.583472,uid_match
Размеченные_499_Илья,C:\Users\Андрей\Desktop\Хакатон\Размеченные_499_Илья\2.25.52982400970721161435951723390541696819\series_001_2_CR\A2504331065 DXA\CR DXA\CR000003.dcm,2.25.52982400970721161435951723390541696819/series_001_2_CR/A2504331065 DXA/CR DXA/CR000003.dcm,1.2.643.5.1.13.13.12.2.77.8252.15141212090108110812010201000904,2.25.52982400970721161435951723390541696819/series_001_2_CR/A2504331065 DXA/CR DXA/CR000003.dcm,LEG,,,20260916181031.913935,uid_match
Размеченные_499_Илья,C:\Users\Андрей\Desktop\Хакатон\Размеченные_499_Илья\2.25.52982400970721161435951723390541696819\series_001_2_CR\A2504331065 DXA\CR DXA\CR000004.dcm,2.25.52982400970721161435951723390541696819/series_001_2_CR/A2504331065 DXA/CR DXA/CR000004.dcm,1.2.643.5.1.13.13.12.2.77.8252.06130007090800051113070612071205,2.25.52982400970721161435951723390541696819/series_001_2_CR/A2504331065 DXA/CR DXA/CR000004.dcm,SPINE,,,20260916181033.154497,uid_match
Размеченные_499_Илья,C:\Users\Андрей\Desktop\Хакатон\Размеченные_499_Илья\2.25.52982400970721161435951723390541696819\series_001_2_CR\A2504331065 DXA\CR DXA\CR000005.dcm,2.25.52982400970721161435951723390541696819/series_001_2_CR/A2504331065 DXA/CR DXA/CR000005.dcm,1.2.643.5.1.13.13.12.2.77.8252.13060812000809140915061004151307,2.25.52982400970721161435951723390541696819/series_001_2_CR/A2504331065 DXA/CR DXA/CR000005.dcm,LEG,,,20260916181034.421229,uid_match
Размеченные_499_Илья,C:\Users\Андрей\Desktop\Хакатон\Размеченные_499_Илья\2.25.52982400970721161435951723390541696819\series_001_2_CR\A2504331065 DXA\CR DXA\CR000006.dcm,2.25.52982400970721161435951723390541696819/series_001_2_CR/A2504331065 DXA/CR DXA/CR000006.dcm,1.2.643.5.1.13.13.12.2.77.8252.14150614130710030701101012031106,2.25.52982400970721161435951723390541696819/series_001_2_CR/A2504331065 DXA/CR DXA/CR000006.dcm,LEG,,,20260916181036.143389,uid_match
Размеченные_499_Илья,C:\Users\Андрей\Desktop\Хакатон\Размеченные_499_Илья\2.25.52982400970721161435951723390541696819\series_001_2_CR\A2504331065 DXA\CR DXA\CR000007.dcm,2.25.52982400970721161435951723390541696819/series_001_2_CR/A2504331065 DXA/CR DXA/CR000007.dcm,1.2.643.5.1.13.13.12.2.77.8252.10071506040807070913151311141504,2.25.52982400970721161435951723390541696819/series_001_2_CR/A2504331065 DXA/CR DXA/CR000007.dcm,LEG,,,20260916181037.722264,uid_match
Размеченные_499_Илья,C:\Users\Андрей\Desktop\Хакатон\Размеченные_499_Илья\2.25.54396839637320114639948764487283877793\series_003_2_CR\A2504111090 DXA\CR DXA\CR000000.dcm,2.25.54396839637320114639948764487283877793/series_003_2_CR/A2504111090 DXA/CR DXA/CR000000.dcm,1.2.643.5.1.13.13.12.2.77.8252.02060605151213121009151302130207,2.25.54396839637320114639948764487283877793/series_003_2_CR/A2504111090 DXA/CR DXA/CR000000.dcm,SPINE,,,20260916181039.454931,uid_match
Размеченные_499_Илья,C:\Users\Андрей\Desktop\Хакатон\Размеченные_499_Илья\2.25.59542620917302828428419211045951914336\series_001_2_CR\A2504303391 DXA\CR DXA\CR000000.dcm,2.25.59542620917302828428419211045951914336/series_001_2_CR/A2504303391 DXA/CR DXA/CR000000.dcm,1.2.643.5.1.13.13.12.2.77.8252.07101010011513020401030213080905,2.25.59542620917302828428419211045951914336/series_001_2_CR/A2504303391 DXA/CR DXA/CR000000.dcm,SPINE,,,20260916181041.540584,uid_match
Размеченные_499_Илья,C:\Users\Андрей\Desktop\Хакатон\Размеченные_499_Илья\2.25.65954778282254353457041255543338557112\series_004_3_CR\A2504246289 DXA\CR DXA\CR000000.dcm,2.25.65954778282254353457041255543338557112/series_004_3_CR/A2504246289 DXA/CR DXA/CR000000.dcm,1.2.643.5.1.13.13.12.2.77.8252.11130315030911081202140406010814,2.25.65954778282254353457041255543338557112/series_004_3_CR/A2504246289 DXA/CR DXA/CR000000.dcm,LEG,,,20260916181043.264372,uid_match
Размеченные_499_Илья,C:\Users\Андрей\Desktop\Хакатон\Размеченные_499_Илья\2.25.65954778282254353457041255543338557112\series_004_3_CR\A2504246289 DXA\CR DXA\CR000001.dcm,2.25.65954778282254353457041255543338557112/series_004_3_CR/A2504246289 DXA/CR DXA/CR000001.dcm,1.2.643.5.1.13.13.12.2.77.8252.10000615050107010300151404090301,2.25.65954778282254353457041255543338557112/series_004_3_CR/A2504246289 DXA/CR DXA/CR000001.dcm,LEG,,,20260916181046.817401,uid_match
Размеченные_499_Илья,C:\Users\Андрей\Desktop\Хакатон\Размеченные_499_Илья\2.25.65954778282254353457041255543338557112\series_004_3_CR\A2504246289 DXA\CR DXA\CR000002.dcm,2.25.65954778282254353457041255543338557112/series_004_3_CR/A2504246289 DXA/CR DXA/CR000002.dcm,1.2.643.5.1.13.13.12.2.77.8252.05111111030105140803060510040613,2.25.65954778282254353457041255543338557112/series_004_3_CR/A2504246289 DXA/CR DXA/CR000002.dcm,SPINE,,,20260916181048.891500,uid_match
Размеченные_499_Илья,C:\Users\Андрей\Desktop\Хакатон\Размеченные_499_Илья\2.25.66397484472966116002950503539482860450\series_001_2_CR\A2504194637 DXA\CR DXA\CR000000.dcm,2.25.66397484472966116002950503539482860450/series_001_2_CR/A2504194637 DXA/CR DXA/CR000000.dcm,1.2.643.5.1.13.13.12.2.77.8252.02091011000006010704070004091411,2.25.66397484472966116002950503539482860450/series_001_2_CR/A2504194637 DXA/CR DXA/CR000000.dcm,LEG,,,20260916181050.441578,uid_match
Размеченные_499_Илья,C:\Users\Андрей\Desktop\Хакатон\Размеченные_499_Илья\2.25.66397484472966116002950503539482860450\series_001_2_CR\A2504194637 DXA\CR DXA\CR000001.dcm,2.25.66397484472966116002950503539482860450/series_001_2_CR/A2504194637 DXA/CR DXA/CR000001.dcm,1.2.643.5.1.13.13.12.2.77.8252.08151215001015040112061102060812,2.25.66397484472966116002950503539482860450/series_001_2_CR/A2504194637 DXA/CR DXA/CR000001.dcm,LEG,,,20260916181052.824045,uid_match
Размеченные_499_Илья,C:\Users\Андрей\Desktop\Хакатон\Размеченные_499_Илья\2.25.66397484472966116002950503539482860450\series_001_2_CR\A2504194637 DXA\CR DXA\CR000002.dcm,2.25.66397484472966116002950503539482860450/series_001_2_CR/A2504194637 DXA/CR DXA/CR000002.dcm,1.2.643.5.1.13.13.12.2.77.8252.03111115071204110106020413091215,2.25.66397484472966116002950503539482860450/series_001_2_CR/A2504194637 DXA/CR DXA/CR000002.dcm,LEG,,,20260916181054.498534,uid_match
Размеченные_499_Илья,C:\Users\Андрей\Desktop\Хакатон\Размеченные_499_Илья\2.25.66397484472966116002950503539482860450\series_001_2_CR\A2504194637 DXA\CR DXA\CR000003.dcm,2.25.66397484472966116002950503539482860450/series_001_2_CR/A2504194637 DXA/CR DXA/CR000003.dcm,1.2.643.5.1.13.13.12.2.77.8252.08021214010408050013070405100802,2.25.66397484472966116002950503539482860450/series_001_2_CR/A2504194637 DXA/CR DXA/CR000003.dcm,LEG,,,20260916181056.066755,uid_match
Размеченные_499_Илья,C:\Users\Андрей\Desktop\Хакатон\Размеченные_499_Илья\2.25.66397484472966116002950503539482860450\series_001_2_CR\A2504194637 DXA\CR DXA\CR000004.dcm,2.25.66397484472966116002950503539482860450/series_001_2_CR/A2504194637 DXA/CR DXA/CR000004.dcm,1.2.643.5.1.13.13.12.2.77.8252.01011407000709010910090115010000,2.25.66397484472966116002950503539482860450/series_001_2_CR/A2504194637 DXA/CR DXA/CR000004.dcm,SPINE,,,20260916181057.579961,uid_match
Размеченные_499_Илья,C:\Users\Андрей\Desktop\Хакатон\Размеченные_499_Илья\2.25.66397484472966116002950503539482860450\series_001_2_CR\A2504194637 DXA\CR DXA\CR000005.dcm,2.25.66397484472966116002950503539482860450/series_001_2_CR/A2504194637 DXA/CR DXA/CR000005.dcm,1.2.643.5.1.13.13.12.2.77.8252.15121501030904011113060500050403,2.25.66397484472966116002950503539482860450/series_001_2_CR/A2504194637 DXA/CR DXA/CR000005.dcm,LEG,,,20260916181059.191369,uid_match
Размеченные_499_Илья,C:\Users\Андрей\Desktop\Хакатон\Размеченные_499_Илья\2.25.66397484472966116002950503539482860450\series_001_2_CR\A2504194637 DXA\CR DXA\CR000006.dcm,2.25.66397484472966116002950503539482860450/series_001_2_CR/A2504194637 DXA/CR DXA/CR000006.dcm,1.2.643.5.1.13.13.12.2.77.8252.10040310131315131311011115051512,2.25.66397484472966116002950503539482860450/series_001_2_CR/A2504194637 DXA/CR DXA/CR000006.dcm,LEG,,,20260916181101.655080,uid_match
Размеченные_499_Илья,C:\Users\Андрей\Desktop\Хакатон\Размеченные_499_Илья\2.25.66397484472966116002950503539482860450\series_001_2_CR\A2504194637 DXA\CR DXA\CR000007.dcm,2.25.66397484472966116002950503539482860450/series_001_2_CR/A2504194637 DXA/CR DXA/CR000007.dcm,1.2.643.5.1.13.13.12.2.77.8252.13130501101110040009090201091209,2.25.66397484472966116002950503539482860450/series_001_2_CR/A2504194637 DXA/CR DXA/CR000007.dcm,LEG,,,20260916181103.639703,uid_match
Размеченные_499_Илья,C:\Users\Андрей\Desktop\Хакатон\Размеченные_499_Илья\2.25.66397484472966116002950503539482860450\series_001_2_CR\A2504194637 DXA\CR DXA\CR000008.dcm,2.25.66397484472966116002950503539482860450/series_001_2_CR/A2504194637 DXA/CR DXA/CR000008.dcm,1.2.643.5.1.13.13.12.2.77.8252.15080405040711111211130015010914,2.25.66397484472966116002950503539482860450/series_001_2_CR/A2504194637 DXA/CR DXA/CR000008.dcm,SPINE,,,20260916181105.230178,uid_match
Размеченные_499_Илья,C:\Users\Андрей\Desktop\Хакатон\Размеченные_499_Илья\2.25.66397484472966116002950503539482860450\series_001_2_CR\A2504194637 DXA\CR DXA\CR000009.dcm,2.25.66397484472966116002950503539482860450/series_001_2_CR/A2504194637 DXA/CR DXA/CR000009.dcm,1.2.643.5.1.13.13.12.2.77.8252.00121200081108110912041503010000,2.25.66397484472966116002950503539482860450/series_001_2_CR/A2504194637 DXA/CR DXA/CR000009.dcm,SPINE,,,20260916181106.933604,uid_match
Размеченные_499_Илья,C:\Users\Андрей\Desktop\Хакатон\Размеченные_499_Илья\2.25.66397484472966116002950503539482860450\series_001_2_CR\A2504194637 DXA\CR DXA\CR000010.dcm,2.25.66397484472966116002950503539482860450/series_001_2_CR/A2504194637 DXA/CR DXA/CR000010.dcm,1.2.643.5.1.13.13.12.2.77.8252.10080308141508151114100414150301,2.25.66397484472966116002950503539482860450/series_001_2_CR/A2504194637 DXA/CR DXA/CR000010.dcm,LEG,,,20260916181109.577601,uid_match
Размеченные_499_Илья,C:\Users\Андрей\Desktop\Хакатон\Размеченные_499_Илья\2.25.73070100851377917031356937075051545239\series_002_2_CR\A2504239110 DXA\CR DXA\CR000000.dcm,2.25.73070100851377917031356937075051545239/series_002_2_CR/A2504239110 DXA/CR DXA/CR000000.dcm,1.2.643.5.1.13.13.12.2.77.8252.00031305050707070014000611130907,2.25.73070100851377917031356937075051545239/series_002_2_CR/A2504239110 DXA/CR DXA/CR000000.dcm,LEG,,,20260916181111.029810,uid_match
Размеченные_499_Илья,C:\Users\Андрей\Desktop\Хакатон\Размеченные_499_Илья\2.25.73070100851377917031356937075051545239\series_002_2_CR\A2504239110 DXA\CR DXA\CR000001.dcm,2.25.73070100851377917031356937075051545239/series_002_2_CR/A2504239110 DXA/CR DXA/CR000001.dcm,1.2.643.5.1.13.13.12.2.77.8252.09110310111109140609041514031010,2.25.73070100851377917031356937075051545239/series_002_2_CR/A2504239110 DXA/CR DXA/CR000001.dcm,LEG,,,20260916181112.724955,uid_match
Размеченные_499_Илья,C:\Users\Андрей\Desktop\Хакатон\Размеченные_499_Илья\2.25.73070100851377917031356937075051545239\series_002_2_CR\A2504239110 DXA\CR DXA\CR000002.dcm,2.25.73070100851377917031356937075051545239/series_002_2_CR/A2504239110 DXA/CR DXA/CR000002.dcm,1.2.643.5.1.13.13.12.2.77.8252.03041015000108071402071509131313,2.25.73070100851377917031356937075051545239/series_002_2_CR/A2504239110 DXA/CR DXA/CR000002.dcm,SPINE,,,20260916181115.849742,uid_match
Размеченные_499_Илья,C:\Users\Андрей\Desktop\Хакатон\Размеченные_499_Илья\2.25.73070100851377917031356937075051545239\series_002_2_CR\A2504239110 DXA\CR DXA\CR000003.dcm,2.25.73070100851377917031356937075051545239/series_002_2_CR/A2504239110 DXA/CR DXA/CR000003.dcm,1.2.643.5.1.13.13.12.2.77.8252.07150604010711031305090702140107,2.25.73070100851377917031356937075051545239/series_002_2_CR/A2504239110 DXA/CR DXA/CR000003.dcm,SPINE,,,20260916181126.649847,uid_match
Размеченные_499_Илья,C:\Users\Андрей\Desktop\Хакатон\Размеченные_499_Илья\2.25.73070100851377917031356937075051545239\series_002_2_CR\A2504239110 DXA\CR DXA\CR000004.dcm,2.25.73070100851377917031356937075051545239/series_002_2_CR/A2504239110 DXA/CR DXA/CR000004.dcm,1.2.643.5.1.13.13.12.2.77.8252.13090506040311041500070413151313,2.25.73070100851377917031356937075051545239/series_002_2_CR/A2504239110 DXA/CR DXA/CR000004.dcm,LEG,,,20260916181129.134369,uid_match
Размеченные_499_Илья,C:\Users\Андрей\Desktop\Хакатон\Размеченные_499_Илья\2.25.73070100851377917031356937075051545239\series_002_2_CR\A2504239110 DXA\CR DXA\CR000005.dcm,2.25.73070100851377917031356937075051545239/series_002_2_CR/A2504239110 DXA/CR DXA/CR000005.dcm,1.2.643.5.1.13.13.12.2.77.8252.12110509121413070408000802041201,2.25.73070100851377917031356937075051545239/series_002_2_CR/A2504239110 DXA/CR DXA/CR000005.dcm,LEG,,,20260916181137.196072,uid_match
Размеченные_499_Илья,C:\Users\Андрей\Desktop\Хакатон\Размеченные_499_Илья\2.25.76710355977373089612172037086913478687\series_002_3_CR\A2504104830 DXA\CR DXA\CR000000.dcm,2.25.76710355977373089612172037086913478687/series_002_3_CR/A2504104830 DXA/CR DXA/CR000000.dcm,1.2.643.5.1.13.13.12.2.77.8252.14130302090906050506100315000611,2.25.76710355977373089612172037086913478687/series_002_3_CR/A2504104830 DXA/CR DXA/CR000000.dcm,LEG,,,20260916181138.973145,uid_match
Размеченные_499_Илья,C:\Users\Андрей\Desktop\Хакатон\Размеченные_499_Илья\2.25.76710355977373089612172037086913478687\series_002_3_CR\A2504104830 DXA\CR DXA\CR000001.dcm,2.25.76710355977373089612172037086913478687/series_002_3_CR/A2504104830 DXA/CR DXA/CR000001.dcm,1.2.643.5.1.13.13.12.2.77.8252.06151311061015011100110511080701,2.25.76710355977373089612172037086913478687/series_002_3_CR/A2504104830 DXA/CR DXA/CR000001.dcm,SPINE,,,20260916181141.134422,uid_match
Размеченные_499_Илья,C:\Users\Андрей\Desktop\Хакатон\Размеченные_499_Илья\2.25.76710355977373089612172037086913478687\series_002_3_CR\A2504104830 DXA\CR DXA\CR000002.dcm,2.25.76710355977373089612172037086913478687/series_002_3_CR/A2504104830 DXA/CR DXA/CR000002.dcm,1.2.643.5.1.13.13.12.2.77.8252.02050808061207030811150709091509,2.25.76710355977373089612172037086913478687/series_002_3_CR/A2504104830 DXA/CR DXA/CR000002.dcm,LEG,,,20260916181142.662338,uid_match
Размеченные_499_Илья,C:\Users\Андрей\Desktop\Хакатон\Размеченные_499_Илья\2.25.78999454687125053757525542837745968726\series_004_3_CR\A2504222617 DXA\CR DXA\CR000000.dcm,2.25.78999454687125053757525542837745968726/series_004_3_CR/A2504222617 DXA/CR DXA/CR000000.dcm,1.2.643.5.1.13.13.12.2.77.8252.05120913001500151408091003040415,2.25.78999454687125053757525542837745968726/series_004_3_CR/A2504222617 DXA/CR DXA/CR000000.dcm,LEG,,,20260916181144.674139,uid_match
Размеченные_499_Илья,C:\Users\Андрей\Desktop\Хакатон\Размеченные_499_Илья\2.25.78999454687125053757525542837745968726\series_004_3_CR\A2504222617 DXA\CR DXA\CR000001.dcm,2.25.78999454687125053757525542837745968726/series_004_3_CR/A2504222617 DXA/CR DXA/CR000001.dcm,1.2.643.5.1.13.13.12.2.77.8252.07150713040501120002001009141410,2.25.78999454687125053757525542837745968726/series_004_3_CR/A2504222617 DXA/CR DXA/CR000001.dcm,LEG,,,20260916181146.666915,uid_match
Размеченные_499_Илья,C:\Users\Андрей\Desktop\Хакатон\Размеченные_499_Илья\2.25.78999454687125053757525542837745968726\series_004_3_CR\A2504222617 DXA\CR DXA\CR000002.dcm,2.25.78999454687125053757525542837745968726/series_004_3_CR/A2504222617 DXA/CR DXA/CR000002.dcm,1.2.643.5.1.13.13.12.2.77.8252.11011500050713141305050211140308,2.25.78999454687125053757525542837745968726/series_004_3_CR/A2504222617 DXA/CR DXA/CR000002.dcm,SPINE,,,20260916181148.211414,uid_match
Размеченные_499_Илья,C:\Users\Андрей\Desktop\Хакатон\Размеченные_499_Илья\2.25.82912555346523716720160717883917565880\series_002_2_CR\A2504149480 DXA\CR DXA\CR000000.dcm,2.25.82912555346523716720160717883917565880/series_002_2_CR/A2504149480 DXA/CR DXA/CR000000.dcm,1.2.643.5.1.13.13.12.2.77.8252.15121403061107000609060400100413,2.25.82912555346523716720160717883917565880/series_002_2_CR/A2504149480 DXA/CR DXA/CR000000.dcm,LEG,,,20260916181149.522200,uid_match
Размеченные_499_Илья,C:\Users\Андрей\Desktop\Хакатон\Размеченные_499_Илья\2.25.82912555346523716720160717883917565880\series_002_2_CR\A2504149480 DXA\CR DXA\CR000001.dcm,2.25.82912555346523716720160717883917565880/series_002_2_CR/A2504149480 DXA/CR DXA/CR000001.dcm,1.2.643.5.1.13.13.12.2.77.8252.14111212050609060202121515040103,2.25.82912555346523716720160717883917565880/series_002_2_CR/A2504149480 DXA/CR DXA/CR000001.dcm,SPINE,,,20260916181154.338700,uid_match
Размеченные_499_Илья,C:\Users\Андрей\Desktop\Хакатон\Размеченные_499_Илья\2.25.82912555346523716720160717883917565880\series_002_2_CR\A2504149480 DXA\CR DXA\CR000002.dcm,2.25.82912555346523716720160717883917565880/series_002_2_CR/A2504149480 DXA/CR DXA/CR000002.dcm,1.2.643.5.1.13.13.12.2.77.8252.07130510130614040904060413131200,2.25.82912555346523716720160717883917565880/series_002_2_CR/A2504149480 DXA/CR DXA/CR000002.dcm,LEG,,,20260916181155.839171,uid_match
Размеченные_499_Илья,C:\Users\Андрей\Desktop\Хакатон\Размеченные_499_Илья\2.25.82912555346523716720160717883917565880\series_002_2_CR\A2504149480 DXA\CR DXA\CR000003.dcm,2.25.82912555346523716720160717883917565880/series_002_2_CR/A2504149480 DXA/CR DXA/CR000003.dcm,1.2.643.5.1.13.13.12.2.77.8252.06060810060308150905140912050013,2.25.82912555346523716720160717883917565880/series_002_2_CR/A2504149480 DXA/CR DXA/CR000003.dcm,LEG,,,20260916181157.668807,uid_match
Размеченные_499_Илья,C:\Users\Андрей\Desktop\Хакатон\Размеченные_499_Илья\2.25.82912555346523716720160717883917565880\series_002_2_CR\A2504149480 DXA\CR DXA\CR000004.dcm,2.25.82912555346523716720160717883917565880/series_002_2_CR/A2504149480 DXA/CR DXA/CR000004.dcm,1.2.643.5.1.13.13.12.2.77.8252.13130903011502030304101506090814,2.25.82912555346523716720160717883917565880/series_002_2_CR/A2504149480 DXA/CR DXA/CR000004.dcm,LEG,,,20260916181159.485731,uid_match
Размеченные_499_Илья,C:\Users\Андрей\Desktop\Хакатон\Размеченные_499_Илья\2.25.82912555346523716720160717883917565880\series_002_2_CR\A2504149480 DXA\CR DXA\CR000005.dcm,2.25.82912555346523716720160717883917565880/series_002_2_CR/A2504149480 DXA/CR DXA/CR000005.dcm,1.2.643.5.1.13.13.12.2.77.8252.15001111061311011106030303001309,2.25.82912555346523716720160717883917565880/series_002_2_CR/A2504149480 DXA/CR DXA/CR000005.dcm,SPINE,,,20260916181201.185850,uid_match
Размеченные_499_Илья,C:\Users\Андрей\Desktop\Хакатон\Размеченные_499_Илья\2.25.87718478011637131470224319788530286374\series_002_2_CR\A2504337993 DXA\CR DXA\CR000000.dcm,2.25.87718478011637131470224319788530286374/series_002_2_CR/A2504337993 DXA/CR DXA/CR000000.dcm,1.2.643.5.1.13.13.12.2.77.8252.10041006131411151513070104110809,2.25.87718478011637131470224319788530286374/series_002_2_CR/A2504337993 DXA/CR DXA/CR000000.dcm,SPINE,,,20260916181202.681781,uid_match
Размеченные_499_Илья,C:\Users\Андрей\Desktop\Хакатон\Размеченные_499_Илья\2.25.87869906212286587478854831452123526595\series_002_2_CR\A250419699 DXA\CR DXA\CR000000.dcm,2.25.87869906212286587478854831452123526595/series_002_2_CR/A250419699 DXA/CR DXA/CR000000.dcm,1.2.643.5.1.13.13.12.2.77.8252.06111209081313111015020309051508,2.25.87869906212286587478854831452123526595/series_002_2_CR/A250419699 DXA/CR DXA/CR000000.dcm,LEG,,,20260916181206.543627,uid_match
Размеченные_499_Илья,C:\Users\Андрей\Desktop\Хакатон\Размеченные_499_Илья\2.25.87869906212286587478854831452123526595\series_002_2_CR\A250419699 DXA\CR DXA\CR000001.dcm,2.25.87869906212286587478854831452123526595/series_002_2_CR/A250419699 DXA/CR DXA/CR000001.dcm,1.2.643.5.1.13.13.12.2.77.8252.04050904100201141507070306131511,2.25.87869906212286587478854831452123526595/series_002_2_CR/A250419699 DXA/CR DXA/CR000001.dcm,SPINE,,,20260916181208.334002,uid_match
Размеченные_499_Илья,C:\Users\Андрей\Desktop\Хакатон\Размеченные_499_Илья\2.25.87869906212286587478854831452123526595\series_002_2_CR\A250419699 DXA\CR DXA\CR000002.dcm,2.25.87869906212286587478854831452123526595/series_002_2_CR/A250419699 DXA/CR DXA/CR000002.dcm,1.2.643.5.1.13.13.12.2.77.8252.15101115041306031303150405131115,2.25.87869906212286587478854831452123526595/series_002_2_CR/A250419699 DXA/CR DXA/CR000002.dcm,LEG,,,20260916181211.171513,uid_match
Размеченные_499_Илья,C:\Users\Андрей\Desktop\Хакатон\Размеченные_499_Илья\2.25.91981043841368764114007975581101713077\series_003_2_CR\A250496619 DXA\CR DXA\CR000000.dcm,2.25.91981043841368764114007975581101713077/series_003_2_CR/A250496619 DXA/CR DXA/CR000000.dcm,1.2.643.5.1.13.13.12.2.77.8252.08061201060114131102110802141411,2.25.91981043841368764114007975581101713077/series_003_2_CR/A250496619 DXA/CR DXA/CR000000.dcm,LEG,,,20260916181212.866540,uid_match
Размеченные_499_Илья,C:\Users\Андрей\Desktop\Хакатон\Размеченные_499_Илья\2.25.91981043841368764114007975581101713077\series_003_2_CR\A250496619 DXA\CR DXA\CR000001.dcm,2.25.91981043841368764114007975581101713077/series_003_2_CR/A250496619 DXA/CR DXA/CR000001.dcm,1.2.643.5.1.13.13.12.2.77.8252.04141409090807040100020211061514,2.25.91981043841368764114007975581101713077/series_003_2_CR/A250496619 DXA/CR DXA/CR000001.dcm,LEG,,,20260916181214.685182,uid_match
Размеченные_499_Илья,C:\Users\Андрей\Desktop\Хакатон\Размеченные_499_Илья\2.25.91981043841368764114007975581101713077\series_003_2_CR\A250496619 DXA\CR DXA\CR000002.dcm,2.25.91981043841368764114007975581101713077/series_003_2_CR/A250496619 DXA/CR DXA/CR000002.dcm,1.2.643.5.1.13.13.12.2.77.8252.04000607141411061507120106050309,2.25.91981043841368764114007975581101713077/series_003_2_CR/A250496619 DXA/CR DXA/CR000002.dcm,LEG,,,20260916181216.596067,uid_match
Размеченные_499_Илья,C:\Users\Андрей\Desktop\Хакатон\Размеченные_499_Илья\2.25.91981043841368764114007975581101713077\series_003_2_CR\A250496619 DXA\CR DXA\CR000003.dcm,2.25.91981043841368764114007975581101713077/series_003_2_CR/A250496619 DXA/CR DXA/CR000003.dcm,1.2.643.5.1.13.13.12.2.77.8252.03130309141409040708100214070815,2.25.91981043841368764114007975581101713077/series_003_2_CR/A250496619 DXA/CR DXA/CR000003.dcm,LEG,,,20260916181218.415923,uid_match
Размеченные_499_Илья,C:\Users\Андрей\Desktop\Хакатон\Размеченные_499_Илья\2.25.91981043841368764114007975581101713077\series_003_2_CR\A250496619 DXA\CR DXA\CR000004.dcm,2.25.91981043841368764114007975581101713077/series_003_2_CR/A250496619 DXA/CR DXA/CR000004.dcm,1.2.643.5.1.13.13.12.2.77.8252.07021003040810040809000711080701,2.25.91981043841368764114007975581101713077/series_003_2_CR/A250496619 DXA/CR DXA/CR000004.dcm,SPINE,,,20260916181219.888960,uid_match
Размеченные_499_Илья,C:\Users\Андрей\Desktop\Хакатон\Размеченные_499_Илья\2.25.91981043841368764114007975581101713077\series_003_2_CR\A250496619 DXA\CR DXA\CR000005.dcm,2.25.91981043841368764114007975581101713077/series_003_2_CR/A250496619 DXA/CR DXA/CR000005.dcm,1.2.643.5.1.13.13.12.2.77.8252.04111101091200130111070203120509,2.25.91981043841368764114007975581101713077/series_003_2_CR/A250496619 DXA/CR DXA/CR000005.dcm,LEG,,,20260916181221.458325,uid_match
Размеченные_499_Илья,C:\Users\Андрей\Desktop\Хакатон\Размеченные_499_Илья\2.25.91981043841368764114007975581101713077\series_003_2_CR\A250496619 DXA\CR DXA\CR000006.dcm,2.25.91981043841368764114007975581101713077/series_003_2_CR/A250496619 DXA/CR DXA/CR000006.dcm,1.2.643.5.1.13.13.12.2.77.8252.04141300131506141004121211120710,2.25.91981043841368764114007975581101713077/series_003_2_CR/A250496619 DXA/CR DXA/CR000006.dcm,LEG,,,20260916181223.057008,uid_match
Размеченные_499_Илья,C:\Users\Андрей\Desktop\Хакатон\Размеченные_499_Илья\2.25.91981043841368764114007975581101713077\series_003_2_CR\A250496619 DXA\CR DXA\CR000007.dcm,2.25.91981043841368764114007975581101713077/series_003_2_CR/A250496619 DXA/CR DXA/CR000007.dcm,1.2.643.5.1.13.13.12.2.77.8252.09031306140406050914091115001515,2.25.91981043841368764114007975581101713077/series_003_2_CR/A250496619 DXA/CR DXA/CR000007.dcm,LEG,,,20260916181224.620699,uid_match
Размеченные_499_Илья,C:\Users\Андрей\Desktop\Хакатон\Размеченные_499_Илья\2.25.91981043841368764114007975581101713077\series_003_2_CR\A250496619 DXA\CR DXA\CR000008.dcm,2.25.91981043841368764114007975581101713077/series_003_2_CR/A250496619 DXA/CR DXA/CR000008.dcm,1.2.643.5.1.13.13.12.2.77.8252.03070910041410130909021014090904,2.25.91981043841368764114007975581101713077/series_003_2_CR/A250496619 DXA/CR DXA/CR000008.dcm,LEG,,,20260916181226.516208,uid_match
Размеченные_499_Илья,C:\Users\Андрей\Desktop\Хакатон\Размеченные_499_Илья\2.25.91981043841368764114007975581101713077\series_003_2_CR\A250496619 DXA\CR DXA\CR000009.dcm,2.25.91981043841368764114007975581101713077/series_003_2_CR/A250496619 DXA/CR DXA/CR000009.dcm,1.2.643.5.1.13.13.12.2.77.8252.01031400050508070812091015000904,2.25.91981043841368764114007975581101713077/series_003_2_CR/A250496619 DXA/CR DXA/CR000009.dcm,SPINE,,,20260916181227.815387,uid_match
Размеченные_499_Илья,C:\Users\Андрей\Desktop\Хакатон\Размеченные_499_Илья\2.25.91981043841368764114007975581101713077\series_003_2_CR\A250496619 DXA\CR DXA\CR000010.dcm,2.25.91981043841368764114007975581101713077/series_003_2_CR/A250496619 DXA/CR DXA/CR000010.dcm,1.2.643.5.1.13.13.12.2.77.8252.07120905081404061009060805020905,2.25.91981043841368764114007975581101713077/series_003_2_CR/A250496619 DXA/CR DXA/CR000010.dcm,SPINE,,,20260916181229.926639,uid_match
Размеченные_499_Илья,C:\Users\Андрей\Desktop\Хакатон\Размеченные_499_Илья\2.25.91981043841368764114007975581101713077\series_003_2_CR\A250496619 DXA\CR DXA\CR000011.dcm,2.25.91981043841368764114007975581101713077/series_003_2_CR/A250496619 DXA/CR DXA/CR000011.dcm,1.2.643.5.1.13.13.12.2.77.8252.07130502151014041012130400130108,2.25.91981043841368764114007975581101713077/series_003_2_CR/A250496619 DXA/CR DXA/CR000011.dcm,LEG,,,20260916181235.109356,uid_match
Размеченные_old,C:\Users\Андрей\Desktop\Хакатон\Размеченные_old\1.2.840.113619.2.110.512719.20250403090444\series_004_3_CR\DXA\CR DXA\CR000000.dcm,1.2.840.113619.2.110.512719.20250403090444/series_004_3_CR/DXA/CR DXA/CR000000.dcm,1.2.643.5.1.13.13.12.2.77.8252.14031015091008031013040205110915,1.2.840.113619.2.110.512719.20250403090444/series_004_3_CR/DXA/CR DXA/CR000000.dcm,UNKNOWN,,,20260916154552.072808,uid_match
Размеченные_old,C:\Users\Андрей\Desktop\Хакатон\Размеченные_old\1.2.840.113619.2.110.512719.20250403090444\series_004_3_CR\DXA\CR DXA\CR000001.dcm,1.2.840.113619.2.110.512719.20250403090444/series_004_3_CR/DXA/CR DXA/CR000001.dcm,1.2.643.5.1.13.13.12.2.77.8252.03030811151201151502050615010000,1.2.840.113619.2.110.512719.20250403090444/series_004_3_CR/DXA/CR DXA/CR000001.dcm,UNKNOWN,,,20260916154552.805879,uid_match
Размеченные_old,C:\Users\Андрей\Desktop\Хакатон\Размеченные_old\1.2.840.113619.2.110.512719.20250403090444\series_004_3_CR\DXA\CR DXA\CR000002.dcm,1.2.840.113619.2.110.512719.20250403090444/series_004_3_CR/DXA/CR DXA/CR000002.dcm,1.2.643.5.1.13.13.12.2.77.8252.06000812101106141213041404150112,1.2.840.113619.2.110.512719.20250403090444/series_004_3_CR/DXA/CR DXA/CR000002.dcm,UNKNOWN,,,20260916154553.350093,uid_match
