source,csv_path,csv_row_number,csv_relative_path,csv_output_path,csv_label,csv_notes,csv_annotator,csv_annotated_at,sop_uid,canonical_relative_path,canonical_original_path,resolve_method,resolved_via
Размеченные,C:\Users\Андрей\Desktop\Хакатон\Размеченные\labels.csv,2,1.2.840.113619.2.110.512719.20250403090444/series_004_3_CR/DXA/CR DXA/2.25.169242707068684757906797344800977707240/series_003_2_CR/A2507185832 DXA/CR DXA/CR000000.dcm,output/1.2.840.113619.2.110.512719.20250403090444/series_004_3_CR/DXA/CR DXA/2.25.169242707068684757906797344800977707240/series_003_2_CR/A2507185832 DXA/CR DXA/CR000000.dcm,SPINE,,Maksim,2026-09-16T16:10:19,1.2.643.5.1.13.13.12.2.77.8252.03020907090204060013031106111312,2.25.169242707068684757906797344800977707240/series_003_2_CR/A2507185832 DXA/CR DXA/CR000000.dcm,C:\Users\Андрей\Desktop\Хакатон\Исследования\2.25.169242707068684757906797344800977707240\series_003_2_CR\A2507185832 DXA\CR DXA\CR000000.dcm,unique_suffix,csv_relative_path
Размеченные,C:\Users\Андрей\Desktop\Хакатон\Размеченные\labels.csv,3,1.2.840.113619.2.110.512719.20250403090444/series_004_3_CR/DXA/CR DXA/2.25.172445998420765569384934552191547932566/series_004_2_CR/A2507368766 DXA/CR DXA/CR000000.dcm,output/1.2.840.113619.2.110.512719.20250403090444/series_004_3_CR/DXA/CR DXA/2.25.172445998420765569384934552191547932566/series_004_2_CR/A2507368766 DXA/CR DXA/CR000000.dcm,SPINE,,Maksim,2026-09-16T16:10:23,1.2.643.5.1.13.13.12.2.77.8252.08131412000401011215150704040610,2.25.172445998420765569384934552191547932566/series_004_2_CR/A2507368766 DXA/CR DXA/CR000000.dcm,C:\Users\Андрей\Desktop\Хакатон\Исследования\2.25.172445998420765569384934552191547932566\series_004_2_CR\A2507368766 DXA\CR DXA\CR000000.dcm,unique_suffix,csv_relative_path
Размеченные,C:\Users\Андрей\Desktop\Хакатон\Размеченные\labels.csv,4,1.2.840.113619.2.110.512719.20250403090444/series_004_3_CR/DXA/CR DXA/2.25.172445998420765569384934552191547932566/series_004_2_CR/A2507368766 DXA/CR DXA/CR000001.dcm,output/1.2.840.113619.2.110.512719.20250403090444/series_004_3_CR/DXA/CR DXA/2.25.172445998420765569384934552191547932566/series_004_2_CR/A2507368766 DXA/CR DXA/CR000001.dcm,LEG,,Maksim,2026-09-16T16:10:26,1.2.643.5.1.13.13.12.2.77.8252.05030907080814020708000711150507,2.25.172445998420765569384934552191547932566/series_004_2_CR/A2507368766 DXA/CR DXA/CR000001.dcm,C:\Users\Андрей\Desktop\Хакатон\Исследования\2.25.172445998420765569384934552191547932566\series_004_2_CR\A2507368766 DXA\CR DXA\CR000001.dcm,unique_suffix,csv_relative_path
Размеченные,C:\Users\Андрей\Desktop\Хакатон\Размеченные\labels.csv,5,1.2.840.113619.2.110.512719.20250403090444/series_004_3_CR/DXA/CR DXA/2.25.172445998420765569384934552191547932566/series_004_2_CR/A2507368766 DXA/CR DXA/CR000002.dcm,output/1.2.840.113619.2.110.512719.20250403090444/series_004_3_CR/DXA/CR DXA/2.25.172445998420765569384934552191547932566/series_004_2_CR/A2507368766 DXA/CR DXA/CR000002.dcm,LEG,,Maksim,2026-09-16T16:10:28,1.2.643.5.1.13.13.12.2.77.8252.15151313120000020410110702050700,2.25.172445998420765569384934552191547932566/series_004_2_CR/A2507368766 DXA/CR DXA/CR000002.dcm,C:\Users\Андрей\Desktop\Хакатон\Исследования\2.25.172445998420765569384934552191547932566\series_004_2_CR\A2507368766 DXA\CR DXA\CR000002.dcm,unique_suffix,csv_relative_path
Размеченные,C:\Users\Андрей\Desktop\Хакатон\Размеченные\labels.csv,6,1.2.840.113619.2.110.512719.20250403090444/series_004_3_CR/DXA/CR DXA/2.25.173731186748227489808861376513577450951/series_002_2_CR/A2507188958 DXA/CR DXA/CR000000.dcm,output/1.2.840.113619.2.110.512719.20250403090444/series_004_3_CR/DXA/CR DXA/2.25.173731186748227489808861376513577450951/series_002_2_CR/A2507188958 DXA/CR DXA/CR000000.dcm,SPINE,,Maksim,2026-09-16T16:10:30,1.2.643.5.1.13.13.12.2.77.8252.01091510011014070612050311031410,2.25.173731186748227489808861376513577450951/series_002_2_CR/A2507188958 DXA/CR DXA/CR000000.dcm,C:\Users\Андрей\Desktop\Хакатон\Исследования\2.25.173731186748227489808861376513577450951\series_002_2_CR\A2507188958 DXA\CR DXA\CR000000.dcm,unique_suffix,csv_relative_path
Размеченные,C:\Users\Андрей\Desktop\Хакатон\Размеченные\labels.csv,7,1.2.840.113619.2.110.512719.20250403090444/series_004_3_CR/DXA/CR DXA/2.25.173731186748227489808861376513577450951/series_002_2_CR/A2507188958 DXA/CR DXA/CR000001.dcm,output/1.2.840.113619.2.110.512719.20250403090444/series_004_3_CR/DXA/CR DXA/2.25.173731186748227489808861376513577450951/series_002_2_CR/A2507188958 DXA/CR DXA/CR000001.dcm,LEG,,Maksim,2026-09-16T16:10:32,1.2.643.5.1.13.13.12.2.77.8252.04070212140009090002060410031413,2.25.173731186748227489808861376513577450951/series_002_2_CR/A2507188958 DXA/CR DXA/CR000001.dcm,C:\Users\Андрей\Desktop\Хакатон\Исследования\2.25.173731186748227489808861376513577450951\series_002_2_CR\A2507188958 DXA\CR DXA\CR000001.dcm,unique_suffix,csv_relative_path
Размеченные,C:\Users\Андрей\Desktop\Хакатон\Размеченные\labels.csv,8,1.2.840.113619.2.110.512719.20250403090444/series_004_3_CR/DXA/CR DXA/2.25.173753313169335820519632380691065649420/series_003_2_CR/A2504265499 DXA/CR DXA/CR000000.dcm,output/1.2.840.113619.2.110.512719.20250403090444/series_004_3_CR/DXA/CR DXA/2.25.173753313169335820519632380691065649420/series_003_2_CR/A2504265499 DXA/CR DXA/CR000000.dcm,LEG,,Maksim,2026-09-16T16:10:35,1.2.643.5.1.13.13.12.2.77.8252.10100404000008120405081411021306,2.25.173753313169335820519632380691065649420/series_003_2_CR/A2504265499 DXA/CR DXA/CR000000.dcm,C:\Users\Андрей\Desktop\Хакатон\Исследования\2.25.173753313169335820519632380691065649420\series_003_2_CR\A2504265499 DXA\CR DXA\CR000000.dcm,unique_suffix,csv_relative_path
Размеченные,C:\Users\Андрей\Desktop\Хакатон\Размеченные\labels.csv,9,1.2.840.113619.2.110.512719.20250403090444/series_004_3_CR/DXA/CR DXA/2.25.173753313169335820519632380691065649420/series_003_2_CR/A2504265499 DXA/CR DXA/CR000001.dcm,output/1.2.840.113619.2.110.512719.20250403090444/series_004_3_CR/DXA/CR DXA/2.25.173753313169335820519632380691065649420/series_003_2_CR/A2504265499 DXA/CR DXA/CR000001.dcm,LEG,,Maksim,2026-09-16T16:10:37,1.2.643.5.1.13.13.12.2.77.8252.04131502110204030305140811061103,2.25.173753313169335820519632380691065649420/series_003_2_CR/A2504265499 DXA/CR DXA/CR000001.dcm,C:\Users\Андрей\Desktop\Хакатон\Исследования\2.25.173753313169335820519632380691065649420\series_003_2_CR\A2504265499 DXA\CR DXA\CR000001.dcm,unique_suffix,csv_relative_path
Размеченные,C:\Users\Андрей\Desktop\Хакатон\Размеченные\labels.csv,10,1.2.840.113619.2.110.512719.20250403090444/series_004_3_CR/DXA/CR DXA/2.25.173753313169335820519632380691065649420/series_003_2_CR/A2504265499 DXA/CR DXA/CR000002.dcm,output/1.2.840.113619.2.110.512719.20250403090444/series_004_3_CR/DXA/CR DXA/2.25.173753313169335820519632380691065649420/series_003_2_CR/A2504265499 DXA/CR DXA/CR000002.dcm,SPINE,,Maksim,2026-09-16T16:10:39,1.2.643.5.1.13.13.12.2.77.8252.13001014110608151112110112061114,2.25.173753313169335820519632380691065649420/series_003_2_CR/A2504265499 DXA/CR DXA/CR000002.dcm,C:\Users\Андрей\Desktop\Хакатон\Исследования\2.25.173753313169335820519632380691065649420\series_003_2_CR\A2504265499 DXA\CR DXA\CR000002.dcm,unique_suffix,csv_relative_path
Размеченные,C:\Users\Андрей\Desktop\Хакатон\Размеченные\labels.csv,11,1.2.840.113619.2.110.512719.20250403090444/series_004_3_CR/DXA/CR DXA/2.25.173753313169335820519632380691065649420/series_003_2_CR/A2504265499 DXA/CR DXA/CR000003.dcm,output/1.2.840.113619.2.110.512719.20250403090444/series_004_3_CR/DXA/CR DXA/2.25.173753313169335820519632380691065649420/series_003_2_CR/A2504265499 DXA/CR DXA/CR000003.dcm,LEG,,Maksim,2026-09-16T16:10:41,1.2.643.5.1.13.13.12.2.77.8252.04111300031205120703050100121209,2.25.173753313169335820519632380691065649420/series_003_2_CR/A2504265499 DXA/CR DXA/CR000003.dcm,C:\Users\Андрей\Desktop\Хакатон\Исследования\2.25.173753313169335820519632380691065649420\series_003_2_CR\A2504265499 DXA\CR DXA\CR000003.dcm,unique_suffix,csv_relative_path
Размеченные,C:\Users\Андрей\Desktop\Хакатон\Размеченные\labels.csv,12,1.2.840.113619.2.110.512719.20250403090444/series_004_3_CR/DXA/CR DXA/2.25.173753313169335820519632380691065649420/series_003_2_CR/A2504265499 DXA/CR DXA/CR000004.dcm,output/1.2.840.113619.2.110.512719.20250403090444/series_004_3_CR/DXA/CR DXA/2.25.173753313169335820519632380691065649420/series_003_2_CR/A2504265499 DXA/CR DXA/CR000004.dcm,LEG,,Maksim,2026-09-16T16:10:43,1.2.643.5.1.13.13.12.2.77.8252.14060111140409011305070812141414,2.25.173753313169335820519632380691065649420/series_003_2_CR/A2504265499 DXA/CR DXA/CR000004.dcm,C:\Users\Андрей\Desktop\Хакатон\Исследования\2.25.173753313169335820519632380691065649420\series_003_2_CR\A2504265499 DXA\CR DXA\CR000004.dcm,unique_suffix,csv_relative_path
Размеченные,C:\Users\Андрей\Desktop\Хакатон\Размеченные\labels.csv,13,1.2.840.113619.2.110.512719.20250403090444/series_004_3_CR/DXA/CR DXA/2.25.173753313169335820519632380691065649420/series_003_2_CR/A2504265499 DXA/CR DXA/CR000005.dcm,output/1.2.840.113619.2.110.512719.20250403090444/series_004_3_CR/DXA/CR DXA/2.25.173753313169335820519632380691065649420/series_003_2_CR/A2504265499 DXA/CR DXA/CR000005.dcm,SPINE,,Maksim,2026-09-16T16:10:46,1.2.643.5.1.13.13.12.2.77.8252.15000310101315070007100105150401,2.25.173753313169335820519632380691065649420/series_003_2_CR/A2504265499 DXA/CR DXA/CR000005.dcm,C:\Users\Андрей\Desktop\Хакатон\Исследования\2.25.173753313169335820519632380691065649420\series_003_2_CR\A2504265499 DXA\CR DXA\CR000005.dcm,unique_suffix,csv_relative_path
Размеченные,C:\Users\Андрей\Desktop\Хакатон\Размеченные\labels.csv,14,1.2.840.113619.2.110.512719.20250403090444/series_004_3_CR/DXA/CR DXA/2.25.173753313169335820519632380691065649420/series_003_2_CR/A2504265499 DXA/CR DXA/CR000006.dcm,output/1.2.840.113619.2.110.512719.20250403090444/series_004_3_CR/DXA/CR DXA/2.25.173753313169335820519632380691065649420/series_003_2_CR/A2504265499 DXA/CR DXA/CR000006.dcm,LEG,,Maksim,2026-09-16T16:11:19,1.2.643.5.1.13.13.12.2.77.8252.05130004120107120511100914090711,2.25.173753313169335820519632380691065649420/series_003_2_CR/A2504265499 DXA/CR DXA/CR000006.dcm,C:\Users\Андрей\Desktop\Хакатон\Исследования\2.25.173753313169335820519632380691065649420\series_003_2_CR\A2504265499 DXA\CR DXA\CR000006.dcm,unique_suffix,csv_relative_path
Размеченные,C:\Users\Андрей\Desktop\Хакатон\Размеченные\labels.csv,15,1.2.840.113619.2.110.512719.20250403090444/series_004_3_CR/DXA/CR DXA/2.25.173753313169335820519632380691065649420/series_003_2_CR/A2504265499 DXA/CR DXA/CR000007.dcm,output/1.2.840.113619.2.110.512719.20250403090444/series_004_3_CR/DXA/CR DXA/2.25.173753313169335820519632380691065649420/series_003_2_CR/A2504265499 DXA/CR DXA/CR000007.dcm,LEG,,Maksim,2026-09-16T16:11:22,1.2.643.5.1.13.13.12.2.77.8252.14100508051012080011140911030615,2.25.173753313169335820519632380691065649420/series_003_2_CR/A2504265499 DXA/CR DXA/CR000007.dcm,C:\Users\Андрей\Desktop\Хакатон\Исследования\2.25.173753313169335820519632380691065649420\series_003_2_CR\A2504265499 DXA\CR DXA\CR000007.dcm,unique_suffix,csv_relative_path
Размеченные,C:\Users\Андрей\Desktop\Хакатон\Размеченные\labels.csv,16,1.2.840.113619.2.110.512719.20250403090444/series_004_3_CR/DXA/CR DXA/2.25.173753313169335820519632380691065649420/series_003_2_CR/A2504265499 DXA/CR DXA/CR000008.dcm,output/1.2.840.113619.2.110.512719.20250403090444/series_004_3_CR/DXA/CR DXA/2.25.173753313169335820519632380691065649420/series_003_2_CR/A2504265499 DXA/CR DXA/CR000008.dcm,SPINE,,Maksim,2026-09-16T16:11:24,1.2.643.5.1.13.13.12.2.77.8252.04041008080502040914000415071204,2.25.173753313169335820519632380691065649420/series_003_2_CR/A2504265499 DXA/CR DXA/CR000008.dcm,C:\Users\Андрей\Desktop\Хакатон\Исследования\2.25.173753313169335820519632380691065649420\series_003_2_CR\A2504265499 DXA\CR DXA\CR000008.dcm,unique_suffix,csv_relative_path
Размеченные,C:\Users\Андрей\Desktop\Хакатон\Размеченные\labels.csv,17,1.2.840.113619.2.110.512719.20250403090444/series_004_3_CR/DXA/CR DXA/2.25.173753313169335820519632380691065649420/series_003_2_CR/A2504265499 DXA/CR DXA/CR000009.dcm,output/1.2.840.113619.2.110.512719.20250403090444/series_004_3_CR/DXA/CR DXA/2.25.173753313169335820519632380691065649420/series_003_2_CR/A2504265499 DXA/CR DXA/CR000009.dcm,LEG,,Maksim,2026-09-16T16:11:28,1.2.643.5.1.13.13.12.2.77.8252.03020200150014080308080615120500,2.25.173753313169335820519632380691065649420/series_003_2_CR/A2504265499 DXA/CR DXA/CR000009.dcm,C:\Users\Андрей\Desktop\Хакатон\Исследования\2.25.173753313169335820519632380691065649420\series_003_2_CR\A2504265499 DXA\CR DXA\CR000009.dcm,unique_suffix,csv_relative_path
Размеченные,C:\Users\Андрей\Desktop\Хакатон\Размеченные\labels.csv,18,1.2.840.113619.2.110.512719.20250403090444/series_004_3_CR/DXA/CR DXA/2.25.173753313169335820519632380691065649420/series_003_2_CR/A2504265499 DXA/CR DXA/CR000010.dcm,output/1.2.840.113619.2.110.512719.20250403090444/series_004_3_CR/DXA/CR DXA/2.25.173753313169335820519632380691065649420/series_003_2_CR/A2504265499 DXA/CR DXA/CR000010.dcm,LEG,,,2026-09-16T16:11:30,1.2.643.5.1.13.13.12.2.77.8252.13141514150708151311080810050711,2.25.173753313169335820519632380691065649420/series_003_2_CR/A2504265499 DXA/CR DXA/CR000010.dcm,C:\Users\Андрей\Desktop\Хакатон\Исследования\2.25.173753313169335820519632380691065649420\series_003_2_CR\A2504265499 DXA\CR DXA\CR000010.dcm,unique_suffix,csv_relative_path
Размеченные,C:\Users\Андрей\Desktop\Хакатон\Размеченные\labels.csv,19,1.2.840.113619.2.110.512719.20250403090444/series_004_3_CR/DXA/CR DXA/2.25.175881661753775295785039265792986971602/series_003_2_CR/A2507266462 DXA/CR DXA/CR000000.dcm,output/1.2.840.113619.2.110.512719.20250403090444/series_004_3_CR/DXA/CR DXA/2.25.175881661753775295785039265792986971602/series_003_2_CR/A2507266462 DXA/CR DXA/CR000000.dcm,LEG,,,2026-09-16T16:11:31,1.2.643.5.1.13.13.12.2.77.8252.06070803110509120507010310141201,2.25.175881661753775295785039265792986971602/series_003_2_CR/A2507266462 DXA/CR DXA/CR000000.dcm,C:\Users\Андрей\Desktop\Хакатон\Исследования\2.25.175881661753775295785039265792986971602\series_003_2_CR\A2507266462 DXA\CR DXA\CR000000.dcm,unique_suffix,csv_relative_path
Размеченные,C:\Users\Андрей\Desktop\Хакатон\Размеченные\labels.csv,20,1.2.840.113619.2.110.512719.20250403090444/series_004_3_CR/DXA/CR DXA/2.25.175881661753775295785039265792986971602/series_003_2_CR/A2507266462 DXA/CR DXA/CR000001.dcm,output/1.2.840.113619.2.110.512719.20250403090444/series_004_3_CR/DXA/CR DXA/2.25.175881661753775295785039265792986971602/series_003_2_CR/A2507266462 DXA/CR DXA/CR000001.dcm,SPINE,,,2026-09-16T16:11:33,1.2.643.5.1.13.13.12.2.77.8252.14060403060314010506081209070311,2.25.175881661753775295785039265792986971602/series_003_2_CR/A2507266462 DXA/CR DXA/CR000001.dcm,C:\Users\Андрей\Desktop\Хакатон\Исследования\2.25.175881661753775295785039265792986971602\series_003_2_CR\A2507266462 DXA\CR DXA\CR000001.dcm,unique_suffix,csv_relative_path
Размеченные,C:\Users\Андрей\Desktop\Хакатон\Размеченные\labels.csv,21,1.2.840.113619.2.110.512719.20250403090444/series_004_3_CR/DXA/CR DXA/2.25.175881661753775295785039265792986971602/series_003_2_CR/A2507266462 DXA/CR DXA/CR000002.dcm,output/1.2.840.113619.2.110.512719.20250403090444/series_004_3_CR/DXA/CR DXA/2.25.175881661753775295785039265792986971602/series_003_2_CR/A2507266462 DXA/CR DXA/CR000002.dcm,LEG,,,2026-09-16T16:11:34,1.2.643.5.1.13.13.12.2.77.8252.10000603030913050503020611051415,2.25.175881661753775295785039265792986971602/series_003_2_CR/A2507266462 DXA/CR DXA/CR000002.dcm,C:\Users\Андрей\Desktop\Хакатон\Исследования\2.25.175881661753775295785039265792986971602\series_003_2_CR\A2507266462 DXA\CR DXA\CR000002.dcm,unique_suffix,csv_relative_path
Размеченные,C:\Users\Андрей\Desktop\Хакатон\Размеченные\labels.csv,22,1.2.840.113619.2.110.512719.20250403090444/series_004_3_CR/DXA/CR DXA/2.25.175881661753775295785039265792986971602/series_003_2_CR/A2507266462 DXA/CR DXA/CR000003.dcm,output/1.2.840.113619.2.110.512719.20250403090444/series_004_3_CR/DXA/CR DXA/2.25.175881661753775295785039265792986971602/series_003_2_CR/A2507266462 DXA/CR DXA/CR000003.dcm,LEG,,,2026-09-16T16:11:38,1.2.643.5.1.13.13.12.2.77.8252.06110514030914051115040913030103,2.25.175881661753775295785039265792986971602/series_003_2_CR/A2507266462 DXA/CR DXA/CR000003.dcm,C:\Users\Андрей\Desktop\Хакатон\Исследования\2.25.175881661753775295785039265792986971602\series_003_2_CR\A2507266462 DXA\CR DXA\CR000003.dcm,unique_suffix,csv_relative_path
Размеченные,C:\Users\Андрей\Desktop\Хакатон\Размеченные\labels.csv,23,1.2.840.113619.2.110.512719.20250403090444/series_004_3_CR/DXA/CR DXA/2.25.175903805423871105435148927871625232853/series_001_2_CR/A2507159447 DXA/CR DXA/CR000000.dcm,output/1.2.840.113619.2.110.512719.20250403090444/series_004_3_CR/DXA/CR DXA/2.25.175903805423871105435148927871625232853/series_001_2_CR/A2507159447 DXA/CR DXA/CR000000.dcm,SPINE,,,2026-09-16T16:11:40,1.2.643.5.1.13.13.12.2.77.8252.12071204070300150506091512141413,2.25.175903805423871105435148927871625232853/series_001_2_CR/A2507159447 DXA/CR DXA/CR000000.dcm,C:\Users\Андрей\Desktop\Хакатон\Исследования\2.25.175903805423871105435148927871625232853\series_001_2_CR\A2507159447 DXA\CR DXA\CR000000.dcm,unique_suffix,csv_relative_path
Размеченные,C:\Users\Андрей\Desktop\Хакатон\Размеченные\labels.csv,24,1.2.840.113619.2.110.512719.20250403090444/series_004_3_CR/DXA/CR DXA/2.25.175903805423871105435148927871625232853/series_001_2_CR/A2507159447 DXA/CR DXA/CR000001.dcm,output/1.2.840.113619.2.110.512719.20250403090444/series_004_3_CR/DXA/CR DXA/2.25.175903805423871105435148927871625232853/series_001_2_CR/A2507159447 DXA/CR DXA/CR000001.dcm,LEG,,,2026-09-16T16:11:41,1.2.643.5.1.13.13.12.2.77.8252.13151105000600070510031109011109,2.25.175903805423871105435148927871625232853/series_001_2_CR/A2507159447 DXA/CR DXA/CR000001.dcm,C:\Users\Андрей\Desktop\Хакатон\Исследования\2.25.175903805423871105435148927871625232853\series_001_2_CR\A2507159447 DXA\CR DXA\CR000001.dcm,unique_suffix,csv_relative_path
Размеченные,C:\Users\Андрей\Desktop\Хакатон\Размеченные\labels.csv,25,1.2.840.113619.2.110.512719.20250403090444/series_004_3_CR/DXA/CR DXA/2.25.175903805423871105435148927871625232853/series_001_2_CR/A2507159447 DXA/CR DXA/CR000002.dcm,output/1.2.840.113619.2.110.512719.20250403090444/series_004_3_CR/DXA/CR DXA/2.25.175903805423871105435148927871625232853/series_001_2_CR/A2507159447 DXA/CR DXA/CR000002.dcm,LEG,,,2026-09-16T16:11:43,1.2.643.5.1.13.13.12.2.77.8252.15100208060002090813060606131404,2.25.175903805423871105435148927871625232853/series_001_2_CR/A2507159447 DXA/CR DXA/CR000002.dcm,C:\Users\Андрей\Desktop\Хакатон\Исследования\2.25.175903805423871105435148927871625232853\series_001_2_CR\A2507159447 DXA\CR DXA\CR000002.dcm,unique_suffix,csv_relative_path
Размеченные,C:\Users\Андрей\Desktop\Хакатон\Размеченные\labels.csv,26,1.2.840.113619.2.110.512719.20250403090444/series_004_3_CR/DXA/CR DXA/2.25.17706555930735581384953296958427669848/series_004_3_CR/A2504146513 DXA/CR DXA/CR000000.dcm,output/1.2.840.113619.2.110.512719.20250403090444/series_004_3_CR/DXA/CR DXA/2.25.17706555930735581384953296958427669848/series_004_3_CR/A2504146513 DXA/CR DXA/CR000000.dcm,LEG,,,2026-09-16T16:11:45,1.2.643.5.1.13.13.12.2.77.8252.11051514070611150905020505061111,2.25.17706555930735581384953296958427669848/series_004_3_CR/A2504146513 DXA/CR DXA/CR000000.dcm,C:\Users\Андрей\Desktop\Хакатон\Исследования\2.25.17706555930735581384953296958427669848\series_004_3_CR\A2504146513 DXA\CR DXA\CR000000.dcm,unique_suffix,csv_relative_path
Размеченные,C:\Users\Андрей\Desktop\Хакатон\Размеченные\labels.csv,27,1.2.840.113619.2.110.512719.20250403090444/series_004_3_CR/DXA/CR DXA/2.25.17706555930735581384953296958427669848/series_004_3_CR/A2504146513 DXA/CR DXA/CR000001.dcm,output/1.2.840.113619.2.110.512719.20250403090444/series_004_3_CR/DXA/CR DXA/2.25.17706555930735581384953296958427669848/series_004_3_CR/A2504146513 DXA/CR DXA/CR000001.dcm,SPINE,,,2026-09-16T16:11:47,1.2.643.5.1.13.13.12.2.77.8252.03050114141207061001080502130215,2.25.17706555930735581384953296958427669848/series_004_3_CR/A2504146513 DXA/CR DXA/CR000001.dcm,C:\Users\Андрей\Desktop\Хакатон\Исследования\2.25.17706555930735581384953296958427669848\series_004_3_CR\A2504146513 DXA\CR DXA\CR000001.dcm,unique_suffix,csv_relative_path
Размеченные,C:\Users\Андрей\Desktop\Хакатон\Размеченные\labels.csv,28,1.2.840.113619.2.110.512719.20250403090444/series_004_3_CR/DXA/CR DXA/2.25.17706555930735581384953296958427669848/series_004_3_CR/A2504146513 DXA/CR DXA/CR000002.dcm,output/1.2.840.113619.2.110.512719.20250403090444/series_004_3_CR/DXA/CR DXA/2.25.17706555930735581384953296958427669848/series_004_3_CR/A2504146513 DXA/CR DXA/CR000002.dcm,SPINE,,,2026-09-16T16:11:49,1.2.643.5.1.13.13.12.2.77.8252.02140511090200100603110807051014,2.25.17706555930735581384953296958427669848/series_004_3_CR/A2504146513 DXA/CR DXA/CR000002.dcm,C:\Users\Андрей\Desktop\Хакатон\Исследования\2.25.17706555930735581384953296958427669848\series_004_3_CR\A2504146513 DXA\CR DXA\CR000002.dcm,unique_suffix,csv_relative_path
Размеченные,C:\Users\Андрей\Desktop\Хакатон\Размеченные\labels.csv,29,1.2.840.113619.2.110.512719.20250403090444/series_004_3_CR/DXA/CR DXA/2.25.17706555930735581384953296958427669848/series_004_3_CR/A2504146513 DXA/CR DXA/CR000003.dcm,output/1.2.840.113619.2.110.512719.20250403090444/series_004_3_CR/DXA/CR DXA/2.25.17706555930735581384953296958427669848/series_004_3_CR/A2504146513 DXA/CR DXA/CR000003.dcm,LEG,,,2026-09-16T16:11:50,1.2.643.5.1.13.13.12.2.77.8252.08081313070715151208110603030015,2.25.17706555930735581384953296958427669848/series_004_3_CR/A2504146513 DXA/CR DXA/CR000003.dcm,C:\Users\Андрей\Desktop\Хакатон\Исследования\2.25.17706555930735581384953296958427669848\series_004_3_CR\A2504146513 DXA\CR DXA\CR000003.dcm,unique_suffix,csv_relative_path
Размеченные,C:\Users\Андрей\Desktop\Хакатон\Размеченные\labels.csv,30,1.2.840.113619.2.110.512719.20250403090444/series_004_3_CR/DXA/CR DXA/2.25.17706555930735581384953296958427669848/series_004_3_CR/A2504146513 DXA/CR DXA/CR000004.dcm,output/1.2.840.113619.2.110.512719.20250403090444/series_004_3_CR/DXA/CR DXA/2.25.17706555930735581384953296958427669848/series_004_3_CR/A2504146513 DXA/CR DXA/CR000004.dcm,LEG,,,2026-09-16T16:11:52,1.2.643.5.1.13.13.12.2.77.8252.04041511061006011303010701020104,2.25.17706555930735581384953296958427669848/series_004_3_CR/A2504146513 DXA/CR DXA/CR000004.dcm,C:\Users\Андрей\Desktop\Хакатон\Исследования\2.25.17706555930735581384953296958427669848\series_004_3_CR\A2504146513 DXA\CR DXA\CR000004.dcm,unique_suffix,csv_relative_path
Размеченные,C:\Users\Андрей\Desktop\Хакатон\Размеченные\labels.csv,31,1.2.840.113619.2.110.512719.20250403090444/series_004_3_CR/DXA/CR DXA/2.25.17706555930735581384953296958427669848/series_004_3_CR/A2504146513 DXA/CR DXA/CR000005.dcm,output/1.2.840.113619.2.110.512719.20250403090444/series_004_3_CR/DXA/CR DXA/2.25.17706555930735581384953296958427669848/series_004_3_CR/A2504146513 DXA/CR DXA/CR000005.dcm,LEG,,,2026-09-16T16:11:53,1.2.643.5.1.13.13.12.2.77.8252.14111104000112000401050109111415,2.25.17706555930735581384953296958427669848/series_004_3_CR/A2504146513 DXA/CR DXA/CR000005.dcm,C:\Users\Андрей\Desktop\Хакатон\Исследования\2.25.17706555930735581384953296958427669848\series_004_3_CR\A2504146513 DXA\CR DXA\CR000005.dcm,unique_suffix,csv_relative_path
Размеченные,C:\Users\Андрей\Desktop\Хакатон\Размеченные\labels.csv,32,1.2.840.113619.2.110.512719.20250403090444/series_004_3_CR/DXA/CR DXA/2.25.177745077805190810016231350557005569203/series_002_2_CR/A2504273759 DXA/CR DXA/CR000000.dcm,output/1.2.840.113619.2.110.512719.20250403090444/series_004_3_CR/DXA/CR DXA/2.25.177745077805190810016231350557005569203/series_002_2_CR/A2504273759 DXA/CR DXA/CR000000.dcm,LEG,,,2026-09-16T16:11:55,1.2.643.5.1.13.13.12.2.77.8252.04150214121314031409051312111410,2.25.177745077805190810016231350557005569203/series_002_2_CR/A2504273759 DXA/CR DXA/CR000000.dcm,C:\Users\Андрей\Desktop\Хакатон\Исследования\2.25.177745077805190810016231350557005569203\series_002_2_CR\A2504273759 DXA\CR DXA\CR000000.dcm,unique_suffix,csv_relative_path
Размеченные,C:\Users\Андрей\Desktop\Хакатон\Размеченные\labels.csv,33,1.2.840.113619.2.110.512719.20250403090444/series_004_3_CR/DXA/CR DXA/2.25.177745077805190810016231350557005569203/series_002_2_CR/A2504273759 DXA/CR DXA/CR000001.dcm,output/1.2.840.113619.2.110.512719.20250403090444/series_004_3_CR/DXA/CR DXA/2.25.177745077805190810016231350557005569203/series_002_2_CR/A2504273759 DXA/CR DXA/CR000001.dcm,SPINE,,,2026-09-16T16:11:57,1.2.643.5.1.13.13.12.2.77.8252.03031110041309110901030612131412,2.25.177745077805190810016231350557005569203/series_002_2_CR/A2504273759 DXA/CR DXA/CR000001.dcm,C:\Users\Андрей\Desktop\Хакатон\Исследования\2.25.177745077805190810016231350557005569203\series_002_2_CR\A2504273759 DXA\CR DXA\CR000001.dcm,unique_suffix,csv_relative_path
Размеченные,C:\Users\Андрей\Desktop\Хакатон\Размеченные\labels.csv,34,1.2.840.113619.2.110.512719.20250403090444/series_004_3_CR/DXA/CR DXA/2.25.177745077805190810016231350557005569203/series_002_2_CR/A2504273759 DXA/CR DXA/CR000002.dcm,output/1.2.840.113619.2.110.512719.20250403090444/series_004_3_CR/DXA/CR DXA/2.25.177745077805190810016231350557005569203/series_002_2_CR/A2504273759 DXA/CR DXA/CR000002.dcm,SPINE,,,2026-09-16T16:11:59,1.2.643.5.1.13.13.12.2.77.8252.10151201011509101414030411060512,2.25.177745077805190810016231350557005569203/series_002_2_CR/A2504273759 DXA/CR DXA/CR000002.dcm,C:\Users\Андрей\Desktop\Хакатон\Исследования\2.25.177745077805190810016231350557005569203\series_002_2_CR\A2504273759 DXA\CR DXA\CR000002.dcm,unique_suffix,csv_relative_path
Размеченные,C:\Users\Андрей\Desktop\Хакатон\Размеченные\labels.csv,35,1.2.840.113619.2.110.512719.20250403090444/series_004_3_CR/DXA/CR DXA/2.25.177745077805190810016231350557005569203/series_002_2_CR/A2504273759 DXA/CR DXA/CR000003.dcm,output/1.2.840.113619.2.110.512719.20250403090444/series_004_3_CR/DXA/CR DXA/2.25.177745077805190810016231350557005569203/series_002_2_CR/A2504273759 DXA/CR DXA/CR000003.dcm,LEG,,,2026-09-16T16:12:01,1.2.643.5.1.13.13.12.2.77.8252.00141000101506010405040508081209,2.25.177745077805190810016231350557005569203/series_002_2_CR/A2504273759 DXA/CR DXA/CR000003.dcm,C:\Users\Андрей\Desktop\Хакатон\Исследования\2.25.177745077805190810016231350557005569203\series_002_2_CR\A2504273759 DXA\CR DXA\CR000003.dcm,unique_suffix,csv_relative_path
Размеченные,C:\Users\Андрей\Desktop\Хакатон\Размеченные\labels.csv,36,1.2.840.113619.2.110.512719.20250403090444/series_004_3_CR/DXA/CR DXA/2.25.177745077805190810016231350557005569203/series_002_2_CR/A2504273759 DXA/CR DXA/CR000004.dcm,output/1.2.840.113619.2.110.512719.20250403090444/series_004_3_CR/DXA/CR DXA/2.25.177745077805190810016231350557005569203/series_002_2_CR/A2504273759 DXA/CR DXA/CR000004.dcm,LEG,,,2026-09-16T16:12:03,1.2.643.5.1.13.13.12.2.77.8252.06130700140211110505051411010711,2.25.177745077805190810016231350557005569203/series_002_2_CR/A2504273759 DXA/CR DXA/CR000004.dcm,C:\Users\Андрей\Desktop\Хакатон\Исследования\2.25.177745077805190810016231350557005569203\series_002_2_CR\A2504273759 DXA\CR DXA\CR000004.dcm,unique_suffix,csv_relative_path
Размеченные,C:\Users\Андрей\Desktop\Хакатон\Размеченные\labels.csv,37,1.2.840.113619.2.110.512719.20250403090444/series_004_3_CR/DXA/CR DXA/2.25.177745077805190810016231350557005569203/series_002_2_CR/A2504273759 DXA/CR DXA/CR000005.dcm,output/1.2.840.113619.2.110.512719.20250403090444/series_004_3_CR/DXA/CR DXA/2.25.177745077805190810016231350557005569203/series_002_2_CR/A2504273759 DXA/CR DXA/CR000005.dcm,LEG,,,2026-09-16T16:12:05,1.2.643.5.1.13.13.12.2.77.8252.01001108050505090405071008120805,2.25.177745077805190810016231350557005569203/series_002_2_CR/A2504273759 DXA/CR DXA/CR000005.dcm,C:\Users\Андрей\Desktop\Хакатон\Исследования\2.25.177745077805190810016231350557005569203\series_002_2_CR\A2504273759 DXA\CR DXA\CR000005.dcm,unique_suffix,csv_relative_path
Размеченные,C:\Users\Андрей\Desktop\Хакатон\Размеченные\labels.csv,38,1.2.840.113619.2.110.512719.20250403090444/series_004_3_CR/DXA/CR DXA/2.25.178533355209696795441380751187185128893/series_003_2_CR/A2507155452 DXA/CR DXA/CR000000.dcm,output/1.2.840.113619.2.110.512719.20250403090444/series_004_3_CR/DXA/CR DXA/2.25.178533355209696795441380751187185128893/series_003_2_CR/A2507155452 DXA/CR DXA/CR000000.dcm,SPINE,,,2026-09-16T16:12:07,1.2.643.5.1.13.13.12.2.77.8252.14110604050810020100071004090404,2.25.178533355209696795441380751187185128893/series_003_2_CR/A2507155452 DXA/CR DXA/CR000000.dcm,C:\Users\Андрей\Desktop\Хакатон\Исследования\2.25.178533355209696795441380751187185128893\series_003_2_CR\A2507155452 DXA\CR DXA\CR000000.dcm,unique_suffix,csv_relative_path
Размеченные,C:\Users\Андрей\Desktop\Хакатон\Размеченные\labels.csv,39,1.2.840.113619.2.110.512719.20250403090444/series_004_3_CR/DXA/CR DXA/2.25.181196659018348153828200695057897449628/series_004_2_CR/A2507370620 DXA/CR DXA/CR000000.dcm,output/1.2.840.113619.2.110.512719.20250403090444/series_004_3_CR/DXA/CR DXA/2.25.181196659018348153828200695057897449628/series_004_2_CR/A2507370620 DXA/CR DXA/CR000000.dcm,LEG,,,2026-09-16T16:12:08,1.2.643.5.1.13.13.12.2.77.8252.14150808010700150501131415040808,2.25.181196659018348153828200695057897449628/series_004_2_CR/A2507370620 DXA/CR DXA/CR000000.dcm,C:\Users\Андрей\Desktop\Хакатон\Исследования\2.25.181196659018348153828200695057897449628\series_004_2_CR\A2507370620 DXA\CR DXA\CR000000.dcm,unique_suffix,csv_relative_path
Размеченные,C:\Users\Андрей\Desktop\Хакатон\Размеченные\labels.csv,40,1.2.840.113619.2.110.512719.20250403090444/series_004_3_CR/DXA/CR DXA/2.25.181196659018348153828200695057897449628/series_004_2_CR/A2507370620 DXA/CR DXA/CR000001.dcm,output/1.2.840.113619.2.110.512719.20250403090444/series_004_3_CR/DXA/CR DXA/2.25.181196659018348153828200695057897449628/series_004_2_CR/A2507370620 DXA/CR DXA/CR000001.dcm,LEG,,,2026-09-16T16:12:09,1.2.643.5.1.13.13.12.2.77.8252.07040306041313130904140702020908,2.25.181196659018348153828200695057897449628/series_004_2_CR/A2507370620 DXA/CR DXA/CR000001.dcm,C:\Users\Андрей\Desktop\Хакатон\Исследования\2.25.181196659018348153828200695057897449628\series_004_2_CR\A2507370620 DXA\CR DXA\CR000001.dcm,unique_suffix,csv_relative_path
Размеченные,C:\Users\Андрей\Desktop\Хакатон\Размеченные\labels.csv,41,1.2.840.113619.2.110.512719.20250403090444/series_004_3_CR/DXA/CR DXA/2.25.181196659018348153828200695057897449628/series_004_2_CR/A2507370620 DXA/CR DXA/CR000002.dcm,output/1.2.840.113619.2.110.512719.20250403090444/series_004_3_CR/DXA/CR DXA/2.25.181196659018348153828200695057897449628/series_004_2_CR/A2507370620 DXA/CR DXA/CR000002.dcm,SPINE,,,2026-09-16T16:12:11,1.2.643.5.1.13.13.12.2.77.8252.08141015091400020302110912090508,2.25.181196659018348153828200695057897449628/series_004_2_CR/A2507370620 DXA/CR DXA/CR000002.dcm,C:\Users\Андрей\Desktop\Хакатон\Исследования\2.25.181196659018348153828200695057897449628\series_004_2_CR\A2507370620 DXA\CR DXA\CR000002.dcm,unique_suffix,csv_relative_path
Размеченные,C:\Users\Андрей\Desktop\Хакатон\Размеченные\labels.csv,42,1.2.840.113619.2.110.512719.20250403090444/series_004_3_CR/DXA/CR DXA/2.25.181196659018348153828200695057897449628/series_004_2_CR/A2507370620 DXA/CR DXA/CR000003.dcm,output/1.2.840.113619.2.110.512719.20250403090444/series_004_3_CR/DXA/CR DXA/2.25.181196659018348153828200695057897449628/series_004_2_CR/A2507370620 DXA/CR DXA/CR000003.dcm,SPINE,,,2026-09-16T16:12:12,1.2.643.5.1.13.13.12.2.77.8252.07130015011404020601141211131000,2.25.181196659018348153828200695057897449628/series_004_2_CR/A2507370620 DXA/CR DXA/CR000003.dcm,C:\Users\Андрей\Desktop\Хакатон\Исследования\2.25.181196659018348153828200695057897449628\series_004_2_CR\A2507370620 DXA\CR DXA\CR000003.dcm,unique_suffix,csv_relative_path
Размеченные,C:\Users\Андрей\Desktop\Хакатон\Размеченные\labels.csv,43,1.2.840.113619.2.110.512719.20250403090444/series_004_3_CR/DXA/CR DXA/2.25.181196659018348153828200695057897449628/series_004_2_CR/A2507370620 DXA/CR DXA/CR000004.dcm,output/1.2.840.113619.2.110.512719.20250403090444/series_004_3_CR/DXA/CR DXA/2.25.181196659018348153828200695057897449628/series_004_2_CR/A2507370620 DXA/CR DXA/CR000004.dcm,LEG,,,2026-09-16T16:12:14,1.2.643.5.1.13.13.12.2.77.8252.07070209131108100009081313101204,2.25.181196659018348153828200695057897449628/series_004_2_CR/A2507370620 DXA/CR DXA/CR000004.dcm,C:\Users\Андрей\Desktop\Хакатон\Исследования\2.25.181196659018348153828200695057897449628\series_004_2_CR\A2507370620 DXA\CR DXA\CR000004.dcm,unique_suffix,csv_relative_path
Размеченные,C:\Users\Андрей\Desktop\Хакатон\Размеченные\labels.csv,44,1.2.840.113619.2.110.512719.20250403090444/series_004_3_CR/DXA/CR DXA/2.25.181196659018348153828200695057897449628/series_004_2_CR/A2507370620 DXA/CR DXA/CR000005.dcm,output/1.2.840.113619.2.110.512719.20250403090444/series_004_3_CR/DXA/CR DXA/2.25.181196659018348153828200695057897449628/series_004_2_CR/A2507370620 DXA/CR DXA/CR000005.dcm,LEG,,,2026-09-16T16:12:15,1.2.643.5.1.13.13.12.2.77.8252.03001212011504090610110601060006,2.25.181196659018348153828200695057897449628/series_004_2_CR/A2507370620 DXA/CR DXA/CR000005.dcm,C:\Users\Андрей\Desktop\Хакатон\Исследования\2.25.181196659018348153828200695057897449628\series_004_2_CR\A2507370620 DXA\CR DXA\CR000005.dcm,unique_suffix,csv_relative_path
Размеченные,C:\Users\Андрей\Desktop\Хакатон\Размеченные\labels.csv,45,1.2.840.113619.2.110.512719.20250403090444/series_004_3_CR/DXA/CR DXA/2.25.181196659018348153828200695057897449628/series_004_2_CR/A2507370620 DXA/CR DXA/CR000006.dcm,output/1.2.840.113619.2.110.512719.20250403090444/series_004_3_CR/DXA/CR DXA/2.25.181196659018348153828200695057897449628/series_004_2_CR/A2507370620 DXA/CR DXA/CR000006.dcm,LEG,,,2026-09-16T16:12:18,1.2.643.5.1.13.13.12.2.77.8252.11080509070315011108060003120408,2.25.181196659018348153828200695057897449628/series_004_2_CR/A2507370620 DXA/CR DXA/CR000006.dcm,C:\Users\Андрей\Desktop\Хакатон\Исследования\2.25.181196659018348153828200695057897449628\series_004_2_CR\A2507370620 DXA\CR DXA\CR000006.dcm,unique_suffix,csv_relative_path
Размеченные,C:\Users\Андрей\Desktop\Хакатон\Размеченные\labels.csv,46,1.2.840.113619.2.110.512719.20250403090444/series_004_3_CR/DXA/CR DXA/2.25.181196659018348153828200695057897449628/series_004_2_CR/A2507370620 DXA/CR DXA/CR000007.dcm,output/1.2.840.113619.2.110.512719.20250403090444/series_004_3_CR/DXA/CR DXA/2.25.181196659018348153828200695057897449628/series_004_2_CR/A2507370620 DXA/CR DXA/CR000007.dcm,LEG,,,2026-09-16T16:12:19,1.2.643.5.1.13.13.12.2.77.8252.13100414021307020008020611130410,2.25.181196659018348153828200695057897449628/series_004_2_CR/A2507370620 DXA/CR DXA/CR000007.dcm,C:\Users\Андрей\Desktop\Хакатон\Исследования\2.25.181196659018348153828200695057897449628\series_004_2_CR\A2507370620 DXA\CR DXA\CR000007.dcm,unique_suffix,csv_relative_path
Размеченные,C:\Users\Андрей\Desktop\Хакатон\Размеченные\labels.csv,47,1.2.840.113619.2.110.512719.20250403090444/series_004_3_CR/DXA/CR DXA/2.25.181196659018348153828200695057897449628/series_004_2_CR/A2507370620 DXA/CR DXA/CR000008.dcm,output/1.2.840.113619.2.110.512719.20250403090444/series_004_3_CR/DXA/CR DXA/2.25.181196659018348153828200695057897449628/series_004_2_CR/A2507370620 DXA/CR DXA/CR000008.dcm,LEG,,,2026-09-16T16:12:22,1.2.643.5.1.13.13.12.2.77.8252.00010603011503150401111314061209,2.25.181196659018348153828200695057897449628/series_004_2_CR/A2507370620 DXA/CR DXA/CR000008.dcm,C:\Users\Андрей\Desktop\Хакатон\Исследования\2.25.181196659018348153828200695057897449628\series_004_2_CR\A2507370620 DXA\CR DXA\CR000008.dcm,unique_suffix,csv_relative_path
Размеченные,C:\Users\Андрей\Desktop\Хакатон\Размеченные\labels.csv,48,1.2.840.113619.2.110.512719.20250403090444/series_004_3_CR/DXA/CR DXA/2.25.181196659018348153828200695057897449628/series_004_2_CR/A2507370620 DXA/CR DXA/CR000009.dcm,output/1.2.840.113619.2.110.512719.20250403090444/series_004_3_CR/DXA/CR DXA/2.25.181196659018348153828200695057897449628/series_004_2_CR/A2507370620 DXA/CR DXA/CR000009.dcm,LEG,,,2026-09-16T16:12:23,1.2.643.5.1.13.13.12.2.77.8252.08041100070615121300141413020001,2.25.181196659018348153828200695057897449628/series_004_2_CR/A2507370620 DXA/CR DXA/CR000009.dcm,C:\Users\Андрей\Desktop\Хакатон\Исследования\2.25.181196659018348153828200695057897449628\series_004_2_CR\A2507370620 DXA\CR DXA\CR000009.dcm,unique_suffix,csv_relative_path
Размеченные,C:\Users\Андрей\Desktop\Хакатон\Размеченные\labels.csv,49,1.2.840.113619.2.110.512719.20250403090444/series_004_3_CR/DXA/CR DXA/2.25.181196659018348153828200695057897449628/series_004_2_CR/A2507370620 DXA/CR DXA/CR000010.dcm,output/1.2.840.113619.2.110.512719.20250403090444/series_004_3_CR/DXA/CR DXA/2.25.181196659018348153828200695057897449628/series_004_2_CR/A2507370620 DXA/CR DXA/CR000010.dcm,LEG,,,2026-09-16T16:12:24,1.2.643.5.1.13.13.12.2.77.8252.08060613070108000200131403151214,2.25.181196659018348153828200695057897449628/series_004_2_CR/A2507370620 DXA/CR DXA/CR000010.dcm,C:\Users\Андрей\Desktop\Хакатон\Исследования\2.25.181196659018348153828200695057897449628\series_004_2_CR\A2507370620 DXA\CR DXA\CR000010.dcm,unique_suffix,csv_relative_path
Размеченные,C:\Users\Андрей\Desktop\Хакатон\Размеченные\labels.csv,50,1.2.840.113619.2.110.512719.20250403090444/series_004_3_CR/DXA/CR DXA/2.25.181196659018348153828200695057897449628/series_004_2_CR/A2507370620 DXA/CR DXA/CR000011.dcm,output/1.2.840.113619.2.110.512719.20250403090444/series_004_3_CR/DXA/CR DXA/2.25.181196659018348153828200695057897449628/series_004_2_CR/A2507370620 DXA/CR DXA/CR000011.dcm,SPINE,,,2026-09-16T16:12:26,1.2.643.5.1.13.13.12.2.77.8252.15131206051500011310060914011411,2.25.181196659018348153828200695057897449628/series_004_2_CR/A2507370620 DXA/CR DXA/CR000011.dcm,C:\Users\Андрей\Desktop\Хакатон\Исследования\2.25.181196659018348153828200695057897449628\series_004_2_CR\A2507370620 DXA\CR DXA\CR000011.dcm,unique_suffix,csv_relative_path
Размеченные,C:\Users\Андрей\Desktop\Хакатон\Размеченные\labels.csv,51,1.2.840.113619.2.110.512719.20250403090444/series_004_3_CR/DXA/CR DXA/2.25.181196659018348153828200695057897449628/series_004_2_CR/A2507370620 DXA/CR DXA/CR000012.dcm,output/1.2.840.113619.2.110.512719.20250403090444/series_004_3_CR/DXA/CR DXA/2.25.181196659018348153828200695057897449628/series_004_2_CR/A2507370620 DXA/CR DXA/CR000012.dcm,LEG,,,2026-09-16T16:12:27,1.2.643.5.1.13.13.12.2.77.8252.00110402080602151505051001010810,2.25.181196659018348153828200695057897449628/series_004_2_CR/A2507370620 DXA/CR DXA/CR000012.dcm,C:\Users\Андрей\Desktop\Хакатон\Исследования\2.25.181196659018348153828200695057897449628\series_004_2_CR\A2507370620 DXA\CR DXA\CR000012.dcm,unique_suffix,csv_relative_path
Размеченные,C:\Users\Андрей\Desktop\Хакатон\Размеченные\labels.csv,52,1.2.840.113619.2.110.512719.20250403090444/series_004_3_CR/DXA/CR DXA/2.25.184198356665635336833172191504278054074/series_004_2_CR/A250788286 DXA/CR DXA/CR000000.dcm,output/1.2.840.113619.2.110.512719.20250403090444/series_004_3_CR/DXA/CR DXA/2.25.184198356665635336833172191504278054074/series_004_2_CR/A250788286 DXA/CR DXA/CR000000.dcm,SPINE,,,2026-09-16T16:12:29,1.2.643.5.1.13.13.12.2.77.8252.04151306060901060605121400081206,2.25.184198356665635336833172191504278054074/series_004_2_CR/A250788286 DXA/CR DXA/CR000000.dcm,C:\Users\Андрей\Desktop\Хакатон\Исследования\2.25.184198356665635336833172191504278054074\series_004_2_CR\A250788286 DXA\CR DXA\CR000000.dcm,unique_suffix,csv_relative_path
Размеченные,C:\Users\Андрей\Desktop\Хакатон\Размеченные\labels.csv,53,1.2.840.113619.2.110.512719.20250403090444/series_004_3_CR/DXA/CR DXA/2.25.184198356665635336833172191504278054074/series_004_2_CR/A250788286 DXA/CR DXA/CR000001.dcm,output/1.2.840.113619.2.110.512719.20250403090444/series_004_3_CR/DXA/CR DXA/2.25.184198356665635336833172191504278054074/series_004_2_CR/A250788286 DXA/CR DXA/CR000001.dcm,LEG,,,2026-09-16T16:12:30,1.2.643.5.1.13.13.12.2.77.8252.11141409010404080202090702050104,2.25.184198356665635336833172191504278054074/series_004_2_CR/A250788286 DXA/CR DXA/CR000001.dcm,C:\Users\Андрей\Desktop\Хакатон\Исследования\2.25.184198356665635336833172191504278054074\series_004_2_CR\A250788286 DXA\CR DXA\CR000001.dcm,unique_suffix,csv_relative_path
Размеченные,C:\Users\Андрей\Desktop\Хакатон\Размеченные\labels.csv,54,1.2.840.113619.2.110.512719.20250403090444/series_004_3_CR/DXA/CR DXA/2.25.184198356665635336833172191504278054074/series_004_2_CR/A250788286 DXA/CR DXA/CR000002.dcm,output/1.2.840.113619.2.110.512719.20250403090444/series_004_3_CR/DXA/CR DXA/2.25.184198356665635336833172191504278054074/series_004_2_CR/A250788286 DXA/CR DXA/CR000002.dcm,LEG,,,2026-09-16T16:12:32,1.2.643.5.1.13.13.12.2.77.8252.02150805140008141106110606070801,2.25.184198356665635336833172191504278054074/series_004_2_CR/A250788286 DXA/CR DXA/CR000002.dcm,C:\Users\Андрей\Desktop\Хакатон\Исследования\2.25.184198356665635336833172191504278054074\series_004_2_CR\A250788286 DXA\CR DXA\CR000002.dcm,unique_suffix,csv_relative_path
Размеченные,C:\Users\Андрей\Desktop\Хакатон\Размеченные\labels.csv,55,1.2.840.113619.2.110.512719.20250403090444/series_004_3_CR/DXA/CR DXA/2.25.186201010600484120326273381077449377115/series_004_2_CR/A250777475 DXA/CR DXA/CR000000.dcm,output/1.2.840.113619.2.110.512719.20250403090444/series_004_3_CR/DXA/CR DXA/2.25.186201010600484120326273381077449377115/series_004_2_CR/A250777475 DXA/CR DXA/CR000000.dcm,LEG,,,2026-09-16T16:12:34,1.2.643.5.1.13.13.12.2.77.8252.01110601131107041511021510061211,2.25.186201010600484120326273381077449377115/series_004_2_CR/A250777475 DXA/CR DXA/CR000000.dcm,C:\Users\Андрей\Desktop\Хакатон\Исследования\2.25.186201010600484120326273381077449377115\series_004_2_CR\A250777475 DXA\CR DXA\CR000000.dcm,unique_suffix,csv_relative_path
Размеченные,C:\Users\Андрей\Desktop\Хакатон\Размеченные\labels.csv,56,1.2.840.113619.2.110.512719.20250403090444/series_004_3_CR/DXA/CR DXA/2.25.186201010600484120326273381077449377115/series_004_2_CR/A250777475 DXA/CR DXA/CR000001.dcm,output/1.2.840.113619.2.110.512719.20250403090444/series_004_3_CR/DXA/CR DXA/2.25.186201010600484120326273381077449377115/series_004_2_CR/A250777475 DXA/CR DXA/CR000001.dcm,LEG,,,2026-09-16T16:12:35,1.2.643.5.1.13.13.12.2.77.8252.09061504020803021006021501021304,2.25.186201010600484120326273381077449377115/series_004_2_CR/A250777475 DXA/CR DXA/CR000001.dcm,C:\Users\Андрей\Desktop\Хакатон\Исследования\2.25.186201010600484120326273381077449377115\series_004_2_CR\A250777475 DXA\CR DXA\CR000001.dcm,unique_suffix,csv_relative_path
Размеченные,C:\Users\Андрей\Desktop\Хакатон\Размеченные\labels.csv,57,1.2.840.113619.2.110.512719.20250403090444/series_004_3_CR/DXA/CR DXA/2.25.186201010600484120326273381077449377115/series_004_2_CR/A250777475 DXA/CR DXA/CR000002.dcm,output/1.2.840.113619.2.110.512719.20250403090444/series_004_3_CR/DXA/CR DXA/2.25.186201010600484120326273381077449377115/series_004_2_CR/A250777475 DXA/CR DXA/CR000002.dcm,LEG,,,2026-09-16T16:12:37,1.2.643.5.1.13.13.12.2.77.8252.00091315091215060415120908060402,2.25.186201010600484120326273381077449377115/series_004_2_CR/A250777475 DXA/CR DXA/CR000002.dcm,C:\Users\Андрей\Desktop\Хакатон\Исследования\2.25.186201010600484120326273381077449377115\series_004_2_CR\A250777475 DXA\CR DXA\CR000002.dcm,unique_suffix,csv_relative_path
Размеченные,C:\Users\Андрей\Desktop\Хакатон\Размеченные\labels.csv,58,1.2.840.113619.2.110.512719.20250403090444/series_004_3_CR/DXA/CR DXA/2.25.186201010600484120326273381077449377115/series_004_2_CR/A250777475 DXA/CR DXA/CR000003.dcm,output/1.2.840.113619.2.110.512719.20250403090444/series_004_3_CR/DXA/CR DXA/2.25.186201010600484120326273381077449377115/series_004_2_CR/A250777475 DXA/CR DXA/CR000003.dcm,LEG,,,2026-09-16T16:12:38,1.2.643.5.1.13.13.12.2.77.8252.01141302020713050903060503061314,2.25.186201010600484120326273381077449377115/series_004_2_CR/A250777475 DXA/CR DXA/CR000003.dcm,C:\Users\Андрей\Desktop\Хакатон\Исследования\2.25.186201010600484120326273381077449377115\series_004_2_CR\A250777475 DXA\CR DXA\CR000003.dcm,unique_suffix,csv_relative_path
Размеченные,C:\Users\Андрей\Desktop\Хакатон\Размеченные\labels.csv,59,1.2.840.113619.2.110.512719.20250403090444/series_004_3_CR/DXA/CR DXA/2.25.186201010600484120326273381077449377115/series_004_2_CR/A250777475 DXA/CR DXA/CR000004.dcm,output/1.2.840.113619.2.110.512719.20250403090444/series_004_3_CR/DXA/CR DXA/2.25.186201010600484120326273381077449377115/series_004_2_CR/A250777475 DXA/CR DXA/CR000004.dcm,LEG,,,2026-09-16T16:12:39,1.2.643.5.1.13.13.12.2.77.8252.13051209051006081503100907110310,2.25.186201010600484120326273381077449377115/series_004_2_CR/A250777475 DXA/CR DXA/CR000004.dcm,C:\Users\Андрей\Desktop\Хакатон\Исследования\2.25.186201010600484120326273381077449377115\series_004_2_CR\A250777475 DXA\CR DXA\CR000004.dcm,unique_suffix,csv_relative_path
Размеченные,C:\Users\Андрей\Desktop\Хакатон\Размеченные\labels.csv,60,1.2.840.113619.2.110.512719.20250403090444/series_004_3_CR/DXA/CR DXA/2.25.186201010600484120326273381077449377115/series_004_2_CR/A250777475 DXA/CR DXA/CR000005.dcm,output/1.2.840.113619.2.110.512719.20250403090444/series_004_3_CR/DXA/CR DXA/2.25.186201010600484120326273381077449377115/series_004_2_CR/A250777475 DXA/CR DXA/CR000005.dcm,LEG,,,2026-09-16T16:12:41,1.2.643.5.1.13.13.12.2.77.8252.07131015031512050310021202060000,2.25.186201010600484120326273381077449377115/series_004_2_CR/A250777475 DXA/CR DXA/CR000005.dcm,C:\Users\Андрей\Desktop\Хакатон\Исследования\2.25.186201010600484120326273381077449377115\series_004_2_CR\A250777475 DXA\CR DXA\CR000005.dcm,unique_suffix,csv_relative_path
Размеченные,C:\Users\Андрей\Desktop\Хакатон\Размеченные\labels.csv,61,1.2.840.113619.2.110.512719.20250403090444/series_004_3_CR/DXA/CR DXA/2.25.186201010600484120326273381077449377115/series_004_2_CR/A250777475 DXA/CR DXA/CR000006.dcm,output/1.2.840.113619.2.110.512719.20250403090444/series_004_3_CR/DXA/CR DXA/2.25.186201010600484120326273381077449377115/series_004_2_CR/A250777475 DXA/CR DXA/CR000006.dcm,LEG,,,2026-09-16T16:12:42,1.2.643.5.1.13.13.12.2.77.8252.01060001050009070514040213010802,2.25.186201010600484120326273381077449377115/series_004_2_CR/A250777475 DXA/CR DXA/CR000006.dcm,C:\Users\Андрей\Desktop\Хакатон\Исследования\2.25.186201010600484120326273381077449377115\series_004_2_CR\A250777475 DXA\CR DXA\CR000006.dcm,unique_suffix,csv_relative_path
Размеченные,C:\Users\Андрей\Desktop\Хакатон\Размеченные\labels.csv,62,1.2.840.113619.2.110.512719.20250403090444/series_004_3_CR/DXA/CR DXA/2.25.186201010600484120326273381077449377115/series_004_2_CR/A250777475 DXA/CR DXA/CR000007.dcm,output/1.2.840.113619.2.110.512719.20250403090444/series_004_3_CR/DXA/CR DXA/2.25.186201010600484120326273381077449377115/series_004_2_CR/A250777475 DXA/CR DXA/CR000007.dcm,SPINE,,,2026-09-16T16:12:43,1.2.643.5.1.13.13.12.2.77.8252.07140512060315100814061103061308,2.25.186201010600484120326273381077449377115/series_004_2_CR/A250777475 DXA/CR DXA/CR000007.dcm,C:\Users\Андрей\Desktop\Хакатон\Исследования\2.25.186201010600484120326273381077449377115\series_004_2_CR\A250777475 DXA\CR DXA\CR000007.dcm,unique_suffix,csv_relative_path
Размеченные,C:\Users\Андрей\Desktop\Хакатон\Размеченные\labels.csv,63,1.2.840.113619.2.110.512719.20250403090444/series_004_3_CR/DXA/CR DXA/2.25.186201010600484120326273381077449377115/series_004_2_CR/A250777475 DXA/CR DXA/CR000008.dcm,output/1.2.840.113619.2.110.512719.20250403090444/series_004_3_CR/DXA/CR DXA/2.25.186201010600484120326273381077449377115/series_004_2_CR/A250777475 DXA/CR DXA/CR000008.dcm,LEG,,,2026-09-16T16:12:45,1.2.643.5.1.13.13.12.2.77.8252.05080405071204150306061400051307,2.25.186201010600484120326273381077449377115/series_004_2_CR/A250777475 DXA/CR DXA/CR000008.dcm,C:\Users\Андрей\Desktop\Хакатон\Исследования\2.25.186201010600484120326273381077449377115\series_004_2_CR\A250777475 DXA\CR DXA\CR000008.dcm,unique_suffix,csv_relative_path
Размеченные,C:\Users\Андрей\Desktop\Хакатон\Размеченные\labels.csv,64,1.2.840.113619.2.110.512719.20250403090444/series_004_3_CR/DXA/CR DXA/2.25.186201010600484120326273381077449377115/series_004_2_CR/A250777475 DXA/CR DXA/CR000009.dcm,output/1.2.840.113619.2.110.512719.20250403090444/series_004_3_CR/DXA/CR DXA/2.25.186201010600484120326273381077449377115/series_004_2_CR/A250777475 DXA/CR DXA/CR000009.dcm,LEG,,,2026-09-16T16:12:48,1.2.643.5.1.13.13.12.2.77.8252.13020010101411130307011411150509,2.25.186201010600484120326273381077449377115/series_004_2_CR/A250777475 DXA/CR DXA/CR000009.dcm,C:\Users\Андрей\Desktop\Хакатон\Исследования\2.25.186201010600484120326273381077449377115\series_004_2_CR\A250777475 DXA\CR DXA\CR000009.dcm,unique_suffix,csv_relative_path
Размеченные,C:\Users\Андрей\Desktop\Хакатон\Размеченные\labels.csv,65,1.2.840.113619.2.110.512719.20250403090444/series_004_3_CR/DXA/CR DXA/2.25.186201010600484120326273381077449377115/series_004_2_CR/A250777475 DXA/CR DXA/CR000010.dcm,output/1.2.840.113619.2.110.512719.20250403090444/series_004_3_CR/DXA/CR DXA/2.25.186201010600484120326273381077449377115/series_004_2_CR/A250777475 DXA/CR DXA/CR000010.dcm,SPINE,,,2026-09-16T16:12:50,1.2.643.5.1.13.13.12.2.77.8252.07061504011201061005090406100203,2.25.186201010600484120326273381077449377115/series_004_2_CR/A250777475 DXA/CR DXA/CR000010.dcm,C:\Users\Андрей\Desktop\Хакатон\Исследования\2.25.186201010600484120326273381077449377115\series_004_2_CR\A250777475 DXA\CR DXA\CR000010.dcm,unique_suffix,csv_relative_path
Размеченные,C:\Users\Андрей\Desktop\Хакатон\Размеченные\labels.csv,66,1.2.840.113619.2.110.512719.20250403090444/series_004_3_CR/DXA/CR DXA/2.25.186201010600484120326273381077449377115/series_004_2_CR/A250777475 DXA/CR DXA/CR000011.dcm,output/1.2.840.113619.2.110.512719.20250403090444/series_004_3_CR/DXA/CR DXA/2.25.186201010600484120326273381077449377115/series_004_2_CR/A250777475 DXA/CR DXA/CR000011.dcm,SPINE,,,2026-09-16T16:12:51,1.2.643.5.1.13.13.12.2.77.8252.04100315041404021215101114140602,2.25.186201010600484120326273381077449377115/series_004_2_CR/A250777475 DXA/CR DXA/CR000011.dcm,C:\Users\Андрей\Desktop\Хакатон\Исследования\2.25.186201010600484120326273381077449377115\series_004_2_CR\A250777475 DXA\CR DXA\CR000011.dcm,unique_suffix,csv_relative_path
Размеченные,C:\Users\Андрей\Desktop\Хакатон\Размеченные\labels.csv,67,1.2.840.113619.2.110.512719.20250403090444/series_004_3_CR/DXA/CR DXA/2.25.190331309633057244929837507901317950031/series_001_2_CR/A250791815 DXA/CR DXA/CR000000.dcm,output/1.2.840.113619.2.110.512719.20250403090444/series_004_3_CR/DXA/CR DXA/2.25.190331309633057244929837507901317950031/series_001_2_CR/A250791815 DXA/CR DXA/CR000000.dcm,LEG,,,2026-09-16T16:12:52,1.2.643.5.1.13.13.12.2.77.8252.11050911061500091304001000100608,2.25.190331309633057244929837507901317950031/series_001_2_CR/A250791815 DXA/CR DXA/CR000000.dcm,C:\Users\Андрей\Desktop\Хакатон\Исследования\2.25.190331309633057244929837507901317950031\series_001_2_CR\A250791815 DXA\CR DXA\CR000000.dcm,unique_suffix,csv_relative_path
Размеченные,C:\Users\Андрей\Desktop\Хакатон\Размеченные\labels.csv,68,1.2.840.113619.2.110.512719.20250403090444/series_004_3_CR/DXA/CR DXA/2.25.190331309633057244929837507901317950031/series_001_2_CR/A250791815 DXA/CR DXA/CR000001.dcm,output/1.2.840.113619.2.110.512719.20250403090444/series_004_3_CR/DXA/CR DXA/2.25.190331309633057244929837507901317950031/series_001_2_CR/A250791815 DXA/CR DXA/CR000001.dcm,LEG,,,2026-09-16T16:12:54,1.2.643.5.1.13.13.12.2.77.8252.13070805121401080100090313021511,2.25.190331309633057244929837507901317950031/series_001_2_CR/A250791815 DXA/CR DXA/CR000001.dcm,C:\Users\Андрей\Desktop\Хакатон\Исследования\2.25.190331309633057244929837507901317950031\series_001_2_CR\A250791815 DXA\CR DXA\CR000001.dcm,unique_suffix,csv_relative_path
Размеченные,C:\Users\Андрей\Desktop\Хакатон\Размеченные\labels.csv,69,1.2.840.113619.2.110.512719.20250403090444/series_004_3_CR/DXA/CR DXA/2.25.190331309633057244929837507901317950031/series_001_2_CR/A250791815 DXA/CR DXA/CR000002.dcm,output/1.2.840.113619.2.110.512719.20250403090444/series_004_3_CR/DXA/CR DXA/2.25.190331309633057244929837507901317950031/series_001_2_CR/A250791815 DXA/CR DXA/CR000002.dcm,LEG,,,2026-09-16T16:12:55,1.2.643.5.1.13.13.12.2.77.8252.06100709031109071008120605101311,2.25.190331309633057244929837507901317950031/series_001_2_CR/A250791815 DXA/CR DXA/CR000002.dcm,C:\Users\Андрей\Desktop\Хакатон\Исследования\2.25.190331309633057244929837507901317950031\series_001_2_CR\A250791815 DXA\CR DXA\CR000002.dcm,unique_suffix,csv_relative_path
Размеченные,C:\Users\Андрей\Desktop\Хакатон\Размеченные\labels.csv,70,1.2.840.113619.2.110.512719.20250403090444/series_004_3_CR/DXA/CR DXA/2.25.190331309633057244929837507901317950031/series_001_2_CR/A250791815 DXA/CR DXA/CR000003.dcm,output/1.2.840.113619.2.110.512719.20250403090444/series_004_3_CR/DXA/CR DXA/2.25.190331309633057244929837507901317950031/series_001_2_CR/A250791815 DXA/CR DXA/CR000003.dcm,SPINE,,,2026-09-16T16:12:57,1.2.643.5.1.13.13.12.2.77.8252.11100109131006120600020910050910,2.25.190331309633057244929837507901317950031/series_001_2_CR/A250791815 DXA/CR DXA/CR000003.dcm,C:\Users\Андрей\Desktop\Хакатон\Исследования\2.25.190331309633057244929837507901317950031\series_001_2_CR\A250791815 DXA\CR DXA\CR000003.dcm,unique_suffix,csv_relative_path
Размеченные,C:\Users\Андрей\Desktop\Хакатон\Размеченные\labels.csv,71,1.2.840.113619.2.110.512719.20250403090444/series_004_3_CR/DXA/CR DXA/2.25.190331309633057244929837507901317950031/series_001_2_CR/A250791815 DXA/CR DXA/CR000004.dcm,output/1.2.840.113619.2.110.512719.20250403090444/series_004_3_CR/DXA/CR DXA/2.25.190331309633057244929837507901317950031/series_001_2_CR/A250791815 DXA/CR DXA/CR000004.dcm,LEG,,,2026-09-16T16:12:59,1.2.643.5.1.13.13.12.2.77.8252.03000010070307110614031003090302,2.25.190331309633057244929837507901317950031/series_001_2_CR/A250791815 DXA/CR DXA/CR000004.dcm,C:\Users\Андрей\Desktop\Хакатон\Исследования\2.25.190331309633057244929837507901317950031\series_001_2_CR\A250791815 DXA\CR DXA\CR000004.dcm,unique_suffix,csv_relative_path
Размеченные,C:\Users\Андрей\Desktop\Хакатон\Размеченные\labels.csv,72,1.2.840.113619.2.110.512719.20250403090444/series_004_3_CR/DXA/CR DXA/2.25.190331309633057244929837507901317950031/series_001_2_CR/A250791815 DXA/CR DXA/CR000005.dcm,output/1.2.840.113619.2.110.512719.20250403090444/series_004_3_CR/DXA/CR DXA/2.25.190331309633057244929837507901317950031/series_001_2_CR/A250791815 DXA/CR DXA/CR000005.dcm,SPINE,,,2026-09-16T16:13:00,1.2.643.5.1.13.13.12.2.77.8252.02040104021012120313090806030008,2.25.190331309633057244929837507901317950031/series_001_2_CR/A250791815 DXA/CR DXA/CR000005.dcm,C:\Users\Андрей\Desktop\Хакатон\Исследования\2.25.190331309633057244929837507901317950031\series_001_2_CR\A250791815 DXA\CR DXA\CR000005.dcm,unique_suffix,csv_relative_path
Размеченные,C:\Users\Андрей\Desktop\Хакатон\Размеченные\labels.csv,73,1.2.840.113619.2.110.512719.20250403090444/series_004_3_CR/DXA/CR DXA/2.25.190331309633057244929837507901317950031/series_001_2_CR/A250791815 DXA/CR DXA/CR000006.dcm,output/1.2.840.113619.2.110.512719.20250403090444/series_004_3_CR/DXA/CR DXA/2.25.190331309633057244929837507901317950031/series_001_2_CR/A250791815 DXA/CR DXA/CR000006.dcm,LEG,,,2026-09-16T16:13:01,1.2.643.5.1.13.13.12.2.77.8252.03020007121211050710080207000313,2.25.190331309633057244929837507901317950031/series_001_2_CR/A250791815 DXA/CR DXA/CR000006.dcm,C:\Users\Андрей\Desktop\Хакатон\Исследования\2.25.190331309633057244929837507901317950031\series_001_2_CR\A250791815 DXA\CR DXA\CR000006.dcm,unique_suffix,csv_relative_path
Размеченные,C:\Users\Андрей\Desktop\Хакатон\Размеченные\labels.csv,74,1.2.840.113619.2.110.512719.20250403090444/series_004_3_CR/DXA/CR DXA/2.25.190331309633057244929837507901317950031/series_001_2_CR/A250791815 DXA/CR DXA/CR000007.dcm,output/1.2.840.113619.2.110.512719.20250403090444/series_004_3_CR/DXA/CR DXA/2.25.190331309633057244929837507901317950031/series_001_2_CR/A250791815 DXA/CR DXA/CR000007.dcm,LEG,,,2026-09-16T16:13:03,1.2.643.5.1.13.13.12.2.77.8252.10061312041507151308110106051414,2.25.190331309633057244929837507901317950031/series_001_2_CR/A250791815 DXA/CR DXA/CR000007.dcm,C:\Users\Андрей\Desktop\Хакатон\Исследования\2.25.190331309633057244929837507901317950031\series_001_2_CR\A250791815 DXA\CR DXA\CR000007.dcm,unique_suffix,csv_relative_path
Размеченные,C:\Users\Андрей\Desktop\Хакатон\Размеченные\labels.csv,75,1.2.840.113619.2.110.512719.20250403090444/series_004_3_CR/DXA/CR DXA/2.25.190331309633057244929837507901317950031/series_001_2_CR/A250791815 DXA/CR DXA/CR000008.dcm,output/1.2.840.113619.2.110.512719.20250403090444/series_004_3_CR/DXA/CR DXA/2.25.190331309633057244929837507901317950031/series_001_2_CR/A250791815 DXA/CR DXA/CR000008.dcm,SPINE,,,2026-09-16T16:13:06,1.2.643.5.1.13.13.12.2.77.8252.06130501091009001200080400150413,2.25.190331309633057244929837507901317950031/series_001_2_CR/A250791815 DXA/CR DXA/CR000008.dcm,C:\Users\Андрей\Desktop\Хакатон\Исследования\2.25.190331309633057244929837507901317950031\series_001_2_CR\A250791815 DXA\CR DXA\CR000008.dcm,unique_suffix,csv_relative_path
Размеченные,C:\Users\Андрей\Desktop\Хакатон\Размеченные\labels.csv,76,1.2.840.113619.2.110.512719.20250403090444/series_004_3_CR/DXA/CR DXA/2.25.190331309633057244929837507901317950031/series_001_2_CR/A250791815 DXA/CR DXA/CR000009.dcm,output/1.2.840.113619.2.110.512719.20250403090444/series_004_3_CR/DXA/CR DXA/2.25.190331309633057244929837507901317950031/series_001_2_CR/A250791815 DXA/CR DXA/CR000009.dcm,LEG,,,2026-09-16T16:13:07,1.2.643.5.1.13.13.12.2.77.8252.11100404131302060711141306031414,2.25.190331309633057244929837507901317950031/series_001_2_CR/A250791815 DXA/CR DXA/CR000009.dcm,C:\Users\Андрей\Desktop\Хакатон\Исследования\2.25.190331309633057244929837507901317950031\series_001_2_CR\A250791815 DXA\CR DXA\CR000009.dcm,unique_suffix,csv_relative_path
Размеченные,C:\Users\Андрей\Desktop\Хакатон\Размеченные\labels.csv,77,1.2.840.113619.2.110.512719.20250403090444/series_004_3_CR/DXA/CR DXA/2.25.190331309633057244929837507901317950031/series_001_2_CR/A250791815 DXA/CR DXA/CR000010.dcm,output/1.2.840.113619.2.110.512719.20250403090444/series_004_3_CR/DXA/CR DXA/2.25.190331309633057244929837507901317950031/series_001_2_CR/A250791815 DXA/CR DXA/CR000010.dcm,LEG,,,2026-09-16T16:13:11,1.2.643.5.1.13.13.12.2.77.8252.09051315030213060214031014080701,2.25.190331309633057244929837507901317950031/series_001_2_CR/A250791815 DXA/CR DXA/CR000010.dcm,C:\Users\Андрей\Desktop\Хакатон\Исследования\2.25.190331309633057244929837507901317950031\series_001_2_CR\A250791815 DXA\CR DXA\CR000010.dcm,unique_suffix,csv_relative_path
Размеченные,C:\Users\Андрей\Desktop\Хакатон\Размеченные\labels.csv,78,1.2.840.113619.2.110.512719.20250403090444/series_004_3_CR/DXA/CR DXA/2.25.190807933410234695931591553323782771995/series_002_3_CR/A250762254 DXA/CR DXA/CR000000.dcm,output/1.2.840.113619.2.110.512719.20250403090444/series_004_3_CR/DXA/CR DXA/2.25.190807933410234695931591553323782771995/series_002_3_CR/A250762254 DXA/CR DXA/CR000000.dcm,SPINE,,,2026-09-16T16:13:12,1.2.643.5.1.13.13.12.2.77.8252.04000404020304020301120408100801,2.25.190807933410234695931591553323782771995/series_002_3_CR/A250762254 DXA/CR DXA/CR000000.dcm,C:\Users\Андрей\Desktop\Хакатон\Исследования\2.25.190807933410234695931591553323782771995\series_002_3_CR\A250762254 DXA\CR DXA\CR000000.dcm,unique_suffix,csv_relative_path
Размеченные,C:\Users\Андрей\Desktop\Хакатон\Размеченные\labels.csv,79,1.2.840.113619.2.110.512719.20250403090444/series_004_3_CR/DXA/CR DXA/2.25.190807933410234695931591553323782771995/series_002_3_CR/A250762254 DXA/CR DXA/CR000001.dcm,output/1.2.840.113619.2.110.512719.20250403090444/series_004_3_CR/DXA/CR DXA/2.25.190807933410234695931591553323782771995/series_002_3_CR/A250762254 DXA/CR DXA/CR000001.dcm,LEG,,,2026-09-16T16:13:14,1.2.643.5.1.13.13.12.2.77.8252.10101410111513000809081215030802,2.25.190807933410234695931591553323782771995/series_002_3_CR/A250762254 DXA/CR DXA/CR000001.dcm,C:\Users\Андрей\Desktop\Хакатон\Исследования\2.25.190807933410234695931591553323782771995\series_002_3_CR\A250762254 DXA\CR DXA\CR000001.dcm,unique_suffix,csv_relative_path
Размеченные,C:\Users\Андрей\Desktop\Хакатон\Размеченные\labels.csv,80,1.2.840.113619.2.110.512719.20250403090444/series_004_3_CR/DXA/CR DXA/2.25.215177279960644564778148238928738915103/series_002_2_CR/A2504147013 DXA/CR DXA/CR000000.dcm,output/1.2.840.113619.2.110.512719.20250403090444/series_004_3_CR/DXA/CR DXA/2.25.215177279960644564778148238928738915103/series_002_2_CR/A2504147013 DXA/CR DXA/CR000000.dcm,LEG,,,2026-09-16T16:13:15,1.2.643.5.1.13.13.12.2.77.8252.02120211101306000510080011031411,2.25.215177279960644564778148238928738915103/series_002_2_CR/A2504147013 DXA/CR DXA/CR000000.dcm,C:\Users\Андрей\Desktop\Хакатон\Исследования\2.25.215177279960644564778148238928738915103\series_002_2_CR\A2504147013 DXA\CR DXA\CR000000.dcm,unique_suffix,csv_relative_path
Размеченные,C:\Users\Андрей\Desktop\Хакатон\Размеченные\labels.csv,81,1.2.840.113619.2.110.512719.20250403090444/series_004_3_CR/DXA/CR DXA/2.25.215177279960644564778148238928738915103/series_002_2_CR/A2504147013 DXA/CR DXA/CR000001.dcm,output/1.2.840.113619.2.110.512719.20250403090444/series_004_3_CR/DXA/CR DXA/2.25.215177279960644564778148238928738915103/series_002_2_CR/A2504147013 DXA/CR DXA/CR000001.dcm,SPINE,,,2026-09-16T16:13:18,1.2.643.5.1.13.13.12.2.77.8252.05011012001311141515001115080104,2.25.215177279960644564778148238928738915103/series_002_2_CR/A2504147013 DXA/CR DXA/CR000001.dcm,C:\Users\Андрей\Desktop\Хакатон\Исследования\2.25.215177279960644564778148238928738915103\series_002_2_CR\A2504147013 DXA\CR DXA\CR000001.dcm,unique_suffix,csv_relative_path
Размеченные,C:\Users\Андрей\Desktop\Хакатон\Размеченные\labels.csv,82,1.2.840.113619.2.110.512719.20250403090444/series_004_3_CR/DXA/CR DXA/2.25.215177279960644564778148238928738915103/series_002_2_CR/A2504147013 DXA/CR DXA/CR000002.dcm,output/1.2.840.113619.2.110.512719.20250403090444/series_004_3_CR/DXA/CR DXA/2.25.215177279960644564778148238928738915103/series_002_2_CR/A2504147013 DXA/CR DXA/CR000002.dcm,LEG,,,2026-09-16T16:13:20,1.2.643.5.1.13.13.12.2.77.8252.00070615051510041500030210150312,2.25.215177279960644564778148238928738915103/series_002_2_CR/A2504147013 DXA/CR DXA/CR000002.dcm,C:\Users\Андрей\Desktop\Хакатон\Исследования\2.25.215177279960644564778148238928738915103\series_002_2_CR\A2504147013 DXA\CR DXA\CR000002.dcm,unique_suffix,csv_relative_path
Размеченные,C:\Users\Андрей\Desktop\Хакатон\Размеченные\labels.csv,83,1.2.840.113619.2.110.512719.20250403090444/series_004_3_CR/DXA/CR DXA/2.25.215177279960644564778148238928738915103/series_002_2_CR/A2504147013 DXA/CR DXA/CR000003.dcm,output/1.2.840.113619.2.110.512719.20250403090444/series_004_3_CR/DXA/CR DXA/2.25.215177279960644564778148238928738915103/series_002_2_CR/A2504147013 DXA/CR DXA/CR000003.dcm,LEG,,,2026-09-16T16:13:22,1.2.643.5.1.13.13.12.2.77.8252.02080006130815010800091303020804,2.25.215177279960644564778148238928738915103/series_002_2_CR/A2504147013 DXA/CR DXA/CR000003.dcm,C:\Users\Андрей\Desktop\Хакатон\Исследования\2.25.215177279960644564778148238928738915103\series_002_2_CR\A2504147013 DXA\CR DXA\CR000003.dcm,unique_suffix,csv_relative_path
Размеченные,C:\Users\Андрей\Desktop\Хакатон\Размеченные\labels.csv,84,1.2.840.113619.2.110.512719.20250403090444/series_004_3_CR/DXA/CR DXA/2.25.215177279960644564778148238928738915103/series_002_2_CR/A2504147013 DXA/CR DXA/CR000004.dcm,output/1.2.840.113619.2.110.512719.20250403090444/series_004_3_CR/DXA/CR DXA/2.25.215177279960644564778148238928738915103/series_002_2_CR/A2504147013 DXA/CR DXA/CR000004.dcm,SPINE,,,2026-09-16T16:13:24,1.2.643.5.1.13.13.12.2.77.8252.13140203110104081414101201001405,2.25.215177279960644564778148238928738915103/series_002_2_CR/A2504147013 DXA/CR DXA/CR000004.dcm,C:\Users\Андрей\Desktop\Хакатон\Исследования\2.25.215177279960644564778148238928738915103\series_002_2_CR\A2504147013 DXA\CR DXA\CR000004.dcm,unique_suffix,csv_relative_path
Размеченные,C:\Users\Андрей\Desktop\Хакатон\Размеченные\labels.csv,85,1.2.840.113619.2.110.512719.20250403090444/series_004_3_CR/DXA/CR DXA/2.25.217397325224876728316360420804118329081/series_002_2_CR/A250474631 DXA/CR DXA/CR000000.dcm,output/1.2.840.113619.2.110.512719.20250403090444/series_004_3_CR/DXA/CR DXA/2.25.217397325224876728316360420804118329081/series_002_2_CR/A250474631 DXA/CR DXA/CR000000.dcm,LEG,,,2026-09-16T16:13:25,1.2.643.5.1.13.13.12.2.77.8252.02091115080411030312040600000701,2.25.217397325224876728316360420804118329081/series_002_2_CR/A250474631 DXA/CR DXA/CR000000.dcm,C:\Users\Андрей\Desktop\Хакатон\Исследования\2.25.217397325224876728316360420804118329081\series_002_2_CR\A250474631 DXA\CR DXA\CR000000.dcm,unique_suffix,csv_relative_path
Размеченные,C:\Users\Андрей\Desktop\Хакатон\Размеченные\labels.csv,86,1.2.840.113619.2.110.512719.20250403090444/series_004_3_CR/DXA/CR DXA/2.25.217397325224876728316360420804118329081/series_002_2_CR/A250474631 DXA/CR DXA/CR000001.dcm,output/1.2.840.113619.2.110.512719.20250403090444/series_004_3_CR/DXA/CR DXA/2.25.217397325224876728316360420804118329081/series_002_2_CR/A250474631 DXA/CR DXA/CR000001.dcm,LEG,,,2026-09-16T16:13:26,1.2.643.5.1.13.13.12.2.77.8252.10000400041408060608031009090710,2.25.217397325224876728316360420804118329081/series_002_2_CR/A250474631 DXA/CR DXA/CR000001.dcm,C:\Users\Андрей\Desktop\Хакатон\Исследования\2.25.217397325224876728316360420804118329081\series_002_2_CR\A250474631 DXA\CR DXA\CR000001.dcm,unique_suffix,csv_relative_path
Размеченные,C:\Users\Андрей\Desktop\Хакатон\Размеченные\labels.csv,87,1.2.840.113619.2.110.512719.20250403090444/series_004_3_CR/DXA/CR DXA/2.25.217397325224876728316360420804118329081/series_002_2_CR/A250474631 DXA/CR DXA/CR000002.dcm,output/1.2.840.113619.2.110.512719.20250403090444/series_004_3_CR/DXA/CR DXA/2.25.217397325224876728316360420804118329081/series_002_2_CR/A250474631 DXA/CR DXA/CR000002.dcm,SPINE,,,2026-09-16T16:13:28,1.2.643.5.1.13.13.12.2.77.8252.04131001000110131311121304090609,2.25.217397325224876728316360420804118329081/series_002_2_CR/A250474631 DXA/CR DXA/CR000002.dcm,C:\Users\Андрей\Desktop\Хакатон\Исследования\2.25.217397325224876728316360420804118329081\series_002_2_CR\A250474631 DXA\CR DXA\CR000002.dcm,unique_suffix,csv_relative_path
Размеченные,C:\Users\Андрей\Desktop\Хакатон\Размеченные\labels.csv,88,1.2.840.113619.2.110.512719.20250403090444/series_004_3_CR/DXA/CR DXA/2.25.217397325224876728316360420804118329081/series_002_2_CR/A250474631 DXA/CR DXA/CR000003.dcm,output/1.2.840.113619.2.110.512719.20250403090444/series_004_3_CR/DXA/CR DXA/2.25.217397325224876728316360420804118329081/series_002_2_CR/A250474631 DXA/CR DXA/CR000003.dcm,LEG,,,2026-09-16T16:13:30,1.2.643.5.1.13.13.12.2.77.8252.01120903030308120114061013030505,2.25.217397325224876728316360420804118329081/series_002_2_CR/A250474631 DXA/CR DXA/CR000003.dcm,C:\Users\Андрей\Desktop\Хакатон\Исследования\2.25.217397325224876728316360420804118329081\series_002_2_CR\A250474631 DXA\CR DXA\CR000003.dcm,unique_suffix,csv_relative_path
Размеченные,C:\Users\Андрей\Desktop\Хакатон\Размеченные\labels.csv,89,1.2.840.113619.2.110.512719.20250403090444/series_004_3_CR/DXA/CR DXA/2.25.217397325224876728316360420804118329081/series_002_2_CR/A250474631 DXA/CR DXA/CR000004.dcm,output/1.2.840.113619.2.110.512719.20250403090444/series_004_3_CR/DXA/CR DXA/2.25.217397325224876728316360420804118329081/series_002_2_CR/A250474631 DXA/CR DXA/CR000004.dcm,SPINE,,,2026-09-16T16:13:32,1.2.643.5.1.13.13.12.2.77.8252.03000813041512141007100304081206,2.25.217397325224876728316360420804118329081/series_002_2_CR/A250474631 DXA/CR DXA/CR000004.dcm,C:\Users\Андрей\Desktop\Хакатон\Исследования\2.25.217397325224876728316360420804118329081\series_002_2_CR\A250474631 DXA\CR DXA\CR000004.dcm,unique_suffix,csv_relative_path
Размеченные,C:\Users\Андрей\Desktop\Хакатон\Размеченные\labels.csv,90,1.2.840.113619.2.110.512719.20250403090444/series_004_3_CR/DXA/CR DXA/2.25.217397325224876728316360420804118329081/series_002_2_CR/A250474631 DXA/CR DXA/CR000005.dcm,output/1.2.840.113619.2.110.512719.20250403090444/series_004_3_CR/DXA/CR DXA/2.25.217397325224876728316360420804118329081/series_002_2_CR/A250474631 DXA/CR DXA/CR000005.dcm,SPINE,,,2026-09-16T16:13:33,1.2.643.5.1.13.13.12.2.77.8252.13021514070905140715121507140313,2.25.217397325224876728316360420804118329081/series_002_2_CR/A250474631 DXA/CR DXA/CR000005.dcm,C:\Users\Андрей\Desktop\Хакатон\Исследования\2.25.217397325224876728316360420804118329081\series_002_2_CR\A250474631 DXA\CR DXA\CR000005.dcm,unique_suffix,csv_relative_path
Размеченные,C:\Users\Андрей\Desktop\Хакатон\Размеченные\labels.csv,91,1.2.840.113619.2.110.512719.20250403090444/series_004_3_CR/DXA/CR DXA/2.25.217397325224876728316360420804118329081/series_002_2_CR/A250474631 DXA/CR DXA/CR000006.dcm,output/1.2.840.113619.2.110.512719.20250403090444/series_004_3_CR/DXA/CR DXA/2.25.217397325224876728316360420804118329081/series_002_2_CR/A250474631 DXA/CR DXA/CR000006.dcm,LEG,,,2026-09-16T16:13:37,1.2.643.5.1.13.13.12.2.77.8252.08100408121001020706011402110914,2.25.217397325224876728316360420804118329081/series_002_2_CR/A250474631 DXA/CR DXA/CR000006.dcm,C:\Users\Андрей\Desktop\Хакатон\Исследования\2.25.217397325224876728316360420804118329081\series_002_2_CR\A250474631 DXA\CR DXA\CR000006.dcm,unique_suffix,csv_relative_path
Размеченные,C:\Users\Андрей\Desktop\Хакатон\Размеченные\labels.csv,92,1.2.840.113619.2.110.512719.20250403090444/series_004_3_CR/DXA/CR DXA/2.25.217397325224876728316360420804118329081/series_002_2_CR/A250474631 DXA/CR DXA/CR000007.dcm,output/1.2.840.113619.2.110.512719.20250403090444/series_004_3_CR/DXA/CR DXA/2.25.217397325224876728316360420804118329081/series_002_2_CR/A250474631 DXA/CR DXA/CR000007.dcm,LEG,,,2026-09-16T16:13:48,1.2.643.5.1.13.13.12.2.77.8252.15101108070415081206070914081510,2.25.217397325224876728316360420804118329081/series_002_2_CR/A250474631 DXA/CR DXA/CR000007.dcm,C:\Users\Андрей\Desktop\Хакатон\Исследования\2.25.217397325224876728316360420804118329081\series_002_2_CR\A250474631 DXA\CR DXA\CR000007.dcm,unique_suffix,csv_relative_path
Размеченные,C:\Users\Андрей\Desktop\Хакатон\Размеченные\labels.csv,93,1.2.840.113619.2.110.512719.20250403090444/series_004_3_CR/DXA/CR DXA/2.25.217397325224876728316360420804118329081/series_002_2_CR/A250474631 DXA/CR DXA/CR000008.dcm,output/1.2.840.113619.2.110.512719.20250403090444/series_004_3_CR/DXA/CR DXA/2.25.217397325224876728316360420804118329081/series_002_2_CR/A250474631 DXA/CR DXA/CR000008.dcm,LEG,,,2026-09-16T16:13:50,1.2.643.5.1.13.13.12.2.77.8252.14010614131006141014100714050813,2.25.217397325224876728316360420804118329081/series_002_2_CR/A250474631 DXA/CR DXA/CR000008.dcm,C:\Users\Андрей\Desktop\Хакатон\Исследования\2.25.217397325224876728316360420804118329081\series_002_2_CR\A250474631 DXA\CR DXA\CR000008.dcm,unique_suffix,csv_relative_path
Размеченные,C:\Users\Андрей\Desktop\Хакатон\Размеченные\labels.csv,94,1.2.840.113619.2.110.512719.20250403090444/series_004_3_CR/DXA/CR DXA/2.25.217397325224876728316360420804118329081/series_002_2_CR/A250474631 DXA/CR DXA/CR000009.dcm,output/1.2.840.113619.2.110.512719.20250403090444/series_004_3_CR/DXA/CR DXA/2.25.217397325224876728316360420804118329081/series_002_2_CR/A250474631 DXA/CR DXA/CR000009.dcm,LEG,,,2026-09-16T16:13:51,1.2.643.5.1.13.13.12.2.77.8252.07081006110204030410140712110010,2.25.217397325224876728316360420804118329081/series_002_2_CR/A250474631 DXA/CR DXA/CR000009.dcm,C:\Users\Андрей\Desktop\Хакатон\Исследования\2.25.217397325224876728316360420804118329081\series_002_2_CR\A250474631 DXA\CR DXA\CR000009.dcm,unique_suffix,csv_relative_path
Размеченные,C:\Users\Андрей\Desktop\Хакатон\Размеченные\labels.csv,95,1.2.840.113619.2.110.512719.20250403090444/series_004_3_CR/DXA/CR DXA/2.25.217397325224876728316360420804118329081/series_002_2_CR/A250474631 DXA/CR DXA/CR000010.dcm,output/1.2.840.113619.2.110.512719.20250403090444/series_004_3_CR/DXA/CR DXA/2.25.217397325224876728316360420804118329081/series_002_2_CR/A250474631 DXA/CR DXA/CR000010.dcm,LEG,,,2026-09-16T16:13:53,1.2.643.5.1.13.13.12.2.77.8252.03030902090804040112070613130312,2.25.217397325224876728316360420804118329081/series_002_2_CR/A250474631 DXA/CR DXA/CR000010.dcm,C:\Users\Андрей\Desktop\Хакатон\Исследования\2.25.217397325224876728316360420804118329081\series_002_2_CR\A250474631 DXA\CR DXA\CR000010.dcm,unique_suffix,csv_relative_path
Размеченные,C:\Users\Андрей\Desktop\Хакатон\Размеченные\labels.csv,96,1.2.840.113619.2.110.512719.20250403090444/series_004_3_CR/DXA/CR DXA/2.25.220866240977467582196609708837940253840/series_001_2_CR/A2504258893 DXA/CR DXA/CR000000.dcm,output/1.2.840.113619.2.110.512719.20250403090444/series_004_3_CR/DXA/CR DXA/2.25.220866240977467582196609708837940253840/series_001_2_CR/A2504258893 DXA/CR DXA/CR000000.dcm,SPINE,,,2026-09-16T16:13:54,1.2.643.5.1.13.13.12.2.77.8252.03010603150012061509030005111300,2.25.220866240977467582196609708837940253840/series_001_2_CR/A2504258893 DXA/CR DXA/CR000000.dcm,C:\Users\Андрей\Desktop\Хакатон\Исследования\2.25.220866240977467582196609708837940253840\series_001_2_CR\A2504258893 DXA\CR DXA\CR000000.dcm,unique_suffix,csv_relative_path
Размеченные,C:\Users\Андрей\Desktop\Хакатон\Размеченные\labels.csv,97,1.2.840.113619.2.110.512719.20250403090444/series_004_3_CR/DXA/CR DXA/2.25.234651502352368356456298825489565282446/series_002_2_CR/A2504307193 DXA/CR DXA/CR000000.dcm,output/1.2.840.113619.2.110.512719.20250403090444/series_004_3_CR/DXA/CR DXA/2.25.234651502352368356456298825489565282446/series_002_2_CR/A2504307193 DXA/CR DXA/CR000000.dcm,LEG,,,2026-09-16T16:13:56,1.2.643.5.1.13.13.12.2.77.8252.02051208030605070510050510081213,2.25.234651502352368356456298825489565282446/series_002_2_CR/A2504307193 DXA/CR DXA/CR000000.dcm,C:\Users\Андрей\Desktop\Хакатон\Исследования\2.25.234651502352368356456298825489565282446\series_002_2_CR\A2504307193 DXA\CR DXA\CR000000.dcm,unique_suffix,csv_relative_path
Размеченные,C:\Users\Андрей\Desktop\Хакатон\Размеченные\labels.csv,98,1.2.840.113619.2.110.512719.20250403090444/series_004_3_CR/DXA/CR DXA/2.25.234651502352368356456298825489565282446/series_002_2_CR/A2504307193 DXA/CR DXA/CR000001.dcm,output/1.2.840.113619.2.110.512719.20250403090444/series_004_3_CR/DXA/CR DXA/2.25.234651502352368356456298825489565282446/series_002_2_CR/A2504307193 DXA/CR DXA/CR000001.dcm,LEG,,,2026-09-16T16:13:58,1.2.643.5.1.13.13.12.2.77.8252.05090510140315010003130007000910,2.25.234651502352368356456298825489565282446/series_002_2_CR/A2504307193 DXA/CR DXA/CR000001.dcm,C:\Users\Андрей\Desktop\Хакатон\Исследования\2.25.234651502352368356456298825489565282446\series_002_2_CR\A2504307193 DXA\CR DXA\CR000001.dcm,unique_suffix,csv_relative_path
Размеченные,C:\Users\Андрей\Desktop\Хакатон\Размеченные\labels.csv,99,1.2.840.113619.2.110.512719.20250403090444/series_004_3_CR/DXA/CR DXA/2.25.234651502352368356456298825489565282446/series_002_2_CR/A2504307193 DXA/CR DXA/CR000002.dcm,output/1.2.840.113619.2.110.512719.20250403090444/series_004_3_CR/DXA/CR DXA/2.25.234651502352368356456298825489565282446/series_002_2_CR/A2504307193 DXA/CR DXA/CR000002.dcm,SPINE,,,2026-09-16T16:14:00,1.2.643.5.1.13.13.12.2.77.8252.09031307051100020212010511060414,2.25.234651502352368356456298825489565282446/series_002_2_CR/A2504307193 DXA/CR DXA/CR000002.dcm,C:\Users\Андрей\Desktop\Хакатон\Исследования\2.25.234651502352368356456298825489565282446\series_002_2_CR\A2504307193 DXA\CR DXA\CR000002.dcm,unique_suffix,csv_relative_path
Размеченные,C:\Users\Андрей\Desktop\Хакатон\Размеченные\labels.csv,100,1.2.840.113619.2.110.512719.20250403090444/series_004_3_CR/DXA/CR DXA/2.25.234651502352368356456298825489565282446/series_002_2_CR/A2504307193 DXA/CR DXA/CR000003.dcm,output/1.2.840.113619.2.110.512719.20250403090444/series_004_3_CR/DXA/CR DXA/2.25.234651502352368356456298825489565282446/series_002_2_CR/A2504307193 DXA/CR DXA/CR000003.dcm,LEG,,,2026-09-16T16:14:01,1.2.643.5.1.13.13.12.2.77.8252.09140613011500120102030800080807,2.25.234651502352368356456298825489565282446/series_002_2_CR/A2504307193 DXA/CR DXA/CR000003.dcm,C:\Users\Андрей\Desktop\Хакатон\Исследования\2.25.234651502352368356456298825489565282446\series_002_2_CR\A2504307193 DXA\CR DXA\CR000003.dcm,unique_suffix,csv_relative_path
Размеченные,C:\Users\Андрей\Desktop\Хакатон\Размеченные\labels.csv,101,1.2.840.113619.2.110.512719.20250403090444/series_004_3_CR/DXA/CR DXA/2.25.234651502352368356456298825489565282446/series_002_2_CR/A2504307193 DXA/CR DXA/CR000004.dcm,output/1.2.840.113619.2.110.512719.20250403090444/series_004_3_CR/DXA/CR DXA/2.25.234651502352368356456298825489565282446/series_002_2_CR/A2504307193 DXA/CR DXA/CR000004.dcm,LEG,,,2026-09-16T16:14:03,1.2.643.5.1.13.13.12.2.77.8252.09061112071413071402070608030006,2.25.234651502352368356456298825489565282446/series_002_2_CR/A2504307193 DXA/CR DXA/CR000004.dcm,C:\Users\Андрей\Desktop\Хакатон\Исследования\2.25.234651502352368356456298825489565282446\series_002_2_CR\A2504307193 DXA\CR DXA\CR000004.dcm,unique_suffix,csv_relative_path
Размеченные,C:\Users\Андрей\Desktop\Хакатон\Размеченные\labels.csv,102,1.2.840.113619.2.110.512719.20250403090444/series_004_3_CR/DXA/CR DXA/2.25.234651502352368356456298825489565282446/series_002_2_CR/A2504307193 DXA/CR DXA/CR000005.dcm,output/1.2.840.113619.2.110.512719.20250403090444/series_004_3_CR/DXA/CR DXA/2.25.234651502352368356456298825489565282446/series_002_2_CR/A2504307193 DXA/CR DXA/CR000005.dcm,LEG,,,2026-09-16T16:14:04,1.2.643.5.1.13.13.12.2.77.8252.14111506040710041211031511080401,2.25.234651502352368356456298825489565282446/series_002_2_CR/A2504307193 DXA/CR DXA/CR000005.dcm,C:\Users\Андрей\Desktop\Хакатон\Исследования\2.25.234651502352368356456298825489565282446\series_002_2_CR\A2504307193 DXA\CR DXA\CR000005.dcm,unique_suffix,csv_relative_path
Размеченные,C:\Users\Андрей\Desktop\Хакатон\Размеченные\labels.csv,103,1.2.840.113619.2.110.512719.20250403090444/series_004_3_CR/DXA/CR DXA/2.25.234651502352368356456298825489565282446/series_002_2_CR/A2504307193 DXA/CR DXA/CR000006.dcm,output/1.2.840.113619.2.110.512719.20250403090444/series_004_3_CR/DXA/CR DXA/2.25.234651502352368356456298825489565282446/series_002_2_CR/A2504307193 DXA/CR DXA/CR000006.dcm,SPINE,,,2026-09-16T16:14:11,1.2.643.5.1.13.13.12.2.77.8252.10051211011505050506141504040101,2.25.234651502352368356456298825489565282446/series_002_2_CR/A2504307193 DXA/CR DXA/CR000006.dcm,C:\Users\Андрей\Desktop\Хакатон\Исследования\2.25.234651502352368356456298825489565282446\series_002_2_CR\A2504307193 DXA\CR DXA\CR000006.dcm,unique_suffix,csv_relative_path
Размеченные,C:\Users\Андрей\Desktop\Хакатон\Размеченные\labels.csv,104,1.2.840.113619.2.110.512719.20250403090444/series_004_3_CR/DXA/CR DXA/2.25.234651502352368356456298825489565282446/series_002_2_CR/A2504307193 DXA/CR DXA/CR000007.dcm,output/1.2.840.113619.2.110.512719.20250403090444/series_004_3_CR/DXA/CR DXA/2.25.234651502352368356456298825489565282446/series_002_2_CR/A2504307193 DXA/CR DXA/CR000007.dcm,LEG,,,2026-09-16T16:14:18,1.2.643.5.1.13.13.12.2.77.8252.15100402090103120615100706141310,2.25.234651502352368356456298825489565282446/series_002_2_CR/A2504307193 DXA/CR DXA/CR000007.dcm,C:\Users\Андрей\Desktop\Хакатон\Исследования\2.25.234651502352368356456298825489565282446\series_002_2_CR\A2504307193 DXA\CR DXA\CR000007.dcm,unique_suffix,csv_relative_path
Размеченные,C:\Users\Андрей\Desktop\Хакатон\Размеченные\labels.csv,105,1.2.840.113619.2.110.512719.20250403090444/series_004_3_CR/DXA/CR DXA/2.25.234651502352368356456298825489565282446/series_002_2_CR/A2504307193 DXA/CR DXA/CR000008.dcm,output/1.2.840.113619.2.110.512719.20250403090444/series_004_3_CR/DXA/CR DXA/2.25.234651502352368356456298825489565282446/series_002_2_CR/A2504307193 DXA/CR DXA/CR000008.dcm,SPINE,,,2026-09-16T16:14:20,1.2.643.5.1.13.13.12.2.77.8252.10021305031009110615021114111114,2.25.234651502352368356456298825489565282446/series_002_2_CR/A2504307193 DXA/CR DXA/CR000008.dcm,C:\Users\Андрей\Desktop\Хакатон\Исследования\2.25.234651502352368356456298825489565282446\series_002_2_CR\A2504307193 DXA\CR DXA\CR000008.dcm,unique_suffix,csv_relative_path
Размеченные,C:\Users\Андрей\Desktop\Хакатон\Размеченные\labels.csv,106,1.2.840.113619.2.110.512719.20250403090444/series_004_3_CR/DXA/CR DXA/2.25.234651502352368356456298825489565282446/series_002_2_CR/A2504307193 DXA/CR DXA/CR000009.dcm,output/1.2.840.113619.2.110.512719.20250403090444/series_004_3_CR/DXA/CR DXA/2.25.234651502352368356456298825489565282446/series_002_2_CR/A2504307193 DXA/CR DXA/CR000009.dcm,LEG,,,2026-09-16T16:14:22,1.2.643.5.1.13.13.12.2.77.8252.09110410141103030507060004110108,2.25.234651502352368356456298825489565282446/series_002_2_CR/A2504307193 DXA/CR DXA/CR000009.dcm,C:\Users\Андрей\Desktop\Хакатон\Исследования\2.25.234651502352368356456298825489565282446\series_002_2_CR\A2504307193 DXA\CR DXA\CR000009.dcm,unique_suffix,csv_relative_path
Размеченные,C:\Users\Андрей\Desktop\Хакатон\Размеченные\labels.csv,107,1.2.840.113619.2.110.512719.20250403090444/series_004_3_CR/DXA/CR DXA/2.25.234651502352368356456298825489565282446/series_002_2_CR/A2504307193 DXA/CR DXA/CR000010.dcm,output/1.2.840.113619.2.110.512719.20250403090444/series_004_3_CR/DXA/CR DXA/2.25.234651502352368356456298825489565282446/series_002_2_CR/A2504307193 DXA/CR DXA/CR000010.dcm,LEG,,,2026-09-16T16:14:23,1.2.643.5.1.13.13.12.2.77.8252.15060200100906151411000112060511,2.25.234651502352368356456298825489565282446/series_002_2_CR/A2504307193 DXA/CR DXA/CR000010.dcm,C:\Users\Андрей\Desktop\Хакатон\Исследования\2.25.234651502352368356456298825489565282446\series_002_2_CR\A2504307193 DXA\CR DXA\CR000010.dcm,unique_suffix,csv_relative_path
Размеченные,C:\Users\Андрей\Desktop\Хакатон\Размеченные\labels.csv,108,1.2.840.113619.2.110.512719.20250403090444/series_004_3_CR/DXA/CR DXA/2.25.247714038039430659432048101646401574824/series_002_2_CR/A2504238024 DXA Exam/CR DXA Images/CR000000.dcm,output/1.2.840.113619.2.110.512719.20250403090444/series_004_3_CR/DXA/CR DXA/2.25.247714038039430659432048101646401574824/series_002_2_CR/A2504238024 DXA Exam/CR DXA Images/CR000000.dcm,LEG,,,2026-09-16T16:14:29,1.2.643.5.1.13.13.12.2.77.8252.06051510010614000404080600020603,2.25.247714038039430659432048101646401574824/series_002_2_CR/A2504238024 DXA Exam/CR DXA Images/CR000000.dcm,C:\Users\Андрей\Desktop\Хакатон\Исследования\2.25.247714038039430659432048101646401574824\series_002_2_CR\A2504238024 DXA Exam\CR DXA Images\CR000000.dcm,unique_suffix,csv_relative_path
Размеченные,C:\Users\Андрей\Desktop\Хакатон\Размеченные\labels.csv,109,1.2.840.113619.2.110.512719.20250403090444/series_004_3_CR/DXA/CR DXA/2.25.247714038039430659432048101646401574824/series_002_2_CR/A2504238024 DXA Exam/CR DXA Images/CR000001.dcm,output/1.2.840.113619.2.110.512719.20250403090444/series_004_3_CR/DXA/CR DXA/2.25.247714038039430659432048101646401574824/series_002_2_CR/A2504238024 DXA Exam/CR DXA Images/CR000001.dcm,LEG,,,2026-09-16T16:14:31,1.2.643.5.1.13.13.12.2.77.8252.13110800060502010303101404091303,2.25.247714038039430659432048101646401574824/series_002_2_CR/A2504238024 DXA Exam/CR DXA Images/CR000001.dcm,C:\Users\Андрей\Desktop\Хакатон\Исследования\2.25.247714038039430659432048101646401574824\series_002_2_CR\A2504238024 DXA Exam\CR DXA Images\CR000001.dcm,unique_suffix,csv_relative_path
Размеченные,C:\Users\Андрей\Desktop\Хакатон\Размеченные\labels.csv,110,1.2.840.113619.2.110.512719.20250403090444/series_004_3_CR/DXA/CR DXA/2.25.247714038039430659432048101646401574824/series_002_2_CR/A2504238024 DXA Exam/CR DXA Images/CR000002.dcm,output/1.2.840.113619.2.110.512719.20250403090444/series_004_3_CR/DXA/CR DXA/2.25.247714038039430659432048101646401574824/series_002_2_CR/A2504238024 DXA Exam/CR DXA Images/CR000002.dcm,SPINE,,,2026-09-16T16:14:33,1.2.643.5.1.13.13.12.2.77.8252.06030210110500061108030910090908,2.25.247714038039430659432048101646401574824/series_002_2_CR/A2504238024 DXA Exam/CR DXA Images/CR000002.dcm,C:\Users\Андрей\Desktop\Хакатон\Исследования\2.25.247714038039430659432048101646401574824\series_002_2_CR\A2504238024 DXA Exam\CR DXA Images\CR000002.dcm,unique_suffix,csv_relative_path
Размеченные,C:\Users\Андрей\Desktop\Хакатон\Размеченные\labels.csv,111,1.2.840.113619.2.110.512719.20250403090444/series_004_3_CR/DXA/CR DXA/2.25.269648774413746842548908998641183395622/series_001_2_CR/A2504393664 DXA/CR DXA/CR000000.dcm,output/1.2.840.113619.2.110.512719.20250403090444/series_004_3_CR/DXA/CR DXA/2.25.269648774413746842548908998641183395622/series_001_2_CR/A2504393664 DXA/CR DXA/CR000000.dcm,LEG,,,2026-09-16T16:14:35,1.2.643.5.1.13.13.12.2.77.8252.12031014110715041000030602140501,2.25.269648774413746842548908998641183395622/series_001_2_CR/A2504393664 DXA/CR DXA/CR000000.dcm,C:\Users\Андрей\Desktop\Хакатон\Исследования\2.25.269648774413746842548908998641183395622\series_001_2_CR\A2504393664 DXA\CR DXA\CR000000.dcm,unique_suffix,csv_relative_path
Размеченные,C:\Users\Андрей\Desktop\Хакатон\Размеченные\labels.csv,112,1.2.840.113619.2.110.512719.20250403090444/series_004_3_CR/DXA/CR DXA/2.25.269648774413746842548908998641183395622/series_001_2_CR/A2504393664 DXA/CR DXA/CR000001.dcm,output/1.2.840.113619.2.110.512719.20250403090444/series_004_3_CR/DXA/CR DXA/2.25.269648774413746842548908998641183395622/series_001_2_CR/A2504393664 DXA/CR DXA/CR000001.dcm,SPINE,,,2026-09-16T16:14:38,1.2.643.5.1.13.13.12.2.77.8252.02001209000515050108060411111311,2.25.269648774413746842548908998641183395622/series_001_2_CR/A2504393664 DXA/CR DXA/CR000001.dcm,C:\Users\Андрей\Desktop\Хакатон\Исследования\2.25.269648774413746842548908998641183395622\series_001_2_CR\A2504393664 DXA\CR DXA\CR000001.dcm,unique_suffix,csv_relative_path
Размеченные,C:\Users\Андрей\Desktop\Хакатон\Размеченные\labels.csv,113,1.2.840.113619.2.110.512719.20250403090444/series_004_3_CR/DXA/CR DXA/2.25.269648774413746842548908998641183395622/series_001_2_CR/A2504393664 DXA/CR DXA/CR000002.dcm,output/1.2.840.113619.2.110.512719.20250403090444/series_004_3_CR/DXA/CR DXA/2.25.269648774413746842548908998641183395622/series_001_2_CR/A2504393664 DXA/CR DXA/CR000002.dcm,LEG,,,2026-09-16T16:14:39,1.2.643.5.1.13.13.12.2.77.8252.12130902030702050210110604020115,2.25.269648774413746842548908998641183395622/series_001_2_CR/A2504393664 DXA/CR DXA/CR000002.dcm,C:\Users\Андрей\Desktop\Хакатон\Исследования\2.25.269648774413746842548908998641183395622\series_001_2_CR\A2504393664 DXA\CR DXA\CR000002.dcm,unique_suffix,csv_relative_path
Размеченные,C:\Users\Андрей\Desktop\Хакатон\Размеченные\labels.csv,114,1.2.840.113619.2.110.512719.20250403090444/series_004_3_CR/DXA/CR DXA/2.25.269742577365511543488820993979123763373/series_003_2_CR/A250477751 DXA/CR DXA/CR000000.dcm,output/1.2.840.113619.2.110.512719.20250403090444/series_004_3_CR/DXA/CR DXA/2.25.269742577365511543488820993979123763373/series_003_2_CR/A250477751 DXA/CR DXA/CR000000.dcm,SPINE,,,2026-09-16T16:14:41,1.2.643.5.1.13.13.12.2.77.8252.11081308031311040302130506061304,2.25.269742577365511543488820993979123763373/series_003_2_CR/A250477751 DXA/CR DXA/CR000000.dcm,C:\Users\Андрей\Desktop\Хакатон\Исследования\2.25.269742577365511543488820993979123763373\series_003_2_CR\A250477751 DXA\CR DXA\CR000000.dcm,unique_suffix,csv_relative_path
Размеченные,C:\Users\Андрей\Desktop\Хакатон\Размеченные\labels.csv,115,1.2.840.113619.2.110.512719.20250403090444/series_004_3_CR/DXA/CR DXA/2.25.272690031744216183651627058502316132741/series_002_2_CR/A2504373414 DXA/CR DXA/CR000000.dcm,output/1.2.840.113619.2.110.512719.20250403090444/series_004_3_CR/DXA/CR DXA/2.25.272690031744216183651627058502316132741/series_002_2_CR/A2504373414 DXA/CR DXA/CR000000.dcm,LEG,,,2026-09-16T16:14:43,1.2.643.5.1.13.13.12.2.77.8252.01011201030601080312040805131303,2.25.272690031744216183651627058502316132741/series_002_2_CR/A2504373414 DXA/CR DXA/CR000000.dcm,C:\Users\Андрей\Desktop\Хакатон\Исследования\2.25.272690031744216183651627058502316132741\series_002_2_CR\A2504373414 DXA\CR DXA\CR000000.dcm,unique_suffix,csv_relative_path
Размеченные,C:\Users\Андрей\Desktop\Хакатон\Размеченные\labels.csv,116,1.2.840.113619.2.110.512719.20250403090444/series_004_3_CR/DXA/CR DXA/2.25.272690031744216183651627058502316132741/series_002_2_CR/A2504373414 DXA/CR DXA/CR000001.dcm,output/1.2.840.113619.2.110.512719.20250403090444/series_004_3_CR/DXA/CR DXA/2.25.272690031744216183651627058502316132741/series_002_2_CR/A2504373414 DXA/CR DXA/CR000001.dcm,SPINE,,,2026-09-16T16:14:45,1.2.643.5.1.13.13.12.2.77.8252.06030606140315081407041104141012,2.25.272690031744216183651627058502316132741/series_002_2_CR/A2504373414 DXA/CR DXA/CR000001.dcm,C:\Users\Андрей\Desktop\Хакатон\Исследования\2.25.272690031744216183651627058502316132741\series_002_2_CR\A2504373414 DXA\CR DXA\CR000001.dcm,unique_suffix,csv_relative_path
Размеченные,C:\Users\Андрей\Desktop\Хакатон\Размеченные\labels.csv,117,1.2.840.113619.2.110.512719.20250403090444/series_004_3_CR/DXA/CR DXA/2.25.272690031744216183651627058502316132741/series_002_2_CR/A2504373414 DXA/CR DXA/CR000002.dcm,output/1.2.840.113619.2.110.512719.20250403090444/series_004_3_CR/DXA/CR DXA/2.25.272690031744216183651627058502316132741/series_002_2_CR/A2504373414 DXA/CR DXA/CR000002.dcm,LEG,,,2026-09-16T16:14:50,1.2.643.5.1.13.13.12.2.77.8252.15091411140404110408151008030010,2.25.272690031744216183651627058502316132741/series_002_2_CR/A2504373414 DXA/CR DXA/CR000002.dcm,C:\Users\Андрей\Desktop\Хакатон\Исследования\2.25.272690031744216183651627058502316132741\series_002_2_CR\A2504373414 DXA\CR DXA\CR000002.dcm,unique_suffix,csv_relative_path
Размеченные,C:\Users\Андрей\Desktop\Хакатон\Размеченные\labels.csv,118,1.2.840.113619.2.110.512719.20250403090444/series_004_3_CR/DXA/CR DXA/2.25.272690031744216183651627058502316132741/series_002_2_CR/A2504373414 DXA/CR DXA/CR000003.dcm,output/1.2.840.113619.2.110.512719.20250403090444/series_004_3_CR/DXA/CR DXA/2.25.272690031744216183651627058502316132741/series_002_2_CR/A2504373414 DXA/CR DXA/CR000003.dcm,LEG,,,2026-09-16T16:14:52,1.2.643.5.1.13.13.12.2.77.8252.12111114061412150313141006121511,2.25.272690031744216183651627058502316132741/series_002_2_CR/A2504373414 DXA/CR DXA/CR000003.dcm,C:\Users\Андрей\Desktop\Хакатон\Исследования\2.25.272690031744216183651627058502316132741\series_002_2_CR\A2504373414 DXA\CR DXA\CR000003.dcm,unique_suffix,csv_relative_path
Размеченные,C:\Users\Андрей\Desktop\Хакатон\Размеченные\labels.csv,119,1.2.840.113619.2.110.512719.20250403090444/series_004_3_CR/DXA/CR DXA/2.25.272690031744216183651627058502316132741/series_002_2_CR/A2504373414 DXA/CR DXA/CR000004.dcm,output/1.2.840.113619.2.110.512719.20250403090444/series_004_3_CR/DXA/CR DXA/2.25.272690031744216183651627058502316132741/series_002_2_CR/A2504373414 DXA/CR DXA/CR000004.dcm,LEG,,,2026-09-16T16:14:54,1.2.643.5.1.13.13.12.2.77.8252.11001315081502000300100815110411,2.25.272690031744216183651627058502316132741/series_002_2_CR/A2504373414 DXA/CR DXA/CR000004.dcm,C:\Users\Андрей\Desktop\Хакатон\Исследования\2.25.272690031744216183651627058502316132741\series_002_2_CR\A2504373414 DXA\CR DXA\CR000004.dcm,unique_suffix,csv_relative_path
Размеченные,C:\Users\Андрей\Desktop\Хакатон\Размеченные\labels.csv,120,1.2.840.113619.2.110.512719.20250403090444/series_004_3_CR/DXA/CR DXA/2.25.272690031744216183651627058502316132741/series_002_2_CR/A2504373414 DXA/CR DXA/CR000005.dcm,output/1.2.840.113619.2.110.512719.20250403090444/series_004_3_CR/DXA/CR DXA/2.25.272690031744216183651627058502316132741/series_002_2_CR/A2504373414 DXA/CR DXA/CR000005.dcm,LEG,,,2026-09-16T16:14:55,1.2.643.5.1.13.13.12.2.77.8252.05061403001014150211070209121100,2.25.272690031744216183651627058502316132741/series_002_2_CR/A2504373414 DXA/CR DXA/CR000005.dcm,C:\Users\Андрей\Desktop\Хакатон\Исследования\2.25.272690031744216183651627058502316132741\series_002_2_CR\A2504373414 DXA\CR DXA\CR000005.dcm,unique_suffix,csv_relative_path
Размеченные,C:\Users\Андрей\Desktop\Хакатон\Размеченные\labels.csv,121,1.2.840.113619.2.110.512719.20250403090444/series_004_3_CR/DXA/CR DXA/2.25.272690031744216183651627058502316132741/series_002_2_CR/A2504373414 DXA/CR DXA/CR000006.dcm,output/1.2.840.113619.2.110.512719.20250403090444/series_004_3_CR/DXA/CR DXA/2.25.272690031744216183651627058502316132741/series_002_2_CR/A2504373414 DXA/CR DXA/CR000006.dcm,SPINE,,,2026-09-16T16:14:57,1.2.643.5.1.13.13.12.2.77.8252.07020101080211090714060800071015,2.25.272690031744216183651627058502316132741/series_002_2_CR/A2504373414 DXA/CR DXA/CR000006.dcm,C:\Users\Андрей\Desktop\Хакатон\Исследования\2.25.272690031744216183651627058502316132741\series_002_2_CR\A2504373414 DXA\CR DXA\CR000006.dcm,unique_suffix,csv_relative_path
Размеченные,C:\Users\Андрей\Desktop\Хакатон\Размеченные\labels.csv,122,1.2.840.113619.2.110.512719.20250403090444/series_004_3_CR/DXA/CR DXA/2.25.272690031744216183651627058502316132741/series_002_2_CR/A2504373414 DXA/CR DXA/CR000007.dcm,output/1.2.840.113619.2.110.512719.20250403090444/series_004_3_CR/DXA/CR DXA/2.25.272690031744216183651627058502316132741/series_002_2_CR/A2504373414 DXA/CR DXA/CR000007.dcm,LEG,,,2026-09-16T16:15:05,1.2.643.5.1.13.13.12.2.77.8252.10090104061310110414150206150115,2.25.272690031744216183651627058502316132741/series_002_2_CR/A2504373414 DXA/CR DXA/CR000007.dcm,C:\Users\Андрей\Desktop\Хакатон\Исследования\2.25.272690031744216183651627058502316132741\series_002_2_CR\A2504373414 DXA\CR DXA\CR000007.dcm,unique_suffix,csv_relative_path
Размеченные,C:\Users\Андрей\Desktop\Хакатон\Размеченные\labels.csv,123,1.2.840.113619.2.110.512719.20250403090444/series_004_3_CR/DXA/CR DXA/2.25.272690031744216183651627058502316132741/series_002_2_CR/A2504373414 DXA/CR DXA/CR000008.dcm,output/1.2.840.113619.2.110.512719.20250403090444/series_004_3_CR/DXA/CR DXA/2.25.272690031744216183651627058502316132741/series_002_2_CR/A2504373414 DXA/CR DXA/CR000008.dcm,LEG,,,2026-09-16T16:15:32,1.2.643.5.1.13.13.12.2.77.8252.03130108120702021004141402130400,2.25.272690031744216183651627058502316132741/series_002_2_CR/A2504373414 DXA/CR DXA/CR000008.dcm,C:\Users\Андрей\Desktop\Хакатон\Исследования\2.25.272690031744216183651627058502316132741\series_002_2_CR\A2504373414 DXA\CR DXA\CR000008.dcm,unique_suffix,csv_relative_path
Размеченные,C:\Users\Андрей\Desktop\Хакатон\Размеченные\labels.csv,124,1.2.840.113619.2.110.512719.20250403090444/series_004_3_CR/DXA/CR DXA/2.25.272690031744216183651627058502316132741/series_002_2_CR/A2504373414 DXA/CR DXA/CR000009.dcm,output/1.2.840.113619.2.110.512719.20250403090444/series_004_3_CR/DXA/CR DXA/2.25.272690031744216183651627058502316132741/series_002_2_CR/A2504373414 DXA/CR DXA/CR000009.dcm,SPINE,,,2026-09-16T16:15:36,1.2.643.5.1.13.13.12.2.77.8252.05090009071111050211130101070710,2.25.272690031744216183651627058502316132741/series_002_2_CR/A2504373414 DXA/CR DXA/CR000009.dcm,C:\Users\Андрей\Desktop\Хакатон\Исследования\2.25.272690031744216183651627058502316132741\series_002_2_CR\A2504373414 DXA\CR DXA\CR000009.dcm,unique_suffix,csv_relative_path
Размеченные,C:\Users\Андрей\Desktop\Хакатон\Размеченные\labels.csv,125,1.2.840.113619.2.110.512719.20250403090444/series_004_3_CR/DXA/CR DXA/2.25.272690031744216183651627058502316132741/series_002_2_CR/A2504373414 DXA/CR DXA/CR000010.dcm,output/1.2.840.113619.2.110.512719.20250403090444/series_004_3_CR/DXA/CR DXA/2.25.272690031744216183651627058502316132741/series_002_2_CR/A2504373414 DXA/CR DXA/CR000010.dcm,LEG,,,2026-09-16T16:15:38,1.2.643.5.1.13.13.12.2.77.8252.06121304010102150202081301011406,2.25.272690031744216183651627058502316132741/series_002_2_CR/A2504373414 DXA/CR DXA/CR000010.dcm,C:\Users\Андрей\Desktop\Хакатон\Исследования\2.25.272690031744216183651627058502316132741\series_002_2_CR\A2504373414 DXA\CR DXA\CR000010.dcm,unique_suffix,csv_relative_path
Размеченные,C:\Users\Андрей\Desktop\Хакатон\Размеченные\labels.csv,126,1.2.840.113619.2.110.512719.20250403090444/series_004_3_CR/DXA/CR DXA/2.25.276415754443998872860614500027519740375/series_002_2_CR/A2504387089 DXA/CR DXA/CR000000.dcm,output/1.2.840.113619.2.110.512719.20250403090444/series_004_3_CR/DXA/CR DXA/2.25.276415754443998872860614500027519740375/series_002_2_CR/A2504387089 DXA/CR DXA/CR000000.dcm,SPINE,,,2026-09-16T16:15:41,1.2.643.5.1.13.13.12.2.77.8252.13000009090006001202001212051006,2.25.276415754443998872860614500027519740375/series_002_2_CR/A2504387089 DXA/CR DXA/CR000000.dcm,C:\Users\Андрей\Desktop\Хакатон\Исследования\2.25.276415754443998872860614500027519740375\series_002_2_CR\A2504387089 DXA\CR DXA\CR000000.dcm,unique_suffix,csv_relative_path
Размеченные,C:\Users\Андрей\Desktop\Хакатон\Размеченные\labels.csv,127,1.2.840.113619.2.110.512719.20250403090444/series_004_3_CR/DXA/CR DXA/2.25.276415754443998872860614500027519740375/series_002_2_CR/A2504387089 DXA/CR DXA/CR000001.dcm,output/1.2.840.113619.2.110.512719.20250403090444/series_004_3_CR/DXA/CR DXA/2.25.276415754443998872860614500027519740375/series_002_2_CR/A2504387089 DXA/CR DXA/CR000001.dcm,SPINE,,,2026-09-16T16:15:43,1.2.643.5.1.13.13.12.2.77.8252.00080112010710030607090609070409,2.25.276415754443998872860614500027519740375/series_002_2_CR/A2504387089 DXA/CR DXA/CR000001.dcm,C:\Users\Андрей\Desktop\Хакатон\Исследования\2.25.276415754443998872860614500027519740375\series_002_2_CR\A2504387089 DXA\CR DXA\CR000001.dcm,unique_suffix,csv_relative_path
Размеченные,C:\Users\Андрей\Desktop\Хакатон\Размеченные\labels.csv,128,1.2.840.113619.2.110.512719.20250403090444/series_004_3_CR/DXA/CR DXA/2.25.276415754443998872860614500027519740375/series_002_2_CR/A2504387089 DXA/CR DXA/CR000002.dcm,output/1.2.840.113619.2.110.512719.20250403090444/series_004_3_CR/DXA/CR DXA/2.25.276415754443998872860614500027519740375/series_002_2_CR/A2504387089 DXA/CR DXA/CR000002.dcm,LEG,,,2026-09-16T16:15:45,1.2.643.5.1.13.13.12.2.77.8252.01080011050715071510151108031409,2.25.276415754443998872860614500027519740375/series_002_2_CR/A2504387089 DXA/CR DXA/CR000002.dcm,C:\Users\Андрей\Desktop\Хакатон\Исследования\2.25.276415754443998872860614500027519740375\series_002_2_CR\A2504387089 DXA\CR DXA\CR000002.dcm,unique_suffix,csv_relative_path
Размеченные,C:\Users\Андрей\Desktop\Хакатон\Размеченные\labels.csv,129,1.2.840.113619.2.110.512719.20250403090444/series_004_3_CR/DXA/CR DXA/2.25.276415754443998872860614500027519740375/series_002_2_CR/A2504387089 DXA/CR DXA/CR000003.dcm,output/1.2.840.113619.2.110.512719.20250403090444/series_004_3_CR/DXA/CR DXA/2.25.276415754443998872860614500027519740375/series_002_2_CR/A2504387089 DXA/CR DXA/CR000003.dcm,LEG,,,2026-09-16T16:15:46,1.2.643.5.1.13.13.12.2.77.8252.12100615051100140712150704150801,2.25.276415754443998872860614500027519740375/series_002_2_CR/A2504387089 DXA/CR DXA/CR000003.dcm,C:\Users\Андрей\Desktop\Хакатон\Исследования\2.25.276415754443998872860614500027519740375\series_002_2_CR\A2504387089 DXA\CR DXA\CR000003.dcm,unique_suffix,csv_relative_path
Размеченные,C:\Users\Андрей\Desktop\Хакатон\Размеченные\labels.csv,130,1.2.840.113619.2.110.512719.20250403090444/series_004_3_CR/DXA/CR DXA/2.25.276415754443998872860614500027519740375/series_002_2_CR/A2504387089 DXA/CR DXA/CR000004.dcm,output/1.2.840.113619.2.110.512719.20250403090444/series_004_3_CR/DXA/CR DXA/2.25.276415754443998872860614500027519740375/series_002_2_CR/A2504387089 DXA/CR DXA/CR000004.dcm,LEG,,,2026-09-16T16:15:48,1.2.643.5.1.13.13.12.2.77.8252.06120002061108140400041203121102,2.25.276415754443998872860614500027519740375/series_002_2_CR/A2504387089 DXA/CR DXA/CR000004.dcm,C:\Users\Андрей\Desktop\Хакатон\Исследования\2.25.276415754443998872860614500027519740375\series_002_2_CR\A2504387089 DXA\CR DXA\CR000004.dcm,unique_suffix,csv_relative_path
Размеченные,C:\Users\Андрей\Desktop\Хакатон\Размеченные\labels.csv,131,1.2.840.113619.2.110.512719.20250403090444/series_004_3_CR/DXA/CR DXA/2.25.276415754443998872860614500027519740375/series_002_2_CR/A2504387089 DXA/CR DXA/CR000005.dcm,output/1.2.840.113619.2.110.512719.20250403090444/series_004_3_CR/DXA/CR DXA/2.25.276415754443998872860614500027519740375/series_002_2_CR/A2504387089 DXA/CR DXA/CR000005.dcm,LEG,,,2026-09-16T16:15:50,1.2.643.5.1.13.13.12.2.77.8252.15130815100101091501031008111015,2.25.276415754443998872860614500027519740375/series_002_2_CR/A2504387089 DXA/CR DXA/CR000005.dcm,C:\Users\Андрей\Desktop\Хакатон\Исследования\2.25.276415754443998872860614500027519740375\series_002_2_CR\A2504387089 DXA\CR DXA\CR000005.dcm,unique_suffix,csv_relative_path
Размеченные,C:\Users\Андрей\Desktop\Хакатон\Размеченные\labels.csv,132,1.2.840.113619.2.110.512719.20250403090444/series_004_3_CR/DXA/CR DXA/2.25.277752758923974029595977676354128739670/series_002_2_CR/A2504223752 DXA/CR DXA/CR000000.dcm,output/1.2.840.113619.2.110.512719.20250403090444/series_004_3_CR/DXA/CR DXA/2.25.277752758923974029595977676354128739670/series_002_2_CR/A2504223752 DXA/CR DXA/CR000000.dcm,LEG,,,2026-09-16T16:15:52,1.2.643.5.1.13.13.12.2.77.8252.11140100091110050501140207060912,2.25.277752758923974029595977676354128739670/series_002_2_CR/A2504223752 DXA/CR DXA/CR000000.dcm,C:\Users\Андрей\Desktop\Хакатон\Исследования\2.25.277752758923974029595977676354128739670\series_002_2_CR\A2504223752 DXA\CR DXA\CR000000.dcm,unique_suffix,csv_relative_path
Размеченные,C:\Users\Андрей\Desktop\Хакатон\Размеченные\labels.csv,133,1.2.840.113619.2.110.512719.20250403090444/series_004_3_CR/DXA/CR DXA/2.25.277752758923974029595977676354128739670/series_002_2_CR/A2504223752 DXA/CR DXA/CR000001.dcm,output/1.2.840.113619.2.110.512719.20250403090444/series_004_3_CR/DXA/CR DXA/2.25.277752758923974029595977676354128739670/series_002_2_CR/A2504223752 DXA/CR DXA/CR000001.dcm,LEG,,,2026-09-16T16:15:54,1.2.643.5.1.13.13.12.2.77.8252.05010011080903070300131415001403,2.25.277752758923974029595977676354128739670/series_002_2_CR/A2504223752 DXA/CR DXA/CR000001.dcm,C:\Users\Андрей\Desktop\Хакатон\Исследования\2.25.277752758923974029595977676354128739670\series_002_2_CR\A2504223752 DXA\CR DXA\CR000001.dcm,unique_suffix,csv_relative_path
Размеченные,C:\Users\Андрей\Desktop\Хакатон\Размеченные\labels.csv,134,1.2.840.113619.2.110.512719.20250403090444/series_004_3_CR/DXA/CR DXA/2.25.277752758923974029595977676354128739670/series_002_2_CR/A2504223752 DXA/CR DXA/CR000002.dcm,output/1.2.840.113619.2.110.512719.20250403090444/series_004_3_CR/DXA/CR DXA/2.25.277752758923974029595977676354128739670/series_002_2_CR/A2504223752 DXA/CR DXA/CR000002.dcm,LEG,,,2026-09-16T16:15:55,1.2.643.5.1.13.13.12.2.77.8252.09010705011309010307011213150407,2.25.277752758923974029595977676354128739670/series_002_2_CR/A2504223752 DXA/CR DXA/CR000002.dcm,C:\Users\Андрей\Desktop\Хакатон\Исследования\2.25.277752758923974029595977676354128739670\series_002_2_CR\A2504223752 DXA\CR DXA\CR000002.dcm,unique_suffix,csv_relative_path
Размеченные,C:\Users\Андрей\Desktop\Хакатон\Размеченные\labels.csv,135,1.2.840.113619.2.110.512719.20250403090444/series_004_3_CR/DXA/CR DXA/2.25.277752758923974029595977676354128739670/series_002_2_CR/A2504223752 DXA/CR DXA/CR000003.dcm,output/1.2.840.113619.2.110.512719.20250403090444/series_004_3_CR/DXA/CR DXA/2.25.277752758923974029595977676354128739670/series_002_2_CR/A2504223752 DXA/CR DXA/CR000003.dcm,LEG,,,2026-09-16T16:15:58,1.2.643.5.1.13.13.12.2.77.8252.05101415070003100803120514081507,2.25.277752758923974029595977676354128739670/series_002_2_CR/A2504223752 DXA/CR DXA/CR000003.dcm,C:\Users\Андрей\Desktop\Хакатон\Исследования\2.25.277752758923974029595977676354128739670\series_002_2_CR\A2504223752 DXA\CR DXA\CR000003.dcm,unique_suffix,csv_relative_path
Размеченные,C:\Users\Андрей\Desktop\Хакатон\Размеченные\labels.csv,136,1.2.840.113619.2.110.512719.20250403090444/series_004_3_CR/DXA/CR DXA/2.25.277752758923974029595977676354128739670/series_002_2_CR/A2504223752 DXA/CR DXA/CR000004.dcm,output/1.2.840.113619.2.110.512719.20250403090444/series_004_3_CR/DXA/CR DXA/2.25.277752758923974029595977676354128739670/series_002_2_CR/A2504223752 DXA/CR DXA/CR000004.dcm,SPINE,,,2026-09-16T16:16:00,1.2.643.5.1.13.13.12.2.77.8252.07090609050707040704081509101500,2.25.277752758923974029595977676354128739670/series_002_2_CR/A2504223752 DXA/CR DXA/CR000004.dcm,C:\Users\Андрей\Desktop\Хакатон\Исследования\2.25.277752758923974029595977676354128739670\series_002_2_CR\A2504223752 DXA\CR DXA\CR000004.dcm,unique_suffix,csv_relative_path
Размеченные,C:\Users\Андрей\Desktop\Хакатон\Размеченные\labels.csv,137,1.2.840.113619.2.110.512719.20250403090444/series_004_3_CR/DXA/CR DXA/2.25.277752758923974029595977676354128739670/series_002_2_CR/A2504223752 DXA/CR DXA/CR000005.dcm,output/1.2.840.113619.2.110.512719.20250403090444/series_004_3_CR/DXA/CR DXA/2.25.277752758923974029595977676354128739670/series_002_2_CR/A2504223752 DXA/CR DXA/CR000005.dcm,SPINE,,,2026-09-16T16:16:07,1.2.643.5.1.13.13.12.2.77.8252.15080302090100001214141305071301,2.25.277752758923974029595977676354128739670/series_002_2_CR/A2504223752 DXA/CR DXA/CR000005.dcm,C:\Users\Андрей\Desktop\Хакатон\Исследования\2.25.277752758923974029595977676354128739670\series_002_2_CR\A2504223752 DXA\CR DXA\CR000005.dcm,unique_suffix,csv_relative_path
Размеченные,C:\Users\Андрей\Desktop\Хакатон\Размеченные\labels.csv,138,1.2.840.113619.2.110.512719.20250403090444/series_004_3_CR/DXA/CR DXA/2.25.286999464611662854355201599068538813496/series_003_2_CR/A2504223477 DXA/CR DXA/CR000000.dcm,output/1.2.840.113619.2.110.512719.20250403090444/series_004_3_CR/DXA/CR DXA/2.25.286999464611662854355201599068538813496/series_003_2_CR/A2504223477 DXA/CR DXA/CR000000.dcm,LEG,,,2026-09-16T16:16:09,1.2.643.5.1.13.13.12.2.77.8252.11091010090201121300090614051311,2.25.286999464611662854355201599068538813496/series_003_2_CR/A2504223477 DXA/CR DXA/CR000000.dcm,C:\Users\Андрей\Desktop\Хакатон\Исследования\2.25.286999464611662854355201599068538813496\series_003_2_CR\A2504223477 DXA\CR DXA\CR000000.dcm,unique_suffix,csv_relative_path
Размеченные,C:\Users\Андрей\Desktop\Хакатон\Размеченные\labels.csv,139,1.2.840.113619.2.110.512719.20250403090444/series_004_3_CR/DXA/CR DXA/2.25.286999464611662854355201599068538813496/series_003_2_CR/A2504223477 DXA/CR DXA/CR000001.dcm,output/1.2.840.113619.2.110.512719.20250403090444/series_004_3_CR/DXA/CR DXA/2.25.286999464611662854355201599068538813496/series_003_2_CR/A2504223477 DXA/CR DXA/CR000001.dcm,SPINE,,,2026-09-16T16:16:11,1.2.643.5.1.13.13.12.2.77.8252.02141512030209141106060309030501,2.25.286999464611662854355201599068538813496/series_003_2_CR/A2504223477 DXA/CR DXA/CR000001.dcm,C:\Users\Андрей\Desktop\Хакатон\Исследования\2.25.286999464611662854355201599068538813496\series_003_2_CR\A2504223477 DXA\CR DXA\CR000001.dcm,unique_suffix,csv_relative_path
Размеченные,C:\Users\Андрей\Desktop\Хакатон\Размеченные\labels.csv,140,1.2.840.113619.2.110.512719.20250403090444/series_004_3_CR/DXA/CR DXA/2.25.286999464611662854355201599068538813496/series_003_2_CR/A2504223477 DXA/CR DXA/CR000002.dcm,output/1.2.840.113619.2.110.512719.20250403090444/series_004_3_CR/DXA/CR DXA/2.25.286999464611662854355201599068538813496/series_003_2_CR/A2504223477 DXA/CR DXA/CR000002.dcm,LEG,,,2026-09-16T16:16:58,1.2.643.5.1.13.13.12.2.77.8252.15080906090913051107110915140103,2.25.286999464611662854355201599068538813496/series_003_2_CR/A2504223477 DXA/CR DXA/CR000002.dcm,C:\Users\Андрей\Desktop\Хакатон\Исследования\2.25.286999464611662854355201599068538813496\series_003_2_CR\A2504223477 DXA\CR DXA\CR000002.dcm,unique_suffix,csv_relative_path
Размеченные,C:\Users\Андрей\Desktop\Хакатон\Размеченные\labels.csv,141,1.2.840.113619.2.110.512719.20250403090444/series_004_3_CR/DXA/CR DXA/2.25.286999464611662854355201599068538813496/series_003_2_CR/A2504223477 DXA/CR DXA/CR000003.dcm,output/1.2.840.113619.2.110.512719.20250403090444/series_004_3_CR/DXA/CR DXA/2.25.286999464611662854355201599068538813496/series_003_2_CR/A2504223477 DXA/CR DXA/CR000003.dcm,LEG,,,2026-09-16T16:17:00,1.2.643.5.1.13.13.12.2.77.8252.02060612071110031306070811070605,2.25.286999464611662854355201599068538813496/series_003_2_CR/A2504223477 DXA/CR DXA/CR000003.dcm,C:\Users\Андрей\Desktop\Хакатон\Исследования\2.25.286999464611662854355201599068538813496\series_003_2_CR\A2504223477 DXA\CR DXA\CR000003.dcm,unique_suffix,csv_relative_path
Размеченные,C:\Users\Андрей\Desktop\Хакатон\Размеченные\labels.csv,142,1.2.840.113619.2.110.512719.20250403090444/series_004_3_CR/DXA/CR DXA/2.25.286999464611662854355201599068538813496/series_003_2_CR/A2504223477 DXA/CR DXA/CR000004.dcm,output/1.2.840.113619.2.110.512719.20250403090444/series_004_3_CR/DXA/CR DXA/2.25.286999464611662854355201599068538813496/series_003_2_CR/A2504223477 DXA/CR DXA/CR000004.dcm,SPINE,,,2026-09-16T16:17:01,1.2.643.5.1.13.13.12.2.77.8252.08001013010106001102020015031109,2.25.286999464611662854355201599068538813496/series_003_2_CR/A2504223477 DXA/CR DXA/CR000004.dcm,C:\Users\Андрей\Desktop\Хакатон\Исследования\2.25.286999464611662854355201599068538813496\series_003_2_CR\A2504223477 DXA\CR DXA\CR000004.dcm,unique_suffix,csv_relative_path
Размеченные,C:\Users\Андрей\Desktop\Хакатон\Размеченные\labels.csv,143,1.2.840.113619.2.110.512719.20250403090444/series_004_3_CR/DXA/CR DXA/2.25.286999464611662854355201599068538813496/series_003_2_CR/A2504223477 DXA/CR DXA/CR000005.dcm,output/1.2.840.113619.2.110.512719.20250403090444/series_004_3_CR/DXA/CR DXA/2.25.286999464611662854355201599068538813496/series_003_2_CR/A2504223477 DXA/CR DXA/CR000005.dcm,LEG,,,2026-09-16T16:17:03,1.2.643.5.1.13.13.12.2.77.8252.11130511020109141404120604130811,2.25.286999464611662854355201599068538813496/series_003_2_CR/A2504223477 DXA/CR DXA/CR000005.dcm,C:\Users\Андрей\Desktop\Хакатон\Исследования\2.25.286999464611662854355201599068538813496\series_003_2_CR\A2504223477 DXA\CR DXA\CR000005.dcm,unique_suffix,csv_relative_path
Размеченные,C:\Users\Андрей\Desktop\Хакатон\Размеченные\labels.csv,144,1.2.840.113619.2.110.512719.20250403090444/series_004_3_CR/DXA/CR DXA/2.25.29638026465755240167985424461715024381/series_004_3_CR/A2504115579 DXA/CR DXA/CR000000.dcm,output/1.2.840.113619.2.110.512719.20250403090444/series_004_3_CR/DXA/CR DXA/2.25.29638026465755240167985424461715024381/series_004_3_CR/A2504115579 DXA/CR DXA/CR000000.dcm,LEG,,,2026-09-16T16:17:06,1.2.643.5.1.13.13.12.2.77.8252.09040806151211060704090912150608,2.25.29638026465755240167985424461715024381/series_004_3_CR/A2504115579 DXA/CR DXA/CR000000.dcm,C:\Users\Андрей\Desktop\Хакатон\Исследования\2.25.29638026465755240167985424461715024381\series_004_3_CR\A2504115579 DXA\CR DXA\CR000000.dcm,unique_suffix,csv_relative_path
Размеченные,C:\Users\Андрей\Desktop\Хакатон\Размеченные\labels.csv,145,1.2.840.113619.2.110.512719.20250403090444/series_004_3_CR/DXA/CR DXA/2.25.29638026465755240167985424461715024381/series_004_3_CR/A2504115579 DXA/CR DXA/CR000001.dcm,output/1.2.840.113619.2.110.512719.20250403090444/series_004_3_CR/DXA/CR DXA/2.25.29638026465755240167985424461715024381/series_004_3_CR/A2504115579 DXA/CR DXA/CR000001.dcm,SPINE,,,2026-09-16T16:17:09,1.2.643.5.1.13.13.12.2.77.8252.12021011000615031102060001101203,2.25.29638026465755240167985424461715024381/series_004_3_CR/A2504115579 DXA/CR DXA/CR000001.dcm,C:\Users\Андрей\Desktop\Хакатон\Исследования\2.25.29638026465755240167985424461715024381\series_004_3_CR\A2504115579 DXA\CR DXA\CR000001.dcm,unique_suffix,csv_relative_path
Размеченные,C:\Users\Андрей\Desktop\Хакатон\Размеченные\labels.csv,146,1.2.840.113619.2.110.512719.20250403090444/series_004_3_CR/DXA/CR DXA/2.25.29638026465755240167985424461715024381/series_004_3_CR/A2504115579 DXA/CR DXA/CR000002.dcm,output/1.2.840.113619.2.110.512719.20250403090444/series_004_3_CR/DXA/CR DXA/2.25.29638026465755240167985424461715024381/series_004_3_CR/A2504115579 DXA/CR DXA/CR000002.dcm,LEG,,,2026-09-16T16:17:11,1.2.643.5.1.13.13.12.2.77.8252.11100504100006050214040402081303,2.25.29638026465755240167985424461715024381/series_004_3_CR/A2504115579 DXA/CR DXA/CR000002.dcm,C:\Users\Андрей\Desktop\Хакатон\Исследования\2.25.29638026465755240167985424461715024381\series_004_3_CR\A2504115579 DXA\CR DXA\CR000002.dcm,unique_suffix,csv_relative_path
Размеченные,C:\Users\Андрей\Desktop\Хакатон\Размеченные\labels.csv,147,1.2.840.113619.2.110.512719.20250403090444/series_004_3_CR/DXA/CR DXA/2.25.29638026465755240167985424461715024381/series_004_3_CR/A2504115579 DXA/CR DXA/CR000003.dcm,output/1.2.840.113619.2.110.512719.20250403090444/series_004_3_CR/DXA/CR DXA/2.25.29638026465755240167985424461715024381/series_004_3_CR/A2504115579 DXA/CR DXA/CR000003.dcm,LEG,,,2026-09-16T16:17:16,1.2.643.5.1.13.13.12.2.77.8252.12090901030412121214030908040015,2.25.29638026465755240167985424461715024381/series_004_3_CR/A2504115579 DXA/CR DXA/CR000003.dcm,C:\Users\Андрей\Desktop\Хакатон\Исследования\2.25.29638026465755240167985424461715024381\series_004_3_CR\A2504115579 DXA\CR DXA\CR000003.dcm,unique_suffix,csv_relative_path
Размеченные,C:\Users\Андрей\Desktop\Хакатон\Размеченные\labels.csv,148,1.2.840.113619.2.110.512719.20250403090444/series_004_3_CR/DXA/CR DXA/2.25.306921081709806079165809721263236241032/series_002_2_CR/A2504381177 DXA/CR DXA/CR000000.dcm,output/1.2.840.113619.2.110.512719.20250403090444/series_004_3_CR/DXA/CR DXA/2.25.306921081709806079165809721263236241032/series_002_2_CR/A2504381177 DXA/CR DXA/CR000000.dcm,SPINE,,,2026-09-16T16:17:20,1.2.643.5.1.13.13.12.2.77.8252.05140704131104071313121101000313,2.25.306921081709806079165809721263236241032/series_002_2_CR/A2504381177 DXA/CR DXA/CR000000.dcm,C:\Users\Андрей\Desktop\Хакатон\Исследования\2.25.306921081709806079165809721263236241032\series_002_2_CR\A2504381177 DXA\CR DXA\CR000000.dcm,unique_suffix,csv_relative_path
Размеченные,C:\Users\Андрей\Desktop\Хакатон\Размеченные\labels.csv,149,1.2.840.113619.2.110.512719.20250403090444/series_004_3_CR/DXA/CR DXA/2.25.307021710202910067378603383388989711646/series_004_2_CR/A2504110565 DXA/CR DXA/CR000000.dcm,output/1.2.840.113619.2.110.512719.20250403090444/series_004_3_CR/DXA/CR DXA/2.25.307021710202910067378603383388989711646/series_004_2_CR/A2504110565 DXA/CR DXA/CR000000.dcm,SPINE,,,2026-09-16T16:17:27,1.2.643.5.1.13.13.12.2.77.8252.10011315050807060809100706050011,2.25.307021710202910067378603383388989711646/series_004_2_CR/A2504110565 DXA/CR DXA/CR000000.dcm,C:\Users\Андрей\Desktop\Хакатон\Исследования\2.25.307021710202910067378603383388989711646\series_004_2_CR\A2504110565 DXA\CR DXA\CR000000.dcm,unique_suffix,csv_relative_path
Размеченные,C:\Users\Андрей\Desktop\Хакатон\Размеченные\labels.csv,150,1.2.840.113619.2.110.512719.20250403090444/series_004_3_CR/DXA/CR DXA/2.25.307021710202910067378603383388989711646/series_004_2_CR/A2504110565 DXA/CR DXA/CR000001.dcm,output/1.2.840.113619.2.110.512719.20250403090444/series_004_3_CR/DXA/CR DXA/2.25.307021710202910067378603383388989711646/series_004_2_CR/A2504110565 DXA/CR DXA/CR000001.dcm,LEG,,,2026-09-16T16:17:30,1.2.643.5.1.13.13.12.2.77.8252.12090115120005000603040515131409,2.25.307021710202910067378603383388989711646/series_004_2_CR/A2504110565 DXA/CR DXA/CR000001.dcm,C:\Users\Андрей\Desktop\Хакатон\Исследования\2.25.307021710202910067378603383388989711646\series_004_2_CR\A2504110565 DXA\CR DXA\CR000001.dcm,unique_suffix,csv_relative_path
Размеченные,C:\Users\Андрей\Desktop\Хакатон\Размеченные\labels.csv,151,1.2.840.113619.2.110.512719.20250403090444/series_004_3_CR/DXA/CR DXA/2.25.307021710202910067378603383388989711646/series_004_2_CR/A2504110565 DXA/CR DXA/CR000002.dcm,output/1.2.840.113619.2.110.512719.20250403090444/series_004_3_CR/DXA/CR DXA/2.25.307021710202910067378603383388989711646/series_004_2_CR/A2504110565 DXA/CR DXA/CR000002.dcm,LEG,,,2026-09-16T16:17:33,1.2.643.5.1.13.13.12.2.77.8252.04030803131507080109070101120910,2.25.307021710202910067378603383388989711646/series_004_2_CR/A2504110565 DXA/CR DXA/CR000002.dcm,C:\Users\Андрей\Desktop\Хакатон\Исследования\2.25.307021710202910067378603383388989711646\series_004_2_CR\A2504110565 DXA\CR DXA\CR000002.dcm,unique_suffix,csv_relative_path
Размеченные,C:\Users\Андрей\Desktop\Хакатон\Размеченные\labels.csv,152,1.2.840.113619.2.110.512719.20250403090444/series_004_3_CR/DXA/CR DXA/2.25.307021710202910067378603383388989711646/series_004_2_CR/A2504110565 DXA/CR DXA/CR000003.dcm,output/1.2.840.113619.2.110.512719.20250403090444/series_004_3_CR/DXA/CR DXA/2.25.307021710202910067378603383388989711646/series_004_2_CR/A2504110565 DXA/CR DXA/CR000003.dcm,LEG,,,2026-09-16T16:17:36,1.2.643.5.1.13.13.12.2.77.8252.08080707141115140509110700030200,2.25.307021710202910067378603383388989711646/series_004_2_CR/A2504110565 DXA/CR DXA/CR000003.dcm,C:\Users\Андрей\Desktop\Хакатон\Исследования\2.25.307021710202910067378603383388989711646\series_004_2_CR\A2504110565 DXA\CR DXA\CR000003.dcm,unique_suffix,csv_relative_path
Размеченные,C:\Users\Андрей\Desktop\Хакатон\Размеченные\labels.csv,153,1.2.840.113619.2.110.512719.20250403090444/series_004_3_CR/DXA/CR DXA/2.25.307021710202910067378603383388989711646/series_004_2_CR/A2504110565 DXA/CR DXA/CR000004.dcm,output/1.2.840.113619.2.110.512719.20250403090444/series_004_3_CR/DXA/CR DXA/2.25.307021710202910067378603383388989711646/series_004_2_CR/A2504110565 DXA/CR DXA/CR000004.dcm,LEG,,,2026-09-16T16:17:41,1.2.643.5.1.13.13.12.2.77.8252.09020610121102091006070609000414,2.25.307021710202910067378603383388989711646/series_004_2_CR/A2504110565 DXA/CR DXA/CR000004.dcm,C:\Users\Андрей\Desktop\Хакатон\Исследования\2.25.307021710202910067378603383388989711646\series_004_2_CR\A2504110565 DXA\CR DXA\CR000004.dcm,unique_suffix,csv_relative_path
Размеченные,C:\Users\Андрей\Desktop\Хакатон\Размеченные\labels.csv,154,1.2.840.113619.2.110.512719.20250403090444/series_004_3_CR/DXA/CR DXA/2.25.307021710202910067378603383388989711646/series_004_2_CR/A2504110565 DXA/CR DXA/CR000005.dcm,output/1.2.840.113619.2.110.512719.20250403090444/series_004_3_CR/DXA/CR DXA/2.25.307021710202910067378603383388989711646/series_004_2_CR/A2504110565 DXA/CR DXA/CR000005.dcm,LEG,,,2026-09-16T16:17:44,1.2.643.5.1.13.13.12.2.77.8252.09141210051000000105030213061514,2.25.307021710202910067378603383388989711646/series_004_2_CR/A2504110565 DXA/CR DXA/CR000005.dcm,C:\Users\Андрей\Desktop\Хакатон\Исследования\2.25.307021710202910067378603383388989711646\series_004_2_CR\A2504110565 DXA\CR DXA\CR000005.dcm,unique_suffix,csv_relative_path
Размеченные,C:\Users\Андрей\Desktop\Хакатон\Размеченные\labels.csv,155,1.2.840.113619.2.110.512719.20250403090444/series_004_3_CR/DXA/CR DXA/2.25.307021710202910067378603383388989711646/series_004_2_CR/A2504110565 DXA/CR DXA/CR000006.dcm,output/1.2.840.113619.2.110.512719.20250403090444/series_004_3_CR/DXA/CR DXA/2.25.307021710202910067378603383388989711646/series_004_2_CR/A2504110565 DXA/CR DXA/CR000006.dcm,LEG,,,2026-09-16T16:17:45,1.2.643.5.1.13.13.12.2.77.8252.10030011090613091008080403130712,2.25.307021710202910067378603383388989711646/series_004_2_CR/A2504110565 DXA/CR DXA/CR000006.dcm,C:\Users\Андрей\Desktop\Хакатон\Исследования\2.25.307021710202910067378603383388989711646\series_004_2_CR\A2504110565 DXA\CR DXA\CR000006.dcm,unique_suffix,csv_relative_path
Размеченные,C:\Users\Андрей\Desktop\Хакатон\Размеченные\labels.csv,156,1.2.840.113619.2.110.512719.20250403090444/series_004_3_CR/DXA/CR DXA/2.25.307021710202910067378603383388989711646/series_004_2_CR/A2504110565 DXA/CR DXA/CR000007.dcm,output/1.2.840.113619.2.110.512719.20250403090444/series_004_3_CR/DXA/CR DXA/2.25.307021710202910067378603383388989711646/series_004_2_CR/A2504110565 DXA/CR DXA/CR000007.dcm,LEG,,,2026-09-16T16:17:48,1.2.643.5.1.13.13.12.2.77.8252.10091201060313121514040903111108,2.25.307021710202910067378603383388989711646/series_004_2_CR/A2504110565 DXA/CR DXA/CR000007.dcm,C:\Users\Андрей\Desktop\Хакатон\Исследования\2.25.307021710202910067378603383388989711646\series_004_2_CR\A2504110565 DXA\CR DXA\CR000007.dcm,unique_suffix,csv_relative_path
Размеченные,C:\Users\Андрей\Desktop\Хакатон\Размеченные\labels.csv,157,1.2.840.113619.2.110.512719.20250403090444/series_004_3_CR/DXA/CR DXA/2.25.307021710202910067378603383388989711646/series_004_2_CR/A2504110565 DXA/CR DXA/CR000008.dcm,output/1.2.840.113619.2.110.512719.20250403090444/series_004_3_CR/DXA/CR DXA/2.25.307021710202910067378603383388989711646/series_004_2_CR/A2504110565 DXA/CR DXA/CR000008.dcm,LEG,,,2026-09-16T16:17:51,1.2.643.5.1.13.13.12.2.77.8252.08061203141300041506070501101310,2.25.307021710202910067378603383388989711646/series_004_2_CR/A2504110565 DXA/CR DXA/CR000008.dcm,C:\Users\Андрей\Desktop\Хакатон\Исследования\2.25.307021710202910067378603383388989711646\series_004_2_CR\A2504110565 DXA\CR DXA\CR000008.dcm,unique_suffix,csv_relative_path
Размеченные,C:\Users\Андрей\Desktop\Хакатон\Размеченные\labels.csv,158,1.2.840.113619.2.110.512719.20250403090444/series_004_3_CR/DXA/CR DXA/2.25.307021710202910067378603383388989711646/series_004_2_CR/A2504110565 DXA/CR DXA/CR000009.dcm,output/1.2.840.113619.2.110.512719.20250403090444/series_004_3_CR/DXA/CR DXA/2.25.307021710202910067378603383388989711646/series_004_2_CR/A2504110565 DXA/CR DXA/CR000009.dcm,LEG,,,2026-09-16T16:17:53,1.2.643.5.1.13.13.12.2.77.8252.01080203060404010906011511140504,2.25.307021710202910067378603383388989711646/series_004_2_CR/A2504110565 DXA/CR DXA/CR000009.dcm,C:\Users\Андрей\Desktop\Хакатон\Исследования\2.25.307021710202910067378603383388989711646\series_004_2_CR\A2504110565 DXA\CR DXA\CR000009.dcm,unique_suffix,csv_relative_path
Размеченные,C:\Users\Андрей\Desktop\Хакатон\Размеченные\labels.csv,159,1.2.840.113619.2.110.512719.20250403090444/series_004_3_CR/DXA/CR DXA/2.25.307021710202910067378603383388989711646/series_004_2_CR/A2504110565 DXA/CR DXA/CR000010.dcm,output/1.2.840.113619.2.110.512719.20250403090444/series_004_3_CR/DXA/CR DXA/2.25.307021710202910067378603383388989711646/series_004_2_CR/A2504110565 DXA/CR DXA/CR000010.dcm,SPINE,,,2026-09-16T16:17:57,1.2.643.5.1.13.13.12.2.77.8252.02020610071014010106090300080911,2.25.307021710202910067378603383388989711646/series_004_2_CR/A2504110565 DXA/CR DXA/CR000010.dcm,C:\Users\Андрей\Desktop\Хакатон\Исследования\2.25.307021710202910067378603383388989711646\series_004_2_CR\A2504110565 DXA\CR DXA\CR000010.dcm,unique_suffix,csv_relative_path
Размеченные,C:\Users\Андрей\Desktop\Хакатон\Размеченные\labels.csv,160,1.2.840.113619.2.110.512719.20250403090444/series_004_3_CR/DXA/CR DXA/2.25.307021710202910067378603383388989711646/series_004_2_CR/A2504110565 DXA/CR DXA/CR000011.dcm,output/1.2.840.113619.2.110.512719.20250403090444/series_004_3_CR/DXA/CR DXA/2.25.307021710202910067378603383388989711646/series_004_2_CR/A2504110565 DXA/CR DXA/CR000011.dcm,SPINE,,,2026-09-16T16:18:00,1.2.643.5.1.13.13.12.2.77.8252.00041503151008120109091101041101,2.25.307021710202910067378603383388989711646/series_004_2_CR/A2504110565 DXA/CR DXA/CR000011.dcm,C:\Users\Андрей\Desktop\Хакатон\Исследования\2.25.307021710202910067378603383388989711646\series_004_2_CR\A2504110565 DXA\CR DXA\CR000011.dcm,unique_suffix,csv_relative_path
Размеченные,C:\Users\Андрей\Desktop\Хакатон\Размеченные\labels.csv,161,1.2.840.113619.2.110.512719.20250403090444/series_004_3_CR/DXA/CR DXA/2.25.309085571913348252136520206003694446566/series_002_2_CR/A2504116267 DXA/CR DXA/CR000000.dcm,output/1.2.840.113619.2.110.512719.20250403090444/series_004_3_CR/DXA/CR DXA/2.25.309085571913348252136520206003694446566/series_002_2_CR/A2504116267 DXA/CR DXA/CR000000.dcm,SPINE,,,2026-09-16T16:18:02,1.2.643.5.1.13.13.12.2.77.8252.03121103130007121510030803050514,2.25.309085571913348252136520206003694446566/series_002_2_CR/A2504116267 DXA/CR DXA/CR000000.dcm,C:\Users\Андрей\Desktop\Хакатон\Исследования\2.25.309085571913348252136520206003694446566\series_002_2_CR\A2504116267 DXA\CR DXA\CR000000.dcm,unique_suffix,csv_relative_path
Размеченные,C:\Users\Андрей\Desktop\Хакатон\Размеченные\labels.csv,162,1.2.840.113619.2.110.512719.20250403090444/series_004_3_CR/DXA/CR DXA/2.25.309085571913348252136520206003694446566/series_002_2_CR/A2504116267 DXA/CR DXA/CR000001.dcm,output/1.2.840.113619.2.110.512719.20250403090444/series_004_3_CR/DXA/CR DXA/2.25.309085571913348252136520206003694446566/series_002_2_CR/A2504116267 DXA/CR DXA/CR000001.dcm,LEG,,,2026-09-16T16:18:04,1.2.643.5.1.13.13.12.2.77.8252.07070904150315000704031208001011,2.25.309085571913348252136520206003694446566/series_002_2_CR/A2504116267 DXA/CR DXA/CR000001.dcm,C:\Users\Андрей\Desktop\Хакатон\Исследования\2.25.309085571913348252136520206003694446566\series_002_2_CR\A2504116267 DXA\CR DXA\CR000001.dcm,unique_suffix,csv_relative_path
Размеченные,C:\Users\Андрей\Desktop\Хакатон\Размеченные\labels.csv,163,1.2.840.113619.2.110.512719.20250403090444/series_004_3_CR/DXA/CR DXA/2.25.309085571913348252136520206003694446566/series_002_2_CR/A2504116267 DXA/CR DXA/CR000002.dcm,output/1.2.840.113619.2.110.512719.20250403090444/series_004_3_CR/DXA/CR DXA/2.25.309085571913348252136520206003694446566/series_002_2_CR/A2504116267 DXA/CR DXA/CR000002.dcm,LEG,,,2026-09-16T16:18:05,1.2.643.5.1.13.13.12.2.77.8252.09030700121011131209150303151015,2.25.309085571913348252136520206003694446566/series_002_2_CR/A2504116267 DXA/CR DXA/CR000002.dcm,C:\Users\Андрей\Desktop\Хакатон\Исследования\2.25.309085571913348252136520206003694446566\series_002_2_CR\A2504116267 DXA\CR DXA\CR000002.dcm,unique_suffix,csv_relative_path
Размеченные,C:\Users\Андрей\Desktop\Хакатон\Размеченные\labels.csv,164,1.2.840.113619.2.110.512719.20250403090444/series_004_3_CR/DXA/CR DXA/2.25.314147167453134440746270747484612743945/series_002_2_CR/A2504224780 DXA/CR DXA/CR000000.dcm,output/1.2.840.113619.2.110.512719.20250403090444/series_004_3_CR/DXA/CR DXA/2.25.314147167453134440746270747484612743945/series_002_2_CR/A2504224780 DXA/CR DXA/CR000000.dcm,LEG,,,2026-09-16T16:18:07,1.2.643.5.1.13.13.12.2.77.8252.02000306061002040514101500000812,2.25.314147167453134440746270747484612743945/series_002_2_CR/A2504224780 DXA/CR DXA/CR000000.dcm,C:\Users\Андрей\Desktop\Хакатон\Исследования\2.25.314147167453134440746270747484612743945\series_002_2_CR\A2504224780 DXA\CR DXA\CR000000.dcm,unique_suffix,csv_relative_path
Размеченные,C:\Users\Андрей\Desktop\Хакатон\Размеченные\labels.csv,165,1.2.840.113619.2.110.512719.20250403090444/series_004_3_CR/DXA/CR DXA/2.25.314147167453134440746270747484612743945/series_002_2_CR/A2504224780 DXA/CR DXA/CR000001.dcm,output/1.2.840.113619.2.110.512719.20250403090444/series_004_3_CR/DXA/CR DXA/2.25.314147167453134440746270747484612743945/series_002_2_CR/A2504224780 DXA/CR DXA/CR000001.dcm,LEG,,,2026-09-16T16:18:09,1.2.643.5.1.13.13.12.2.77.8252.01130904120915050401031210031001,2.25.314147167453134440746270747484612743945/series_002_2_CR/A2504224780 DXA/CR DXA/CR000001.dcm,C:\Users\Андрей\Desktop\Хакатон\Исследования\2.25.314147167453134440746270747484612743945\series_002_2_CR\A2504224780 DXA\CR DXA\CR000001.dcm,unique_suffix,csv_relative_path
Размеченные,C:\Users\Андрей\Desktop\Хакатон\Размеченные\labels.csv,166,1.2.840.113619.2.110.512719.20250403090444/series_004_3_CR/DXA/CR DXA/2.25.314147167453134440746270747484612743945/series_002_2_CR/A2504224780 DXA/CR DXA/CR000002.dcm,output/1.2.840.113619.2.110.512719.20250403090444/series_004_3_CR/DXA/CR DXA/2.25.314147167453134440746270747484612743945/series_002_2_CR/A2504224780 DXA/CR DXA/CR000002.dcm,SPINE,,,2026-09-16T16:18:11,1.2.643.5.1.13.13.12.2.77.8252.02120204101515130306021007150210,2.25.314147167453134440746270747484612743945/series_002_2_CR/A2504224780 DXA/CR DXA/CR000002.dcm,C:\Users\Андрей\Desktop\Хакатон\Исследования\2.25.314147167453134440746270747484612743945\series_002_2_CR\A2504224780 DXA\CR DXA\CR000002.dcm,unique_suffix,csv_relative_path
Размеченные,C:\Users\Андрей\Desktop\Хакатон\Размеченные\labels.csv,167,1.2.840.113619.2.110.512719.20250403090444/series_004_3_CR/DXA/CR DXA/2.25.322202456901330781765399791024580391565/series_002_2_CR/A2504350020 DXA/CR DXA/CR000000.dcm,output/1.2.840.113619.2.110.512719.20250403090444/series_004_3_CR/DXA/CR DXA/2.25.322202456901330781765399791024580391565/series_002_2_CR/A2504350020 DXA/CR DXA/CR000000.dcm,SPINE,,,2026-09-16T16:18:48,1.2.643.5.1.13.13.12.2.77.8252.06061007030610120805010913100711,2.25.322202456901330781765399791024580391565/series_002_2_CR/A2504350020 DXA/CR DXA/CR000000.dcm,C:\Users\Андрей\Desktop\Хакатон\Исследования\2.25.322202456901330781765399791024580391565\series_002_2_CR\A2504350020 DXA\CR DXA\CR000000.dcm,unique_suffix,csv_relative_path
Размеченные,C:\Users\Андрей\Desktop\Хакатон\Размеченные\labels.csv,168,1.2.840.113619.2.110.512719.20250403090444/series_004_3_CR/DXA/CR DXA/2.25.338439598607961312040815816824093323492/series_002_2_CR/A2504147124 DXA/CR DXA/CR000000.dcm,output/1.2.840.113619.2.110.512719.20250403090444/series_004_3_CR/DXA/CR DXA/2.25.338439598607961312040815816824093323492/series_002_2_CR/A2504147124 DXA/CR DXA/CR000000.dcm,SPINE,,,2026-09-16T16:18:50,1.2.643.5.1.13.13.12.2.77.8252.13110108131113110013070512051310,2.25.338439598607961312040815816824093323492/series_002_2_CR/A2504147124 DXA/CR DXA/CR000000.dcm,C:\Users\Андрей\Desktop\Хакатон\Исследования\2.25.338439598607961312040815816824093323492\series_002_2_CR\A2504147124 DXA\CR DXA\CR000000.dcm,unique_suffix,csv_relative_path
Размеченные,C:\Users\Андрей\Desktop\Хакатон\Размеченные\labels.csv,169,1.2.840.113619.2.110.512719.20250403090444/series_004_3_CR/DXA/CR DXA/2.25.339027809107632348165171236474821772940/series_001_2_CR/A2504349642 DXA/CR DXA/CR000000.dcm,output/1.2.840.113619.2.110.512719.20250403090444/series_004_3_CR/DXA/CR DXA/2.25.339027809107632348165171236474821772940/series_001_2_CR/A2504349642 DXA/CR DXA/CR000000.dcm,LEG,,,2026-09-16T16:19:05,1.2.643.5.1.13.13.12.2.77.8252.05111003151314100612100700031506,2.25.339027809107632348165171236474821772940/series_001_2_CR/A2504349642 DXA/CR DXA/CR000000.dcm,C:\Users\Андрей\Desktop\Хакатон\Исследования\2.25.339027809107632348165171236474821772940\series_001_2_CR\A2504349642 DXA\CR DXA\CR000000.dcm,unique_suffix,csv_relative_path
Размеченные,C:\Users\Андрей\Desktop\Хакатон\Размеченные\labels.csv,170,1.2.840.113619.2.110.512719.20250403090444/series_004_3_CR/DXA/CR DXA/2.25.339027809107632348165171236474821772940/series_001_2_CR/A2504349642 DXA/CR DXA/CR000001.dcm,output/1.2.840.113619.2.110.512719.20250403090444/series_004_3_CR/DXA/CR DXA/2.25.339027809107632348165171236474821772940/series_001_2_CR/A2504349642 DXA/CR DXA/CR000001.dcm,SPINE,,,2026-09-16T16:19:07,1.2.643.5.1.13.13.12.2.77.8252.04091012040015061107090014081504,2.25.339027809107632348165171236474821772940/series_001_2_CR/A2504349642 DXA/CR DXA/CR000001.dcm,C:\Users\Андрей\Desktop\Хакатон\Исследования\2.25.339027809107632348165171236474821772940\series_001_2_CR\A2504349642 DXA\CR DXA\CR000001.dcm,unique_suffix,csv_relative_path
Размеченные,C:\Users\Андрей\Desktop\Хакатон\Размеченные\labels.csv,171,1.2.840.113619.2.110.512719.20250403090444/series_004_3_CR/DXA/CR DXA/2.25.339027809107632348165171236474821772940/series_001_2_CR/A2504349642 DXA/CR DXA/CR000002.dcm,output/1.2.840.113619.2.110.512719.20250403090444/series_004_3_CR/DXA/CR DXA/2.25.339027809107632348165171236474821772940/series_001_2_CR/A2504349642 DXA/CR DXA/CR000002.dcm,LEG,,,2026-09-16T16:19:09,1.2.643.5.1.13.13.12.2.77.8252.11010912010413080807030107050600,2.25.339027809107632348165171236474821772940/series_001_2_CR/A2504349642 DXA/CR DXA/CR000002.dcm,C:\Users\Андрей\Desktop\Хакатон\Исследования\2.25.339027809107632348165171236474821772940\series_001_2_CR\A2504349642 DXA\CR DXA\CR000002.dcm,unique_suffix,csv_relative_path
Размеченные,C:\Users\Андрей\Desktop\Хакатон\Размеченные\labels.csv,172,1.2.840.113619.2.110.512719.20250403090444/series_004_3_CR/DXA/CR DXA/2.25.339027809107632348165171236474821772940/series_001_2_CR/A2504349642 DXA/CR DXA/CR000003.dcm,output/1.2.840.113619.2.110.512719.20250403090444/series_004_3_CR/DXA/CR DXA/2.25.339027809107632348165171236474821772940/series_001_2_CR/A2504349642 DXA/CR DXA/CR000003.dcm,LEG,,,2026-09-16T16:19:10,1.2.643.5.1.13.13.12.2.77.8252.02060903061507111201080601150903,2.25.339027809107632348165171236474821772940/series_001_2_CR/A2504349642 DXA/CR DXA/CR000003.dcm,C:\Users\Андрей\Desktop\Хакатон\Исследования\2.25.339027809107632348165171236474821772940\series_001_2_CR\A2504349642 DXA\CR DXA\CR000003.dcm,unique_suffix,csv_relative_path
Размеченные,C:\Users\Андрей\Desktop\Хакатон\Размеченные\labels.csv,173,1.2.840.113619.2.110.512719.20250403090444/series_004_3_CR/DXA/CR DXA/2.25.339027809107632348165171236474821772940/series_001_2_CR/A2504349642 DXA/CR DXA/CR000004.dcm,output/1.2.840.113619.2.110.512719.20250403090444/series_004_3_CR/DXA/CR DXA/2.25.339027809107632348165171236474821772940/series_001_2_CR/A2504349642 DXA/CR DXA/CR000004.dcm,SPINE,,,2026-09-16T16:19:12,1.2.643.5.1.13.13.12.2.77.8252.09100506150509030310111310041309,2.25.339027809107632348165171236474821772940/series_001_2_CR/A2504349642 DXA/CR DXA/CR000004.dcm,C:\Users\Андрей\Desktop\Хакатон\Исследования\2.25.339027809107632348165171236474821772940\series_001_2_CR\A2504349642 DXA\CR DXA\CR000004.dcm,unique_suffix,csv_relative_path
Размеченные,C:\Users\Андрей\Desktop\Хакатон\Размеченные\labels.csv,174,1.2.840.113619.2.110.512719.20250403090444/series_004_3_CR/DXA/CR DXA/2.25.339027809107632348165171236474821772940/series_001_2_CR/A2504349642 DXA/CR DXA/CR000005.dcm,output/1.2.840.113619.2.110.512719.20250403090444/series_004_3_CR/DXA/CR DXA/2.25.339027809107632348165171236474821772940/series_001_2_CR/A2504349642 DXA/CR DXA/CR000005.dcm,LEG,,,2026-09-16T16:19:14,1.2.643.5.1.13.13.12.2.77.8252.02080414020805070003121215081311,2.25.339027809107632348165171236474821772940/series_001_2_CR/A2504349642 DXA/CR DXA/CR000005.dcm,C:\Users\Андрей\Desktop\Хакатон\Исследования\2.25.339027809107632348165171236474821772940\series_001_2_CR\A2504349642 DXA\CR DXA\CR000005.dcm,unique_suffix,csv_relative_path
Размеченные,C:\Users\Андрей\Desktop\Хакатон\Размеченные\labels.csv,175,1.2.840.113619.2.110.512719.20250403090444/series_004_3_CR/DXA/CR DXA/2.25.340839477910528898406207279980417945/series_001_2_CR/A2504224555 DXA Exam/CR DXA Images/CR000000.dcm,output/1.2.840.113619.2.110.512719.20250403090444/series_004_3_CR/DXA/CR DXA/2.25.340839477910528898406207279980417945/series_001_2_CR/A2504224555 DXA Exam/CR DXA Images/CR000000.dcm,LEG,,,2026-09-16T16:19:16,1.2.643.5.1.13.13.12.2.77.8252.14120712151005010200040708001308,2.25.340839477910528898406207279980417945/series_001_2_CR/A2504224555 DXA Exam/CR DXA Images/CR000000.dcm,C:\Users\Андрей\Desktop\Хакатон\Исследования\2.25.340839477910528898406207279980417945\series_001_2_CR\A2504224555 DXA Exam\CR DXA Images\CR000000.dcm,unique_suffix,csv_relative_path
Размеченные,C:\Users\Андрей\Desktop\Хакатон\Размеченные\labels.csv,176,1.2.840.113619.2.110.512719.20250403090444/series_004_3_CR/DXA/CR DXA/2.25.340839477910528898406207279980417945/series_001_2_CR/A2504224555 DXA Exam/CR DXA Images/CR000001.dcm,output/1.2.840.113619.2.110.512719.20250403090444/series_004_3_CR/DXA/CR DXA/2.25.340839477910528898406207279980417945/series_001_2_CR/A2504224555 DXA Exam/CR DXA Images/CR000001.dcm,LEG,,,2026-09-16T16:19:20,1.2.643.5.1.13.13.12.2.77.8252.05030701101012140702110704000714,2.25.340839477910528898406207279980417945/series_001_2_CR/A2504224555 DXA Exam/CR DXA Images/CR000001.dcm,C:\Users\Андрей\Desktop\Хакатон\Исследования\2.25.340839477910528898406207279980417945\series_001_2_CR\A2504224555 DXA Exam\CR DXA Images\CR000001.dcm,unique_suffix,csv_relative_path
Размеченные,C:\Users\Андрей\Desktop\Хакатон\Размеченные\labels.csv,177,1.2.840.113619.2.110.512719.20250403090444/series_004_3_CR/DXA/CR DXA/2.25.340839477910528898406207279980417945/series_001_2_CR/A2504224555 DXA Exam/CR DXA Images/CR000002.dcm,output/1.2.840.113619.2.110.512719.20250403090444/series_004_3_CR/DXA/CR DXA/2.25.340839477910528898406207279980417945/series_001_2_CR/A2504224555 DXA Exam/CR DXA Images/CR000002.dcm,SPINE,,,2026-09-16T16:19:22,1.2.643.5.1.13.13.12.2.77.8252.12111312010203070900101115051015,2.25.340839477910528898406207279980417945/series_001_2_CR/A2504224555 DXA Exam/CR DXA Images/CR000002.dcm,C:\Users\Андрей\Desktop\Хакатон\Исследования\2.25.340839477910528898406207279980417945\series_001_2_CR\A2504224555 DXA Exam\CR DXA Images\CR000002.dcm,unique_suffix,csv_relative_path
Размеченные,C:\Users\Андрей\Desktop\Хакатон\Размеченные\labels.csv,178,1.2.840.113619.2.110.512719.20250403090444/series_004_3_CR/DXA/CR DXA/2.25.37515662379281069436632838996073181551/series_001_2_CR/A2504329840 DXA/CR DXA/CR000000.dcm,output/1.2.840.113619.2.110.512719.20250403090444/series_004_3_CR/DXA/CR DXA/2.25.37515662379281069436632838996073181551/series_001_2_CR/A2504329840 DXA/CR DXA/CR000000.dcm,SPINE,,,2026-09-16T16:19:25,1.2.643.5.1.13.13.12.2.77.8252.05001409080504151204111500000514,2.25.37515662379281069436632838996073181551/series_001_2_CR/A2504329840 DXA/CR DXA/CR000000.dcm,C:\Users\Андрей\Desktop\Хакатон\Исследования\2.25.37515662379281069436632838996073181551\series_001_2_CR\A2504329840 DXA\CR DXA\CR000000.dcm,unique_suffix,csv_relative_path
Размеченные,C:\Users\Андрей\Desktop\Хакатон\Размеченные\labels.csv,179,1.2.840.113619.2.110.512719.20250403090444/series_004_3_CR/DXA/CR DXA/2.25.37515662379281069436632838996073181551/series_001_2_CR/A2504329840 DXA/CR DXA/CR000001.dcm,output/1.2.840.113619.2.110.512719.20250403090444/series_004_3_CR/DXA/CR DXA/2.25.37515662379281069436632838996073181551/series_001_2_CR/A2504329840 DXA/CR DXA/CR000001.dcm,LEG,,,2026-09-16T16:19:27,1.2.643.5.1.13.13.12.2.77.8252.12090208061115110101131315120813,2.25.37515662379281069436632838996073181551/series_001_2_CR/A2504329840 DXA/CR DXA/CR000001.dcm,C:\Users\Андрей\Desktop\Хакатон\Исследования\2.25.37515662379281069436632838996073181551\series_001_2_CR\A2504329840 DXA\CR DXA\CR000001.dcm,unique_suffix,csv_relative_path
Размеченные,C:\Users\Андрей\Desktop\Хакатон\Размеченные\labels.csv,180,1.2.840.113619.2.110.512719.20250403090444/series_004_3_CR/DXA/CR DXA/2.25.37515662379281069436632838996073181551/series_001_2_CR/A2504329840 DXA/CR DXA/CR000002.dcm,output/1.2.840.113619.2.110.512719.20250403090444/series_004_3_CR/DXA/CR DXA/2.25.37515662379281069436632838996073181551/series_001_2_CR/A2504329840 DXA/CR DXA/CR000002.dcm,LEG,,,2026-09-16T16:19:28,1.2.643.5.1.13.13.12.2.77.8252.08110803070615141513021414111001,2.25.37515662379281069436632838996073181551/series_001_2_CR/A2504329840 DXA/CR DXA/CR000002.dcm,C:\Users\Андрей\Desktop\Хакатон\Исследования\2.25.37515662379281069436632838996073181551\series_001_2_CR\A2504329840 DXA\CR DXA\CR000002.dcm,unique_suffix,csv_relative_path
Размеченные,C:\Users\Андрей\Desktop\Хакатон\Размеченные\labels.csv,181,1.2.840.113619.2.110.512719.20250403090444/series_004_3_CR/DXA/CR DXA/2.25.39068163399801173920284179500049527111/series_002_2_CR/A2504195842 DXA/CR DXA/CR000000.dcm,output/1.2.840.113619.2.110.512719.20250403090444/series_004_3_CR/DXA/CR DXA/2.25.39068163399801173920284179500049527111/series_002_2_CR/A2504195842 DXA/CR DXA/CR000000.dcm,LEG,,,2026-09-16T16:19:30,1.2.643.5.1.13.13.12.2.77.8252.00030605020706130003080307080701,2.25.39068163399801173920284179500049527111/series_002_2_CR/A2504195842 DXA/CR DXA/CR000000.dcm,C:\Users\Андрей\Desktop\Хакатон\Исследования\2.25.39068163399801173920284179500049527111\series_002_2_CR\A2504195842 DXA\CR DXA\CR000000.dcm,unique_suffix,csv_relative_path
Размеченные,C:\Users\Андрей\Desktop\Хакатон\Размеченные\labels.csv,182,1.2.840.113619.2.110.512719.20250403090444/series_004_3_CR/DXA/CR DXA/2.25.39068163399801173920284179500049527111/series_002_2_CR/A2504195842 DXA/CR DXA/CR000001.dcm,output/1.2.840.113619.2.110.512719.20250403090444/series_004_3_CR/DXA/CR DXA/2.25.39068163399801173920284179500049527111/series_002_2_CR/A2504195842 DXA/CR DXA/CR000001.dcm,LEG,,,2026-09-16T16:19:32,1.2.643.5.1.13.13.12.2.77.8252.07150610130411050211021514011106,2.25.39068163399801173920284179500049527111/series_002_2_CR/A2504195842 DXA/CR DXA/CR000001.dcm,C:\Users\Андрей\Desktop\Хакатон\Исследования\2.25.39068163399801173920284179500049527111\series_002_2_CR\A2504195842 DXA\CR DXA\CR000001.dcm,unique_suffix,csv_relative_path
Размеченные,C:\Users\Андрей\Desktop\Хакатон\Размеченные\labels.csv,183,1.2.840.113619.2.110.512719.20250403090444/series_004_3_CR/DXA/CR DXA/2.25.39068163399801173920284179500049527111/series_002_2_CR/A2504195842 DXA/CR DXA/CR000002.dcm,output/1.2.840.113619.2.110.512719.20250403090444/series_004_3_CR/DXA/CR DXA/2.25.39068163399801173920284179500049527111/series_002_2_CR/A2504195842 DXA/CR DXA/CR000002.dcm,SPINE,,,2026-09-16T16:19:33,1.2.643.5.1.13.13.12.2.77.8252.15141302131508150312140605060212,2.25.39068163399801173920284179500049527111/series_002_2_CR/A2504195842 DXA/CR DXA/CR000002.dcm,C:\Users\Андрей\Desktop\Хакатон\Исследования\2.25.39068163399801173920284179500049527111\series_002_2_CR\A2504195842 DXA\CR DXA\CR000002.dcm,unique_suffix,csv_relative_path
Размеченные,C:\Users\Андрей\Desktop\Хакатон\Размеченные\labels.csv,184,1.2.840.113619.2.110.512719.20250403090444/series_004_3_CR/DXA/CR DXA/2.25.48906424954135283790354958243772558962/series_001_2_CR/A2504185596 DXA Exam/CR DXA Images/CR000000.dcm,output/1.2.840.113619.2.110.512719.20250403090444/series_004_3_CR/DXA/CR DXA/2.25.48906424954135283790354958243772558962/series_001_2_CR/A2504185596 DXA Exam/CR DXA Images/CR000000.dcm,LEG,,,2026-09-16T16:19:35,1.2.643.5.1.13.13.12.2.77.8252.06080100090802110008000311010501,2.25.48906424954135283790354958243772558962/series_001_2_CR/A2504185596 DXA Exam/CR DXA Images/CR000000.dcm,C:\Users\Андрей\Desktop\Хакатон\Исследования\2.25.48906424954135283790354958243772558962\series_001_2_CR\A2504185596 DXA Exam\CR DXA Images\CR000000.dcm,unique_suffix,csv_relative_path
Размеченные,C:\Users\Андрей\Desktop\Хакатон\Размеченные\labels.csv,185,1.2.840.113619.2.110.512719.20250403090444/series_004_3_CR/DXA/CR DXA/2.25.48906424954135283790354958243772558962/series_001_2_CR/A2504185596 DXA Exam/CR DXA Images/CR000001.dcm,output/1.2.840.113619.2.110.512719.20250403090444/series_004_3_CR/DXA/CR DXA/2.25.48906424954135283790354958243772558962/series_001_2_CR/A2504185596 DXA Exam/CR DXA Images/CR000001.dcm,LEG,,,2026-09-16T16:19:37,1.2.643.5.1.13.13.12.2.77.8252.03010404051000131408111209140108,2.25.48906424954135283790354958243772558962/series_001_2_CR/A2504185596 DXA Exam/CR DXA Images/CR000001.dcm,C:\Users\Андрей\Desktop\Хакатон\Исследования\2.25.48906424954135283790354958243772558962\series_001_2_CR\A2504185596 DXA Exam\CR DXA Images\CR000001.dcm,unique_suffix,csv_relative_path
Размеченные,C:\Users\Андрей\Desktop\Хакатон\Размеченные\labels.csv,186,1.2.840.113619.2.110.512719.20250403090444/series_004_3_CR/DXA/CR DXA/2.25.48906424954135283790354958243772558962/series_001_2_CR/A2504185596 DXA Exam/CR DXA Images/CR000002.dcm,output/1.2.840.113619.2.110.512719.20250403090444/series_004_3_CR/DXA/CR DXA/2.25.48906424954135283790354958243772558962/series_001_2_CR/A2504185596 DXA Exam/CR DXA Images/CR000002.dcm,SPINE,,,2026-09-16T16:19:45,1.2.643.5.1.13.13.12.2.77.8252.02031401091510001200041308031003,2.25.48906424954135283790354958243772558962/series_001_2_CR/A2504185596 DXA Exam/CR DXA Images/CR000002.dcm,C:\Users\Андрей\Desktop\Хакатон\Исследования\2.25.48906424954135283790354958243772558962\series_001_2_CR\A2504185596 DXA Exam\CR DXA Images\CR000002.dcm,unique_suffix,csv_relative_path
Размеченные,C:\Users\Андрей\Desktop\Хакатон\Размеченные\labels.csv,187,1.2.840.113619.2.110.512719.20250403090444/series_004_3_CR/DXA/CR DXA/2.25.52532476139575422857225834315571570912/series_001_2_CR/A2504247961 DXA/CR DXA/CR000000.dcm,output/1.2.840.113619.2.110.512719.20250403090444/series_004_3_CR/DXA/CR DXA/2.25.52532476139575422857225834315571570912/series_001_2_CR/A2504247961 DXA/CR DXA/CR000000.dcm,SPINE,,,2026-09-16T16:19:46,1.2.643.5.1.13.13.12.2.77.8252.07120809010109050202061111011110,2.25.52532476139575422857225834315571570912/series_001_2_CR/A2504247961 DXA/CR DXA/CR000000.dcm,C:\Users\Андрей\Desktop\Хакатон\Исследования\2.25.52532476139575422857225834315571570912\series_001_2_CR\A2504247961 DXA\CR DXA\CR000000.dcm,unique_suffix,csv_relative_path
Размеченные,C:\Users\Андрей\Desktop\Хакатон\Размеченные\labels.csv,188,1.2.840.113619.2.110.512719.20250403090444/series_004_3_CR/DXA/CR DXA/2.25.52982400970721161435951723390541696819/series_001_2_CR/A2504331065 DXA/CR DXA/CR000000.dcm,output/1.2.840.113619.2.110.512719.20250403090444/series_004_3_CR/DXA/CR DXA/2.25.52982400970721161435951723390541696819/series_001_2_CR/A2504331065 DXA/CR DXA/CR000000.dcm,LEG,,,2026-09-16T16:19:48,1.2.643.5.1.13.13.12.2.77.8252.07081506021006111207090213090701,2.25.52982400970721161435951723390541696819/series_001_2_CR/A2504331065 DXA/CR DXA/CR000000.dcm,C:\Users\Андрей\Desktop\Хакатон\Исследования\2.25.52982400970721161435951723390541696819\series_001_2_CR\A2504331065 DXA\CR DXA\CR000000.dcm,unique_suffix,csv_relative_path
Размеченные,C:\Users\Андрей\Desktop\Хакатон\Размеченные\labels.csv,189,1.2.840.113619.2.110.512719.20250403090444/series_004_3_CR/DXA/CR DXA/2.25.52982400970721161435951723390541696819/series_001_2_CR/A2504331065 DXA/CR DXA/CR000001.dcm,output/1.2.840.113619.2.110.512719.20250403090444/series_004_3_CR/DXA/CR DXA/2.25.52982400970721161435951723390541696819/series_001_2_CR/A2504331065 DXA/CR DXA/CR000001.dcm,LEG,,,2026-09-16T16:19:50,1.2.643.5.1.13.13.12.2.77.8252.06001210040802120801060507001509,2.25.52982400970721161435951723390541696819/series_001_2_CR/A2504331065 DXA/CR DXA/CR000001.dcm,C:\Users\Андрей\Desktop\Хакатон\Исследования\2.25.52982400970721161435951723390541696819\series_001_2_CR\A2504331065 DXA\CR DXA\CR000001.dcm,unique_suffix,csv_relative_path
Размеченные,C:\Users\Андрей\Desktop\Хакатон\Размеченные\labels.csv,190,1.2.840.113619.2.110.512719.20250403090444/series_004_3_CR/DXA/CR DXA/2.25.52982400970721161435951723390541696819/series_001_2_CR/A2504331065 DXA/CR DXA/CR000002.dcm,output/1.2.840.113619.2.110.512719.20250403090444/series_004_3_CR/DXA/CR DXA/2.25.52982400970721161435951723390541696819/series_001_2_CR/A2504331065 DXA/CR DXA/CR000002.dcm,SPINE,,,2026-09-16T16:19:53,1.2.643.5.1.13.13.12.2.77.8252.02030504060005060505040905021305,2.25.52982400970721161435951723390541696819/series_001_2_CR/A2504331065 DXA/CR DXA/CR000002.dcm,C:\Users\Андрей\Desktop\Хакатон\Исследования\2.25.52982400970721161435951723390541696819\series_001_2_CR\A2504331065 DXA\CR DXA\CR000002.dcm,unique_suffix,csv_relative_path
Размеченные,C:\Users\Андрей\Desktop\Хакатон\Размеченные\labels.csv,191,1.2.840.113619.2.110.512719.20250403090444/series_004_3_CR/DXA/CR DXA/2.25.52982400970721161435951723390541696819/series_001_2_CR/A2504331065 DXA/CR DXA/CR000003.dcm,output/1.2.840.113619.2.110.512719.20250403090444/series_004_3_CR/DXA/CR DXA/2.25.52982400970721161435951723390541696819/series_001_2_CR/A2504331065 DXA/CR DXA/CR000003.dcm,LEG,,,2026-09-16T16:19:56,1.2.643.5.1.13.13.12.2.77.8252.15141212090108110812010201000904,2.25.52982400970721161435951723390541696819/series_001_2_CR/A2504331065 DXA/CR DXA/CR000003.dcm,C:\Users\Андрей\Desktop\Хакатон\Исследования\2.25.52982400970721161435951723390541696819\series_001_2_CR\A2504331065 DXA\CR DXA\CR000003.dcm,unique_suffix,csv_relative_path
Размеченные,C:\Users\Андрей\Desktop\Хакатон\Размеченные\labels.csv,192,1.2.840.113619.2.110.512719.20250403090444/series_004_3_CR/DXA/CR DXA/2.25.52982400970721161435951723390541696819/series_001_2_CR/A2504331065 DXA/CR DXA/CR000004.dcm,output/1.2.840.113619.2.110.512719.20250403090444/series_004_3_CR/DXA/CR DXA/2.25.52982400970721161435951723390541696819/series_001_2_CR/A2504331065 DXA/CR DXA/CR000004.dcm,SPINE,,,2026-09-16T16:19:57,1.2.643.5.1.13.13.12.2.77.8252.06130007090800051113070612071205,2.25.52982400970721161435951723390541696819/series_001_2_CR/A2504331065 DXA/CR DXA/CR000004.dcm,C:\Users\Андрей\Desktop\Хакатон\Исследования\2.25.52982400970721161435951723390541696819\series_001_2_CR\A2504331065 DXA\CR DXA\CR000004.dcm,unique_suffix,csv_relative_path
Размеченные,C:\Users\Андрей\Desktop\Хакатон\Размеченные\labels.csv,193,1.2.840.113619.2.110.512719.20250403090444/series_004_3_CR/DXA/CR DXA/2.25.52982400970721161435951723390541696819/series_001_2_CR/A2504331065 DXA/CR DXA/CR000005.dcm,output/1.2.840.113619.2.110.512719.20250403090444/series_004_3_CR/DXA/CR DXA/2.25.52982400970721161435951723390541696819/series_001_2_CR/A2504331065 DXA/CR DXA/CR000005.dcm,LEG,,,2026-09-16T16:19:59,1.2.643.5.1.13.13.12.2.77.8252.13060812000809140915061004151307,2.25.52982400970721161435951723390541696819/series_001_2_CR/A2504331065 DXA/CR DXA/CR000005.dcm,C:\Users\Андрей\Desktop\Хакатон\Исследования\2.25.52982400970721161435951723390541696819\series_001_2_CR\A2504331065 DXA\CR DXA\CR000005.dcm,unique_suffix,csv_relative_path
Размеченные,C:\Users\Андрей\Desktop\Хакатон\Размеченные\labels.csv,194,1.2.840.113619.2.110.512719.20250403090444/series_004_3_CR/DXA/CR DXA/2.25.52982400970721161435951723390541696819/series_001_2_CR/A2504331065 DXA/CR DXA/CR000006.dcm,output/1.2.840.113619.2.110.512719.20250403090444/series_004_3_CR/DXA/CR DXA/2.25.52982400970721161435951723390541696819/series_001_2_CR/A2504331065 DXA/CR DXA/CR000006.dcm,LEG,,,2026-09-16T16:20:01,1.2.643.5.1.13.13.12.2.77.8252.14150614130710030701101012031106,2.25.52982400970721161435951723390541696819/series_001_2_CR/A2504331065 DXA/CR DXA/CR000006.dcm,C:\Users\Андрей\Desktop\Хакатон\Исследования\2.25.52982400970721161435951723390541696819\series_001_2_CR\A2504331065 DXA\CR DXA\CR000006.dcm,unique_suffix,csv_relative_path
Размеченные,C:\Users\Андрей\Desktop\Хакатон\Размеченные\labels.csv,195,1.2.840.113619.2.110.512719.20250403090444/series_004_3_CR/DXA/CR DXA/2.25.52982400970721161435951723390541696819/series_001_2_CR/A2504331065 DXA/CR DXA/CR000007.dcm,output/1.2.840.113619.2.110.512719.20250403090444/series_004_3_CR/DXA/CR DXA/2.25.52982400970721161435951723390541696819/series_001_2_CR/A2504331065 DXA/CR DXA/CR000007.dcm,LEG,,,2026-09-16T16:20:02,1.2.643.5.1.13.13.12.2.77.8252.10071506040807070913151311141504,2.25.52982400970721161435951723390541696819/series_001_2_CR/A2504331065 DXA/CR DXA/CR000007.dcm,C:\Users\Андрей\Desktop\Хакатон\Исследования\2.25.52982400970721161435951723390541696819\series_001_2_CR\A2504331065 DXA\CR DXA\CR000007.dcm,unique_suffix,csv_relative_path
Размеченные,C:\Users\Андрей\Desktop\Хакатон\Размеченные\labels.csv,196,1.2.840.113619.2.110.512719.20250403090444/series_004_3_CR/DXA/CR DXA/2.25.54396839637320114639948764487283877793/series_003_2_CR/A2504111090 DXA/CR DXA/CR000000.dcm,output/1.2.840.113619.2.110.512719.20250403090444/series_004_3_CR/DXA/CR DXA/2.25.54396839637320114639948764487283877793/series_003_2_CR/A2504111090 DXA/CR DXA/CR000000.dcm,SPINE,,,2026-09-16T16:20:31,1.2.643.5.1.13.13.12.2.77.8252.02060605151213121009151302130207,2.25.54396839637320114639948764487283877793/series_003_2_CR/A2504111090 DXA/CR DXA/CR000000.dcm,C:\Users\Андрей\Desktop\Хакатон\Исследования\2.25.54396839637320114639948764487283877793\series_003_2_CR\A2504111090 DXA\CR DXA\CR000000.dcm,unique_suffix,csv_relative_path
Размеченные,C:\Users\Андрей\Desktop\Хакатон\Размеченные\labels.csv,197,1.2.840.113619.2.110.512719.20250403090444/series_004_3_CR/DXA/CR DXA/2.25.59542620917302828428419211045951914336/series_001_2_CR/A2504303391 DXA/CR DXA/CR000000.dcm,output/1.2.840.113619.2.110.512719.20250403090444/series_004_3_CR/DXA/CR DXA/2.25.59542620917302828428419211045951914336/series_001_2_CR/A2504303391 DXA/CR DXA/CR000000.dcm,SPINE,,,2026-09-16T16:20:32,1.2.643.5.1.13.13.12.2.77.8252.07101010011513020401030213080905,2.25.59542620917302828428419211045951914336/series_001_2_CR/A2504303391 DXA/CR DXA/CR000000.dcm,C:\Users\Андрей\Desktop\Хакатон\Исследования\2.25.59542620917302828428419211045951914336\series_001_2_CR\A2504303391 DXA\CR DXA\CR000000.dcm,unique_suffix,csv_relative_path
Размеченные,C:\Users\Андрей\Desktop\Хакатон\Размеченные\labels.csv,198,1.2.840.113619.2.110.512719.20250403090444/series_004_3_CR/DXA/CR DXA/2.25.65954778282254353457041255543338557112/series_004_3_CR/A2504246289 DXA/CR DXA/CR000000.dcm,output/1.2.840.113619.2.110.512719.20250403090444/series_004_3_CR/DXA/CR DXA/2.25.65954778282254353457041255543338557112/series_004_3_CR/A2504246289 DXA/CR DXA/CR000000.dcm,LEG,,,2026-09-16T16:20:34,1.2.643.5.1.13.13.12.2.77.8252.11130315030911081202140406010814,2.25.65954778282254353457041255543338557112/series_004_3_CR/A2504246289 DXA/CR DXA/CR000000.dcm,C:\Users\Андрей\Desktop\Хакатон\Исследования\2.25.65954778282254353457041255543338557112\series_004_3_CR\A2504246289 DXA\CR DXA\CR000000.dcm,unique_suffix,csv_relative_path
Размеченные,C:\Users\Андрей\Desktop\Хакатон\Размеченные\labels.csv,199,1.2.840.113619.2.110.512719.20250403090444/series_004_3_CR/DXA/CR DXA/2.25.65954778282254353457041255543338557112/series_004_3_CR/A2504246289 DXA/CR DXA/CR000001.dcm,output/1.2.840.113619.2.110.512719.20250403090444/series_004_3_CR/DXA/CR DXA/2.25.65954778282254353457041255543338557112/series_004_3_CR/A2504246289 DXA/CR DXA/CR000001.dcm,LEG,,,2026-09-16T16:20:39,1.2.643.5.1.13.13.12.2.77.8252.10000615050107010300151404090301,2.25.65954778282254353457041255543338557112/series_004_3_CR/A2504246289 DXA/CR DXA/CR000001.dcm,C:\Users\Андрей\Desktop\Хакатон\Исследования\2.25.65954778282254353457041255543338557112\series_004_3_CR\A2504246289 DXA\CR DXA\CR000001.dcm,unique_suffix,csv_relative_path
Размеченные,C:\Users\Андрей\Desktop\Хакатон\Размеченные\labels.csv,200,1.2.840.113619.2.110.512719.20250403090444/series_004_3_CR/DXA/CR DXA/2.25.65954778282254353457041255543338557112/series_004_3_CR/A2504246289 DXA/CR DXA/CR000002.dcm,output/1.2.840.113619.2.110.512719.20250403090444/series_004_3_CR/DXA/CR DXA/2.25.65954778282254353457041255543338557112/series_004_3_CR/A2504246289 DXA/CR DXA/CR000002.dcm,SPINE,,,2026-09-16T16:20:40,1.2.643.5.1.13.13.12.2.77.8252.05111111030105140803060510040613,2.25.65954778282254353457041255543338557112/series_004_3_CR/A2504246289 DXA/CR DXA/CR000002.dcm,C:\Users\Андрей\Desktop\Хакатон\Исследования\2.25.65954778282254353457041255543338557112\series_004_3_CR\A2504246289 DXA\CR DXA\CR000002.dcm,unique_suffix,csv_relative_path
Размеченные,C:\Users\Андрей\Desktop\Хакатон\Размеченные\labels.csv,201,1.2.840.113619.2.110.512719.20250403090444/series_004_3_CR/DXA/CR DXA/2.25.66397484472966116002950503539482860450/series_001_2_CR/A2504194637 DXA/CR DXA/CR000000.dcm,output/1.2.840.113619.2.110.512719.20250403090444/series_004_3_CR/DXA/CR DXA/2.25.66397484472966116002950503539482860450/series_001_2_CR/A2504194637 DXA/CR DXA/CR000000.dcm,LEG,,,2026-09-16T16:20:42,1.2.643.5.1.13.13.12.2.77.8252.02091011000006010704070004091411,2.25.66397484472966116002950503539482860450/series_001_2_CR/A2504194637 DXA/CR DXA/CR000000.dcm,C:\Users\Андрей\Desktop\Хакатон\Исследования\2.25.66397484472966116002950503539482860450\series_001_2_CR\A2504194637 DXA\CR DXA\CR000000.dcm,unique_suffix,csv_relative_path
Размеченные,C:\Users\Андрей\Desktop\Хакатон\Размеченные\labels.csv,202,1.2.840.113619.2.110.512719.20250403090444/series_004_3_CR/DXA/CR DXA/2.25.66397484472966116002950503539482860450/series_001_2_CR/A2504194637 DXA/CR DXA/CR000001.dcm,output/1.2.840.113619.2.110.512719.20250403090444/series_004_3_CR/DXA/CR DXA/2.25.66397484472966116002950503539482860450/series_001_2_CR/A2504194637 DXA/CR DXA/CR000001.dcm,LEG,,,2026-09-16T16:20:44,1.2.643.5.1.13.13.12.2.77.8252.08151215001015040112061102060812,2.25.66397484472966116002950503539482860450/series_001_2_CR/A2504194637 DXA/CR DXA/CR000001.dcm,C:\Users\Андрей\Desktop\Хакатон\Исследования\2.25.66397484472966116002950503539482860450\series_001_2_CR\A2504194637 DXA\CR DXA\CR000001.dcm,unique_suffix,csv_relative_path
Размеченные,C:\Users\Андрей\Desktop\Хакатон\Размеченные\labels.csv,203,1.2.840.113619.2.110.512719.20250403090444/series_004_3_CR/DXA/CR DXA/2.25.66397484472966116002950503539482860450/series_001_2_CR/A2504194637 DXA/CR DXA/CR000002.dcm,output/1.2.840.113619.2.110.512719.20250403090444/series_004_3_CR/DXA/CR DXA/2.25.66397484472966116002950503539482860450/series_001_2_CR/A2504194637 DXA/CR DXA/CR000002.dcm,LEG,,,2026-09-16T16:20:46,1.2.643.5.1.13.13.12.2.77.8252.03111115071204110106020413091215,2.25.66397484472966116002950503539482860450/series_001_2_CR/A2504194637 DXA/CR DXA/CR000002.dcm,C:\Users\Андрей\Desktop\Хакатон\Исследования\2.25.66397484472966116002950503539482860450\series_001_2_CR\A2504194637 DXA\CR DXA\CR000002.dcm,unique_suffix,csv_relative_path
Размеченные,C:\Users\Андрей\Desktop\Хакатон\Размеченные\labels.csv,204,1.2.840.113619.2.110.512719.20250403090444/series_004_3_CR/DXA/CR DXA/2.25.66397484472966116002950503539482860450/series_001_2_CR/A2504194637 DXA/CR DXA/CR000003.dcm,output/1.2.840.113619.2.110.512719.20250403090444/series_004_3_CR/DXA/CR DXA/2.25.66397484472966116002950503539482860450/series_001_2_CR/A2504194637 DXA/CR DXA/CR000003.dcm,LEG,,,2026-09-16T16:20:47,1.2.643.5.1.13.13.12.2.77.8252.08021214010408050013070405100802,2.25.66397484472966116002950503539482860450/series_001_2_CR/A2504194637 DXA/CR DXA/CR000003.dcm,C:\Users\Андрей\Desktop\Хакатон\Исследования\2.25.66397484472966116002950503539482860450\series_001_2_CR\A2504194637 DXA\CR DXA\CR000003.dcm,unique_suffix,csv_relative_path
Размеченные,C:\Users\Андрей\Desktop\Хакатон\Размеченные\labels.csv,205,1.2.840.113619.2.110.512719.20250403090444/series_004_3_CR/DXA/CR DXA/2.25.66397484472966116002950503539482860450/series_001_2_CR/A2504194637 DXA/CR DXA/CR000004.dcm,output/1.2.840.113619.2.110.512719.20250403090444/series_004_3_CR/DXA/CR DXA/2.25.66397484472966116002950503539482860450/series_001_2_CR/A2504194637 DXA/CR DXA/CR000004.dcm,SPINE,,,2026-09-16T16:20:48,1.2.643.5.1.13.13.12.2.77.8252.01011407000709010910090115010000,2.25.66397484472966116002950503539482860450/series_001_2_CR/A2504194637 DXA/CR DXA/CR000004.dcm,C:\Users\Андрей\Desktop\Хакатон\Исследования\2.25.66397484472966116002950503539482860450\series_001_2_CR\A2504194637 DXA\CR DXA\CR000004.dcm,unique_suffix,csv_relative_path
Размеченные,C:\Users\Андрей\Desktop\Хакатон\Размеченные\labels.csv,206,1.2.840.113619.2.110.512719.20250403090444/series_004_3_CR/DXA/CR DXA/2.25.66397484472966116002950503539482860450/series_001_2_CR/A2504194637 DXA/CR DXA/CR000005.dcm,output/1.2.840.113619.2.110.512719.20250403090444/series_004_3_CR/DXA/CR DXA/2.25.66397484472966116002950503539482860450/series_001_2_CR/A2504194637 DXA/CR DXA/CR000005.dcm,LEG,,,2026-09-16T16:21:04,1.2.643.5.1.13.13.12.2.77.8252.15121501030904011113060500050403,2.25.66397484472966116002950503539482860450/series_001_2_CR/A2504194637 DXA/CR DXA/CR000005.dcm,C:\Users\Андрей\Desktop\Хакатон\Исследования\2.25.66397484472966116002950503539482860450\series_001_2_CR\A2504194637 DXA\CR DXA\CR000005.dcm,unique_suffix,csv_relative_path
Размеченные,C:\Users\Андрей\Desktop\Хакатон\Размеченные\labels.csv,207,1.2.840.113619.2.110.512719.20250403090444/series_004_3_CR/DXA/CR DXA/2.25.66397484472966116002950503539482860450/series_001_2_CR/A2504194637 DXA/CR DXA/CR000006.dcm,output/1.2.840.113619.2.110.512719.20250403090444/series_004_3_CR/DXA/CR DXA/2.25.66397484472966116002950503539482860450/series_001_2_CR/A2504194637 DXA/CR DXA/CR000006.dcm,LEG,,,2026-09-16T16:21:06,1.2.643.5.1.13.13.12.2.77.8252.10040310131315131311011115051512,2.25.66397484472966116002950503539482860450/series_001_2_CR/A2504194637 DXA/CR DXA/CR000006.dcm,C:\Users\Андрей\Desktop\Хакатон\Исследования\2.25.66397484472966116002950503539482860450\series_001_2_CR\A2504194637 DXA\CR DXA\CR000006.dcm,unique_suffix,csv_relative_path
Размеченные,C:\Users\Андрей\Desktop\Хакатон\Размеченные\labels.csv,208,1.2.840.113619.2.110.512719.20250403090444/series_004_3_CR/DXA/CR DXA/2.25.66397484472966116002950503539482860450/series_001_2_CR/A2504194637 DXA/CR DXA/CR000007.dcm,output/1.2.840.113619.2.110.512719.20250403090444/series_004_3_CR/DXA/CR DXA/2.25.66397484472966116002950503539482860450/series_001_2_CR/A2504194637 DXA/CR DXA/CR000007.dcm,LEG,,,2026-09-16T16:21:08,1.2.643.5.1.13.13.12.2.77.8252.13130501101110040009090201091209,2.25.66397484472966116002950503539482860450/series_001_2_CR/A2504194637 DXA/CR DXA/CR000007.dcm,C:\Users\Андрей\Desktop\Хакатон\Исследования\2.25.66397484472966116002950503539482860450\series_001_2_CR\A2504194637 DXA\CR DXA\CR000007.dcm,unique_suffix,csv_relative_path
Размеченные,C:\Users\Андрей\Desktop\Хакатон\Размеченные\labels.csv,209,1.2.840.113619.2.110.512719.20250403090444/series_004_3_CR/DXA/CR DXA/2.25.66397484472966116002950503539482860450/series_001_2_CR/A2504194637 DXA/CR DXA/CR000008.dcm,output/1.2.840.113619.2.110.512719.20250403090444/series_004_3_CR/DXA/CR DXA/2.25.66397484472966116002950503539482860450/series_001_2_CR/A2504194637 DXA/CR DXA/CR000008.dcm,SPINE,,,2026-09-16T16:21:10,1.2.643.5.1.13.13.12.2.77.8252.15080405040711111211130015010914,2.25.66397484472966116002950503539482860450/series_001_2_CR/A2504194637 DXA/CR DXA/CR000008.dcm,C:\Users\Андрей\Desktop\Хакатон\Исследования\2.25.66397484472966116002950503539482860450\series_001_2_CR\A2504194637 DXA\CR DXA\CR000008.dcm,unique_suffix,csv_relative_path
Размеченные,C:\Users\Андрей\Desktop\Хакатон\Размеченные\labels.csv,210,1.2.840.113619.2.110.512719.20250403090444/series_004_3_CR/DXA/CR DXA/2.25.66397484472966116002950503539482860450/series_001_2_CR/A2504194637 DXA/CR DXA/CR000009.dcm,output/1.2.840.113619.2.110.512719.20250403090444/series_004_3_CR/DXA/CR DXA/2.25.66397484472966116002950503539482860450/series_001_2_CR/A2504194637 DXA/CR DXA/CR000009.dcm,SPINE,,,2026-09-16T16:21:12,1.2.643.5.1.13.13.12.2.77.8252.00121200081108110912041503010000,2.25.66397484472966116002950503539482860450/series_001_2_CR/A2504194637 DXA/CR DXA/CR000009.dcm,C:\Users\Андрей\Desktop\Хакатон\Исследования\2.25.66397484472966116002950503539482860450\series_001_2_CR\A2504194637 DXA\CR DXA\CR000009.dcm,unique_suffix,csv_relative_path
Размеченные,C:\Users\Андрей\Desktop\Хакатон\Размеченные\labels.csv,211,1.2.840.113619.2.110.512719.20250403090444/series_004_3_CR/DXA/CR DXA/2.25.66397484472966116002950503539482860450/series_001_2_CR/A2504194637 DXA/CR DXA/CR000010.dcm,output/1.2.840.113619.2.110.512719.20250403090444/series_004_3_CR/DXA/CR DXA/2.25.66397484472966116002950503539482860450/series_001_2_CR/A2504194637 DXA/CR DXA/CR000010.dcm,LEG,,,2026-09-16T16:21:18,1.2.643.5.1.13.13.12.2.77.8252.10080308141508151114100414150301,2.25.66397484472966116002950503539482860450/series_001_2_CR/A2504194637 DXA/CR DXA/CR000010.dcm,C:\Users\Андрей\Desktop\Хакатон\Исследования\2.25.66397484472966116002950503539482860450\series_001_2_CR\A2504194637 DXA\CR DXA\CR000010.dcm,unique_suffix,csv_relative_path
Размеченные,C:\Users\Андрей\Desktop\Хакатон\Размеченные\labels.csv,212,1.2.840.113619.2.110.512719.20250403090444/series_004_3_CR/DXA/CR DXA/2.25.73070100851377917031356937075051545239/series_002_2_CR/A2504239110 DXA/CR DXA/CR000000.dcm,output/1.2.840.113619.2.110.512719.20250403090444/series_004_3_CR/DXA/CR DXA/2.25.73070100851377917031356937075051545239/series_002_2_CR/A2504239110 DXA/CR DXA/CR000000.dcm,LEG,,,2026-09-16T16:21:19,1.2.643.5.1.13.13.12.2.77.8252.00031305050707070014000611130907,2.25.73070100851377917031356937075051545239/series_002_2_CR/A2504239110 DXA/CR DXA/CR000000.dcm,C:\Users\Андрей\Desktop\Хакатон\Исследования\2.25.73070100851377917031356937075051545239\series_002_2_CR\A2504239110 DXA\CR DXA\CR000000.dcm,unique_suffix,csv_relative_path
Размеченные,C:\Users\Андрей\Desktop\Хакатон\Размеченные\labels.csv,213,1.2.840.113619.2.110.512719.20250403090444/series_004_3_CR/DXA/CR DXA/2.25.73070100851377917031356937075051545239/series_002_2_CR/A2504239110 DXA/CR DXA/CR000001.dcm,output/1.2.840.113619.2.110.512719.20250403090444/series_004_3_CR/DXA/CR DXA/2.25.73070100851377917031356937075051545239/series_002_2_CR/A2504239110 DXA/CR DXA/CR000001.dcm,LEG,,,2026-09-16T16:21:21,1.2.643.5.1.13.13.12.2.77.8252.09110310111109140609041514031010,2.25.73070100851377917031356937075051545239/series_002_2_CR/A2504239110 DXA/CR DXA/CR000001.dcm,C:\Users\Андрей\Desktop\Хакатон\Исследования\2.25.73070100851377917031356937075051545239\series_002_2_CR\A2504239110 DXA\CR DXA\CR000001.dcm,unique_suffix,csv_relative_path
Размеченные,C:\Users\Андрей\Desktop\Хакатон\Размеченные\labels.csv,214,1.2.840.113619.2.110.512719.20250403090444/series_004_3_CR/DXA/CR DXA/2.25.73070100851377917031356937075051545239/series_002_2_CR/A2504239110 DXA/CR DXA/CR000002.dcm,output/1.2.840.113619.2.110.512719.20250403090444/series_004_3_CR/DXA/CR DXA/2.25.73070100851377917031356937075051545239/series_002_2_CR/A2504239110 DXA/CR DXA/CR000002.dcm,SPINE,,,2026-09-16T16:21:23,1.2.643.5.1.13.13.12.2.77.8252.03041015000108071402071509131313,2.25.73070100851377917031356937075051545239/series_002_2_CR/A2504239110 DXA/CR DXA/CR000002.dcm,C:\Users\Андрей\Desktop\Хакатон\Исследования\2.25.73070100851377917031356937075051545239\series_002_2_CR\A2504239110 DXA\CR DXA\CR000002.dcm,unique_suffix,csv_relative_path
Размеченные,C:\Users\Андрей\Desktop\Хакатон\Размеченные\labels.csv,215,1.2.840.113619.2.110.512719.20250403090444/series_004_3_CR/DXA/CR DXA/2.25.73070100851377917031356937075051545239/series_002_2_CR/A2504239110 DXA/CR DXA/CR000003.dcm,output/1.2.840.113619.2.110.512719.20250403090444/series_004_3_CR/DXA/CR DXA/2.25.73070100851377917031356937075051545239/series_002_2_CR/A2504239110 DXA/CR DXA/CR000003.dcm,SPINE,,,2026-09-16T16:21:27,1.2.643.5.1.13.13.12.2.77.8252.07150604010711031305090702140107,2.25.73070100851377917031356937075051545239/series_002_2_CR/A2504239110 DXA/CR DXA/CR000003.dcm,C:\Users\Андрей\Desktop\Хакатон\Исследования\2.25.73070100851377917031356937075051545239\series_002_2_CR\A2504239110 DXA\CR DXA\CR000003.dcm,unique_suffix,csv_relative_path
Размеченные,C:\Users\Андрей\Desktop\Хакатон\Размеченные\labels.csv,216,1.2.840.113619.2.110.512719.20250403090444/series_004_3_CR/DXA/CR DXA/2.25.73070100851377917031356937075051545239/series_002_2_CR/A2504239110 DXA/CR DXA/CR000004.dcm,output/1.2.840.113619.2.110.512719.20250403090444/series_004_3_CR/DXA/CR DXA/2.25.73070100851377917031356937075051545239/series_002_2_CR/A2504239110 DXA/CR DXA/CR000004.dcm,LEG,,,2026-09-16T16:21:29,1.2.643.5.1.13.13.12.2.77.8252.13090506040311041500070413151313,2.25.73070100851377917031356937075051545239/series_002_2_CR/A2504239110 DXA/CR DXA/CR000004.dcm,C:\Users\Андрей\Desktop\Хакатон\Исследования\2.25.73070100851377917031356937075051545239\series_002_2_CR\A2504239110 DXA\CR DXA\CR000004.dcm,unique_suffix,csv_relative_path
Размеченные,C:\Users\Андрей\Desktop\Хакатон\Размеченные\labels.csv,217,1.2.840.113619.2.110.512719.20250403090444/series_004_3_CR/DXA/CR DXA/2.25.73070100851377917031356937075051545239/series_002_2_CR/A2504239110 DXA/CR DXA/CR000005.dcm,output/1.2.840.113619.2.110.512719.20250403090444/series_004_3_CR/DXA/CR DXA/2.25.73070100851377917031356937075051545239/series_002_2_CR/A2504239110 DXA/CR DXA/CR000005.dcm,LEG,,,2026-09-16T16:21:39,1.2.643.5.1.13.13.12.2.77.8252.12110509121413070408000802041201,2.25.73070100851377917031356937075051545239/series_002_2_CR/A2504239110 DXA/CR DXA/CR000005.dcm,C:\Users\Андрей\Desktop\Хакатон\Исследования\2.25.73070100851377917031356937075051545239\series_002_2_CR\A2504239110 DXA\CR DXA\CR000005.dcm,unique_suffix,csv_relative_path
Размеченные,C:\Users\Андрей\Desktop\Хакатон\Размеченные\labels.csv,218,1.2.840.113619.2.110.512719.20250403090444/series_004_3_CR/DXA/CR DXA/2.25.76710355977373089612172037086913478687/series_002_3_CR/A2504104830 DXA/CR DXA/CR000000.dcm,output/1.2.840.113619.2.110.512719.20250403090444/series_004_3_CR/DXA/CR DXA/2.25.76710355977373089612172037086913478687/series_002_3_CR/A2504104830 DXA/CR DXA/CR000000.dcm,LEG,,,2026-09-16T16:21:42,1.2.643.5.1.13.13.12.2.77.8252.14130302090906050506100315000611,2.25.76710355977373089612172037086913478687/series_002_3_CR/A2504104830 DXA/CR DXA/CR000000.dcm,C:\Users\Андрей\Desktop\Хакатон\Исследования\2.25.76710355977373089612172037086913478687\series_002_3_CR\A2504104830 DXA\CR DXA\CR000000.dcm,unique_suffix,csv_relative_path
Размеченные,C:\Users\Андрей\Desktop\Хакатон\Размеченные\labels.csv,219,1.2.840.113619.2.110.512719.20250403090444/series_004_3_CR/DXA/CR DXA/2.25.76710355977373089612172037086913478687/series_002_3_CR/A2504104830 DXA/CR DXA/CR000001.dcm,output/1.2.840.113619.2.110.512719.20250403090444/series_004_3_CR/DXA/CR DXA/2.25.76710355977373089612172037086913478687/series_002_3_CR/A2504104830 DXA/CR DXA/CR000001.dcm,SPINE,,,2026-09-16T16:21:43,1.2.643.5.1.13.13.12.2.77.8252.06151311061015011100110511080701,2.25.76710355977373089612172037086913478687/series_002_3_CR/A2504104830 DXA/CR DXA/CR000001.dcm,C:\Users\Андрей\Desktop\Хакатон\Исследования\2.25.76710355977373089612172037086913478687\series_002_3_CR\A2504104830 DXA\CR DXA\CR000001.dcm,unique_suffix,csv_relative_path
Размеченные,C:\Users\Андрей\Desktop\Хакатон\Размеченные\labels.csv,220,1.2.840.113619.2.110.512719.20250403090444/series_004_3_CR/DXA/CR DXA/2.25.76710355977373089612172037086913478687/series_002_3_CR/A2504104830 DXA/CR DXA/CR000002.dcm,output/1.2.840.113619.2.110.512719.20250403090444/series_004_3_CR/DXA/CR DXA/2.25.76710355977373089612172037086913478687/series_002_3_CR/A2504104830 DXA/CR DXA/CR000002.dcm,LEG,,,2026-09-16T16:21:56,1.2.643.5.1.13.13.12.2.77.8252.02050808061207030811150709091509,2.25.76710355977373089612172037086913478687/series_002_3_CR/A2504104830 DXA/CR DXA/CR000002.dcm,C:\Users\Андрей\Desktop\Хакатон\Исследования\2.25.76710355977373089612172037086913478687\series_002_3_CR\A2504104830 DXA\CR DXA\CR000002.dcm,unique_suffix,csv_relative_path
Размеченные,C:\Users\Андрей\Desktop\Хакатон\Размеченные\labels.csv,221,1.2.840.113619.2.110.512719.20250403090444/series_004_3_CR/DXA/CR DXA/2.25.78999454687125053757525542837745968726/series_004_3_CR/A2504222617 DXA/CR DXA/CR000000.dcm,output/1.2.840.113619.2.110.512719.20250403090444/series_004_3_CR/DXA/CR DXA/2.25.78999454687125053757525542837745968726/series_004_3_CR/A2504222617 DXA/CR DXA/CR000000.dcm,LEG,,,2026-09-16T16:21:59,1.2.643.5.1.13.13.12.2.77.8252.05120913001500151408091003040415,2.25.78999454687125053757525542837745968726/series_004_3_CR/A2504222617 DXA/CR DXA/CR000000.dcm,C:\Users\Андрей\Desktop\Хакатон\Исследования\2.25.78999454687125053757525542837745968726\series_004_3_CR\A2504222617 DXA\CR DXA\CR000000.dcm,unique_suffix,csv_relative_path
Размеченные,C:\Users\Андрей\Desktop\Хакатон\Размеченные\labels.csv,222,1.2.840.113619.2.110.512719.20250403090444/series_004_3_CR/DXA/CR DXA/2.25.78999454687125053757525542837745968726/series_004_3_CR/A2504222617 DXA/CR DXA/CR000001.dcm,output/1.2.840.113619.2.110.512719.20250403090444/series_004_3_CR/DXA/CR DXA/2.25.78999454687125053757525542837745968726/series_004_3_CR/A2504222617 DXA/CR DXA/CR000001.dcm,LEG,,,2026-09-16T16:22:01,1.2.643.5.1.13.13.12.2.77.8252.07150713040501120002001009141410,2.25.78999454687125053757525542837745968726/series_004_3_CR/A2504222617 DXA/CR DXA/CR000001.dcm,C:\Users\Андрей\Desktop\Хакатон\Исследования\2.25.78999454687125053757525542837745968726\series_004_3_CR\A2504222617 DXA\CR DXA\CR000001.dcm,unique_suffix,csv_relative_path
Размеченные,C:\Users\Андрей\Desktop\Хакатон\Размеченные\labels.csv,223,1.2.840.113619.2.110.512719.20250403090444/series_004_3_CR/DXA/CR DXA/2.25.78999454687125053757525542837745968726/series_004_3_CR/A2504222617 DXA/CR DXA/CR000002.dcm,output/1.2.840.113619.2.110.512719.20250403090444/series_004_3_CR/DXA/CR DXA/2.25.78999454687125053757525542837745968726/series_004_3_CR/A2504222617 DXA/CR DXA/CR000002.dcm,SPINE,,,2026-09-16T16:22:10,1.2.643.5.1.13.13.12.2.77.8252.11011500050713141305050211140308,2.25.78999454687125053757525542837745968726/series_004_3_CR/A2504222617 DXA/CR DXA/CR000002.dcm,C:\Users\Андрей\Desktop\Хакатон\Исследования\2.25.78999454687125053757525542837745968726\series_004_3_CR\A2504222617 DXA\CR DXA\CR000002.dcm,unique_suffix,csv_relative_path
Размеченные,C:\Users\Андрей\Desktop\Хакатон\Размеченные\labels.csv,224,1.2.840.113619.2.110.512719.20250403090444/series_004_3_CR/DXA/CR DXA/2.25.82912555346523716720160717883917565880/series_002_2_CR/A2504149480 DXA/CR DXA/CR000000.dcm,output/1.2.840.113619.2.110.512719.20250403090444/series_004_3_CR/DXA/CR DXA/2.25.82912555346523716720160717883917565880/series_002_2_CR/A2504149480 DXA/CR DXA/CR000000.dcm,LEG,,,2026-09-16T16:22:17,1.2.643.5.1.13.13.12.2.77.8252.15121403061107000609060400100413,2.25.82912555346523716720160717883917565880/series_002_2_CR/A2504149480 DXA/CR DXA/CR000000.dcm,C:\Users\Андрей\Desktop\Хакатон\Исследования\2.25.82912555346523716720160717883917565880\series_002_2_CR\A2504149480 DXA\CR DXA\CR000000.dcm,unique_suffix,csv_relative_path
Размеченные,C:\Users\Андрей\Desktop\Хакатон\Размеченные\labels.csv,225,1.2.840.113619.2.110.512719.20250403090444/series_004_3_CR/DXA/CR DXA/2.25.82912555346523716720160717883917565880/series_002_2_CR/A2504149480 DXA/CR DXA/CR000001.dcm,output/1.2.840.113619.2.110.512719.20250403090444/series_004_3_CR/DXA/CR DXA/2.25.82912555346523716720160717883917565880/series_002_2_CR/A2504149480 DXA/CR DXA/CR000001.dcm,SPINE,,,2026-09-16T16:22:21,1.2.643.5.1.13.13.12.2.77.8252.14111212050609060202121515040103,2.25.82912555346523716720160717883917565880/series_002_2_CR/A2504149480 DXA/CR DXA/CR000001.dcm,C:\Users\Андрей\Desktop\Хакатон\Исследования\2.25.82912555346523716720160717883917565880\series_002_2_CR\A2504149480 DXA\CR DXA\CR000001.dcm,unique_suffix,csv_relative_path
Размеченные,C:\Users\Андрей\Desktop\Хакатон\Размеченные\labels.csv,226,1.2.840.113619.2.110.512719.20250403090444/series_004_3_CR/DXA/CR DXA/2.25.82912555346523716720160717883917565880/series_002_2_CR/A2504149480 DXA/CR DXA/CR000002.dcm,output/1.2.840.113619.2.110.512719.20250403090444/series_004_3_CR/DXA/CR DXA/2.25.82912555346523716720160717883917565880/series_002_2_CR/A2504149480 DXA/CR DXA/CR000002.dcm,LEG,,,2026-09-16T16:22:23,1.2.643.5.1.13.13.12.2.77.8252.07130510130614040904060413131200,2.25.82912555346523716720160717883917565880/series_002_2_CR/A2504149480 DXA/CR DXA/CR000002.dcm,C:\Users\Андрей\Desktop\Хакатон\Исследования\2.25.82912555346523716720160717883917565880\series_002_2_CR\A2504149480 DXA\CR DXA\CR000002.dcm,unique_suffix,csv_relative_path
Размеченные,C:\Users\Андрей\Desktop\Хакатон\Размеченные\labels.csv,227,1.2.840.113619.2.110.512719.20250403090444/series_004_3_CR/DXA/CR DXA/2.25.82912555346523716720160717883917565880/series_002_2_CR/A2504149480 DXA/CR DXA/CR000003.dcm,output/1.2.840.113619.2.110.512719.20250403090444/series_004_3_CR/DXA/CR DXA/2.25.82912555346523716720160717883917565880/series_002_2_CR/A2504149480 DXA/CR DXA/CR000003.dcm,LEG,,,2026-09-16T16:22:25,1.2.643.5.1.13.13.12.2.77.8252.06060810060308150905140912050013,2.25.82912555346523716720160717883917565880/series_002_2_CR/A2504149480 DXA/CR DXA/CR000003.dcm,C:\Users\Андрей\Desktop\Хакатон\Исследования\2.25.82912555346523716720160717883917565880\series_002_2_CR\A2504149480 DXA\CR DXA\CR000003.dcm,unique_suffix,csv_relative_path
Размеченные,C:\Users\Андрей\Desktop\Хакатон\Размеченные\labels.csv,228,1.2.840.113619.2.110.512719.20250403090444/series_004_3_CR/DXA/CR DXA/2.25.82912555346523716720160717883917565880/series_002_2_CR/A2504149480 DXA/CR DXA/CR000004.dcm,output/1.2.840.113619.2.110.512719.20250403090444/series_004_3_CR/DXA/CR DXA/2.25.82912555346523716720160717883917565880/series_002_2_CR/A2504149480 DXA/CR DXA/CR000004.dcm,LEG,,,2026-09-16T16:22:27,1.2.643.5.1.13.13.12.2.77.8252.13130903011502030304101506090814,2.25.82912555346523716720160717883917565880/series_002_2_CR/A2504149480 DXA/CR DXA/CR000004.dcm,C:\Users\Андрей\Desktop\Хакатон\Исследования\2.25.82912555346523716720160717883917565880\series_002_2_CR\A2504149480 DXA\CR DXA\CR000004.dcm,unique_suffix,csv_relative_path
Размеченные,C:\Users\Андрей\Desktop\Хакатон\Размеченные\labels.csv,229,1.2.840.113619.2.110.512719.20250403090444/series_004_3_CR/DXA/CR DXA/2.25.82912555346523716720160717883917565880/series_002_2_CR/A2504149480 DXA/CR DXA/CR000005.dcm,output/1.2.840.113619.2.110.512719.20250403090444/series_004_3_CR/DXA/CR DXA/2.25.82912555346523716720160717883917565880/series_002_2_CR/A2504149480 DXA/CR DXA/CR000005.dcm,SPINE,,,2026-09-16T16:22:28,1.2.643.5.1.13.13.12.2.77.8252.15001111061311011106030303001309,2.25.82912555346523716720160717883917565880/series_002_2_CR/A2504149480 DXA/CR DXA/CR000005.dcm,C:\Users\Андрей\Desktop\Хакатон\Исследования\2.25.82912555346523716720160717883917565880\series_002_2_CR\A2504149480 DXA\CR DXA\CR000005.dcm,unique_suffix,csv_relative_path
Размеченные,C:\Users\Андрей\Desktop\Хакатон\Размеченные\labels.csv,230,1.2.840.113619.2.110.512719.20250403090444/series_004_3_CR/DXA/CR DXA/2.25.87718478011637131470224319788530286374/series_002_2_CR/A2504337993 DXA/CR DXA/CR000000.dcm,output/1.2.840.113619.2.110.512719.20250403090444/series_004_3_CR/DXA/CR DXA/2.25.87718478011637131470224319788530286374/series_002_2_CR/A2504337993 DXA/CR DXA/CR000000.dcm,SPINE,,,2026-09-16T16:22:30,1.2.643.5.1.13.13.12.2.77.8252.10041006131411151513070104110809,2.25.87718478011637131470224319788530286374/series_002_2_CR/A2504337993 DXA/CR DXA/CR000000.dcm,C:\Users\Андрей\Desktop\Хакатон\Исследования\2.25.87718478011637131470224319788530286374\series_002_2_CR\A2504337993 DXA\CR DXA\CR000000.dcm,unique_suffix,csv_relative_path
Размеченные,C:\Users\Андрей\Desktop\Хакатон\Размеченные\labels.csv,231,1.2.840.113619.2.110.512719.20250403090444/series_004_3_CR/DXA/CR DXA/2.25.87869906212286587478854831452123526595/series_002_2_CR/A250419699 DXA/CR DXA/CR000000.dcm,output/1.2.840.113619.2.110.512719.20250403090444/series_004_3_CR/DXA/CR DXA/2.25.87869906212286587478854831452123526595/series_002_2_CR/A250419699 DXA/CR DXA/CR000000.dcm,LEG,,,2026-09-16T16:22:32,1.2.643.5.1.13.13.12.2.77.8252.06111209081313111015020309051508,2.25.87869906212286587478854831452123526595/series_002_2_CR/A250419699 DXA/CR DXA/CR000000.dcm,C:\Users\Андрей\Desktop\Хакатон\Исследования\2.25.87869906212286587478854831452123526595\series_002_2_CR\A250419699 DXA\CR DXA\CR000000.dcm,unique_suffix,csv_relative_path
Размеченные,C:\Users\Андрей\Desktop\Хакатон\Размеченные\labels.csv,232,1.2.840.113619.2.110.512719.20250403090444/series_004_3_CR/DXA/CR DXA/2.25.87869906212286587478854831452123526595/series_002_2_CR/A250419699 DXA/CR DXA/CR000001.dcm,output/1.2.840.113619.2.110.512719.20250403090444/series_004_3_CR/DXA/CR DXA/2.25.87869906212286587478854831452123526595/series_002_2_CR/A250419699 DXA/CR DXA/CR000001.dcm,SPINE,,,2026-09-16T16:22:34,1.2.643.5.1.13.13.12.2.77.8252.04050904100201141507070306131511,2.25.87869906212286587478854831452123526595/series_002_2_CR/A250419699 DXA/CR DXA/CR000001.dcm,C:\Users\Андрей\Desktop\Хакатон\Исследования\2.25.87869906212286587478854831452123526595\series_002_2_CR\A250419699 DXA\CR DXA\CR000001.dcm,unique_suffix,csv_relative_path
Размеченные,C:\Users\Андрей\Desktop\Хакатон\Размеченные\labels.csv,233,1.2.840.113619.2.110.512719.20250403090444/series_004_3_CR/DXA/CR DXA/2.25.87869906212286587478854831452123526595/series_002_2_CR/A250419699 DXA/CR DXA/CR000002.dcm,output/1.2.840.113619.2.110.512719.20250403090444/series_004_3_CR/DXA/CR DXA/2.25.87869906212286587478854831452123526595/series_002_2_CR/A250419699 DXA/CR DXA/CR000002.dcm,LEG,,,2026-09-16T16:22:37,1.2.643.5.1.13.13.12.2.77.8252.15101115041306031303150405131115,2.25.87869906212286587478854831452123526595/series_002_2_CR/A250419699 DXA/CR DXA/CR000002.dcm,C:\Users\Андрей\Desktop\Хакатон\Исследования\2.25.87869906212286587478854831452123526595\series_002_2_CR\A250419699 DXA\CR DXA\CR000002.dcm,unique_suffix,csv_relative_path
Размеченные,C:\Users\Андрей\Desktop\Хакатон\Размеченные\labels.csv,234,1.2.840.113619.2.110.512719.20250403090444/series_004_3_CR/DXA/CR DXA/2.25.91981043841368764114007975581101713077/series_003_2_CR/A250496619 DXA/CR DXA/CR000000.dcm,output/1.2.840.113619.2.110.512719.20250403090444/series_004_3_CR/DXA/CR DXA/2.25.91981043841368764114007975581101713077/series_003_2_CR/A250496619 DXA/CR DXA/CR000000.dcm,LEG,,,2026-09-16T16:22:38,1.2.643.5.1.13.13.12.2.77.8252.08061201060114131102110802141411,2.25.91981043841368764114007975581101713077/series_003_2_CR/A250496619 DXA/CR DXA/CR000000.dcm,C:\Users\Андрей\Desktop\Хакатон\Исследования\2.25.91981043841368764114007975581101713077\series_003_2_CR\A250496619 DXA\CR DXA\CR000000.dcm,unique_suffix,csv_relative_path
Размеченные,C:\Users\Андрей\Desktop\Хакатон\Размеченные\labels.csv,235,1.2.840.113619.2.110.512719.20250403090444/series_004_3_CR/DXA/CR DXA/2.25.91981043841368764114007975581101713077/series_003_2_CR/A250496619 DXA/CR DXA/CR000001.dcm,output/1.2.840.113619.2.110.512719.20250403090444/series_004_3_CR/DXA/CR DXA/2.25.91981043841368764114007975581101713077/series_003_2_CR/A250496619 DXA/CR DXA/CR000001.dcm,LEG,,,2026-09-16T16:22:40,1.2.643.5.1.13.13.12.2.77.8252.04141409090807040100020211061514,2.25.91981043841368764114007975581101713077/series_003_2_CR/A250496619 DXA/CR DXA/CR000001.dcm,C:\Users\Андрей\Desktop\Хакатон\Исследования\2.25.91981043841368764114007975581101713077\series_003_2_CR\A250496619 DXA\CR DXA\CR000001.dcm,unique_suffix,csv_relative_path
Размеченные,C:\Users\Андрей\Desktop\Хакатон\Размеченные\labels.csv,236,1.2.840.113619.2.110.512719.20250403090444/series_004_3_CR/DXA/CR DXA/2.25.91981043841368764114007975581101713077/series_003_2_CR/A250496619 DXA/CR DXA/CR000002.dcm,output/1.2.840.113619.2.110.512719.20250403090444/series_004_3_CR/DXA/CR DXA/2.25.91981043841368764114007975581101713077/series_003_2_CR/A250496619 DXA/CR DXA/CR000002.dcm,LEG,,,2026-09-16T16:22:42,1.2.643.5.1.13.13.12.2.77.8252.04000607141411061507120106050309,2.25.91981043841368764114007975581101713077/series_003_2_CR/A250496619 DXA/CR DXA/CR000002.dcm,C:\Users\Андрей\Desktop\Хакатон\Исследования\2.25.91981043841368764114007975581101713077\series_003_2_CR\A250496619 DXA\CR DXA\CR000002.dcm,unique_suffix,csv_relative_path
Размеченные,C:\Users\Андрей\Desktop\Хакатон\Размеченные\labels.csv,237,1.2.840.113619.2.110.512719.20250403090444/series_004_3_CR/DXA/CR DXA/2.25.91981043841368764114007975581101713077/series_003_2_CR/A250496619 DXA/CR DXA/CR000003.dcm,output/1.2.840.113619.2.110.512719.20250403090444/series_004_3_CR/DXA/CR DXA/2.25.91981043841368764114007975581101713077/series_003_2_CR/A250496619 DXA/CR DXA/CR000003.dcm,LEG,,,2026-09-16T16:22:43,1.2.643.5.1.13.13.12.2.77.8252.03130309141409040708100214070815,2.25.91981043841368764114007975581101713077/series_003_2_CR/A250496619 DXA/CR DXA/CR000003.dcm,C:\Users\Андрей\Desktop\Хакатон\Исследования\2.25.91981043841368764114007975581101713077\series_003_2_CR\A250496619 DXA\CR DXA\CR000003.dcm,unique_suffix,csv_relative_path
Размеченные,C:\Users\Андрей\Desktop\Хакатон\Размеченные\labels.csv,238,1.2.840.113619.2.110.512719.20250403090444/series_004_3_CR/DXA/CR DXA/2.25.91981043841368764114007975581101713077/series_003_2_CR/A250496619 DXA/CR DXA/CR000004.dcm,output/1.2.840.113619.2.110.512719.20250403090444/series_004_3_CR/DXA/CR DXA/2.25.91981043841368764114007975581101713077/series_003_2_CR/A250496619 DXA/CR DXA/CR000004.dcm,SPINE,,,2026-09-16T16:22:45,1.2.643.5.1.13.13.12.2.77.8252.07021003040810040809000711080701,2.25.91981043841368764114007975581101713077/series_003_2_CR/A250496619 DXA/CR DXA/CR000004.dcm,C:\Users\Андрей\Desktop\Хакатон\Исследования\2.25.91981043841368764114007975581101713077\series_003_2_CR\A250496619 DXA\CR DXA\CR000004.dcm,unique_suffix,csv_relative_path
Размеченные,C:\Users\Андрей\Desktop\Хакатон\Размеченные\labels.csv,239,1.2.840.113619.2.110.512719.20250403090444/series_004_3_CR/DXA/CR DXA/2.25.91981043841368764114007975581101713077/series_003_2_CR/A250496619 DXA/CR DXA/CR000005.dcm,output/1.2.840.113619.2.110.512719.20250403090444/series_004_3_CR/DXA/CR DXA/2.25.91981043841368764114007975581101713077/series_003_2_CR/A250496619 DXA/CR DXA/CR000005.dcm,LEG,,,2026-09-16T16:22:46,1.2.643.5.1.13.13.12.2.77.8252.04111101091200130111070203120509,2.25.91981043841368764114007975581101713077/series_003_2_CR/A250496619 DXA/CR DXA/CR000005.dcm,C:\Users\Андрей\Desktop\Хакатон\Исследования\2.25.91981043841368764114007975581101713077\series_003_2_CR\A250496619 DXA\CR DXA\CR000005.dcm,unique_suffix,csv_relative_path
Размеченные,C:\Users\Андрей\Desktop\Хакатон\Размеченные\labels.csv,240,1.2.840.113619.2.110.512719.20250403090444/series_004_3_CR/DXA/CR DXA/2.25.91981043841368764114007975581101713077/series_003_2_CR/A250496619 DXA/CR DXA/CR000006.dcm,output/1.2.840.113619.2.110.512719.20250403090444/series_004_3_CR/DXA/CR DXA/2.25.91981043841368764114007975581101713077/series_003_2_CR/A250496619 DXA/CR DXA/CR000006.dcm,LEG,,,2026-09-16T16:22:47,1.2.643.5.1.13.13.12.2.77.8252.04141300131506141004121211120710,2.25.91981043841368764114007975581101713077/series_003_2_CR/A250496619 DXA/CR DXA/CR000006.dcm,C:\Users\Андрей\Desktop\Хакатон\Исследования\2.25.91981043841368764114007975581101713077\series_003_2_CR\A250496619 DXA\CR DXA\CR000006.dcm,unique_suffix,csv_relative_path
Размеченные,C:\Users\Андрей\Desktop\Хакатон\Размеченные\labels.csv,241,1.2.840.113619.2.110.512719.20250403090444/series_004_3_CR/DXA/CR DXA/2.25.91981043841368764114007975581101713077/series_003_2_CR/A250496619 DXA/CR DXA/CR000007.dcm,output/1.2.840.113619.2.110.512719.20250403090444/series_004_3_CR/DXA/CR DXA/2.25.91981043841368764114007975581101713077/series_003_2_CR/A250496619 DXA/CR DXA/CR000007.dcm,LEG,,,2026-09-16T16:22:49,1.2.643.5.1.13.13.12.2.77.8252.09031306140406050914091115001515,2.25.91981043841368764114007975581101713077/series_003_2_CR/A250496619 DXA/CR DXA/CR000007.dcm,C:\Users\Андрей\Desktop\Хакатон\Исследования\2.25.91981043841368764114007975581101713077\series_003_2_CR\A250496619 DXA\CR DXA\CR000007.dcm,unique_suffix,csv_relative_path
Размеченные,C:\Users\Андрей\Desktop\Хакатон\Размеченные\labels.csv,242,1.2.840.113619.2.110.512719.20250403090444/series_004_3_CR/DXA/CR DXA/2.25.91981043841368764114007975581101713077/series_003_2_CR/A250496619 DXA/CR DXA/CR000008.dcm,output/1.2.840.113619.2.110.512719.20250403090444/series_004_3_CR/DXA/CR DXA/2.25.91981043841368764114007975581101713077/series_003_2_CR/A250496619 DXA/CR DXA/CR000008.dcm,LEG,,,2026-09-16T16:22:51,1.2.643.5.1.13.13.12.2.77.8252.03070910041410130909021014090904,2.25.91981043841368764114007975581101713077/series_003_2_CR/A250496619 DXA/CR DXA/CR000008.dcm,C:\Users\Андрей\Desktop\Хакатон\Исследования\2.25.91981043841368764114007975581101713077\series_003_2_CR\A250496619 DXA\CR DXA\CR000008.dcm,unique_suffix,csv_relative_path
Размеченные,C:\Users\Андрей\Desktop\Хакатон\Размеченные\labels.csv,243,1.2.840.113619.2.110.512719.20250403090444/series_004_3_CR/DXA/CR DXA/2.25.91981043841368764114007975581101713077/series_003_2_CR/A250496619 DXA/CR DXA/CR000009.dcm,output/1.2.840.113619.2.110.512719.20250403090444/series_004_3_CR/DXA/CR DXA/2.25.91981043841368764114007975581101713077/series_003_2_CR/A250496619 DXA/CR DXA/CR000009.dcm,SPINE,,,2026-09-16T16:22:52,1.2.643.5.1.13.13.12.2.77.8252.01031400050508070812091015000904,2.25.91981043841368764114007975581101713077/series_003_2_CR/A250496619 DXA/CR DXA/CR000009.dcm,C:\Users\Андрей\Desktop\Хакатон\Исследования\2.25.91981043841368764114007975581101713077\series_003_2_CR\A250496619 DXA\CR DXA\CR000009.dcm,unique_suffix,csv_relative_path
Размеченные,C:\Users\Андрей\Desktop\Хакатон\Размеченные\labels.csv,244,1.2.840.113619.2.110.512719.20250403090444/series_004_3_CR/DXA/CR DXA/2.25.91981043841368764114007975581101713077/series_003_2_CR/A250496619 DXA/CR DXA/CR000010.dcm,output/1.2.840.113619.2.110.512719.20250403090444/series_004_3_CR/DXA/CR DXA/2.25.91981043841368764114007975581101713077/series_003_2_CR/A250496619 DXA/CR DXA/CR000010.dcm,SPINE,,,2026-09-16T16:22:54,1.2.643.5.1.13.13.12.2.77.8252.07120905081404061009060805020905,2.25.91981043841368764114007975581101713077/series_003_2_CR/A250496619 DXA/CR DXA/CR000010.dcm,C:\Users\Андрей\Desktop\Хакатон\Исследования\2.25.91981043841368764114007975581101713077\series_003_2_CR\A250496619 DXA\CR DXA\CR000010.dcm,unique_suffix,csv_relative_path
Размеченные,C:\Users\Андрей\Desktop\Хакатон\Размеченные\labels.csv,245,1.2.840.113619.2.110.512719.20250403090444/series_004_3_CR/DXA/CR DXA/2.25.91981043841368764114007975581101713077/series_003_2_CR/A250496619 DXA/CR DXA/CR000011.dcm,output/1.2.840.113619.2.110.512719.20250403090444/series_004_3_CR/DXA/CR DXA/2.25.91981043841368764114007975581101713077/series_003_2_CR/A250496619 DXA/CR DXA/CR000011.dcm,LEG,,,2026-09-16T16:22:55,1.2.643.5.1.13.13.12.2.77.8252.07130502151014041012130400130108,2.25.91981043841368764114007975581101713077/series_003_2_CR/A250496619 DXA/CR DXA/CR000011.dcm,C:\Users\Андрей\Desktop\Хакатон\Исследования\2.25.91981043841368764114007975581101713077\series_003_2_CR\A250496619 DXA\CR DXA\CR000011.dcm,unique_suffix,csv_relative_path
Размеченные,C:\Users\Андрей\Desktop\Хакатон\Размеченные\labels.csv,246,1.2.840.113619.2.110.512719.20250403090444/series_004_3_CR/DXA/CR DXA/CR000000.dcm,output/1.2.840.113619.2.110.512719.20250403090444/series_004_3_CR/DXA/CR DXA/CR000000.dcm,SPINE,,,2026-09-16T17:10:51,1.2.643.5.1.13.13.12.2.77.8252.14031015091008031013040205110915,1.2.840.113619.2.110.512719.20250403090444/series_004_3_CR/DXA/CR DXA/CR000000.dcm,C:\Users\Андрей\Desktop\Хакатон\Исследования\1.2.840.113619.2.110.512719.20250403090444\series_004_3_CR\DXA\CR DXA\CR000000.dcm,exact_path,csv_relative_path
Размеченные,C:\Users\Андрей\Desktop\Хакатон\Размеченные\labels.csv,247,1.2.840.113619.2.110.512719.20250403090444/series_004_3_CR/DXA/CR DXA/CR000001.dcm,output/1.2.840.113619.2.110.512719.20250403090444/series_004_3_CR/DXA/CR DXA/CR000001.dcm,LEG,,,2026-09-16T17:10:53,1.2.643.5.1.13.13.12.2.77.8252.03030811151201151502050615010000,1.2.840.113619.2.110.512719.20250403090444/series_004_3_CR/DXA/CR DXA/CR000001.dcm,C:\Users\Андрей\Desktop\Хакатон\Исследования\1.2.840.113619.2.110.512719.20250403090444\series_004_3_CR\DXA\CR DXA\CR000001.dcm,exact_path,csv_relative_path
Размеченные,C:\Users\Андрей\Desktop\Хакатон\Размеченные\labels.csv,248,1.2.840.113619.2.110.512719.20250403090444/series_004_3_CR/DXA/CR DXA/CR000002.dcm,output/1.2.840.113619.2.110.512719.20250403090444/series_004_3_CR/DXA/CR DXA/CR000002.dcm,LEG,,,2026-09-16T17:10:55,1.2.643.5.1.13.13.12.2.77.8252.06000812101106141213041404150112,1.2.840.113619.2.110.512719.20250403090444/series_004_3_CR/DXA/CR DXA/CR000002.dcm,C:\Users\Андрей\Desktop\Хакатон\Исследования\1.2.840.113619.2.110.512719.20250403090444\series_004_3_CR\DXA\CR DXA\CR000002.dcm,exact_path,csv_relative_path
Размеченные,C:\Users\Андрей\Desktop\Хакатон\Размеченные\labels.csv,249,1.2.840.113619.2.110.512719.20250403090444/series_004_3_CR/DXA/CR DXA/CR000003.dcm,output/1.2.840.113619.2.110.512719.20250403090444/series_004_3_CR/DXA/CR DXA/CR000003.dcm,LEG,,,2026-09-16T17:10:58,1.2.643.5.1.13.13.12.2.77.8252.10130209021503050013090302090705,1.2.840.113619.2.110.512719.20250403090444/series_004_3_CR/DXA/CR DXA/CR000003.dcm,C:\Users\Андрей\Desktop\Хакатон\Исследования\1.2.840.113619.2.110.512719.20250403090444\series_004_3_CR\DXA\CR DXA\CR000003.dcm,exact_path,csv_relative_path
Размеченные,C:\Users\Андрей\Desktop\Хакатон\Размеченные\labels.csv,250,1.2.840.113619.2.110.512719.20250403090444/series_004_3_CR/DXA/CR DXA/CR000004.dcm,output/1.2.840.113619.2.110.512719.20250403090444/series_004_3_CR/DXA/CR DXA/CR000004.dcm,LEG,,,2026-09-16T17:11:00,1.2.643.5.1.13.13.12.2.77.8252.13011105091309080008130511041109,1.2.840.113619.2.110.512719.20250403090444/series_004_3_CR/DXA/CR DXA/CR000004.dcm,C:\Users\Андрей\Desktop\Хакатон\Исследования\1.2.840.113619.2.110.512719.20250403090444\series_004_3_CR\DXA\CR DXA\CR000004.dcm,exact_path,csv_relative_path
Размеченные,C:\Users\Андрей\Desktop\Хакатон\Размеченные\labels.csv,251,1.2.840.113619.2.110.512719.20250403090444/series_004_3_CR/DXA/CR DXA/CR000005.dcm,output/1.2.840.113619.2.110.512719.20250403090444/series_004_3_CR/DXA/CR DXA/CR000005.dcm,SPINE,,,2026-09-16T17:11:01,1.2.643.5.1.13.13.12.2.77.8252.04131215000514000414051510091103,1.2.840.113619.2.110.512719.20250403090444/series_004_3_CR/DXA/CR DXA/CR000005.dcm,C:\Users\Андрей\Desktop\Хакатон\Исследования\1.2.840.113619.2.110.512719.20250403090444\series_004_3_CR\DXA\CR DXA\CR000005.dcm,exact_path,csv_relative_path
Размеченные,C:\Users\Андрей\Desktop\Хакатон\Размеченные\labels.csv,252,1.2.840.113619.2.110.512719.20250403092052/series_003_3_CR/DXA/CR DXA/CR000000.dcm,output/1.2.840.113619.2.110.512719.20250403092052/series_003_3_CR/DXA/CR DXA/CR000000.dcm,LEG,,,2026-09-16T16:22:56,1.2.643.5.1.13.13.12.2.77.8252.06140010030611061314081200121305,1.2.840.113619.2.110.512719.20250403092052/series_003_3_CR/DXA/CR DXA/CR000000.dcm,C:\Users\Андрей\Desktop\Хакатон\Исследования\1.2.840.113619.2.110.512719.20250403092052\series_003_3_CR\DXA\CR DXA\CR000000.dcm,exact_path,csv_relative_path
Размеченные,C:\Users\Андрей\Desktop\Хакатон\Размеченные\labels.csv,253,1.2.840.113619.2.110.512719.20250403092052/series_003_3_CR/DXA/CR DXA/CR000001.dcm,output/1.2.840.113619.2.110.512719.20250403092052/series_003_3_CR/DXA/CR DXA/CR000001.dcm,SPINE,,,2026-09-16T16:22:58,1.2.643.5.1.13.13.12.2.77.8252.09050515110402090102050206010406,1.2.840.113619.2.110.512719.20250403092052/series_003_3_CR/DXA/CR DXA/CR000001.dcm,C:\Users\Андрей\Desktop\Хакатон\Исследования\1.2.840.113619.2.110.512719.20250403092052\series_003_3_CR\DXA\CR DXA\CR000001.dcm,exact_path,csv_relative_path
Размеченные,C:\Users\Андрей\Desktop\Хакатон\Размеченные\labels.csv,254,1.2.840.113619.2.110.512719.20250403092052/series_003_3_CR/DXA/CR DXA/CR000002.dcm,output/1.2.840.113619.2.110.512719.20250403092052/series_003_3_CR/DXA/CR DXA/CR000002.dcm,LEG,,,2026-09-16T16:23:00,1.2.643.5.1.13.13.12.2.77.8252.09040712010609120601031410140610,1.2.840.113619.2.110.512719.20250403092052/series_003_3_CR/DXA/CR DXA/CR000002.dcm,C:\Users\Андрей\Desktop\Хакатон\Исследования\1.2.840.113619.2.110.512719.20250403092052\series_003_3_CR\DXA\CR DXA\CR000002.dcm,exact_path,csv_relative_path
Размеченные,C:\Users\Андрей\Desktop\Хакатон\Размеченные\labels.csv,255,1.2.840.113619.2.110.512719.20250403092052/series_003_3_CR/DXA/CR DXA/CR000003.dcm,output/1.2.840.113619.2.110.512719.20250403092052/series_003_3_CR/DXA/CR DXA/CR000003.dcm,LEG,,,2026-09-16T16:23:01,1.2.643.5.1.13.13.12.2.77.8252.07120303070106110214090814060908,1.2.840.113619.2.110.512719.20250403092052/series_003_3_CR/DXA/CR DXA/CR000003.dcm,C:\Users\Андрей\Desktop\Хакатон\Исследования\1.2.840.113619.2.110.512719.20250403092052\series_003_3_CR\DXA\CR DXA\CR000003.dcm,exact_path,csv_relative_path
Размеченные,C:\Users\Андрей\Desktop\Хакатон\Размеченные\labels.csv,256,1.2.840.113619.2.110.512719.20250403092052/series_003_3_CR/DXA/CR DXA/CR000004.dcm,output/1.2.840.113619.2.110.512719.20250403092052/series_003_3_CR/DXA/CR DXA/CR000004.dcm,LEG,,,2026-09-16T16:23:03,1.2.643.5.1.13.13.12.2.77.8252.14060811030909110008140112131212,1.2.840.113619.2.110.512719.20250403092052/series_003_3_CR/DXA/CR DXA/CR000004.dcm,C:\Users\Андрей\Desktop\Хакатон\Исследования\1.2.840.113619.2.110.512719.20250403092052\series_003_3_CR\DXA\CR DXA\CR000004.dcm,exact_path,csv_relative_path
Размеченные,C:\Users\Андрей\Desktop\Хакатон\Размеченные\labels.csv,257,1.2.840.113619.2.110.512719.20250403092052/series_003_3_CR/DXA/CR DXA/CR000005.dcm,output/1.2.840.113619.2.110.512719.20250403092052/series_003_3_CR/DXA/CR DXA/CR000005.dcm,SPINE,,,2026-09-16T16:23:05,1.2.643.5.1.13.13.12.2.77.8252.06111207031100151513000412070105,1.2.840.113619.2.110.512719.20250403092052/series_003_3_CR/DXA/CR DXA/CR000005.dcm,C:\Users\Андрей\Desktop\Хакатон\Исследования\1.2.840.113619.2.110.512719.20250403092052\series_003_3_CR\DXA\CR DXA\CR000005.dcm,exact_path,csv_relative_path
Размеченные,C:\Users\Андрей\Desktop\Хакатон\Размеченные\labels.csv,258,1.2.840.113619.2.110.512719.20250407113211/series_001_2_CR/DXA/CR DXA/CR000000.dcm,output/1.2.840.113619.2.110.512719.20250407113211/series_001_2_CR/DXA/CR DXA/CR000000.dcm,LEG,,,2026-09-16T16:23:07,1.2.643.5.1.13.13.12.2.77.8252.07140808121311040315101301051200,1.2.840.113619.2.110.512719.20250407113211/series_001_2_CR/DXA/CR DXA/CR000000.dcm,C:\Users\Андрей\Desktop\Хакатон\Исследования\1.2.840.113619.2.110.512719.20250407113211\series_001_2_CR\DXA\CR DXA\CR000000.dcm,exact_path,csv_relative_path
Размеченные,C:\Users\Андрей\Desktop\Хакатон\Размеченные\labels.csv,259,1.2.840.113619.2.110.512719.20250407113211/series_001_2_CR/DXA/CR DXA/CR000001.dcm,output/1.2.840.113619.2.110.512719.20250407113211/series_001_2_CR/DXA/CR DXA/CR000001.dcm,LEG,,,2026-09-16T16:23:25,1.2.643.5.1.13.13.12.2.77.8252.10011302120900111505101501141402,1.2.840.113619.2.110.512719.20250407113211/series_001_2_CR/DXA/CR DXA/CR000001.dcm,C:\Users\Андрей\Desktop\Хакатон\Исследования\1.2.840.113619.2.110.512719.20250407113211\series_001_2_CR\DXA\CR DXA\CR000001.dcm,exact_path,csv_relative_path
Размеченные,C:\Users\Андрей\Desktop\Хакатон\Размеченные\labels.csv,260,1.2.840.113619.2.110.512719.20250407113211/series_001_2_CR/DXA/CR DXA/CR000002.dcm,output/1.2.840.113619.2.110.512719.20250407113211/series_001_2_CR/DXA/CR DXA/CR000002.dcm,LEG,,,2026-09-16T16:24:30,1.2.643.5.1.13.13.12.2.77.8252.03030413031313090107050002151508,1.2.840.113619.2.110.512719.20250407113211/series_001_2_CR/DXA/CR DXA/CR000002.dcm,C:\Users\Андрей\Desktop\Хакатон\Исследования\1.2.840.113619.2.110.512719.20250407113211\series_001_2_CR\DXA\CR DXA\CR000002.dcm,exact_path,csv_relative_path
Размеченные,C:\Users\Андрей\Desktop\Хакатон\Размеченные\labels.csv,261,1.2.840.113619.2.110.512719.20250407113211/series_001_2_CR/DXA/CR DXA/CR000003.dcm,output/1.2.840.113619.2.110.512719.20250407113211/series_001_2_CR/DXA/CR DXA/CR000003.dcm,SPINE,,,2026-09-16T16:24:32,1.2.643.5.1.13.13.12.2.77.8252.13101207101114060008151413130115,1.2.840.113619.2.110.512719.20250407113211/series_001_2_CR/DXA/CR DXA/CR000003.dcm,C:\Users\Андрей\Desktop\Хакатон\Исследования\1.2.840.113619.2.110.512719.20250407113211\series_001_2_CR\DXA\CR DXA\CR000003.dcm,exact_path,csv_relative_path
Размеченные,C:\Users\Андрей\Desktop\Хакатон\Размеченные\labels.csv,262,1.2.840.113619.2.110.512719.20250407113211/series_001_2_CR/DXA/CR DXA/CR000004.dcm,output/1.2.840.113619.2.110.512719.20250407113211/series_001_2_CR/DXA/CR DXA/CR000004.dcm,SPINE,,,2026-09-16T16:30:25,1.2.643.5.1.13.13.12.2.77.8252.07150612000412081110110102150004,1.2.840.113619.2.110.512719.20250407113211/series_001_2_CR/DXA/CR DXA/CR000004.dcm,C:\Users\Андрей\Desktop\Хакатон\Исследования\1.2.840.113619.2.110.512719.20250407113211\series_001_2_CR\DXA\CR DXA\CR000004.dcm,exact_path,csv_relative_path
Размеченные,C:\Users\Андрей\Desktop\Хакатон\Размеченные\labels.csv,263,1.2.840.113619.2.110.512719.20250407113211/series_001_2_CR/DXA/CR DXA/CR000005.dcm,output/1.2.840.113619.2.110.512719.20250407113211/series_001_2_CR/DXA/CR DXA/CR000005.dcm,LEG,,,2026-09-16T16:30:32,1.2.643.5.1.13.13.12.2.77.8252.08010006000103071201020606001302,1.2.840.113619.2.110.512719.20250407113211/series_001_2_CR/DXA/CR DXA/CR000005.dcm,C:\Users\Андрей\Desktop\Хакатон\Исследования\1.2.840.113619.2.110.512719.20250407113211\series_001_2_CR\DXA\CR DXA\CR000005.dcm,exact_path,csv_relative_path
Размеченные,C:\Users\Андрей\Desktop\Хакатон\Размеченные\labels.csv,264,2.25.10245777060263212829333021434108890537/series_003_2_CR/A2504412435 DXA/CR DXA/CR000000.dcm,output/2.25.10245777060263212829333021434108890537/series_003_2_CR/A2504412435 DXA/CR DXA/CR000000.dcm,LEG,,,2026-09-16T16:30:34,1.2.643.5.1.13.13.12.2.77.8252.07000215121313030213041009101409,2.25.10245777060263212829333021434108890537/series_003_2_CR/A2504412435 DXA/CR DXA/CR000000.dcm,C:\Users\Андрей\Desktop\Хакатон\Исследования\2.25.10245777060263212829333021434108890537\series_003_2_CR\A2504412435 DXA\CR DXA\CR000000.dcm,exact_path,csv_relative_path
Размеченные,C:\Users\Андрей\Desktop\Хакатон\Размеченные\labels.csv,265,2.25.10245777060263212829333021434108890537/series_003_2_CR/A2504412435 DXA/CR DXA/CR000001.dcm,output/2.25.10245777060263212829333021434108890537/series_003_2_CR/A2504412435 DXA/CR DXA/CR000001.dcm,SPINE,,,2026-09-16T16:30:35,1.2.643.5.1.13.13.12.2.77.8252.14131410040814100713070401091213,2.25.10245777060263212829333021434108890537/series_003_2_CR/A2504412435 DXA/CR DXA/CR000001.dcm,C:\Users\Андрей\Desktop\Хакатон\Исследования\2.25.10245777060263212829333021434108890537\series_003_2_CR\A2504412435 DXA\CR DXA\CR000001.dcm,exact_path,csv_relative_path
Размеченные,C:\Users\Андрей\Desktop\Хакатон\Размеченные\labels.csv,266,2.25.10245777060263212829333021434108890537/series_003_2_CR/A2504412435 DXA/CR DXA/CR000002.dcm,output/2.25.10245777060263212829333021434108890537/series_003_2_CR/A2504412435 DXA/CR DXA/CR000002.dcm,LEG,,,2026-09-16T16:30:37,1.2.643.5.1.13.13.12.2.77.8252.03081500040505121009070211080902,2.25.10245777060263212829333021434108890537/series_003_2_CR/A2504412435 DXA/CR DXA/CR000002.dcm,C:\Users\Андрей\Desktop\Хакатон\Исследования\2.25.10245777060263212829333021434108890537\series_003_2_CR\A2504412435 DXA\CR DXA\CR000002.dcm,exact_path,csv_relative_path
Размеченные,C:\Users\Андрей\Desktop\Хакатон\Размеченные\labels.csv,267,2.25.102755089973625799055786462646268820450/series_002_2_CR/A2504257770 DXA/CR DXA/CR000000.dcm,output/2.25.102755089973625799055786462646268820450/series_002_2_CR/A2504257770 DXA/CR DXA/CR000000.dcm,LEG,,,2026-09-16T16:34:24,1.2.643.5.1.13.13.12.2.77.8252.01140903011212140408111315130511,2.25.102755089973625799055786462646268820450/series_002_2_CR/A2504257770 DXA/CR DXA/CR000000.dcm,C:\Users\Андрей\Desktop\Хакатон\Исследования\2.25.102755089973625799055786462646268820450\series_002_2_CR\A2504257770 DXA\CR DXA\CR000000.dcm,exact_path,csv_relative_path
Размеченные,C:\Users\Андрей\Desktop\Хакатон\Размеченные\labels.csv,268,2.25.102755089973625799055786462646268820450/series_002_2_CR/A2504257770 DXA/CR DXA/CR000001.dcm,output/2.25.102755089973625799055786462646268820450/series_002_2_CR/A2504257770 DXA/CR DXA/CR000001.dcm,SPINE,,,2026-09-16T16:34:26,1.2.643.5.1.13.13.12.2.77.8252.10030113050111051002020402141304,2.25.102755089973625799055786462646268820450/series_002_2_CR/A2504257770 DXA/CR DXA/CR000001.dcm,C:\Users\Андрей\Desktop\Хакатон\Исследования\2.25.102755089973625799055786462646268820450\series_002_2_CR\A2504257770 DXA\CR DXA\CR000001.dcm,exact_path,csv_relative_path
Размеченные,C:\Users\Андрей\Desktop\Хакатон\Размеченные\labels.csv,269,2.25.102755089973625799055786462646268820450/series_002_2_CR/A2504257770 DXA/CR DXA/CR000002.dcm,output/2.25.102755089973625799055786462646268820450/series_002_2_CR/A2504257770 DXA/CR DXA/CR000002.dcm,LEG,,,2026-09-16T16:34:28,1.2.643.5.1.13.13.12.2.77.8252.10100907120107030904131503081506,2.25.102755089973625799055786462646268820450/series_002_2_CR/A2504257770 DXA/CR DXA/CR000002.dcm,C:\Users\Андрей\Desktop\Хакатон\Исследования\2.25.102755089973625799055786462646268820450\series_002_2_CR\A2504257770 DXA\CR DXA\CR000002.dcm,exact_path,csv_relative_path
Размеченные,C:\Users\Андрей\Desktop\Хакатон\Размеченные\labels.csv,270,2.25.102755089973625799055786462646268820450/series_002_2_CR/A2504257770 DXA/CR DXA/CR000003.dcm,output/2.25.102755089973625799055786462646268820450/series_002_2_CR/A2504257770 DXA/CR DXA/CR000003.dcm,LEG,,,2026-09-16T16:34:29,1.2.643.5.1.13.13.12.2.77.8252.11020107010405070800051206110610,2.25.102755089973625799055786462646268820450/series_002_2_CR/A2504257770 DXA/CR DXA/CR000003.dcm,C:\Users\Андрей\Desktop\Хакатон\Исследования\2.25.102755089973625799055786462646268820450\series_002_2_CR\A2504257770 DXA\CR DXA\CR000003.dcm,exact_path,csv_relative_path
Размеченные,C:\Users\Андрей\Desktop\Хакатон\Размеченные\labels.csv,271,2.25.102755089973625799055786462646268820450/series_002_2_CR/A2504257770 DXA/CR DXA/CR000004.dcm,output/2.25.102755089973625799055786462646268820450/series_002_2_CR/A2504257770 DXA/CR DXA/CR000004.dcm,SPINE,,,2026-09-16T16:34:31,1.2.643.5.1.13.13.12.2.77.8252.07001207050006000600091513060701,2.25.102755089973625799055786462646268820450/series_002_2_CR/A2504257770 DXA/CR DXA/CR000004.dcm,C:\Users\Андрей\Desktop\Хакатон\Исследования\2.25.102755089973625799055786462646268820450\series_002_2_CR\A2504257770 DXA\CR DXA\CR000004.dcm,exact_path,csv_relative_path
Размеченные,C:\Users\Андрей\Desktop\Хакатон\Размеченные\labels.csv,272,2.25.102755089973625799055786462646268820450/series_002_2_CR/A2504257770 DXA/CR DXA/CR000005.dcm,output/2.25.102755089973625799055786462646268820450/series_002_2_CR/A2504257770 DXA/CR DXA/CR000005.dcm,LEG,,,2026-09-16T16:34:32,1.2.643.5.1.13.13.12.2.77.8252.10091111150614140108020903000009,2.25.102755089973625799055786462646268820450/series_002_2_CR/A2504257770 DXA/CR DXA/CR000005.dcm,C:\Users\Андрей\Desktop\Хакатон\Исследования\2.25.102755089973625799055786462646268820450\series_002_2_CR\A2504257770 DXA\CR DXA\CR000005.dcm,exact_path,csv_relative_path
Размеченные,C:\Users\Андрей\Desktop\Хакатон\Размеченные\labels.csv,273,2.25.102965897799404973225419898683246248872/series_001_2_CR/A250726353 DXA/CR DXA/CR000000.dcm,output/2.25.102965897799404973225419898683246248872/series_001_2_CR/A250726353 DXA/CR DXA/CR000000.dcm,LEG,,,2026-09-16T16:34:33,1.2.643.5.1.13.13.12.2.77.8252.10140807011010031112140700150015,2.25.102965897799404973225419898683246248872/series_001_2_CR/A250726353 DXA/CR DXA/CR000000.dcm,C:\Users\Андрей\Desktop\Хакатон\Исследования\2.25.102965897799404973225419898683246248872\series_001_2_CR\A250726353 DXA\CR DXA\CR000000.dcm,exact_path,csv_relative_path
Размеченные,C:\Users\Андрей\Desktop\Хакатон\Размеченные\labels.csv,274,2.25.102965897799404973225419898683246248872/series_001_2_CR/A250726353 DXA/CR DXA/CR000001.dcm,output/2.25.102965897799404973225419898683246248872/series_001_2_CR/A250726353 DXA/CR DXA/CR000001.dcm,SPINE,,,2026-09-16T16:34:36,1.2.643.5.1.13.13.12.2.77.8252.11011413051206050400150606100110,2.25.102965897799404973225419898683246248872/series_001_2_CR/A250726353 DXA/CR DXA/CR000001.dcm,C:\Users\Андрей\Desktop\Хакатон\Исследования\2.25.102965897799404973225419898683246248872\series_001_2_CR\A250726353 DXA\CR DXA\CR000001.dcm,exact_path,csv_relative_path
Размеченные,C:\Users\Андрей\Desktop\Хакатон\Размеченные\labels.csv,275,2.25.102965897799404973225419898683246248872/series_001_2_CR/A250726353 DXA/CR DXA/CR000002.dcm,output/2.25.102965897799404973225419898683246248872/series_001_2_CR/A250726353 DXA/CR DXA/CR000002.dcm,LEG,,,2026-09-16T16:34:37,1.2.643.5.1.13.13.12.2.77.8252.06050309100102041203101101110913,2.25.102965897799404973225419898683246248872/series_001_2_CR/A250726353 DXA/CR DXA/CR000002.dcm,C:\Users\Андрей\Desktop\Хакатон\Исследования\2.25.102965897799404973225419898683246248872\series_001_2_CR\A250726353 DXA\CR DXA\CR000002.dcm,exact_path,csv_relative_path
Размеченные,C:\Users\Андрей\Desktop\Хакатон\Размеченные\labels.csv,276,2.25.103868781101960771917584077315578649178/series_001_3_CR/A2507485409 DXA/CR DXA/CR000000.dcm,output/2.25.103868781101960771917584077315578649178/series_001_3_CR/A2507485409 DXA/CR DXA/CR000000.dcm,LEG,,,2026-09-16T16:34:38,1.2.643.5.1.13.13.12.2.77.8252.15031208100010080909150509041308,2.25.103868781101960771917584077315578649178/series_001_3_CR/A2507485409 DXA/CR DXA/CR000000.dcm,C:\Users\Андрей\Desktop\Хакатон\Исследования\2.25.103868781101960771917584077315578649178\series_001_3_CR\A2507485409 DXA\CR DXA\CR000000.dcm,exact_path,csv_relative_path
Размеченные,C:\Users\Андрей\Desktop\Хакатон\Размеченные\labels.csv,277,2.25.103868781101960771917584077315578649178/series_001_3_CR/A2507485409 DXA/CR DXA/CR000001.dcm,output/2.25.103868781101960771917584077315578649178/series_001_3_CR/A2507485409 DXA/CR DXA/CR000001.dcm,LEG,,,2026-09-16T16:34:41,1.2.643.5.1.13.13.12.2.77.8252.12051209130410130502141403101414,2.25.103868781101960771917584077315578649178/series_001_3_CR/A2507485409 DXA/CR DXA/CR000001.dcm,C:\Users\Андрей\Desktop\Хакатон\Исследования\2.25.103868781101960771917584077315578649178\series_001_3_CR\A2507485409 DXA\CR DXA\CR000001.dcm,exact_path,csv_relative_path
Размеченные,C:\Users\Андрей\Desktop\Хакатон\Размеченные\labels.csv,278,2.25.103868781101960771917584077315578649178/series_001_3_CR/A2507485409 DXA/CR DXA/CR000002.dcm,output/2.25.103868781101960771917584077315578649178/series_001_3_CR/A2507485409 DXA/CR DXA/CR000002.dcm,SPINE,,,2026-09-16T16:34:44,1.2.643.5.1.13.13.12.2.77.8252.08120904010605130814050710080508,2.25.103868781101960771917584077315578649178/series_001_3_CR/A2507485409 DXA/CR DXA/CR000002.dcm,C:\Users\Андрей\Desktop\Хакатон\Исследования\2.25.103868781101960771917584077315578649178\series_001_3_CR\A2507485409 DXA\CR DXA\CR000002.dcm,exact_path,csv_relative_path
Размеченные,C:\Users\Андрей\Desktop\Хакатон\Размеченные\labels.csv,279,2.25.105033841136787477881326326053319223817/series_001_2_CR/A250790559 DXA/CR DXA/CR000000.dcm,output/2.25.105033841136787477881326326053319223817/series_001_2_CR/A250790559 DXA/CR DXA/CR000000.dcm,SPINE,,,2026-09-16T16:34:55,1.2.643.5.1.13.13.12.2.77.8252.00071307071102020311080215100104,2.25.105033841136787477881326326053319223817/series_001_2_CR/A250790559 DXA/CR DXA/CR000000.dcm,C:\Users\Андрей\Desktop\Хакатон\Исследования\2.25.105033841136787477881326326053319223817\series_001_2_CR\A250790559 DXA\CR DXA\CR000000.dcm,exact_path,csv_relative_path
Размеченные,C:\Users\Андрей\Desktop\Хакатон\Размеченные\labels.csv,280,2.25.105033841136787477881326326053319223817/series_001_2_CR/A250790559 DXA/CR DXA/CR000001.dcm,output/2.25.105033841136787477881326326053319223817/series_001_2_CR/A250790559 DXA/CR DXA/CR000001.dcm,SPINE,,,2026-09-16T16:34:57,1.2.643.5.1.13.13.12.2.77.8252.12021012060504060503030002061208,2.25.105033841136787477881326326053319223817/series_001_2_CR/A250790559 DXA/CR DXA/CR000001.dcm,C:\Users\Андрей\Desktop\Хакатон\Исследования\2.25.105033841136787477881326326053319223817\series_001_2_CR\A250790559 DXA\CR DXA\CR000001.dcm,exact_path,csv_relative_path
Размеченные,C:\Users\Андрей\Desktop\Хакатон\Размеченные\labels.csv,281,2.25.105033841136787477881326326053319223817/series_001_2_CR/A250790559 DXA/CR DXA/CR000002.dcm,output/2.25.105033841136787477881326326053319223817/series_001_2_CR/A250790559 DXA/CR DXA/CR000002.dcm,LEG,,,2026-09-16T16:34:59,1.2.643.5.1.13.13.12.2.77.8252.11131406091213131205130612021414,2.25.105033841136787477881326326053319223817/series_001_2_CR/A250790559 DXA/CR DXA/CR000002.dcm,C:\Users\Андрей\Desktop\Хакатон\Исследования\2.25.105033841136787477881326326053319223817\series_001_2_CR\A250790559 DXA\CR DXA\CR000002.dcm,exact_path,csv_relative_path
Размеченные,C:\Users\Андрей\Desktop\Хакатон\Размеченные\labels.csv,282,2.25.105033841136787477881326326053319223817/series_001_2_CR/A250790559 DXA/CR DXA/CR000003.dcm,output/2.25.105033841136787477881326326053319223817/series_001_2_CR/A250790559 DXA/CR DXA/CR000003.dcm,LEG,,,2026-09-16T16:35:00,1.2.643.5.1.13.13.12.2.77.8252.14130208070502001411050502150202,2.25.105033841136787477881326326053319223817/series_001_2_CR/A250790559 DXA/CR DXA/CR000003.dcm,C:\Users\Андрей\Desktop\Хакатон\Исследования\2.25.105033841136787477881326326053319223817\series_001_2_CR\A250790559 DXA\CR DXA\CR000003.dcm,exact_path,csv_relative_path
Размеченные,C:\Users\Андрей\Desktop\Хакатон\Размеченные\labels.csv,283,2.25.105033841136787477881326326053319223817/series_001_2_CR/A250790559 DXA/CR DXA/CR000004.dcm,output/2.25.105033841136787477881326326053319223817/series_001_2_CR/A250790559 DXA/CR DXA/CR000004.dcm,LEG,,,2026-09-16T16:35:01,1.2.643.5.1.13.13.12.2.77.8252.11120508121303130402081303070008,2.25.105033841136787477881326326053319223817/series_001_2_CR/A250790559 DXA/CR DXA/CR000004.dcm,C:\Users\Андрей\Desktop\Хакатон\Исследования\2.25.105033841136787477881326326053319223817\series_001_2_CR\A250790559 DXA\CR DXA\CR000004.dcm,exact_path,csv_relative_path
Размеченные,C:\Users\Андрей\Desktop\Хакатон\Размеченные\labels.csv,284,2.25.105033841136787477881326326053319223817/series_001_2_CR/A250790559 DXA/CR DXA/CR000005.dcm,output/2.25.105033841136787477881326326053319223817/series_001_2_CR/A250790559 DXA/CR DXA/CR000005.dcm,LEG,,,2026-09-16T16:35:02,1.2.643.5.1.13.13.12.2.77.8252.03090510061307040702090411010105,2.25.105033841136787477881326326053319223817/series_001_2_CR/A250790559 DXA/CR DXA/CR000005.dcm,C:\Users\Андрей\Desktop\Хакатон\Исследования\2.25.105033841136787477881326326053319223817\series_001_2_CR\A250790559 DXA\CR DXA\CR000005.dcm,exact_path,csv_relative_path
Размеченные,C:\Users\Андрей\Desktop\Хакатон\Размеченные\labels.csv,285,2.25.108537195937431169718850276671337677972/series_002_2_CR/A250479795 DXA/CR DXA/CR000000.dcm,output/2.25.108537195937431169718850276671337677972/series_002_2_CR/A250479795 DXA/CR DXA/CR000000.dcm,SPINE,,,2026-09-16T16:35:04,1.2.643.5.1.13.13.12.2.77.8252.14031513011512070711151413071213,2.25.108537195937431169718850276671337677972/series_002_2_CR/A250479795 DXA/CR DXA/CR000000.dcm,C:\Users\Андрей\Desktop\Хакатон\Исследования\2.25.108537195937431169718850276671337677972\series_002_2_CR\A250479795 DXA\CR DXA\CR000000.dcm,exact_path,csv_relative_path
Размеченные,C:\Users\Андрей\Desktop\Хакатон\Размеченные\labels.csv,286,2.25.11175860580562939441493697221497597640/series_003_2_CR/A2507431060 DXA/CR DXA/CR000000.dcm,output/2.25.11175860580562939441493697221497597640/series_003_2_CR/A2507431060 DXA/CR DXA/CR000000.dcm,LEG,Робот,,2026-09-16T16:35:13,1.2.643.5.1.13.13.12.2.77.8252.07121414121104070401050315140813,2.25.11175860580562939441493697221497597640/series_003_2_CR/A2507431060 DXA/CR DXA/CR000000.dcm,C:\Users\Андрей\Desktop\Хакатон\Исследования\2.25.11175860580562939441493697221497597640\series_003_2_CR\A2507431060 DXA\CR DXA\CR000000.dcm,exact_path,csv_relative_path
Размеченные,C:\Users\Андрей\Desktop\Хакатон\Размеченные\labels.csv,287,2.25.11175860580562939441493697221497597640/series_003_2_CR/A2507431060 DXA/CR DXA/CR000001.dcm,output/2.25.11175860580562939441493697221497597640/series_003_2_CR/A2507431060 DXA/CR DXA/CR000001.dcm,SPINE,,,2026-09-16T16:35:15,1.2.643.5.1.13.13.12.2.77.8252.11051001091403121310010813110103,2.25.11175860580562939441493697221497597640/series_003_2_CR/A2507431060 DXA/CR DXA/CR000001.dcm,C:\Users\Андрей\Desktop\Хакатон\Исследования\2.25.11175860580562939441493697221497597640\series_003_2_CR\A2507431060 DXA\CR DXA\CR000001.dcm,exact_path,csv_relative_path
Размеченные,C:\Users\Андрей\Desktop\Хакатон\Размеченные\labels.csv,288,2.25.11175860580562939441493697221497597640/series_003_2_CR/A2507431060 DXA/CR DXA/CR000002.dcm,output/2.25.11175860580562939441493697221497597640/series_003_2_CR/A2507431060 DXA/CR DXA/CR000002.dcm,LEG,,,2026-09-16T16:35:17,1.2.643.5.1.13.13.12.2.77.8252.12051512011202090502051206130907,2.25.11175860580562939441493697221497597640/series_003_2_CR/A2507431060 DXA/CR DXA/CR000002.dcm,C:\Users\Андрей\Desktop\Хакатон\Исследования\2.25.11175860580562939441493697221497597640\series_003_2_CR\A2507431060 DXA\CR DXA\CR000002.dcm,exact_path,csv_relative_path
Размеченные,C:\Users\Андрей\Desktop\Хакатон\Размеченные\labels.csv,289,2.25.11175860580562939441493697221497597640/series_003_2_CR/A2507431060 DXA/CR DXA/CR000003.dcm,output/2.25.11175860580562939441493697221497597640/series_003_2_CR/A2507431060 DXA/CR DXA/CR000003.dcm,LEG,,,2026-09-16T16:35:18,1.2.643.5.1.13.13.12.2.77.8252.08110803080105090710150006100300,2.25.11175860580562939441493697221497597640/series_003_2_CR/A2507431060 DXA/CR DXA/CR000003.dcm,C:\Users\Андрей\Desktop\Хакатон\Исследования\2.25.11175860580562939441493697221497597640\series_003_2_CR\A2507431060 DXA\CR DXA\CR000003.dcm,exact_path,csv_relative_path
Размеченные,C:\Users\Андрей\Desktop\Хакатон\Размеченные\labels.csv,290,2.25.11175860580562939441493697221497597640/series_003_2_CR/A2507431060 DXA/CR DXA/CR000004.dcm,output/2.25.11175860580562939441493697221497597640/series_003_2_CR/A2507431060 DXA/CR DXA/CR000004.dcm,SPINE,,,2026-09-16T16:35:20,1.2.643.5.1.13.13.12.2.77.8252.13030903151515081500090603041412,2.25.11175860580562939441493697221497597640/series_003_2_CR/A2507431060 DXA/CR DXA/CR000004.dcm,C:\Users\Андрей\Desktop\Хакатон\Исследования\2.25.11175860580562939441493697221497597640\series_003_2_CR\A2507431060 DXA\CR DXA\CR000004.dcm,exact_path,csv_relative_path
Размеченные,C:\Users\Андрей\Desktop\Хакатон\Размеченные\labels.csv,291,2.25.11175860580562939441493697221497597640/series_003_2_CR/A2507431060 DXA/CR DXA/CR000005.dcm,output/2.25.11175860580562939441493697221497597640/series_003_2_CR/A2507431060 DXA/CR DXA/CR000005.dcm,LEG,Робот2,,2026-09-16T16:35:24,1.2.643.5.1.13.13.12.2.77.8252.08101400121500101415120401040211,2.25.11175860580562939441493697221497597640/series_003_2_CR/A2507431060 DXA/CR DXA/CR000005.dcm,C:\Users\Андрей\Desktop\Хакатон\Исследования\2.25.11175860580562939441493697221497597640\series_003_2_CR\A2507431060 DXA\CR DXA\CR000005.dcm,exact_path,csv_relative_path
Размеченные,C:\Users\Андрей\Desktop\Хакатон\Размеченные\labels.csv,292,2.25.112621744005021908434051268014787122937/series_002_2_CR/A2504301685 DXA/CR DXA/CR000000.dcm,output/2.25.112621744005021908434051268014787122937/series_002_2_CR/A2504301685 DXA/CR DXA/CR000000.dcm,SPINE,,,2026-09-16T16:35:26,1.2.643.5.1.13.13.12.2.77.8252.15090515141309140806011408041204,2.25.112621744005021908434051268014787122937/series_002_2_CR/A2504301685 DXA/CR DXA/CR000000.dcm,C:\Users\Андрей\Desktop\Хакатон\Исследования\2.25.112621744005021908434051268014787122937\series_002_2_CR\A2504301685 DXA\CR DXA\CR000000.dcm,exact_path,csv_relative_path
Размеченные,C:\Users\Андрей\Desktop\Хакатон\Размеченные\labels.csv,293,2.25.114887542067602662452692698814728642117/series_001_2_CR/A2504131887 DXA/CR DXA/CR000000.dcm,output/2.25.114887542067602662452692698814728642117/series_001_2_CR/A2504131887 DXA/CR DXA/CR000000.dcm,LEG,,,2026-09-16T16:35:28,1.2.643.5.1.13.13.12.2.77.8252.03150400010605060115070904121304,2.25.114887542067602662452692698814728642117/series_001_2_CR/A2504131887 DXA/CR DXA/CR000000.dcm,C:\Users\Андрей\Desktop\Хакатон\Исследования\2.25.114887542067602662452692698814728642117\series_001_2_CR\A2504131887 DXA\CR DXA\CR000000.dcm,exact_path,csv_relative_path
Размеченные,C:\Users\Андрей\Desktop\Хакатон\Размеченные\labels.csv,294,2.25.114887542067602662452692698814728642117/series_001_2_CR/A2504131887 DXA/CR DXA/CR000001.dcm,output/2.25.114887542067602662452692698814728642117/series_001_2_CR/A2504131887 DXA/CR DXA/CR000001.dcm,LEG,,,2026-09-16T16:35:29,1.2.643.5.1.13.13.12.2.77.8252.15050814070214050107040604101305,2.25.114887542067602662452692698814728642117/series_001_2_CR/A2504131887 DXA/CR DXA/CR000001.dcm,C:\Users\Андрей\Desktop\Хакатон\Исследования\2.25.114887542067602662452692698814728642117\series_001_2_CR\A2504131887 DXA\CR DXA\CR000001.dcm,exact_path,csv_relative_path
Размеченные,C:\Users\Андрей\Desktop\Хакатон\Размеченные\labels.csv,295,2.25.114887542067602662452692698814728642117/series_001_2_CR/A2504131887 DXA/CR DXA/CR000002.dcm,output/2.25.114887542067602662452692698814728642117/series_001_2_CR/A2504131887 DXA/CR DXA/CR000002.dcm,LEG,,,2026-09-16T16:35:31,1.2.643.5.1.13.13.12.2.77.8252.00111415140915030904140513150113,2.25.114887542067602662452692698814728642117/series_001_2_CR/A2504131887 DXA/CR DXA/CR000002.dcm,C:\Users\Андрей\Desktop\Хакатон\Исследования\2.25.114887542067602662452692698814728642117\series_001_2_CR\A2504131887 DXA\CR DXA\CR000002.dcm,exact_path,csv_relative_path
Размеченные,C:\Users\Андрей\Desktop\Хакатон\Размеченные\labels.csv,296,2.25.114887542067602662452692698814728642117/series_001_2_CR/A2504131887 DXA/CR DXA/CR000003.dcm,output/2.25.114887542067602662452692698814728642117/series_001_2_CR/A2504131887 DXA/CR DXA/CR000003.dcm,LEG,,,2026-09-16T16:35:35,1.2.643.5.1.13.13.12.2.77.8252.08111114040702130902010708100700,2.25.114887542067602662452692698814728642117/series_001_2_CR/A2504131887 DXA/CR DXA/CR000003.dcm,C:\Users\Андрей\Desktop\Хакатон\Исследования\2.25.114887542067602662452692698814728642117\series_001_2_CR\A2504131887 DXA\CR DXA\CR000003.dcm,exact_path,csv_relative_path
Размеченные,C:\Users\Андрей\Desktop\Хакатон\Размеченные\labels.csv,297,2.25.114887542067602662452692698814728642117/series_001_2_CR/A2504131887 DXA/CR DXA/CR000004.dcm,output/2.25.114887542067602662452692698814728642117/series_001_2_CR/A2504131887 DXA/CR DXA/CR000004.dcm,SPINE,,,2026-09-16T16:35:36,1.2.643.5.1.13.13.12.2.77.8252.10001500010311100907131007040004,2.25.114887542067602662452692698814728642117/series_001_2_CR/A2504131887 DXA/CR DXA/CR000004.dcm,C:\Users\Андрей\Desktop\Хакатон\Исследования\2.25.114887542067602662452692698814728642117\series_001_2_CR\A2504131887 DXA\CR DXA\CR000004.dcm,exact_path,csv_relative_path
Размеченные,C:\Users\Андрей\Desktop\Хакатон\Размеченные\labels.csv,298,2.25.114887542067602662452692698814728642117/series_001_2_CR/A2504131887 DXA/CR DXA/CR000005.dcm,output/2.25.114887542067602662452692698814728642117/series_001_2_CR/A2504131887 DXA/CR DXA/CR000005.dcm,LEG,,,2026-09-16T16:35:37,1.2.643.5.1.13.13.12.2.77.8252.11151502000914000710090013020813,2.25.114887542067602662452692698814728642117/series_001_2_CR/A2504131887 DXA/CR DXA/CR000005.dcm,C:\Users\Андрей\Desktop\Хакатон\Исследования\2.25.114887542067602662452692698814728642117\series_001_2_CR\A2504131887 DXA\CR DXA\CR000005.dcm,exact_path,csv_relative_path
Размеченные,C:\Users\Андрей\Desktop\Хакатон\Размеченные\labels.csv,299,2.25.114887542067602662452692698814728642117/series_001_2_CR/A2504131887 DXA/CR DXA/CR000006.dcm,output/2.25.114887542067602662452692698814728642117/series_001_2_CR/A2504131887 DXA/CR DXA/CR000006.dcm,LEG,,,2026-09-16T16:35:39,1.2.643.5.1.13.13.12.2.77.8252.10141411130204150513090803110213,2.25.114887542067602662452692698814728642117/series_001_2_CR/A2504131887 DXA/CR DXA/CR000006.dcm,C:\Users\Андрей\Desktop\Хакатон\Исследования\2.25.114887542067602662452692698814728642117\series_001_2_CR\A2504131887 DXA\CR DXA\CR000006.dcm,exact_path,csv_relative_path
Размеченные,C:\Users\Андрей\Desktop\Хакатон\Размеченные\labels.csv,300,2.25.114887542067602662452692698814728642117/series_001_2_CR/A2504131887 DXA/CR DXA/CR000007.dcm,output/2.25.114887542067602662452692698814728642117/series_001_2_CR/A2504131887 DXA/CR DXA/CR000007.dcm,SPINE,,,2026-09-16T16:35:41,1.2.643.5.1.13.13.12.2.77.8252.09060814101015050208090100150206,2.25.114887542067602662452692698814728642117/series_001_2_CR/A2504131887 DXA/CR DXA/CR000007.dcm,C:\Users\Андрей\Desktop\Хакатон\Исследования\2.25.114887542067602662452692698814728642117\series_001_2_CR\A2504131887 DXA\CR DXA\CR000007.dcm,exact_path,csv_relative_path
Размеченные,C:\Users\Андрей\Desktop\Хакатон\Размеченные\labels.csv,301,2.25.114887542067602662452692698814728642117/series_001_2_CR/A2504131887 DXA/CR DXA/CR000008.dcm,output/2.25.114887542067602662452692698814728642117/series_001_2_CR/A2504131887 DXA/CR DXA/CR000008.dcm,LEG,,,2026-09-16T16:35:42,1.2.643.5.1.13.13.12.2.77.8252.11060402050912131204000502001414,2.25.114887542067602662452692698814728642117/series_001_2_CR/A2504131887 DXA/CR DXA/CR000008.dcm,C:\Users\Андрей\Desktop\Хакатон\Исследования\2.25.114887542067602662452692698814728642117\series_001_2_CR\A2504131887 DXA\CR DXA\CR000008.dcm,exact_path,csv_relative_path
Размеченные,C:\Users\Андрей\Desktop\Хакатон\Размеченные\labels.csv,302,2.25.114887542067602662452692698814728642117/series_001_2_CR/A2504131887 DXA/CR DXA/CR000009.dcm,output/2.25.114887542067602662452692698814728642117/series_001_2_CR/A2504131887 DXA/CR DXA/CR000009.dcm,LEG,,,2026-09-16T16:35:43,1.2.643.5.1.13.13.12.2.77.8252.04051301070809101001111312060114,2.25.114887542067602662452692698814728642117/series_001_2_CR/A2504131887 DXA/CR DXA/CR000009.dcm,C:\Users\Андрей\Desktop\Хакатон\Исследования\2.25.114887542067602662452692698814728642117\series_001_2_CR\A2504131887 DXA\CR DXA\CR000009.dcm,exact_path,csv_relative_path
Размеченные,C:\Users\Андрей\Desktop\Хакатон\Размеченные\labels.csv,303,2.25.114887542067602662452692698814728642117/series_001_2_CR/A2504131887 DXA/CR DXA/CR000010.dcm,output/2.25.114887542067602662452692698814728642117/series_001_2_CR/A2504131887 DXA/CR DXA/CR000010.dcm,SPINE,,,2026-09-16T16:35:45,1.2.643.5.1.13.13.12.2.77.8252.08050414010100010110100910070904,2.25.114887542067602662452692698814728642117/series_001_2_CR/A2504131887 DXA/CR DXA/CR000010.dcm,C:\Users\Андрей\Desktop\Хакатон\Исследования\2.25.114887542067602662452692698814728642117\series_001_2_CR\A2504131887 DXA\CR DXA\CR000010.dcm,exact_path,csv_relative_path
Размеченные,C:\Users\Андрей\Desktop\Хакатон\Размеченные\labels.csv,304,2.25.116822802042655971810859435524105064465/series_003_2_CR/A2507273296 DXA/CR DXA/CR000000.dcm,output/2.25.116822802042655971810859435524105064465/series_003_2_CR/A2507273296 DXA/CR DXA/CR000000.dcm,LEG,,,2026-09-16T16:35:46,1.2.643.5.1.13.13.12.2.77.8252.13011301091003020814061203020304,2.25.116822802042655971810859435524105064465/series_003_2_CR/A2507273296 DXA/CR DXA/CR000000.dcm,C:\Users\Андрей\Desktop\Хакатон\Исследования\2.25.116822802042655971810859435524105064465\series_003_2_CR\A2507273296 DXA\CR DXA\CR000000.dcm,exact_path,csv_relative_path
Размеченные,C:\Users\Андрей\Desktop\Хакатон\Размеченные\labels.csv,305,2.25.116822802042655971810859435524105064465/series_003_2_CR/A2507273296 DXA/CR DXA/CR000001.dcm,output/2.25.116822802042655971810859435524105064465/series_003_2_CR/A2507273296 DXA/CR DXA/CR000001.dcm,LEG,,,2026-09-16T16:35:48,1.2.643.5.1.13.13.12.2.77.8252.01010713081306120510130101121412,2.25.116822802042655971810859435524105064465/series_003_2_CR/A2507273296 DXA/CR DXA/CR000001.dcm,C:\Users\Андрей\Desktop\Хакатон\Исследования\2.25.116822802042655971810859435524105064465\series_003_2_CR\A2507273296 DXA\CR DXA\CR000001.dcm,exact_path,csv_relative_path
Размеченные,C:\Users\Андрей\Desktop\Хакатон\Размеченные\labels.csv,306,2.25.116822802042655971810859435524105064465/series_003_2_CR/A2507273296 DXA/CR DXA/CR000002.dcm,output/2.25.116822802042655971810859435524105064465/series_003_2_CR/A2507273296 DXA/CR DXA/CR000002.dcm,SPINE,,,2026-09-16T16:35:49,1.2.643.5.1.13.13.12.2.77.8252.05150512091506110304120408070606,2.25.116822802042655971810859435524105064465/series_003_2_CR/A2507273296 DXA/CR DXA/CR000002.dcm,C:\Users\Андрей\Desktop\Хакатон\Исследования\2.25.116822802042655971810859435524105064465\series_003_2_CR\A2507273296 DXA\CR DXA\CR000002.dcm,exact_path,csv_relative_path
Размеченные,C:\Users\Андрей\Desktop\Хакатон\Размеченные\labels.csv,307,2.25.122446767306607067205618235949445789306/series_001_2_CR/A2504255080 DXA/CR DXA/CR000000.dcm,output/2.25.122446767306607067205618235949445789306/series_001_2_CR/A2504255080 DXA/CR DXA/CR000000.dcm,LEG,,,2026-09-16T16:35:51,1.2.643.5.1.13.13.12.2.77.8252.02101009080308000015051512140806,2.25.122446767306607067205618235949445789306/series_001_2_CR/A2504255080 DXA/CR DXA/CR000000.dcm,C:\Users\Андрей\Desktop\Хакатон\Исследования\2.25.122446767306607067205618235949445789306\series_001_2_CR\A2504255080 DXA\CR DXA\CR000000.dcm,exact_path,csv_relative_path
Размеченные,C:\Users\Андрей\Desktop\Хакатон\Размеченные\labels.csv,308,2.25.122446767306607067205618235949445789306/series_001_2_CR/A2504255080 DXA/CR DXA/CR000001.dcm,output/2.25.122446767306607067205618235949445789306/series_001_2_CR/A2504255080 DXA/CR DXA/CR000001.dcm,LEG,,,2026-09-16T16:35:52,1.2.643.5.1.13.13.12.2.77.8252.02091106060004131215091000000909,2.25.122446767306607067205618235949445789306/series_001_2_CR/A2504255080 DXA/CR DXA/CR000001.dcm,C:\Users\Андрей\Desktop\Хакатон\Исследования\2.25.122446767306607067205618235949445789306\series_001_2_CR\A2504255080 DXA\CR DXA\CR000001.dcm,exact_path,csv_relative_path
Размеченные,C:\Users\Андрей\Desktop\Хакатон\Размеченные\labels.csv,309,2.25.122446767306607067205618235949445789306/series_001_2_CR/A2504255080 DXA/CR DXA/CR000002.dcm,output/2.25.122446767306607067205618235949445789306/series_001_2_CR/A2504255080 DXA/CR DXA/CR000002.dcm,SPINE,,,2026-09-16T16:35:54,1.2.643.5.1.13.13.12.2.77.8252.15060100040008041103060904131005,2.25.122446767306607067205618235949445789306/series_001_2_CR/A2504255080 DXA/CR DXA/CR000002.dcm,C:\Users\Андрей\Desktop\Хакатон\Исследования\2.25.122446767306607067205618235949445789306\series_001_2_CR\A2504255080 DXA\CR DXA\CR000002.dcm,exact_path,csv_relative_path
Размеченные,C:\Users\Андрей\Desktop\Хакатон\Размеченные\labels.csv,310,2.25.122446767306607067205618235949445789306/series_001_2_CR/A2504255080 DXA/CR DXA/CR000003.dcm,output/2.25.122446767306607067205618235949445789306/series_001_2_CR/A2504255080 DXA/CR DXA/CR000003.dcm,LEG,,,2026-09-16T16:35:55,1.2.643.5.1.13.13.12.2.77.8252.03040807040905131500140112021404,2.25.122446767306607067205618235949445789306/series_001_2_CR/A2504255080 DXA/CR DXA/CR000003.dcm,C:\Users\Андрей\Desktop\Хакатон\Исследования\2.25.122446767306607067205618235949445789306\series_001_2_CR\A2504255080 DXA\CR DXA\CR000003.dcm,exact_path,csv_relative_path
Размеченные,C:\Users\Андрей\Desktop\Хакатон\Размеченные\labels.csv,311,2.25.122446767306607067205618235949445789306/series_001_2_CR/A2504255080 DXA/CR DXA/CR000004.dcm,output/2.25.122446767306607067205618235949445789306/series_001_2_CR/A2504255080 DXA/CR DXA/CR000004.dcm,LEG,,,2026-09-16T16:35:56,1.2.643.5.1.13.13.12.2.77.8252.11100905091110000105111305090709,2.25.122446767306607067205618235949445789306/series_001_2_CR/A2504255080 DXA/CR DXA/CR000004.dcm,C:\Users\Андрей\Desktop\Хакатон\Исследования\2.25.122446767306607067205618235949445789306\series_001_2_CR\A2504255080 DXA\CR DXA\CR000004.dcm,exact_path,csv_relative_path
Размеченные,C:\Users\Андрей\Desktop\Хакатон\Размеченные\labels.csv,312,2.25.122446767306607067205618235949445789306/series_001_2_CR/A2504255080 DXA/CR DXA/CR000005.dcm,output/2.25.122446767306607067205618235949445789306/series_001_2_CR/A2504255080 DXA/CR DXA/CR000005.dcm,SPINE,,,2026-09-16T16:36:03,1.2.643.5.1.13.13.12.2.77.8252.09071502150602001009041214040315,2.25.122446767306607067205618235949445789306/series_001_2_CR/A2504255080 DXA/CR DXA/CR000005.dcm,C:\Users\Андрей\Desktop\Хакатон\Исследования\2.25.122446767306607067205618235949445789306\series_001_2_CR\A2504255080 DXA\CR DXA\CR000005.dcm,exact_path,csv_relative_path
Размеченные,C:\Users\Андрей\Desktop\Хакатон\Размеченные\labels.csv,313,2.25.123175695355749859846173904788591707879/series_001_2_CR/A250722449 DXA/CR DXA/CR000000.dcm,output/2.25.123175695355749859846173904788591707879/series_001_2_CR/A250722449 DXA/CR DXA/CR000000.dcm,SPINE,,,2026-09-16T16:36:05,1.2.643.5.1.13.13.12.2.77.8252.12031311070507060813050800031313,2.25.123175695355749859846173904788591707879/series_001_2_CR/A250722449 DXA/CR DXA/CR000000.dcm,C:\Users\Андрей\Desktop\Хакатон\Исследования\2.25.123175695355749859846173904788591707879\series_001_2_CR\A250722449 DXA\CR DXA\CR000000.dcm,exact_path,csv_relative_path
Размеченные,C:\Users\Андрей\Desktop\Хакатон\Размеченные\labels.csv,314,2.25.124890633326693921702195356152595253940/series_002_2_CR/A2504263153 DXA/CR DXA/CR000000.dcm,output/2.25.124890633326693921702195356152595253940/series_002_2_CR/A2504263153 DXA/CR DXA/CR000000.dcm,SPINE,,,2026-09-16T16:36:07,1.2.643.5.1.13.13.12.2.77.8252.04131510070001011107040403071102,2.25.124890633326693921702195356152595253940/series_002_2_CR/A2504263153 DXA/CR DXA/CR000000.dcm,C:\Users\Андрей\Desktop\Хакатон\Исследования\2.25.124890633326693921702195356152595253940\series_002_2_CR\A2504263153 DXA\CR DXA\CR000000.dcm,exact_path,csv_relative_path
Размеченные,C:\Users\Андрей\Desktop\Хакатон\Размеченные\labels.csv,315,2.25.124890633326693921702195356152595253940/series_002_2_CR/A2504263153 DXA/CR DXA/CR000001.dcm,output/2.25.124890633326693921702195356152595253940/series_002_2_CR/A2504263153 DXA/CR DXA/CR000001.dcm,LEG,,,2026-09-16T16:36:09,1.2.643.5.1.13.13.12.2.77.8252.08050506060410091114110412130504,2.25.124890633326693921702195356152595253940/series_002_2_CR/A2504263153 DXA/CR DXA/CR000001.dcm,C:\Users\Андрей\Desktop\Хакатон\Исследования\2.25.124890633326693921702195356152595253940\series_002_2_CR\A2504263153 DXA\CR DXA\CR000001.dcm,exact_path,csv_relative_path
Размеченные,C:\Users\Андрей\Desktop\Хакатон\Размеченные\labels.csv,316,2.25.124890633326693921702195356152595253940/series_002_2_CR/A2504263153 DXA/CR DXA/CR000002.dcm,output/2.25.124890633326693921702195356152595253940/series_002_2_CR/A2504263153 DXA/CR DXA/CR000002.dcm,LEG,,,2026-09-16T16:36:10,1.2.643.5.1.13.13.12.2.77.8252.10081312010805021201100507060411,2.25.124890633326693921702195356152595253940/series_002_2_CR/A2504263153 DXA/CR DXA/CR000002.dcm,C:\Users\Андрей\Desktop\Хакатон\Исследования\2.25.124890633326693921702195356152595253940\series_002_2_CR\A2504263153 DXA\CR DXA\CR000002.dcm,exact_path,csv_relative_path
Размеченные,C:\Users\Андрей\Desktop\Хакатон\Размеченные\labels.csv,317,2.25.125521310320333648427417313254965624364/series_001_2_CR/A250444126 DXA/CR DXA/CR000000.dcm,output/2.25.125521310320333648427417313254965624364/series_001_2_CR/A250444126 DXA/CR DXA/CR000000.dcm,SPINE,,,2026-09-16T16:36:12,1.2.643.5.1.13.13.12.2.77.8252.06141210040207130507130606070312,2.25.125521310320333648427417313254965624364/series_001_2_CR/A250444126 DXA/CR DXA/CR000000.dcm,C:\Users\Андрей\Desktop\Хакатон\Исследования\2.25.125521310320333648427417313254965624364\series_001_2_CR\A250444126 DXA\CR DXA\CR000000.dcm,exact_path,csv_relative_path
Размеченные,C:\Users\Андрей\Desktop\Хакатон\Размеченные\labels.csv,318,2.25.126293418391331346694592071563510265596/series_002_3_CR/A2507250865 DXA/CR DXA/CR000000.dcm,output/2.25.126293418391331346694592071563510265596/series_002_3_CR/A2507250865 DXA/CR DXA/CR000000.dcm,LEG,,,2026-09-16T16:36:13,1.2.643.5.1.13.13.12.2.77.8252.08121504041301080101130415050611,2.25.126293418391331346694592071563510265596/series_002_3_CR/A2507250865 DXA/CR DXA/CR000000.dcm,C:\Users\Андрей\Desktop\Хакатон\Исследования\2.25.126293418391331346694592071563510265596\series_002_3_CR\A2507250865 DXA\CR DXA\CR000000.dcm,exact_path,csv_relative_path
Размеченные,C:\Users\Андрей\Desktop\Хакатон\Размеченные\labels.csv,319,2.25.126293418391331346694592071563510265596/series_002_3_CR/A2507250865 DXA/CR DXA/CR000001.dcm,output/2.25.126293418391331346694592071563510265596/series_002_3_CR/A2507250865 DXA/CR DXA/CR000001.dcm,SPINE,,,2026-09-16T16:36:15,1.2.643.5.1.13.13.12.2.77.8252.10031005061115110908060312000307,2.25.126293418391331346694592071563510265596/series_002_3_CR/A2507250865 DXA/CR DXA/CR000001.dcm,C:\Users\Андрей\Desktop\Хакатон\Исследования\2.25.126293418391331346694592071563510265596\series_002_3_CR\A2507250865 DXA\CR DXA\CR000001.dcm,exact_path,csv_relative_path
Размеченные,C:\Users\Андрей\Desktop\Хакатон\Размеченные\labels.csv,320,2.25.126293418391331346694592071563510265596/series_002_3_CR/A2507250865 DXA/CR DXA/CR000002.dcm,output/2.25.126293418391331346694592071563510265596/series_002_3_CR/A2507250865 DXA/CR DXA/CR000002.dcm,LEG,,,2026-09-16T16:36:41,1.2.643.5.1.13.13.12.2.77.8252.11151304101402090112060913070605,2.25.126293418391331346694592071563510265596/series_002_3_CR/A2507250865 DXA/CR DXA/CR000002.dcm,C:\Users\Андрей\Desktop\Хакатон\Исследования\2.25.126293418391331346694592071563510265596\series_002_3_CR\A2507250865 DXA\CR DXA\CR000002.dcm,exact_path,csv_relative_path
Размеченные,C:\Users\Андрей\Desktop\Хакатон\Размеченные\labels.csv,321,2.25.127126130998341190348103034690069487890/series_002_2_CR/A250428736 DXA/CR DXA/CR000000.dcm,output/2.25.127126130998341190348103034690069487890/series_002_2_CR/A250428736 DXA/CR DXA/CR000000.dcm,SPINE,,,2026-09-16T16:36:43,1.2.643.5.1.13.13.12.2.77.8252.13130511100900071404010502130909,2.25.127126130998341190348103034690069487890/series_002_2_CR/A250428736 DXA/CR DXA/CR000000.dcm,C:\Users\Андрей\Desktop\Хакатон\Исследования\2.25.127126130998341190348103034690069487890\series_002_2_CR\A250428736 DXA\CR DXA\CR000000.dcm,exact_path,csv_relative_path
Размеченные,C:\Users\Андрей\Desktop\Хакатон\Размеченные\labels.csv,322,2.25.127126130998341190348103034690069487890/series_002_2_CR/A250428736 DXA/CR DXA/CR000001.dcm,output/2.25.127126130998341190348103034690069487890/series_002_2_CR/A250428736 DXA/CR DXA/CR000001.dcm,LEG,,,2026-09-16T16:36:44,1.2.643.5.1.13.13.12.2.77.8252.10040807011312021210130513011200,2.25.127126130998341190348103034690069487890/series_002_2_CR/A250428736 DXA/CR DXA/CR000001.dcm,C:\Users\Андрей\Desktop\Хакатон\Исследования\2.25.127126130998341190348103034690069487890\series_002_2_CR\A250428736 DXA\CR DXA\CR000001.dcm,exact_path,csv_relative_path
Размеченные,C:\Users\Андрей\Desktop\Хакатон\Размеченные\labels.csv,323,2.25.127126130998341190348103034690069487890/series_002_2_CR/A250428736 DXA/CR DXA/CR000002.dcm,output/2.25.127126130998341190348103034690069487890/series_002_2_CR/A250428736 DXA/CR DXA/CR000002.dcm,LEG,,,2026-09-16T16:36:46,1.2.643.5.1.13.13.12.2.77.8252.03120008051300001208141011101302,2.25.127126130998341190348103034690069487890/series_002_2_CR/A250428736 DXA/CR DXA/CR000002.dcm,C:\Users\Андрей\Desktop\Хакатон\Исследования\2.25.127126130998341190348103034690069487890\series_002_2_CR\A250428736 DXA\CR DXA\CR000002.dcm,exact_path,csv_relative_path
Размеченные,C:\Users\Андрей\Desktop\Хакатон\Размеченные\labels.csv,324,2.25.127126130998341190348103034690069487890/series_002_2_CR/A250428736 DXA/CR DXA/CR000003.dcm,output/2.25.127126130998341190348103034690069487890/series_002_2_CR/A250428736 DXA/CR DXA/CR000003.dcm,LEG,,,2026-09-16T16:36:49,1.2.643.5.1.13.13.12.2.77.8252.01070801081413060013111012010201,2.25.127126130998341190348103034690069487890/series_002_2_CR/A250428736 DXA/CR DXA/CR000003.dcm,C:\Users\Андрей\Desktop\Хакатон\Исследования\2.25.127126130998341190348103034690069487890\series_002_2_CR\A250428736 DXA\CR DXA\CR000003.dcm,exact_path,csv_relative_path
Размеченные,C:\Users\Андрей\Desktop\Хакатон\Размеченные\labels.csv,325,2.25.127126130998341190348103034690069487890/series_002_2_CR/A250428736 DXA/CR DXA/CR000004.dcm,output/2.25.127126130998341190348103034690069487890/series_002_2_CR/A250428736 DXA/CR DXA/CR000004.dcm,SPINE,,,2026-09-16T16:36:51,1.2.643.5.1.13.13.12.2.77.8252.14080500031007021314121106040303,2.25.127126130998341190348103034690069487890/series_002_2_CR/A250428736 DXA/CR DXA/CR000004.dcm,C:\Users\Андрей\Desktop\Хакатон\Исследования\2.25.127126130998341190348103034690069487890\series_002_2_CR\A250428736 DXA\CR DXA\CR000004.dcm,exact_path,csv_relative_path
Размеченные,C:\Users\Андрей\Desktop\Хакатон\Размеченные\labels.csv,326,2.25.127126130998341190348103034690069487890/series_002_2_CR/A250428736 DXA/CR DXA/CR000005.dcm,output/2.25.127126130998341190348103034690069487890/series_002_2_CR/A250428736 DXA/CR DXA/CR000005.dcm,LEG,,,2026-09-16T16:36:53,1.2.643.5.1.13.13.12.2.77.8252.03020502031409151006020306090105,2.25.127126130998341190348103034690069487890/series_002_2_CR/A250428736 DXA/CR DXA/CR000005.dcm,C:\Users\Андрей\Desktop\Хакатон\Исследования\2.25.127126130998341190348103034690069487890\series_002_2_CR\A250428736 DXA\CR DXA\CR000005.dcm,exact_path,csv_relative_path
Размеченные,C:\Users\Андрей\Desktop\Хакатон\Размеченные\labels.csv,327,2.25.12798473087614376830819854616447908612/series_002_2_CR/A2507538847 DXA/CR DXA/CR000000.dcm,output/2.25.12798473087614376830819854616447908612/series_002_2_CR/A2507538847 DXA/CR DXA/CR000000.dcm,SPINE,,,2026-09-16T16:36:55,1.2.643.5.1.13.13.12.2.77.8252.07111115111305011108141412010801,2.25.12798473087614376830819854616447908612/series_002_2_CR/A2507538847 DXA/CR DXA/CR000000.dcm,C:\Users\Андрей\Desktop\Хакатон\Исследования\2.25.12798473087614376830819854616447908612\series_002_2_CR\A2507538847 DXA\CR DXA\CR000000.dcm,exact_path,csv_relative_path
Размеченные,C:\Users\Андрей\Desktop\Хакатон\Размеченные\labels.csv,328,2.25.12798473087614376830819854616447908612/series_002_2_CR/A2507538847 DXA/CR DXA/CR000001.dcm,output/2.25.12798473087614376830819854616447908612/series_002_2_CR/A2507538847 DXA/CR DXA/CR000001.dcm,LEG,Робот3,,2026-09-16T16:37:44,1.2.643.5.1.13.13.12.2.77.8252.02011409120209130807021302101100,2.25.12798473087614376830819854616447908612/series_002_2_CR/A2507538847 DXA/CR DXA/CR000001.dcm,C:\Users\Андрей\Desktop\Хакатон\Исследования\2.25.12798473087614376830819854616447908612\series_002_2_CR\A2507538847 DXA\CR DXA\CR000001.dcm,exact_path,csv_relative_path
Размеченные,C:\Users\Андрей\Desktop\Хакатон\Размеченные\labels.csv,329,2.25.12798473087614376830819854616447908612/series_002_2_CR/A2507538847 DXA/CR DXA/CR000002.dcm,output/2.25.12798473087614376830819854616447908612/series_002_2_CR/A2507538847 DXA/CR DXA/CR000002.dcm,UNKNOWN,Робот4,,2026-09-16T16:37:56,1.2.643.5.1.13.13.12.2.77.8252.07050602130910101513020700010509,2.25.12798473087614376830819854616447908612/series_002_2_CR/A2507538847 DXA/CR DXA/CR000002.dcm,C:\Users\Андрей\Desktop\Хакатон\Исследования\2.25.12798473087614376830819854616447908612\series_002_2_CR\A2507538847 DXA\CR DXA\CR000002.dcm,exact_path,csv_relative_path
Размеченные,C:\Users\Андрей\Desktop\Хакатон\Размеченные\labels.csv,330,2.25.128197189461989832465575162384360009377/series_001_2_CR/A2507216909 DXA/CR DXA/CR000000.dcm,output/2.25.128197189461989832465575162384360009377/series_001_2_CR/A2507216909 DXA/CR DXA/CR000000.dcm,SPINE,,,2026-09-16T16:38:03,1.2.643.5.1.13.13.12.2.77.8252.02030508140000071310150302011113,2.25.128197189461989832465575162384360009377/series_001_2_CR/A2507216909 DXA/CR DXA/CR000000.dcm,C:\Users\Андрей\Desktop\Хакатон\Исследования\2.25.128197189461989832465575162384360009377\series_001_2_CR\A2507216909 DXA\CR DXA\CR000000.dcm,exact_path,csv_relative_path
Размеченные,C:\Users\Андрей\Desktop\Хакатон\Размеченные\labels.csv,331,2.25.128630285053087246379265602913470285158/series_003_2_CR/A2504394821 DXA/CR DXA/CR000000.dcm,output/2.25.128630285053087246379265602913470285158/series_003_2_CR/A2504394821 DXA/CR DXA/CR000000.dcm,SPINE,,,2026-09-16T16:38:04,1.2.643.5.1.13.13.12.2.77.8252.09070705131210061514041509120513,2.25.128630285053087246379265602913470285158/series_003_2_CR/A2504394821 DXA/CR DXA/CR000000.dcm,C:\Users\Андрей\Desktop\Хакатон\Исследования\2.25.128630285053087246379265602913470285158\series_003_2_CR\A2504394821 DXA\CR DXA\CR000000.dcm,exact_path,csv_relative_path
Размеченные,C:\Users\Андрей\Desktop\Хакатон\Размеченные\labels.csv,332,2.25.128990540359421489042453547244535073735/series_002_2_CR/A2507388698 DXA/CR DXA/CR000000.dcm,output/2.25.128990540359421489042453547244535073735/series_002_2_CR/A2507388698 DXA/CR DXA/CR000000.dcm,LEG,,,2026-09-16T16:38:08,1.2.643.5.1.13.13.12.2.77.8252.09150805131402040209060509150410,2.25.128990540359421489042453547244535073735/series_002_2_CR/A2507388698 DXA/CR DXA/CR000000.dcm,C:\Users\Андрей\Desktop\Хакатон\Исследования\2.25.128990540359421489042453547244535073735\series_002_2_CR\A2507388698 DXA\CR DXA\CR000000.dcm,exact_path,csv_relative_path
Размеченные,C:\Users\Андрей\Desktop\Хакатон\Размеченные\labels.csv,333,2.25.128990540359421489042453547244535073735/series_002_2_CR/A2507388698 DXA/CR DXA/CR000001.dcm,output/2.25.128990540359421489042453547244535073735/series_002_2_CR/A2507388698 DXA/CR DXA/CR000001.dcm,SPINE,,,2026-09-16T16:38:10,1.2.643.5.1.13.13.12.2.77.8252.11000605051111050207041006140905,2.25.128990540359421489042453547244535073735/series_002_2_CR/A2507388698 DXA/CR DXA/CR000001.dcm,C:\Users\Андрей\Desktop\Хакатон\Исследования\2.25.128990540359421489042453547244535073735\series_002_2_CR\A2507388698 DXA\CR DXA\CR000001.dcm,exact_path,csv_relative_path
Размеченные,C:\Users\Андрей\Desktop\Хакатон\Размеченные\labels.csv,334,2.25.128990540359421489042453547244535073735/series_002_2_CR/A2507388698 DXA/CR DXA/CR000002.dcm,output/2.25.128990540359421489042453547244535073735/series_002_2_CR/A2507388698 DXA/CR DXA/CR000002.dcm,LEG,,,2026-09-16T16:38:12,1.2.643.5.1.13.13.12.2.77.8252.09060004140611120111091509030603,2.25.128990540359421489042453547244535073735/series_002_2_CR/A2507388698 DXA/CR DXA/CR000002.dcm,C:\Users\Андрей\Desktop\Хакатон\Исследования\2.25.128990540359421489042453547244535073735\series_002_2_CR\A2507388698 DXA\CR DXA\CR000002.dcm,exact_path,csv_relative_path
Размеченные,C:\Users\Андрей\Desktop\Хакатон\Размеченные\labels.csv,335,2.25.128990540359421489042453547244535073735/series_002_2_CR/A2507388698 DXA/CR DXA/CR000003.dcm,output/2.25.128990540359421489042453547244535073735/series_002_2_CR/A2507388698 DXA/CR DXA/CR000003.dcm,LEG,,,2026-09-16T16:38:13,1.2.643.5.1.13.13.12.2.77.8252.02111507100612121000021204080801,2.25.128990540359421489042453547244535073735/series_002_2_CR/A2507388698 DXA/CR DXA/CR000003.dcm,C:\Users\Андрей\Desktop\Хакатон\Исследования\2.25.128990540359421489042453547244535073735\series_002_2_CR\A2507388698 DXA\CR DXA\CR000003.dcm,exact_path,csv_relative_path
Размеченные,C:\Users\Андрей\Desktop\Хакатон\Размеченные\labels.csv,336,2.25.128990540359421489042453547244535073735/series_002_2_CR/A2507388698 DXA/CR DXA/CR000004.dcm,output/2.25.128990540359421489042453547244535073735/series_002_2_CR/A2507388698 DXA/CR DXA/CR000004.dcm,SPINE,,,2026-09-16T16:38:15,1.2.643.5.1.13.13.12.2.77.8252.04071014120313000711051010091409,2.25.128990540359421489042453547244535073735/series_002_2_CR/A2507388698 DXA/CR DXA/CR000004.dcm,C:\Users\Андрей\Desktop\Хакатон\Исследования\2.25.128990540359421489042453547244535073735\series_002_2_CR\A2507388698 DXA\CR DXA\CR000004.dcm,exact_path,csv_relative_path
Размеченные,C:\Users\Андрей\Desktop\Хакатон\Размеченные\labels.csv,337,2.25.128990540359421489042453547244535073735/series_002_2_CR/A2507388698 DXA/CR DXA/CR000005.dcm,output/2.25.128990540359421489042453547244535073735/series_002_2_CR/A2507388698 DXA/CR DXA/CR000005.dcm,LEG,,,2026-09-16T16:38:17,1.2.643.5.1.13.13.12.2.77.8252.12120911020011140507050515090906,2.25.128990540359421489042453547244535073735/series_002_2_CR/A2507388698 DXA/CR DXA/CR000005.dcm,C:\Users\Андрей\Desktop\Хакатон\Исследования\2.25.128990540359421489042453547244535073735\series_002_2_CR\A2507388698 DXA\CR DXA\CR000005.dcm,exact_path,csv_relative_path
Размеченные,C:\Users\Андрей\Desktop\Хакатон\Размеченные\labels.csv,338,2.25.129239680100193368599713239115902740628/series_003_3_CR/A250757345 DXA/CR DXA/CR000000.dcm,output/2.25.129239680100193368599713239115902740628/series_003_3_CR/A250757345 DXA/CR DXA/CR000000.dcm,LEG,,,2026-09-16T16:38:18,1.2.643.5.1.13.13.12.2.77.8252.00131503020212110600101502020700,2.25.129239680100193368599713239115902740628/series_003_3_CR/A250757345 DXA/CR DXA/CR000000.dcm,C:\Users\Андрей\Desktop\Хакатон\Исследования\2.25.129239680100193368599713239115902740628\series_003_3_CR\A250757345 DXA\CR DXA\CR000000.dcm,exact_path,csv_relative_path
Размеченные,C:\Users\Андрей\Desktop\Хакатон\Размеченные\labels.csv,339,2.25.13069823278093578548407087310307113784/series_003_2_CR/A2507242667 DXA/CR DXA/CR000000.dcm,output/2.25.13069823278093578548407087310307113784/series_003_2_CR/A2507242667 DXA/CR DXA/CR000000.dcm,LEG,,,2026-09-16T16:38:20,1.2.643.5.1.13.13.12.2.77.8252.12051101030200021506031210090702,2.25.13069823278093578548407087310307113784/series_003_2_CR/A2507242667 DXA/CR DXA/CR000000.dcm,C:\Users\Андрей\Desktop\Хакатон\Исследования\2.25.13069823278093578548407087310307113784\series_003_2_CR\A2507242667 DXA\CR DXA\CR000000.dcm,exact_path,csv_relative_path
Размеченные,C:\Users\Андрей\Desktop\Хакатон\Размеченные\labels.csv,340,2.25.13069823278093578548407087310307113784/series_003_2_CR/A2507242667 DXA/CR DXA/CR000001.dcm,output/2.25.13069823278093578548407087310307113784/series_003_2_CR/A2507242667 DXA/CR DXA/CR000001.dcm,SPINE,,,2026-09-16T16:38:21,1.2.643.5.1.13.13.12.2.77.8252.05100110120015150515030506140402,2.25.13069823278093578548407087310307113784/series_003_2_CR/A2507242667 DXA/CR DXA/CR000001.dcm,C:\Users\Андрей\Desktop\Хакатон\Исследования\2.25.13069823278093578548407087310307113784\series_003_2_CR\A2507242667 DXA\CR DXA\CR000001.dcm,exact_path,csv_relative_path
Размеченные,C:\Users\Андрей\Desktop\Хакатон\Размеченные\labels.csv,341,2.25.13069823278093578548407087310307113784/series_003_2_CR/A2507242667 DXA/CR DXA/CR000002.dcm,output/2.25.13069823278093578548407087310307113784/series_003_2_CR/A2507242667 DXA/CR DXA/CR000002.dcm,LEG,,,2026-09-16T16:38:24,1.2.643.5.1.13.13.12.2.77.8252.06081211090913150712130913130401,2.25.13069823278093578548407087310307113784/series_003_2_CR/A2507242667 DXA/CR DXA/CR000002.dcm,C:\Users\Андрей\Desktop\Хакатон\Исследования\2.25.13069823278093578548407087310307113784\series_003_2_CR\A2507242667 DXA\CR DXA\CR000002.dcm,exact_path,csv_relative_path
Размеченные,C:\Users\Андрей\Desktop\Хакатон\Размеченные\labels.csv,342,2.25.132083163398091874662674590622589534350/series_003_2_CR/A2507386583 DXA Exam/CR DXA Images/CR000000.dcm,output/2.25.132083163398091874662674590622589534350/series_003_2_CR/A2507386583 DXA Exam/CR DXA Images/CR000000.dcm,LEG,,,2026-09-16T16:38:26,1.2.643.5.1.13.13.12.2.77.8252.13151303131009131214000609090104,2.25.132083163398091874662674590622589534350/series_003_2_CR/A2507386583 DXA Exam/CR DXA Images/CR000000.dcm,C:\Users\Андрей\Desktop\Хакатон\Исследования\2.25.132083163398091874662674590622589534350\series_003_2_CR\A2507386583 DXA Exam\CR DXA Images\CR000000.dcm,exact_path,csv_relative_path
Размеченные,C:\Users\Андрей\Desktop\Хакатон\Размеченные\labels.csv,343,2.25.132083163398091874662674590622589534350/series_003_2_CR/A2507386583 DXA Exam/CR DXA Images/CR000001.dcm,output/2.25.132083163398091874662674590622589534350/series_003_2_CR/A2507386583 DXA Exam/CR DXA Images/CR000001.dcm,SPINE,,,2026-09-16T16:38:27,1.2.643.5.1.13.13.12.2.77.8252.15080409060108110106110204020115,2.25.132083163398091874662674590622589534350/series_003_2_CR/A2507386583 DXA Exam/CR DXA Images/CR000001.dcm,C:\Users\Андрей\Desktop\Хакатон\Исследования\2.25.132083163398091874662674590622589534350\series_003_2_CR\A2507386583 DXA Exam\CR DXA Images\CR000001.dcm,exact_path,csv_relative_path
Размеченные,C:\Users\Андрей\Desktop\Хакатон\Размеченные\labels.csv,344,2.25.132083163398091874662674590622589534350/series_003_2_CR/A2507386583 DXA Exam/CR DXA Images/CR000002.dcm,output/2.25.132083163398091874662674590622589534350/series_003_2_CR/A2507386583 DXA Exam/CR DXA Images/CR000002.dcm,LEG,,,2026-09-16T16:38:29,1.2.643.5.1.13.13.12.2.77.8252.06120903051105150112061201080014,2.25.132083163398091874662674590622589534350/series_003_2_CR/A2507386583 DXA Exam/CR DXA Images/CR000002.dcm,C:\Users\Андрей\Desktop\Хакатон\Исследования\2.25.132083163398091874662674590622589534350\series_003_2_CR\A2507386583 DXA Exam\CR DXA Images\CR000002.dcm,exact_path,csv_relative_path
Размеченные,C:\Users\Андрей\Desktop\Хакатон\Размеченные\labels.csv,345,2.25.132272637351979990811754009849547633391/series_003_3_CR/A2504141080 DXA/CR DXA/CR000000.dcm,output/2.25.132272637351979990811754009849547633391/series_003_3_CR/A2504141080 DXA/CR DXA/CR000000.dcm,LEG,,,2026-09-16T16:38:31,1.2.643.5.1.13.13.12.2.77.8252.05020106091400040809110708040301,2.25.132272637351979990811754009849547633391/series_003_3_CR/A2504141080 DXA/CR DXA/CR000000.dcm,C:\Users\Андрей\Desktop\Хакатон\Исследования\2.25.132272637351979990811754009849547633391\series_003_3_CR\A2504141080 DXA\CR DXA\CR000000.dcm,exact_path,csv_relative_path
Размеченные,C:\Users\Андрей\Desktop\Хакатон\Размеченные\labels.csv,346,2.25.132272637351979990811754009849547633391/series_003_3_CR/A2504141080 DXA/CR DXA/CR000001.dcm,output/2.25.132272637351979990811754009849547633391/series_003_3_CR/A2504141080 DXA/CR DXA/CR000001.dcm,LEG,,,2026-09-16T16:38:33,1.2.643.5.1.13.13.12.2.77.8252.15140601101305061400021505010802,2.25.132272637351979990811754009849547633391/series_003_3_CR/A2504141080 DXA/CR DXA/CR000001.dcm,C:\Users\Андрей\Desktop\Хакатон\Исследования\2.25.132272637351979990811754009849547633391\series_003_3_CR\A2504141080 DXA\CR DXA\CR000001.dcm,exact_path,csv_relative_path
Размеченные,C:\Users\Андрей\Desktop\Хакатон\Размеченные\labels.csv,347,2.25.132272637351979990811754009849547633391/series_003_3_CR/A2504141080 DXA/CR DXA/CR000002.dcm,output/2.25.132272637351979990811754009849547633391/series_003_3_CR/A2504141080 DXA/CR DXA/CR000002.dcm,SPINE,,,2026-09-16T16:38:35,1.2.643.5.1.13.13.12.2.77.8252.07151108041411120004040810151209,2.25.132272637351979990811754009849547633391/series_003_3_CR/A2504141080 DXA/CR DXA/CR000002.dcm,C:\Users\Андрей\Desktop\Хакатон\Исследования\2.25.132272637351979990811754009849547633391\series_003_3_CR\A2504141080 DXA\CR DXA\CR000002.dcm,exact_path,csv_relative_path
Размеченные,C:\Users\Андрей\Desktop\Хакатон\Размеченные\labels.csv,348,2.25.13325817932854000792938662637654885530/series_002_2_CR/A2507365486 DXA/CR DXA/CR000000.dcm,output/2.25.13325817932854000792938662637654885530/series_002_2_CR/A2507365486 DXA/CR DXA/CR000000.dcm,SPINE,,,2026-09-16T16:38:37,1.2.643.5.1.13.13.12.2.77.8252.02090003020511130407030106110206,2.25.13325817932854000792938662637654885530/series_002_2_CR/A2507365486 DXA/CR DXA/CR000000.dcm,C:\Users\Андрей\Desktop\Хакатон\Исследования\2.25.13325817932854000792938662637654885530\series_002_2_CR\A2507365486 DXA\CR DXA\CR000000.dcm,exact_path,csv_relative_path
Размеченные,C:\Users\Андрей\Desktop\Хакатон\Размеченные\labels.csv,349,2.25.13325817932854000792938662637654885530/series_002_2_CR/A2507365486 DXA/CR DXA/CR000001.dcm,output/2.25.13325817932854000792938662637654885530/series_002_2_CR/A2507365486 DXA/CR DXA/CR000001.dcm,LEG,,,2026-09-16T16:38:39,1.2.643.5.1.13.13.12.2.77.8252.04080409110008071309041404000111,2.25.13325817932854000792938662637654885530/series_002_2_CR/A2507365486 DXA/CR DXA/CR000001.dcm,C:\Users\Андрей\Desktop\Хакатон\Исследования\2.25.13325817932854000792938662637654885530\series_002_2_CR\A2507365486 DXA\CR DXA\CR000001.dcm,exact_path,csv_relative_path
Размеченные,C:\Users\Андрей\Desktop\Хакатон\Размеченные\labels.csv,350,2.25.13325817932854000792938662637654885530/series_002_2_CR/A2507365486 DXA/CR DXA/CR000002.dcm,output/2.25.13325817932854000792938662637654885530/series_002_2_CR/A2507365486 DXA/CR DXA/CR000002.dcm,LEG,,,2026-09-16T16:38:42,1.2.643.5.1.13.13.12.2.77.8252.11150104101400000200001411070008,2.25.13325817932854000792938662637654885530/series_002_2_CR/A2507365486 DXA/CR DXA/CR000002.dcm,C:\Users\Андрей\Desktop\Хакатон\Исследования\2.25.13325817932854000792938662637654885530\series_002_2_CR\A2507365486 DXA\CR DXA\CR000002.dcm,exact_path,csv_relative_path
Размеченные,C:\Users\Андрей\Desktop\Хакатон\Размеченные\labels.csv,351,2.25.13325817932854000792938662637654885530/series_002_2_CR/A2507365486 DXA/CR DXA/CR000003.dcm,output/2.25.13325817932854000792938662637654885530/series_002_2_CR/A2507365486 DXA/CR DXA/CR000003.dcm,LEG,,,2026-09-16T16:38:43,1.2.643.5.1.13.13.12.2.77.8252.00090714091003060206031503010409,2.25.13325817932854000792938662637654885530/series_002_2_CR/A2507365486 DXA/CR DXA/CR000003.dcm,C:\Users\Андрей\Desktop\Хакатон\Исследования\2.25.13325817932854000792938662637654885530\series_002_2_CR\A2507365486 DXA\CR DXA\CR000003.dcm,exact_path,csv_relative_path
Размеченные,C:\Users\Андрей\Desktop\Хакатон\Размеченные\labels.csv,352,2.25.13325817932854000792938662637654885530/series_002_2_CR/A2507365486 DXA/CR DXA/CR000004.dcm,output/2.25.13325817932854000792938662637654885530/series_002_2_CR/A2507365486 DXA/CR DXA/CR000004.dcm,LEG,,,2026-09-16T16:38:45,1.2.643.5.1.13.13.12.2.77.8252.13150808100913111314080101030008,2.25.13325817932854000792938662637654885530/series_002_2_CR/A2507365486 DXA/CR DXA/CR000004.dcm,C:\Users\Андрей\Desktop\Хакатон\Исследования\2.25.13325817932854000792938662637654885530\series_002_2_CR\A2507365486 DXA\CR DXA\CR000004.dcm,exact_path,csv_relative_path
Размеченные,C:\Users\Андрей\Desktop\Хакатон\Размеченные\labels.csv,353,2.25.13325817932854000792938662637654885530/series_002_2_CR/A2507365486 DXA/CR DXA/CR000005.dcm,output/2.25.13325817932854000792938662637654885530/series_002_2_CR/A2507365486 DXA/CR DXA/CR000005.dcm,LEG,,,2026-09-16T16:38:46,1.2.643.5.1.13.13.12.2.77.8252.11020707081006150000011408140609,2.25.13325817932854000792938662637654885530/series_002_2_CR/A2507365486 DXA/CR DXA/CR000005.dcm,C:\Users\Андрей\Desktop\Хакатон\Исследования\2.25.13325817932854000792938662637654885530\series_002_2_CR\A2507365486 DXA\CR DXA\CR000005.dcm,exact_path,csv_relative_path
Размеченные,C:\Users\Андрей\Desktop\Хакатон\Размеченные\labels.csv,354,2.25.13325817932854000792938662637654885530/series_002_2_CR/A2507365486 DXA/CR DXA/CR000006.dcm,output/2.25.13325817932854000792938662637654885530/series_002_2_CR/A2507365486 DXA/CR DXA/CR000006.dcm,LEG,,,2026-09-16T16:38:48,1.2.643.5.1.13.13.12.2.77.8252.10001304041304060303041004101403,2.25.13325817932854000792938662637654885530/series_002_2_CR/A2507365486 DXA/CR DXA/CR000006.dcm,C:\Users\Андрей\Desktop\Хакатон\Исследования\2.25.13325817932854000792938662637654885530\series_002_2_CR\A2507365486 DXA\CR DXA\CR000006.dcm,exact_path,csv_relative_path
Размеченные,C:\Users\Андрей\Desktop\Хакатон\Размеченные\labels.csv,355,2.25.13325817932854000792938662637654885530/series_002_2_CR/A2507365486 DXA/CR DXA/CR000007.dcm,output/2.25.13325817932854000792938662637654885530/series_002_2_CR/A2507365486 DXA/CR DXA/CR000007.dcm,LEG,,,2026-09-16T16:38:49,1.2.643.5.1.13.13.12.2.77.8252.12151114030903000211100702060009,2.25.13325817932854000792938662637654885530/series_002_2_CR/A2507365486 DXA/CR DXA/CR000007.dcm,C:\Users\Андрей\Desktop\Хакатон\Исследования\2.25.13325817932854000792938662637654885530\series_002_2_CR\A2507365486 DXA\CR DXA\CR000007.dcm,exact_path,csv_relative_path
Размеченные,C:\Users\Андрей\Desktop\Хакатон\Размеченные\labels.csv,356,2.25.13325817932854000792938662637654885530/series_002_2_CR/A2507365486 DXA/CR DXA/CR000008.dcm,output/2.25.13325817932854000792938662637654885530/series_002_2_CR/A2507365486 DXA/CR DXA/CR000008.dcm,LEG,,,2026-09-16T16:38:51,1.2.643.5.1.13.13.12.2.77.8252.02031303080313100507120501150506,2.25.13325817932854000792938662637654885530/series_002_2_CR/A2507365486 DXA/CR DXA/CR000008.dcm,C:\Users\Андрей\Desktop\Хакатон\Исследования\2.25.13325817932854000792938662637654885530\series_002_2_CR\A2507365486 DXA\CR DXA\CR000008.dcm,exact_path,csv_relative_path
Размеченные,C:\Users\Андрей\Desktop\Хакатон\Размеченные\labels.csv,357,2.25.13325817932854000792938662637654885530/series_002_2_CR/A2507365486 DXA/CR DXA/CR000009.dcm,output/2.25.13325817932854000792938662637654885530/series_002_2_CR/A2507365486 DXA/CR DXA/CR000009.dcm,LEG,,,2026-09-16T16:38:53,1.2.643.5.1.13.13.12.2.77.8252.06150706081207041203070111090707,2.25.13325817932854000792938662637654885530/series_002_2_CR/A2507365486 DXA/CR DXA/CR000009.dcm,C:\Users\Андрей\Desktop\Хакатон\Исследования\2.25.13325817932854000792938662637654885530\series_002_2_CR\A2507365486 DXA\CR DXA\CR000009.dcm,exact_path,csv_relative_path
Размеченные,C:\Users\Андрей\Desktop\Хакатон\Размеченные\labels.csv,358,2.25.13325817932854000792938662637654885530/series_002_2_CR/A2507365486 DXA/CR DXA/CR000010.dcm,output/2.25.13325817932854000792938662637654885530/series_002_2_CR/A2507365486 DXA/CR DXA/CR000010.dcm,SPINE,,,2026-09-16T16:38:54,1.2.643.5.1.13.13.12.2.77.8252.06150108111302000413130014070915,2.25.13325817932854000792938662637654885530/series_002_2_CR/A2507365486 DXA/CR DXA/CR000010.dcm,C:\Users\Андрей\Desktop\Хакатон\Исследования\2.25.13325817932854000792938662637654885530\series_002_2_CR\A2507365486 DXA\CR DXA\CR000010.dcm,exact_path,csv_relative_path
Размеченные,C:\Users\Андрей\Desktop\Хакатон\Размеченные\labels.csv,359,2.25.13325817932854000792938662637654885530/series_002_2_CR/A2507365486 DXA/CR DXA/CR000011.dcm,output/2.25.13325817932854000792938662637654885530/series_002_2_CR/A2507365486 DXA/CR DXA/CR000011.dcm,LEG,,,2026-09-16T16:38:56,1.2.643.5.1.13.13.12.2.77.8252.07031408150101110505001201030207,2.25.13325817932854000792938662637654885530/series_002_2_CR/A2507365486 DXA/CR DXA/CR000011.dcm,C:\Users\Андрей\Desktop\Хакатон\Исследования\2.25.13325817932854000792938662637654885530\series_002_2_CR\A2507365486 DXA\CR DXA\CR000011.dcm,exact_path,csv_relative_path
Размеченные,C:\Users\Андрей\Desktop\Хакатон\Размеченные\labels.csv,360,2.25.13325817932854000792938662637654885530/series_002_2_CR/A2507365486 DXA/CR DXA/CR000012.dcm,output/2.25.13325817932854000792938662637654885530/series_002_2_CR/A2507365486 DXA/CR DXA/CR000012.dcm,SPINE,,,2026-09-16T16:38:57,1.2.643.5.1.13.13.12.2.77.8252.14070208080209001506081402060503,2.25.13325817932854000792938662637654885530/series_002_2_CR/A2507365486 DXA/CR DXA/CR000012.dcm,C:\Users\Андрей\Desktop\Хакатон\Исследования\2.25.13325817932854000792938662637654885530\series_002_2_CR\A2507365486 DXA\CR DXA\CR000012.dcm,exact_path,csv_relative_path
Размеченные,C:\Users\Андрей\Desktop\Хакатон\Размеченные\labels.csv,361,2.25.134456506307367483341018281460841912845/series_002_2_CR/A2507120612 DXA/CR DXA/CR000000.dcm,output/2.25.134456506307367483341018281460841912845/series_002_2_CR/A2507120612 DXA/CR DXA/CR000000.dcm,LEG,,,2026-09-16T16:38:59,1.2.643.5.1.13.13.12.2.77.8252.04040803080402061202041005000304,2.25.134456506307367483341018281460841912845/series_002_2_CR/A2507120612 DXA/CR DXA/CR000000.dcm,C:\Users\Андрей\Desktop\Хакатон\Исследования\2.25.134456506307367483341018281460841912845\series_002_2_CR\A2507120612 DXA\CR DXA\CR000000.dcm,exact_path,csv_relative_path
Размеченные,C:\Users\Андрей\Desktop\Хакатон\Размеченные\labels.csv,362,2.25.134456506307367483341018281460841912845/series_002_2_CR/A2507120612 DXA/CR DXA/CR000001.dcm,output/2.25.134456506307367483341018281460841912845/series_002_2_CR/A2507120612 DXA/CR DXA/CR000001.dcm,SPINE,,,2026-09-16T16:39:00,1.2.643.5.1.13.13.12.2.77.8252.13090607110001000310151006050113,2.25.134456506307367483341018281460841912845/series_002_2_CR/A2507120612 DXA/CR DXA/CR000001.dcm,C:\Users\Андрей\Desktop\Хакатон\Исследования\2.25.134456506307367483341018281460841912845\series_002_2_CR\A2507120612 DXA\CR DXA\CR000001.dcm,exact_path,csv_relative_path
Размеченные,C:\Users\Андрей\Desktop\Хакатон\Размеченные\labels.csv,363,2.25.134456506307367483341018281460841912845/series_002_2_CR/A2507120612 DXA/CR DXA/CR000002.dcm,output/2.25.134456506307367483341018281460841912845/series_002_2_CR/A2507120612 DXA/CR DXA/CR000002.dcm,LEG,,,2026-09-16T16:39:02,1.2.643.5.1.13.13.12.2.77.8252.14121200111500000012151207021305,2.25.134456506307367483341018281460841912845/series_002_2_CR/A2507120612 DXA/CR DXA/CR000002.dcm,C:\Users\Андрей\Desktop\Хакатон\Исследования\2.25.134456506307367483341018281460841912845\series_002_2_CR\A2507120612 DXA\CR DXA\CR000002.dcm,exact_path,csv_relative_path
Размеченные,C:\Users\Андрей\Desktop\Хакатон\Размеченные\labels.csv,364,2.25.135241889065705954191821710363605596815/series_003_3_CR/A250715060 DXA/CR DXA/CR000000.dcm,output/2.25.135241889065705954191821710363605596815/series_003_3_CR/A250715060 DXA/CR DXA/CR000000.dcm,LEG,,,2026-09-16T16:39:03,1.2.643.5.1.13.13.12.2.77.8252.04060811050000140014040410080212,2.25.135241889065705954191821710363605596815/series_003_3_CR/A250715060 DXA/CR DXA/CR000000.dcm,C:\Users\Андрей\Desktop\Хакатон\Исследования\2.25.135241889065705954191821710363605596815\series_003_3_CR\A250715060 DXA\CR DXA\CR000000.dcm,exact_path,csv_relative_path
Размеченные,C:\Users\Андрей\Desktop\Хакатон\Размеченные\labels.csv,365,2.25.135241889065705954191821710363605596815/series_003_3_CR/A250715060 DXA/CR DXA/CR000001.dcm,output/2.25.135241889065705954191821710363605596815/series_003_3_CR/A250715060 DXA/CR DXA/CR000001.dcm,SPINE,,,2026-09-16T16:39:05,1.2.643.5.1.13.13.12.2.77.8252.12060607091105150404131215110908,2.25.135241889065705954191821710363605596815/series_003_3_CR/A250715060 DXA/CR DXA/CR000001.dcm,C:\Users\Андрей\Desktop\Хакатон\Исследования\2.25.135241889065705954191821710363605596815\series_003_3_CR\A250715060 DXA\CR DXA\CR000001.dcm,exact_path,csv_relative_path
Размеченные,C:\Users\Андрей\Desktop\Хакатон\Размеченные\labels.csv,366,2.25.13566237352084812982996047541944701548/series_002_2_CR/A2504268931 DXA/CR DXA/CR000000.dcm,output/2.25.13566237352084812982996047541944701548/series_002_2_CR/A2504268931 DXA/CR DXA/CR000000.dcm,SPINE,,,2026-09-16T16:39:06,1.2.643.5.1.13.13.12.2.77.8252.09030712140506070904071003000708,2.25.13566237352084812982996047541944701548/series_002_2_CR/A2504268931 DXA/CR DXA/CR000000.dcm,C:\Users\Андрей\Desktop\Хакатон\Исследования\2.25.13566237352084812982996047541944701548\series_002_2_CR\A2504268931 DXA\CR DXA\CR000000.dcm,exact_path,csv_relative_path
Размеченные,C:\Users\Андрей\Desktop\Хакатон\Размеченные\labels.csv,367,2.25.137344827330550141320158285144101816664/series_003_3_CR/A2507146630 DXA/CR DXA/CR000000.dcm,output/2.25.137344827330550141320158285144101816664/series_003_3_CR/A2507146630 DXA/CR DXA/CR000000.dcm,SPINE,железки,,2026-09-16T16:39:27,1.2.643.5.1.13.13.12.2.77.8252.02050314081501100100131400110412,2.25.137344827330550141320158285144101816664/series_003_3_CR/A2507146630 DXA/CR DXA/CR000000.dcm,C:\Users\Андрей\Desktop\Хакатон\Исследования\2.25.137344827330550141320158285144101816664\series_003_3_CR\A2507146630 DXA\CR DXA\CR000000.dcm,exact_path,csv_relative_path
Размеченные,C:\Users\Андрей\Desktop\Хакатон\Размеченные\labels.csv,368,2.25.137344827330550141320158285144101816664/series_003_3_CR/A2507146630 DXA/CR DXA/CR000001.dcm,output/2.25.137344827330550141320158285144101816664/series_003_3_CR/A2507146630 DXA/CR DXA/CR000001.dcm,LEG,,,2026-09-16T16:39:30,1.2.643.5.1.13.13.12.2.77.8252.14140312010015010504081306061203,2.25.137344827330550141320158285144101816664/series_003_3_CR/A2507146630 DXA/CR DXA/CR000001.dcm,C:\Users\Андрей\Desktop\Хакатон\Исследования\2.25.137344827330550141320158285144101816664\series_003_3_CR\A2507146630 DXA\CR DXA\CR000001.dcm,exact_path,csv_relative_path
Размеченные,C:\Users\Андрей\Desktop\Хакатон\Размеченные\labels.csv,369,2.25.137344827330550141320158285144101816664/series_003_3_CR/A2507146630 DXA/CR DXA/CR000002.dcm,output/2.25.137344827330550141320158285144101816664/series_003_3_CR/A2507146630 DXA/CR DXA/CR000002.dcm,LEG,,,2026-09-16T16:39:32,1.2.643.5.1.13.13.12.2.77.8252.03131510081105080011060404010511,2.25.137344827330550141320158285144101816664/series_003_3_CR/A2507146630 DXA/CR DXA/CR000002.dcm,C:\Users\Андрей\Desktop\Хакатон\Исследования\2.25.137344827330550141320158285144101816664\series_003_3_CR\A2507146630 DXA\CR DXA\CR000002.dcm,exact_path,csv_relative_path
Размеченные,C:\Users\Андрей\Desktop\Хакатон\Размеченные\labels.csv,370,2.25.137675513852774974135210999345676405116/series_001_2_CR/A2504106597 DXA/CR DXA/CR000000.dcm,output/2.25.137675513852774974135210999345676405116/series_001_2_CR/A2504106597 DXA/CR DXA/CR000000.dcm,SPINE,,,2026-09-16T16:39:33,1.2.643.5.1.13.13.12.2.77.8252.05060902130204131205041207051405,2.25.137675513852774974135210999345676405116/series_001_2_CR/A2504106597 DXA/CR DXA/CR000000.dcm,C:\Users\Андрей\Desktop\Хакатон\Исследования\2.25.137675513852774974135210999345676405116\series_001_2_CR\A2504106597 DXA\CR DXA\CR000000.dcm,exact_path,csv_relative_path
Размеченные,C:\Users\Андрей\Desktop\Хакатон\Размеченные\labels.csv,371,2.25.13983650679559142983913935144968795415/series_003_2_CR/A2504335111 DXA/CR DXA/CR000000.dcm,output/2.25.13983650679559142983913935144968795415/series_003_2_CR/A2504335111 DXA/CR DXA/CR000000.dcm,SPINE,,,2026-09-16T16:39:35,1.2.643.5.1.13.13.12.2.77.8252.01100509051301061200120505020711,2.25.13983650679559142983913935144968795415/series_003_2_CR/A2504335111 DXA/CR DXA/CR000000.dcm,C:\Users\Андрей\Desktop\Хакатон\Исследования\2.25.13983650679559142983913935144968795415\series_003_2_CR\A2504335111 DXA\CR DXA\CR000000.dcm,exact_path,csv_relative_path
Размеченные,C:\Users\Андрей\Desktop\Хакатон\Размеченные\labels.csv,372,2.25.13983650679559142983913935144968795415/series_003_2_CR/A2504335111 DXA/CR DXA/CR000001.dcm,output/2.25.13983650679559142983913935144968795415/series_003_2_CR/A2504335111 DXA/CR DXA/CR000001.dcm,LEG,,,2026-09-16T16:39:36,1.2.643.5.1.13.13.12.2.77.8252.02030711120805150008090200030710,2.25.13983650679559142983913935144968795415/series_003_2_CR/A2504335111 DXA/CR DXA/CR000001.dcm,C:\Users\Андрей\Desktop\Хакатон\Исследования\2.25.13983650679559142983913935144968795415\series_003_2_CR\A2504335111 DXA\CR DXA\CR000001.dcm,exact_path,csv_relative_path
Размеченные,C:\Users\Андрей\Desktop\Хакатон\Размеченные\labels.csv,373,2.25.13983650679559142983913935144968795415/series_003_2_CR/A2504335111 DXA/CR DXA/CR000002.dcm,output/2.25.13983650679559142983913935144968795415/series_003_2_CR/A2504335111 DXA/CR DXA/CR000002.dcm,LEG,,,2026-09-16T16:39:38,1.2.643.5.1.13.13.12.2.77.8252.05100908130706051511060907050202,2.25.13983650679559142983913935144968795415/series_003_2_CR/A2504335111 DXA/CR DXA/CR000002.dcm,C:\Users\Андрей\Desktop\Хакатон\Исследования\2.25.13983650679559142983913935144968795415\series_003_2_CR\A2504335111 DXA\CR DXA\CR000002.dcm,exact_path,csv_relative_path
Размеченные,C:\Users\Андрей\Desktop\Хакатон\Размеченные\labels.csv,374,2.25.13983650679559142983913935144968795415/series_003_2_CR/A2504335111 DXA/CR DXA/CR000003.dcm,output/2.25.13983650679559142983913935144968795415/series_003_2_CR/A2504335111 DXA/CR DXA/CR000003.dcm,SPINE,,,2026-09-16T16:39:39,1.2.643.5.1.13.13.12.2.77.8252.07080813110202150000000512100700,2.25.13983650679559142983913935144968795415/series_003_2_CR/A2504335111 DXA/CR DXA/CR000003.dcm,C:\Users\Андрей\Desktop\Хакатон\Исследования\2.25.13983650679559142983913935144968795415\series_003_2_CR\A2504335111 DXA\CR DXA\CR000003.dcm,exact_path,csv_relative_path
Размеченные,C:\Users\Андрей\Desktop\Хакатон\Размеченные\labels.csv,375,2.25.13983650679559142983913935144968795415/series_003_2_CR/A2504335111 DXA/CR DXA/CR000004.dcm,output/2.25.13983650679559142983913935144968795415/series_003_2_CR/A2504335111 DXA/CR DXA/CR000004.dcm,LEG,,,2026-09-16T16:39:41,1.2.643.5.1.13.13.12.2.77.8252.04081012050615111107130109120010,2.25.13983650679559142983913935144968795415/series_003_2_CR/A2504335111 DXA/CR DXA/CR000004.dcm,C:\Users\Андрей\Desktop\Хакатон\Исследования\2.25.13983650679559142983913935144968795415\series_003_2_CR\A2504335111 DXA\CR DXA\CR000004.dcm,exact_path,csv_relative_path
Размеченные,C:\Users\Андрей\Desktop\Хакатон\Размеченные\labels.csv,376,2.25.13983650679559142983913935144968795415/series_003_2_CR/A2504335111 DXA/CR DXA/CR000005.dcm,output/2.25.13983650679559142983913935144968795415/series_003_2_CR/A2504335111 DXA/CR DXA/CR000005.dcm,LEG,,,2026-09-16T16:39:42,1.2.643.5.1.13.13.12.2.77.8252.02081511091502140105000012140914,2.25.13983650679559142983913935144968795415/series_003_2_CR/A2504335111 DXA/CR DXA/CR000005.dcm,C:\Users\Андрей\Desktop\Хакатон\Исследования\2.25.13983650679559142983913935144968795415\series_003_2_CR\A2504335111 DXA\CR DXA\CR000005.dcm,exact_path,csv_relative_path
Размеченные,C:\Users\Андрей\Desktop\Хакатон\Размеченные\labels.csv,377,2.25.144941557565802351596730914409170713112/series_001_2_CR/A250728979 DXA/CR DXA/CR000000.dcm,output/2.25.144941557565802351596730914409170713112/series_001_2_CR/A250728979 DXA/CR DXA/CR000000.dcm,LEG,,,2026-09-16T16:39:44,1.2.643.5.1.13.13.12.2.77.8252.01100715050305071000110707040014,2.25.144941557565802351596730914409170713112/series_001_2_CR/A250728979 DXA/CR DXA/CR000000.dcm,C:\Users\Андрей\Desktop\Хакатон\Исследования\2.25.144941557565802351596730914409170713112\series_001_2_CR\A250728979 DXA\CR DXA\CR000000.dcm,exact_path,csv_relative_path
Размеченные,C:\Users\Андрей\Desktop\Хакатон\Размеченные\labels.csv,378,2.25.144941557565802351596730914409170713112/series_001_2_CR/A250728979 DXA/CR DXA/CR000001.dcm,output/2.25.144941557565802351596730914409170713112/series_001_2_CR/A250728979 DXA/CR DXA/CR000001.dcm,LEG,,,2026-09-16T16:39:45,1.2.643.5.1.13.13.12.2.77.8252.05030004000114011306070703000900,2.25.144941557565802351596730914409170713112/series_001_2_CR/A250728979 DXA/CR DXA/CR000001.dcm,C:\Users\Андрей\Desktop\Хакатон\Исследования\2.25.144941557565802351596730914409170713112\series_001_2_CR\A250728979 DXA\CR DXA\CR000001.dcm,exact_path,csv_relative_path
Размеченные,C:\Users\Андрей\Desktop\Хакатон\Размеченные\labels.csv,379,2.25.144941557565802351596730914409170713112/series_001_2_CR/A250728979 DXA/CR DXA/CR000002.dcm,output/2.25.144941557565802351596730914409170713112/series_001_2_CR/A250728979 DXA/CR DXA/CR000002.dcm,LEG,,,2026-09-16T16:39:47,1.2.643.5.1.13.13.12.2.77.8252.14070202101304120203120502100808,2.25.144941557565802351596730914409170713112/series_001_2_CR/A250728979 DXA/CR DXA/CR000002.dcm,C:\Users\Андрей\Desktop\Хакатон\Исследования\2.25.144941557565802351596730914409170713112\series_001_2_CR\A250728979 DXA\CR DXA\CR000002.dcm,exact_path,csv_relative_path
Размеченные,C:\Users\Андрей\Desktop\Хакатон\Размеченные\labels.csv,380,2.25.144941557565802351596730914409170713112/series_001_2_CR/A250728979 DXA/CR DXA/CR000003.dcm,output/2.25.144941557565802351596730914409170713112/series_001_2_CR/A250728979 DXA/CR DXA/CR000003.dcm,LEG,,,2026-09-16T16:39:49,1.2.643.5.1.13.13.12.2.77.8252.03000804151513141409051310151514,2.25.144941557565802351596730914409170713112/series_001_2_CR/A250728979 DXA/CR DXA/CR000003.dcm,C:\Users\Андрей\Desktop\Хакатон\Исследования\2.25.144941557565802351596730914409170713112\series_001_2_CR\A250728979 DXA\CR DXA\CR000003.dcm,exact_path,csv_relative_path
Размеченные,C:\Users\Андрей\Desktop\Хакатон\Размеченные\labels.csv,381,2.25.144941557565802351596730914409170713112/series_001_2_CR/A250728979 DXA/CR DXA/CR000004.dcm,output/2.25.144941557565802351596730914409170713112/series_001_2_CR/A250728979 DXA/CR DXA/CR000004.dcm,LEG,,,2026-09-16T16:39:50,1.2.643.5.1.13.13.12.2.77.8252.10050606131001041108060208080404,2.25.144941557565802351596730914409170713112/series_001_2_CR/A250728979 DXA/CR DXA/CR000004.dcm,C:\Users\Андрей\Desktop\Хакатон\Исследования\2.25.144941557565802351596730914409170713112\series_001_2_CR\A250728979 DXA\CR DXA\CR000004.dcm,exact_path,csv_relative_path
Размеченные,C:\Users\Андрей\Desktop\Хакатон\Размеченные\labels.csv,382,2.25.144941557565802351596730914409170713112/series_001_2_CR/A250728979 DXA/CR DXA/CR000005.dcm,output/2.25.144941557565802351596730914409170713112/series_001_2_CR/A250728979 DXA/CR DXA/CR000005.dcm,LEG,,,2026-09-16T16:39:52,1.2.643.5.1.13.13.12.2.77.8252.13110302070015120304051003100511,2.25.144941557565802351596730914409170713112/series_001_2_CR/A250728979 DXA/CR DXA/CR000005.dcm,C:\Users\Андрей\Desktop\Хакатон\Исследования\2.25.144941557565802351596730914409170713112\series_001_2_CR\A250728979 DXA\CR DXA\CR000005.dcm,exact_path,csv_relative_path
Размеченные,C:\Users\Андрей\Desktop\Хакатон\Размеченные\labels.csv,383,2.25.144941557565802351596730914409170713112/series_001_2_CR/A250728979 DXA/CR DXA/CR000006.dcm,output/2.25.144941557565802351596730914409170713112/series_001_2_CR/A250728979 DXA/CR DXA/CR000006.dcm,SPINE,,,2026-09-16T16:39:53,1.2.643.5.1.13.13.12.2.77.8252.14021109030605071205090308080911,2.25.144941557565802351596730914409170713112/series_001_2_CR/A250728979 DXA/CR DXA/CR000006.dcm,C:\Users\Андрей\Desktop\Хакатон\Исследования\2.25.144941557565802351596730914409170713112\series_001_2_CR\A250728979 DXA\CR DXA\CR000006.dcm,exact_path,csv_relative_path
Размеченные,C:\Users\Андрей\Desktop\Хакатон\Размеченные\labels.csv,384,2.25.144941557565802351596730914409170713112/series_001_2_CR/A250728979 DXA/CR DXA/CR000007.dcm,output/2.25.144941557565802351596730914409170713112/series_001_2_CR/A250728979 DXA/CR DXA/CR000007.dcm,LEG,,,2026-09-16T16:39:55,1.2.643.5.1.13.13.12.2.77.8252.02000707141211070603071400111001,2.25.144941557565802351596730914409170713112/series_001_2_CR/A250728979 DXA/CR DXA/CR000007.dcm,C:\Users\Андрей\Desktop\Хакатон\Исследования\2.25.144941557565802351596730914409170713112\series_001_2_CR\A250728979 DXA\CR DXA\CR000007.dcm,exact_path,csv_relative_path
Размеченные,C:\Users\Андрей\Desktop\Хакатон\Размеченные\labels.csv,385,2.25.144941557565802351596730914409170713112/series_001_2_CR/A250728979 DXA/CR DXA/CR000008.dcm,output/2.25.144941557565802351596730914409170713112/series_001_2_CR/A250728979 DXA/CR DXA/CR000008.dcm,SPINE,,,2026-09-16T16:39:58,1.2.643.5.1.13.13.12.2.77.8252.12001403040706100907100308030007,2.25.144941557565802351596730914409170713112/series_001_2_CR/A250728979 DXA/CR DXA/CR000008.dcm,C:\Users\Андрей\Desktop\Хакатон\Исследования\2.25.144941557565802351596730914409170713112\series_001_2_CR\A250728979 DXA\CR DXA\CR000008.dcm,exact_path,csv_relative_path
Размеченные,C:\Users\Андрей\Desktop\Хакатон\Размеченные\labels.csv,386,2.25.144941557565802351596730914409170713112/series_001_2_CR/A250728979 DXA/CR DXA/CR000009.dcm,output/2.25.144941557565802351596730914409170713112/series_001_2_CR/A250728979 DXA/CR DXA/CR000009.dcm,SPINE,,,2026-09-16T16:40:00,1.2.643.5.1.13.13.12.2.77.8252.03150209000513130305020013101408,2.25.144941557565802351596730914409170713112/series_001_2_CR/A250728979 DXA/CR DXA/CR000009.dcm,C:\Users\Андрей\Desktop\Хакатон\Исследования\2.25.144941557565802351596730914409170713112\series_001_2_CR\A250728979 DXA\CR DXA\CR000009.dcm,exact_path,csv_relative_path
Размеченные,C:\Users\Андрей\Desktop\Хакатон\Размеченные\labels.csv,387,2.25.144941557565802351596730914409170713112/series_001_2_CR/A250728979 DXA/CR DXA/CR000010.dcm,output/2.25.144941557565802351596730914409170713112/series_001_2_CR/A250728979 DXA/CR DXA/CR000010.dcm,LEG,,,2026-09-16T16:40:01,1.2.643.5.1.13.13.12.2.77.8252.08060612000510000609001512070103,2.25.144941557565802351596730914409170713112/series_001_2_CR/A250728979 DXA/CR DXA/CR000010.dcm,C:\Users\Андрей\Desktop\Хакатон\Исследования\2.25.144941557565802351596730914409170713112\series_001_2_CR\A250728979 DXA\CR DXA\CR000010.dcm,exact_path,csv_relative_path
Размеченные,C:\Users\Андрей\Desktop\Хакатон\Размеченные\labels.csv,388,2.25.145848300160680194368420189079847088556/series_002_2_CR/A2504248615 DXA Exam/CR DXA Images/CR000000.dcm,output/2.25.145848300160680194368420189079847088556/series_002_2_CR/A2504248615 DXA Exam/CR DXA Images/CR000000.dcm,LEG,,,2026-09-16T16:40:03,1.2.643.5.1.13.13.12.2.77.8252.06130104100900080002100912090901,2.25.145848300160680194368420189079847088556/series_002_2_CR/A2504248615 DXA Exam/CR DXA Images/CR000000.dcm,C:\Users\Андрей\Desktop\Хакатон\Исследования\2.25.145848300160680194368420189079847088556\series_002_2_CR\A2504248615 DXA Exam\CR DXA Images\CR000000.dcm,exact_path,csv_relative_path
Размеченные,C:\Users\Андрей\Desktop\Хакатон\Размеченные\labels.csv,389,2.25.145848300160680194368420189079847088556/series_002_2_CR/A2504248615 DXA Exam/CR DXA Images/CR000001.dcm,output/2.25.145848300160680194368420189079847088556/series_002_2_CR/A2504248615 DXA Exam/CR DXA Images/CR000001.dcm,LEG,,,2026-09-16T16:40:05,1.2.643.5.1.13.13.12.2.77.8252.09091111090903031309150614110215,2.25.145848300160680194368420189079847088556/series_002_2_CR/A2504248615 DXA Exam/CR DXA Images/CR000001.dcm,C:\Users\Андрей\Desktop\Хакатон\Исследования\2.25.145848300160680194368420189079847088556\series_002_2_CR\A2504248615 DXA Exam\CR DXA Images\CR000001.dcm,exact_path,csv_relative_path
Размеченные,C:\Users\Андрей\Desktop\Хакатон\Размеченные\labels.csv,390,2.25.145848300160680194368420189079847088556/series_002_2_CR/A2504248615 DXA Exam/CR DXA Images/CR000002.dcm,output/2.25.145848300160680194368420189079847088556/series_002_2_CR/A2504248615 DXA Exam/CR DXA Images/CR000002.dcm,SPINE,,,2026-09-16T16:40:09,1.2.643.5.1.13.13.12.2.77.8252.07040802010906150312000007110303,2.25.145848300160680194368420189079847088556/series_002_2_CR/A2504248615 DXA Exam/CR DXA Images/CR000002.dcm,C:\Users\Андрей\Desktop\Хакатон\Исследования\2.25.145848300160680194368420189079847088556\series_002_2_CR\A2504248615 DXA Exam\CR DXA Images\CR000002.dcm,exact_path,csv_relative_path
Размеченные,C:\Users\Андрей\Desktop\Хакатон\Размеченные\labels.csv,391,2.25.151186844055172005615813066162721550889/series_002_2_CR/A250436130 DXA/CR DXA/CR000000.dcm,output/2.25.151186844055172005615813066162721550889/series_002_2_CR/A250436130 DXA/CR DXA/CR000000.dcm,SPINE,,,2026-09-16T16:40:18,1.2.643.5.1.13.13.12.2.77.8252.07051313070907070603030815070904,2.25.151186844055172005615813066162721550889/series_002_2_CR/A250436130 DXA/CR DXA/CR000000.dcm,C:\Users\Андрей\Desktop\Хакатон\Исследования\2.25.151186844055172005615813066162721550889\series_002_2_CR\A250436130 DXA\CR DXA\CR000000.dcm,exact_path,csv_relative_path
Размеченные,C:\Users\Андрей\Desktop\Хакатон\Размеченные\labels.csv,392,2.25.151186844055172005615813066162721550889/series_002_2_CR/A250436130 DXA/CR DXA/CR000001.dcm,output/2.25.151186844055172005615813066162721550889/series_002_2_CR/A250436130 DXA/CR DXA/CR000001.dcm,LEG,,,2026-09-16T16:40:20,1.2.643.5.1.13.13.12.2.77.8252.06120514140811101106020900110711,2.25.151186844055172005615813066162721550889/series_002_2_CR/A250436130 DXA/CR DXA/CR000001.dcm,C:\Users\Андрей\Desktop\Хакатон\Исследования\2.25.151186844055172005615813066162721550889\series_002_2_CR\A250436130 DXA\CR DXA\CR000001.dcm,exact_path,csv_relative_path
Размеченные,C:\Users\Андрей\Desktop\Хакатон\Размеченные\labels.csv,393,2.25.151186844055172005615813066162721550889/series_002_2_CR/A250436130 DXA/CR DXA/CR000002.dcm,output/2.25.151186844055172005615813066162721550889/series_002_2_CR/A250436130 DXA/CR DXA/CR000002.dcm,LEG,,,2026-09-16T16:40:21,1.2.643.5.1.13.13.12.2.77.8252.07071507091013150605060411110414,2.25.151186844055172005615813066162721550889/series_002_2_CR/A250436130 DXA/CR DXA/CR000002.dcm,C:\Users\Андрей\Desktop\Хакатон\Исследования\2.25.151186844055172005615813066162721550889\series_002_2_CR\A250436130 DXA\CR DXA\CR000002.dcm,exact_path,csv_relative_path
Размеченные,C:\Users\Андрей\Desktop\Хакатон\Размеченные\labels.csv,394,2.25.156021661584944120526934974594604520993/series_003_2_CR/A2507142228 DXA/CR DXA/CR000000.dcm,output/2.25.156021661584944120526934974594604520993/series_003_2_CR/A2507142228 DXA/CR DXA/CR000000.dcm,SPINE,,,2026-09-16T16:40:23,1.2.643.5.1.13.13.12.2.77.8252.09130714090405151215050914040809,2.25.156021661584944120526934974594604520993/series_003_2_CR/A2507142228 DXA/CR DXA/CR000000.dcm,C:\Users\Андрей\Desktop\Хакатон\Исследования\2.25.156021661584944120526934974594604520993\series_003_2_CR\A2507142228 DXA\CR DXA\CR000000.dcm,exact_path,csv_relative_path
Размеченные,C:\Users\Андрей\Desktop\Хакатон\Размеченные\labels.csv,395,2.25.156021661584944120526934974594604520993/series_003_2_CR/A2507142228 DXA/CR DXA/CR000001.dcm,output/2.25.156021661584944120526934974594604520993/series_003_2_CR/A2507142228 DXA/CR DXA/CR000001.dcm,LEG,,,2026-09-16T16:40:25,1.2.643.5.1.13.13.12.2.77.8252.09091502110711081102050610090100,2.25.156021661584944120526934974594604520993/series_003_2_CR/A2507142228 DXA/CR DXA/CR000001.dcm,C:\Users\Андрей\Desktop\Хакатон\Исследования\2.25.156021661584944120526934974594604520993\series_003_2_CR\A2507142228 DXA\CR DXA\CR000001.dcm,exact_path,csv_relative_path
Размеченные,C:\Users\Андрей\Desktop\Хакатон\Размеченные\labels.csv,396,2.25.156021661584944120526934974594604520993/series_003_2_CR/A2507142228 DXA/CR DXA/CR000002.dcm,output/2.25.156021661584944120526934974594604520993/series_003_2_CR/A2507142228 DXA/CR DXA/CR000002.dcm,LEG,,,2026-09-16T16:40:27,1.2.643.5.1.13.13.12.2.77.8252.02061505000012091414020201140711,2.25.156021661584944120526934974594604520993/series_003_2_CR/A2507142228 DXA/CR DXA/CR000002.dcm,C:\Users\Андрей\Desktop\Хакатон\Исследования\2.25.156021661584944120526934974594604520993\series_003_2_CR\A2507142228 DXA\CR DXA\CR000002.dcm,exact_path,csv_relative_path
Размеченные,C:\Users\Андрей\Desktop\Хакатон\Размеченные\labels.csv,397,2.25.156021661584944120526934974594604520993/series_003_2_CR/A2507142228 DXA/CR DXA/CR000003.dcm,output/2.25.156021661584944120526934974594604520993/series_003_2_CR/A2507142228 DXA/CR DXA/CR000003.dcm,LEG,,,2026-09-16T16:40:28,1.2.643.5.1.13.13.12.2.77.8252.12020806150405080200131300151004,2.25.156021661584944120526934974594604520993/series_003_2_CR/A2507142228 DXA/CR DXA/CR000003.dcm,C:\Users\Андрей\Desktop\Хакатон\Исследования\2.25.156021661584944120526934974594604520993\series_003_2_CR\A2507142228 DXA\CR DXA\CR000003.dcm,exact_path,csv_relative_path
Размеченные,C:\Users\Андрей\Desktop\Хакатон\Размеченные\labels.csv,398,2.25.156021661584944120526934974594604520993/series_003_2_CR/A2507142228 DXA/CR DXA/CR000004.dcm,output/2.25.156021661584944120526934974594604520993/series_003_2_CR/A2507142228 DXA/CR DXA/CR000004.dcm,LEG,,,2026-09-16T16:40:30,1.2.643.5.1.13.13.12.2.77.8252.04040506120312070613131201100500,2.25.156021661584944120526934974594604520993/series_003_2_CR/A2507142228 DXA/CR DXA/CR000004.dcm,C:\Users\Андрей\Desktop\Хакатон\Исследования\2.25.156021661584944120526934974594604520993\series_003_2_CR\A2507142228 DXA\CR DXA\CR000004.dcm,exact_path,csv_relative_path
Размеченные,C:\Users\Андрей\Desktop\Хакатон\Размеченные\labels.csv,399,2.25.156021661584944120526934974594604520993/series_003_2_CR/A2507142228 DXA/CR DXA/CR000005.dcm,output/2.25.156021661584944120526934974594604520993/series_003_2_CR/A2507142228 DXA/CR DXA/CR000005.dcm,LEG,,,2026-09-16T16:40:31,1.2.643.5.1.13.13.12.2.77.8252.04130713101511140710050408091506,2.25.156021661584944120526934974594604520993/series_003_2_CR/A2507142228 DXA/CR DXA/CR000005.dcm,C:\Users\Андрей\Desktop\Хакатон\Исследования\2.25.156021661584944120526934974594604520993\series_003_2_CR\A2507142228 DXA\CR DXA\CR000005.dcm,exact_path,csv_relative_path
Размеченные,C:\Users\Андрей\Desktop\Хакатон\Размеченные\labels.csv,400,2.25.156021661584944120526934974594604520993/series_003_2_CR/A2507142228 DXA/CR DXA/CR000006.dcm,output/2.25.156021661584944120526934974594604520993/series_003_2_CR/A2507142228 DXA/CR DXA/CR000006.dcm,LEG,,,2026-09-16T16:40:33,1.2.643.5.1.13.13.12.2.77.8252.11080103090607140209131008021505,2.25.156021661584944120526934974594604520993/series_003_2_CR/A2507142228 DXA/CR DXA/CR000006.dcm,C:\Users\Андрей\Desktop\Хакатон\Исследования\2.25.156021661584944120526934974594604520993\series_003_2_CR\A2507142228 DXA\CR DXA\CR000006.dcm,exact_path,csv_relative_path
Размеченные,C:\Users\Андрей\Desktop\Хакатон\Размеченные\labels.csv,401,2.25.156021661584944120526934974594604520993/series_003_2_CR/A2507142228 DXA/CR DXA/CR000007.dcm,output/2.25.156021661584944120526934974594604520993/series_003_2_CR/A2507142228 DXA/CR DXA/CR000007.dcm,LEG,,,2026-09-16T16:40:34,1.2.643.5.1.13.13.12.2.77.8252.05041404051513101304111210060012,2.25.156021661584944120526934974594604520993/series_003_2_CR/A2507142228 DXA/CR DXA/CR000007.dcm,C:\Users\Андрей\Desktop\Хакатон\Исследования\2.25.156021661584944120526934974594604520993\series_003_2_CR\A2507142228 DXA\CR DXA\CR000007.dcm,exact_path,csv_relative_path
Размеченные,C:\Users\Андрей\Desktop\Хакатон\Размеченные\labels.csv,402,2.25.156021661584944120526934974594604520993/series_003_2_CR/A2507142228 DXA/CR DXA/CR000008.dcm,output/2.25.156021661584944120526934974594604520993/series_003_2_CR/A2507142228 DXA/CR DXA/CR000008.dcm,SPINE,,,2026-09-16T16:40:37,1.2.643.5.1.13.13.12.2.77.8252.10050703151214090610040504130101,2.25.156021661584944120526934974594604520993/series_003_2_CR/A2507142228 DXA/CR DXA/CR000008.dcm,C:\Users\Андрей\Desktop\Хакатон\Исследования\2.25.156021661584944120526934974594604520993\series_003_2_CR\A2507142228 DXA\CR DXA\CR000008.dcm,exact_path,csv_relative_path
Размеченные,C:\Users\Андрей\Desktop\Хакатон\Размеченные\labels.csv,403,2.25.156021661584944120526934974594604520993/series_003_2_CR/A2507142228 DXA/CR DXA/CR000009.dcm,output/2.25.156021661584944120526934974594604520993/series_003_2_CR/A2507142228 DXA/CR DXA/CR000009.dcm,LEG,,,2026-09-16T16:40:40,1.2.643.5.1.13.13.12.2.77.8252.01020015070311140900060907010202,2.25.156021661584944120526934974594604520993/series_003_2_CR/A2507142228 DXA/CR DXA/CR000009.dcm,C:\Users\Андрей\Desktop\Хакатон\Исследования\2.25.156021661584944120526934974594604520993\series_003_2_CR\A2507142228 DXA\CR DXA\CR000009.dcm,exact_path,csv_relative_path
Размеченные,C:\Users\Андрей\Desktop\Хакатон\Размеченные\labels.csv,404,2.25.156021661584944120526934974594604520993/series_003_2_CR/A2507142228 DXA/CR DXA/CR000010.dcm,output/2.25.156021661584944120526934974594604520993/series_003_2_CR/A2507142228 DXA/CR DXA/CR000010.dcm,LEG,,,2026-09-16T16:40:42,1.2.643.5.1.13.13.12.2.77.8252.11001008080504080903151311021305,2.25.156021661584944120526934974594604520993/series_003_2_CR/A2507142228 DXA/CR DXA/CR000010.dcm,C:\Users\Андрей\Desktop\Хакатон\Исследования\2.25.156021661584944120526934974594604520993\series_003_2_CR\A2507142228 DXA\CR DXA\CR000010.dcm,exact_path,csv_relative_path
Размеченные,C:\Users\Андрей\Desktop\Хакатон\Размеченные\labels.csv,405,2.25.156021661584944120526934974594604520993/series_003_2_CR/A2507142228 DXA/CR DXA/CR000011.dcm,output/2.25.156021661584944120526934974594604520993/series_003_2_CR/A2507142228 DXA/CR DXA/CR000011.dcm,UNKNOWN,,,2026-09-16T16:40:44,1.2.643.5.1.13.13.12.2.77.8252.10070914150303091307080902000612,2.25.156021661584944120526934974594604520993/series_003_2_CR/A2507142228 DXA/CR DXA/CR000011.dcm,C:\Users\Андрей\Desktop\Хакатон\Исследования\2.25.156021661584944120526934974594604520993\series_003_2_CR\A2507142228 DXA\CR DXA\CR000011.dcm,exact_path,csv_relative_path
Размеченные,C:\Users\Андрей\Desktop\Хакатон\Размеченные\labels.csv,406,2.25.156375884487675936513403083218009333856/series_003_2_CR/A250727121 DXA/CR DXA/CR000000.dcm,output/2.25.156375884487675936513403083218009333856/series_003_2_CR/A250727121 DXA/CR DXA/CR000000.dcm,LEG,,,2026-09-16T16:40:52,1.2.643.5.1.13.13.12.2.77.8252.04001402031200081204010009090110,2.25.156375884487675936513403083218009333856/series_003_2_CR/A250727121 DXA/CR DXA/CR000000.dcm,C:\Users\Андрей\Desktop\Хакатон\Исследования\2.25.156375884487675936513403083218009333856\series_003_2_CR\A250727121 DXA\CR DXA\CR000000.dcm,exact_path,csv_relative_path
Размеченные,C:\Users\Андрей\Desktop\Хакатон\Размеченные\labels.csv,407,2.25.156375884487675936513403083218009333856/series_003_2_CR/A250727121 DXA/CR DXA/CR000001.dcm,output/2.25.156375884487675936513403083218009333856/series_003_2_CR/A250727121 DXA/CR DXA/CR000001.dcm,SPINE,,,2026-09-16T16:40:54,1.2.643.5.1.13.13.12.2.77.8252.07090311111312140315080706100515,2.25.156375884487675936513403083218009333856/series_003_2_CR/A250727121 DXA/CR DXA/CR000001.dcm,C:\Users\Андрей\Desktop\Хакатон\Исследования\2.25.156375884487675936513403083218009333856\series_003_2_CR\A250727121 DXA\CR DXA\CR000001.dcm,exact_path,csv_relative_path
Размеченные,C:\Users\Андрей\Desktop\Хакатон\Размеченные\labels.csv,408,2.25.156375884487675936513403083218009333856/series_003_2_CR/A250727121 DXA/CR DXA/CR000002.dcm,output/2.25.156375884487675936513403083218009333856/series_003_2_CR/A250727121 DXA/CR DXA/CR000002.dcm,LEG,,,2026-09-16T16:40:56,1.2.643.5.1.13.13.12.2.77.8252.14151108130201081305130506031009,2.25.156375884487675936513403083218009333856/series_003_2_CR/A250727121 DXA/CR DXA/CR000002.dcm,C:\Users\Андрей\Desktop\Хакатон\Исследования\2.25.156375884487675936513403083218009333856\series_003_2_CR\A250727121 DXA\CR DXA\CR000002.dcm,exact_path,csv_relative_path
Размеченные,C:\Users\Андрей\Desktop\Хакатон\Размеченные\labels.csv,409,2.25.156375884487675936513403083218009333856/series_003_2_CR/A250727121 DXA/CR DXA/CR000003.dcm,output/2.25.156375884487675936513403083218009333856/series_003_2_CR/A250727121 DXA/CR DXA/CR000003.dcm,SPINE,,,2026-09-16T16:40:59,1.2.643.5.1.13.13.12.2.77.8252.14051207080309081314081508110108,2.25.156375884487675936513403083218009333856/series_003_2_CR/A250727121 DXA/CR DXA/CR000003.dcm,C:\Users\Андрей\Desktop\Хакатон\Исследования\2.25.156375884487675936513403083218009333856\series_003_2_CR\A250727121 DXA\CR DXA\CR000003.dcm,exact_path,csv_relative_path
Размеченные,C:\Users\Андрей\Desktop\Хакатон\Размеченные\labels.csv,410,2.25.156375884487675936513403083218009333856/series_003_2_CR/A250727121 DXA/CR DXA/CR000004.dcm,output/2.25.156375884487675936513403083218009333856/series_003_2_CR/A250727121 DXA/CR DXA/CR000004.dcm,LEG,,,2026-09-16T16:41:01,1.2.643.5.1.13.13.12.2.77.8252.00010208150107110206110212130810,2.25.156375884487675936513403083218009333856/series_003_2_CR/A250727121 DXA/CR DXA/CR000004.dcm,C:\Users\Андрей\Desktop\Хакатон\Исследования\2.25.156375884487675936513403083218009333856\series_003_2_CR\A250727121 DXA\CR DXA\CR000004.dcm,exact_path,csv_relative_path
Размеченные,C:\Users\Андрей\Desktop\Хакатон\Размеченные\labels.csv,411,2.25.156375884487675936513403083218009333856/series_003_2_CR/A250727121 DXA/CR DXA/CR000005.dcm,output/2.25.156375884487675936513403083218009333856/series_003_2_CR/A250727121 DXA/CR DXA/CR000005.dcm,LEG,,,2026-09-16T16:41:02,1.2.643.5.1.13.13.12.2.77.8252.09011413060403000011030100010009,2.25.156375884487675936513403083218009333856/series_003_2_CR/A250727121 DXA/CR DXA/CR000005.dcm,C:\Users\Андрей\Desktop\Хакатон\Исследования\2.25.156375884487675936513403083218009333856\series_003_2_CR\A250727121 DXA\CR DXA\CR000005.dcm,exact_path,csv_relative_path
Размеченные,C:\Users\Андрей\Desktop\Хакатон\Размеченные\labels.csv,412,2.25.156375884487675936513403083218009333856/series_003_2_CR/A250727121 DXA/CR DXA/CR000006.dcm,output/2.25.156375884487675936513403083218009333856/series_003_2_CR/A250727121 DXA/CR DXA/CR000006.dcm,LEG,,,2026-09-16T16:41:04,1.2.643.5.1.13.13.12.2.77.8252.08030713030704060311150311011102,2.25.156375884487675936513403083218009333856/series_003_2_CR/A250727121 DXA/CR DXA/CR000006.dcm,C:\Users\Андрей\Desktop\Хакатон\Исследования\2.25.156375884487675936513403083218009333856\series_003_2_CR\A250727121 DXA\CR DXA\CR000006.dcm,exact_path,csv_relative_path
Размеченные,C:\Users\Андрей\Desktop\Хакатон\Размеченные\labels.csv,413,2.25.156375884487675936513403083218009333856/series_003_2_CR/A250727121 DXA/CR DXA/CR000007.dcm,output/2.25.156375884487675936513403083218009333856/series_003_2_CR/A250727121 DXA/CR DXA/CR000007.dcm,LEG,,,2026-09-16T16:41:06,1.2.643.5.1.13.13.12.2.77.8252.05051104100602100505120514140315,2.25.156375884487675936513403083218009333856/series_003_2_CR/A250727121 DXA/CR DXA/CR000007.dcm,C:\Users\Андрей\Desktop\Хакатон\Исследования\2.25.156375884487675936513403083218009333856\series_003_2_CR\A250727121 DXA\CR DXA\CR000007.dcm,exact_path,csv_relative_path
Размеченные,C:\Users\Андрей\Desktop\Хакатон\Размеченные\labels.csv,414,2.25.156375884487675936513403083218009333856/series_003_2_CR/A250727121 DXA/CR DXA/CR000008.dcm,output/2.25.156375884487675936513403083218009333856/series_003_2_CR/A250727121 DXA/CR DXA/CR000008.dcm,LEG,,,2026-09-16T16:41:07,1.2.643.5.1.13.13.12.2.77.8252.02120313110611140813031405011300,2.25.156375884487675936513403083218009333856/series_003_2_CR/A250727121 DXA/CR DXA/CR000008.dcm,C:\Users\Андрей\Desktop\Хакатон\Исследования\2.25.156375884487675936513403083218009333856\series_003_2_CR\A250727121 DXA\CR DXA\CR000008.dcm,exact_path,csv_relative_path
Размеченные,C:\Users\Андрей\Desktop\Хакатон\Размеченные\labels.csv,415,2.25.156375884487675936513403083218009333856/series_003_2_CR/A250727121 DXA/CR DXA/CR000009.dcm,output/2.25.156375884487675936513403083218009333856/series_003_2_CR/A250727121 DXA/CR DXA/CR000009.dcm,SPINE,,,2026-09-16T16:41:11,1.2.643.5.1.13.13.12.2.77.8252.01081107130715100908030700130001,2.25.156375884487675936513403083218009333856/series_003_2_CR/A250727121 DXA/CR DXA/CR000009.dcm,C:\Users\Андрей\Desktop\Хакатон\Исследования\2.25.156375884487675936513403083218009333856\series_003_2_CR\A250727121 DXA\CR DXA\CR000009.dcm,exact_path,csv_relative_path
Размеченные,C:\Users\Андрей\Desktop\Хакатон\Размеченные\labels.csv,416,2.25.156375884487675936513403083218009333856/series_003_2_CR/A250727121 DXA/CR DXA/CR000010.dcm,output/2.25.156375884487675936513403083218009333856/series_003_2_CR/A250727121 DXA/CR DXA/CR000010.dcm,LEG,,,2026-09-16T16:41:12,1.2.643.5.1.13.13.12.2.77.8252.02031105000207140511130815071303,2.25.156375884487675936513403083218009333856/series_003_2_CR/A250727121 DXA/CR DXA/CR000010.dcm,C:\Users\Андрей\Desktop\Хакатон\Исследования\2.25.156375884487675936513403083218009333856\series_003_2_CR\A250727121 DXA\CR DXA\CR000010.dcm,exact_path,csv_relative_path
Размеченные,C:\Users\Андрей\Desktop\Хакатон\Размеченные\labels.csv,417,2.25.156389075510671877606923458507011517218/series_001_2_CR/A2507389755 DXA/CR DXA/CR000000.dcm,output/2.25.156389075510671877606923458507011517218/series_001_2_CR/A2507389755 DXA/CR DXA/CR000000.dcm,LEG,,,2026-09-16T16:41:14,1.2.643.5.1.13.13.12.2.77.8252.12101514000107101207120412120213,2.25.156389075510671877606923458507011517218/series_001_2_CR/A2507389755 DXA/CR DXA/CR000000.dcm,C:\Users\Андрей\Desktop\Хакатон\Исследования\2.25.156389075510671877606923458507011517218\series_001_2_CR\A2507389755 DXA\CR DXA\CR000000.dcm,exact_path,csv_relative_path
Размеченные,C:\Users\Андрей\Desktop\Хакатон\Размеченные\labels.csv,418,2.25.156389075510671877606923458507011517218/series_001_2_CR/A2507389755 DXA/CR DXA/CR000001.dcm,output/2.25.156389075510671877606923458507011517218/series_001_2_CR/A2507389755 DXA/CR DXA/CR000001.dcm,LEG,,,2026-09-16T16:41:16,1.2.643.5.1.13.13.12.2.77.8252.05051100060005040907000403081502,2.25.156389075510671877606923458507011517218/series_001_2_CR/A2507389755 DXA/CR DXA/CR000001.dcm,C:\Users\Андрей\Desktop\Хакатон\Исследования\2.25.156389075510671877606923458507011517218\series_001_2_CR\A2507389755 DXA\CR DXA\CR000001.dcm,exact_path,csv_relative_path
Размеченные,C:\Users\Андрей\Desktop\Хакатон\Размеченные\labels.csv,419,2.25.156389075510671877606923458507011517218/series_001_2_CR/A2507389755 DXA/CR DXA/CR000002.dcm,output/2.25.156389075510671877606923458507011517218/series_001_2_CR/A2507389755 DXA/CR DXA/CR000002.dcm,SPINE,,,2026-09-16T16:41:17,1.2.643.5.1.13.13.12.2.77.8252.10040508121311001415130412050515,2.25.156389075510671877606923458507011517218/series_001_2_CR/A2507389755 DXA/CR DXA/CR000002.dcm,C:\Users\Андрей\Desktop\Хакатон\Исследования\2.25.156389075510671877606923458507011517218\series_001_2_CR\A2507389755 DXA\CR DXA\CR000002.dcm,exact_path,csv_relative_path
Размеченные,C:\Users\Андрей\Desktop\Хакатон\Размеченные\labels.csv,420,2.25.156389075510671877606923458507011517218/series_001_2_CR/A2507389755 DXA/CR DXA/CR000003.dcm,output/2.25.156389075510671877606923458507011517218/series_001_2_CR/A2507389755 DXA/CR DXA/CR000003.dcm,SPINE,,,2026-09-16T16:41:18,1.2.643.5.1.13.13.12.2.77.8252.12071112070710000412111310090807,2.25.156389075510671877606923458507011517218/series_001_2_CR/A2507389755 DXA/CR DXA/CR000003.dcm,C:\Users\Андрей\Desktop\Хакатон\Исследования\2.25.156389075510671877606923458507011517218\series_001_2_CR\A2507389755 DXA\CR DXA\CR000003.dcm,exact_path,csv_relative_path
Размеченные,C:\Users\Андрей\Desktop\Хакатон\Размеченные\labels.csv,421,2.25.156389075510671877606923458507011517218/series_001_2_CR/A2507389755 DXA/CR DXA/CR000004.dcm,output/2.25.156389075510671877606923458507011517218/series_001_2_CR/A2507389755 DXA/CR DXA/CR000004.dcm,LEG,,,2026-09-16T16:41:20,1.2.643.5.1.13.13.12.2.77.8252.05071102020515091408100612011404,2.25.156389075510671877606923458507011517218/series_001_2_CR/A2507389755 DXA/CR DXA/CR000004.dcm,C:\Users\Андрей\Desktop\Хакатон\Исследования\2.25.156389075510671877606923458507011517218\series_001_2_CR\A2507389755 DXA\CR DXA\CR000004.dcm,exact_path,csv_relative_path
Размеченные,C:\Users\Андрей\Desktop\Хакатон\Размеченные\labels.csv,422,2.25.156389075510671877606923458507011517218/series_001_2_CR/A2507389755 DXA/CR DXA/CR000005.dcm,output/2.25.156389075510671877606923458507011517218/series_001_2_CR/A2507389755 DXA/CR DXA/CR000005.dcm,LEG,,,2026-09-16T16:41:21,1.2.643.5.1.13.13.12.2.77.8252.06010215090214010805091400020206,2.25.156389075510671877606923458507011517218/series_001_2_CR/A2507389755 DXA/CR DXA/CR000005.dcm,C:\Users\Андрей\Desktop\Хакатон\Исследования\2.25.156389075510671877606923458507011517218\series_001_2_CR\A2507389755 DXA\CR DXA\CR000005.dcm,exact_path,csv_relative_path
Размеченные,C:\Users\Андрей\Desktop\Хакатон\Размеченные\labels.csv,423,2.25.157462338378550185821790046400986801350/series_001_2_CR/A2507498707 DXA/CR DXA/CR000000.dcm,output/2.25.157462338378550185821790046400986801350/series_001_2_CR/A2507498707 DXA/CR DXA/CR000000.dcm,SPINE,,,2026-09-16T16:41:23,1.2.643.5.1.13.13.12.2.77.8252.15011410150513090204040606151204,2.25.157462338378550185821790046400986801350/series_001_2_CR/A2507498707 DXA/CR DXA/CR000000.dcm,C:\Users\Андрей\Desktop\Хакатон\Исследования\2.25.157462338378550185821790046400986801350\series_001_2_CR\A2507498707 DXA\CR DXA\CR000000.dcm,exact_path,csv_relative_path
Размеченные,C:\Users\Андрей\Desktop\Хакатон\Размеченные\labels.csv,424,2.25.157462338378550185821790046400986801350/series_001_2_CR/A2507498707 DXA/CR DXA/CR000001.dcm,output/2.25.157462338378550185821790046400986801350/series_001_2_CR/A2507498707 DXA/CR DXA/CR000001.dcm,LEG,,,2026-09-16T16:41:24,1.2.643.5.1.13.13.12.2.77.8252.14100604010411121207140303140506,2.25.157462338378550185821790046400986801350/series_001_2_CR/A2507498707 DXA/CR DXA/CR000001.dcm,C:\Users\Андрей\Desktop\Хакатон\Исследования\2.25.157462338378550185821790046400986801350\series_001_2_CR\A2507498707 DXA\CR DXA\CR000001.dcm,exact_path,csv_relative_path
Размеченные,C:\Users\Андрей\Desktop\Хакатон\Размеченные\labels.csv,425,2.25.157462338378550185821790046400986801350/series_001_2_CR/A2507498707 DXA/CR DXA/CR000002.dcm,output/2.25.157462338378550185821790046400986801350/series_001_2_CR/A2507498707 DXA/CR DXA/CR000002.dcm,SPINE,,,2026-09-16T16:41:26,1.2.643.5.1.13.13.12.2.77.8252.15141103121505150805131303080314,2.25.157462338378550185821790046400986801350/series_001_2_CR/A2507498707 DXA/CR DXA/CR000002.dcm,C:\Users\Андрей\Desktop\Хакатон\Исследования\2.25.157462338378550185821790046400986801350\series_001_2_CR\A2507498707 DXA\CR DXA\CR000002.dcm,exact_path,csv_relative_path
Размеченные,C:\Users\Андрей\Desktop\Хакатон\Размеченные\labels.csv,426,2.25.157462338378550185821790046400986801350/series_001_2_CR/A2507498707 DXA/CR DXA/CR000003.dcm,output/2.25.157462338378550185821790046400986801350/series_001_2_CR/A2507498707 DXA/CR DXA/CR000003.dcm,LEG,,,2026-09-16T16:41:28,1.2.643.5.1.13.13.12.2.77.8252.01041213150709070704090905040703,2.25.157462338378550185821790046400986801350/series_001_2_CR/A2507498707 DXA/CR DXA/CR000003.dcm,C:\Users\Андрей\Desktop\Хакатон\Исследования\2.25.157462338378550185821790046400986801350\series_001_2_CR\A2507498707 DXA\CR DXA\CR000003.dcm,exact_path,csv_relative_path
Размеченные,C:\Users\Андрей\Desktop\Хакатон\Размеченные\labels.csv,427,2.25.157462338378550185821790046400986801350/series_001_2_CR/A2507498707 DXA/CR DXA/CR000004.dcm,output/2.25.157462338378550185821790046400986801350/series_001_2_CR/A2507498707 DXA/CR DXA/CR000004.dcm,LEG,,,2026-09-16T16:41:29,1.2.643.5.1.13.13.12.2.77.8252.01050311070609101401120201090506,2.25.157462338378550185821790046400986801350/series_001_2_CR/A2507498707 DXA/CR DXA/CR000004.dcm,C:\Users\Андрей\Desktop\Хакатон\Исследования\2.25.157462338378550185821790046400986801350\series_001_2_CR\A2507498707 DXA\CR DXA\CR000004.dcm,exact_path,csv_relative_path
Размеченные,C:\Users\Андрей\Desktop\Хакатон\Размеченные\labels.csv,428,2.25.157462338378550185821790046400986801350/series_001_2_CR/A2507498707 DXA/CR DXA/CR000005.dcm,output/2.25.157462338378550185821790046400986801350/series_001_2_CR/A2507498707 DXA/CR DXA/CR000005.dcm,LEG,,,2026-09-16T16:41:31,1.2.643.5.1.13.13.12.2.77.8252.04150901080711131310091006050208,2.25.157462338378550185821790046400986801350/series_001_2_CR/A2507498707 DXA/CR DXA/CR000005.dcm,C:\Users\Андрей\Desktop\Хакатон\Исследования\2.25.157462338378550185821790046400986801350\series_001_2_CR\A2507498707 DXA\CR DXA\CR000005.dcm,exact_path,csv_relative_path
Размеченные,C:\Users\Андрей\Desktop\Хакатон\Размеченные\labels.csv,429,2.25.158197739569377798130962967413133224194/series_002_2_CR/A2504245497 DXA/CR DXA/CR000000.dcm,output/2.25.158197739569377798130962967413133224194/series_002_2_CR/A2504245497 DXA/CR DXA/CR000000.dcm,SPINE,,,2026-09-16T16:41:33,1.2.643.5.1.13.13.12.2.77.8252.09040703010601060814101313081104,2.25.158197739569377798130962967413133224194/series_002_2_CR/A2504245497 DXA/CR DXA/CR000000.dcm,C:\Users\Андрей\Desktop\Хакатон\Исследования\2.25.158197739569377798130962967413133224194\series_002_2_CR\A2504245497 DXA\CR DXA\CR000000.dcm,exact_path,csv_relative_path
Размеченные,C:\Users\Андрей\Desktop\Хакатон\Размеченные\labels.csv,430,2.25.158646777318759504110695916200521633609/series_003_6_CR/A2507266260 DXA/CR DXA/CR000000.dcm,output/2.25.158646777318759504110695916200521633609/series_003_6_CR/A2507266260 DXA/CR DXA/CR000000.dcm,LEG,,,2026-09-16T16:41:34,1.2.643.5.1.13.13.12.2.77.8252.11050703151212091005010115120315,2.25.158646777318759504110695916200521633609/series_003_6_CR/A2507266260 DXA/CR DXA/CR000000.dcm,C:\Users\Андрей\Desktop\Хакатон\Исследования\2.25.158646777318759504110695916200521633609\series_003_6_CR\A2507266260 DXA\CR DXA\CR000000.dcm,exact_path,csv_relative_path
Размеченные,C:\Users\Андрей\Desktop\Хакатон\Размеченные\labels.csv,431,2.25.158646777318759504110695916200521633609/series_003_6_CR/A2507266260 DXA/CR DXA/CR000001.dcm,output/2.25.158646777318759504110695916200521633609/series_003_6_CR/A2507266260 DXA/CR DXA/CR000001.dcm,SPINE,,,2026-09-16T16:41:36,1.2.643.5.1.13.13.12.2.77.8252.08140602091513140007031414030212,2.25.158646777318759504110695916200521633609/series_003_6_CR/A2507266260 DXA/CR DXA/CR000001.dcm,C:\Users\Андрей\Desktop\Хакатон\Исследования\2.25.158646777318759504110695916200521633609\series_003_6_CR\A2507266260 DXA\CR DXA\CR000001.dcm,exact_path,csv_relative_path
Размеченные,C:\Users\Андрей\Desktop\Хакатон\Размеченные\labels.csv,432,2.25.158646777318759504110695916200521633609/series_003_6_CR/A2507266260 DXA/CR DXA/CR000002.dcm,output/2.25.158646777318759504110695916200521633609/series_003_6_CR/A2507266260 DXA/CR DXA/CR000002.dcm,SPINE,,,2026-09-16T16:41:38,1.2.643.5.1.13.13.12.2.77.8252.09070206070204150105120502020002,2.25.158646777318759504110695916200521633609/series_003_6_CR/A2507266260 DXA/CR DXA/CR000002.dcm,C:\Users\Андрей\Desktop\Хакатон\Исследования\2.25.158646777318759504110695916200521633609\series_003_6_CR\A2507266260 DXA\CR DXA\CR000002.dcm,exact_path,csv_relative_path
Размеченные,C:\Users\Андрей\Desktop\Хакатон\Размеченные\labels.csv,433,2.25.158646777318759504110695916200521633609/series_003_6_CR/A2507266260 DXA/CR DXA/CR000003.dcm,output/2.25.158646777318759504110695916200521633609/series_003_6_CR/A2507266260 DXA/CR DXA/CR000003.dcm,LEG,,,2026-09-16T16:41:40,1.2.643.5.1.13.13.12.2.77.8252.03110108081008000413081502071511,2.25.158646777318759504110695916200521633609/series_003_6_CR/A2507266260 DXA/CR DXA/CR000003.dcm,C:\Users\Андрей\Desktop\Хакатон\Исследования\2.25.158646777318759504110695916200521633609\series_003_6_CR\A2507266260 DXA\CR DXA\CR000003.dcm,exact_path,csv_relative_path
Размеченные,C:\Users\Андрей\Desktop\Хакатон\Размеченные\labels.csv,434,2.25.158646777318759504110695916200521633609/series_003_6_CR/A2507266260 DXA/CR DXA/CR000004.dcm,output/2.25.158646777318759504110695916200521633609/series_003_6_CR/A2507266260 DXA/CR DXA/CR000004.dcm,LEG,,,2026-09-16T16:41:42,1.2.643.5.1.13.13.12.2.77.8252.12001515051514100814070205030801,2.25.158646777318759504110695916200521633609/series_003_6_CR/A2507266260 DXA/CR DXA/CR000004.dcm,C:\Users\Андрей\Desktop\Хакатон\Исследования\2.25.158646777318759504110695916200521633609\series_003_6_CR\A2507266260 DXA\CR DXA\CR000004.dcm,exact_path,csv_relative_path
Размеченные,C:\Users\Андрей\Desktop\Хакатон\Размеченные\labels.csv,435,2.25.158646777318759504110695916200521633609/series_003_6_CR/A2507266260 DXA/CR DXA/CR000005.dcm,output/2.25.158646777318759504110695916200521633609/series_003_6_CR/A2507266260 DXA/CR DXA/CR000005.dcm,LEG,,,2026-09-16T16:41:43,1.2.643.5.1.13.13.12.2.77.8252.15131010101502051307000500101007,2.25.158646777318759504110695916200521633609/series_003_6_CR/A2507266260 DXA/CR DXA/CR000005.dcm,C:\Users\Андрей\Desktop\Хакатон\Исследования\2.25.158646777318759504110695916200521633609\series_003_6_CR\A2507266260 DXA\CR DXA\CR000005.dcm,exact_path,csv_relative_path
Размеченные,C:\Users\Андрей\Desktop\Хакатон\Размеченные\labels.csv,436,2.25.158646777318759504110695916200521633609/series_003_6_CR/A2507266260 DXA/CR DXA/CR000006.dcm,output/2.25.158646777318759504110695916200521633609/series_003_6_CR/A2507266260 DXA/CR DXA/CR000006.dcm,LEG,,,2026-09-16T16:41:45,1.2.643.5.1.13.13.12.2.77.8252.04030712110411040711120105080700,2.25.158646777318759504110695916200521633609/series_003_6_CR/A2507266260 DXA/CR DXA/CR000006.dcm,C:\Users\Андрей\Desktop\Хакатон\Исследования\2.25.158646777318759504110695916200521633609\series_003_6_CR\A2507266260 DXA\CR DXA\CR000006.dcm,exact_path,csv_relative_path
Размеченные,C:\Users\Андрей\Desktop\Хакатон\Размеченные\labels.csv,437,2.25.158646777318759504110695916200521633609/series_003_6_CR/A2507266260 DXA/CR DXA/CR000007.dcm,output/2.25.158646777318759504110695916200521633609/series_003_6_CR/A2507266260 DXA/CR DXA/CR000007.dcm,LEG,,,2026-09-16T16:41:47,1.2.643.5.1.13.13.12.2.77.8252.14150106081013050013050511140613,2.25.158646777318759504110695916200521633609/series_003_6_CR/A2507266260 DXA/CR DXA/CR000007.dcm,C:\Users\Андрей\Desktop\Хакатон\Исследования\2.25.158646777318759504110695916200521633609\series_003_6_CR\A2507266260 DXA\CR DXA\CR000007.dcm,exact_path,csv_relative_path
Размеченные,C:\Users\Андрей\Desktop\Хакатон\Размеченные\labels.csv,438,2.25.158646777318759504110695916200521633609/series_003_6_CR/A2507266260 DXA/CR DXA/CR000008.dcm,output/2.25.158646777318759504110695916200521633609/series_003_6_CR/A2507266260 DXA/CR DXA/CR000008.dcm,SPINE,,,2026-09-16T16:41:49,1.2.643.5.1.13.13.12.2.77.8252.01120709131111081211081313110800,2.25.158646777318759504110695916200521633609/series_003_6_CR/A2507266260 DXA/CR DXA/CR000008.dcm,C:\Users\Андрей\Desktop\Хакатон\Исследования\2.25.158646777318759504110695916200521633609\series_003_6_CR\A2507266260 DXA\CR DXA\CR000008.dcm,exact_path,csv_relative_path
Размеченные,C:\Users\Андрей\Desktop\Хакатон\Размеченные\labels.csv,439,2.25.158646777318759504110695916200521633609/series_003_6_CR/A2507266260 DXA/CR DXA/CR000009.dcm,output/2.25.158646777318759504110695916200521633609/series_003_6_CR/A2507266260 DXA/CR DXA/CR000009.dcm,SPINE,,,2026-09-16T16:41:51,1.2.643.5.1.13.13.12.2.77.8252.10080511020009041308131206080209,2.25.158646777318759504110695916200521633609/series_003_6_CR/A2507266260 DXA/CR DXA/CR000009.dcm,C:\Users\Андрей\Desktop\Хакатон\Исследования\2.25.158646777318759504110695916200521633609\series_003_6_CR\A2507266260 DXA\CR DXA\CR000009.dcm,exact_path,csv_relative_path
Размеченные,C:\Users\Андрей\Desktop\Хакатон\Размеченные\labels.csv,440,2.25.158646777318759504110695916200521633609/series_003_6_CR/A2507266260 DXA/CR DXA/CR000010.dcm,output/2.25.158646777318759504110695916200521633609/series_003_6_CR/A2507266260 DXA/CR DXA/CR000010.dcm,LEG,,,2026-09-16T16:41:52,1.2.643.5.1.13.13.12.2.77.8252.13040700151412120600060201031309,2.25.158646777318759504110695916200521633609/series_003_6_CR/A2507266260 DXA/CR DXA/CR000010.dcm,C:\Users\Андрей\Desktop\Хакатон\Исследования\2.25.158646777318759504110695916200521633609\series_003_6_CR\A2507266260 DXA\CR DXA\CR000010.dcm,exact_path,csv_relative_path
Размеченные,C:\Users\Андрей\Desktop\Хакатон\Размеченные\labels.csv,441,2.25.158646777318759504110695916200521633609/series_004_2_CR/A2507266260 DXA/CR DXA/CR000000.dcm,output/2.25.158646777318759504110695916200521633609/series_004_2_CR/A2507266260 DXA/CR DXA/CR000000.dcm,SPINE,,,2026-09-16T16:41:54,1.2.643.5.1.13.13.12.2.77.8252.01101303110802020807060303150105,2.25.158646777318759504110695916200521633609/series_004_2_CR/A2507266260 DXA/CR DXA/CR000000.dcm,C:\Users\Андрей\Desktop\Хакатон\Исследования\2.25.158646777318759504110695916200521633609\series_004_2_CR\A2507266260 DXA\CR DXA\CR000000.dcm,exact_path,csv_relative_path
Размеченные,C:\Users\Андрей\Desktop\Хакатон\Размеченные\labels.csv,442,2.25.158646777318759504110695916200521633609/series_004_2_CR/A2507266260 DXA/CR DXA/CR000001.dcm,output/2.25.158646777318759504110695916200521633609/series_004_2_CR/A2507266260 DXA/CR DXA/CR000001.dcm,LEG,,,2026-09-16T16:41:57,1.2.643.5.1.13.13.12.2.77.8252.07040712050005061000030214131300,2.25.158646777318759504110695916200521633609/series_004_2_CR/A2507266260 DXA/CR DXA/CR000001.dcm,C:\Users\Андрей\Desktop\Хакатон\Исследования\2.25.158646777318759504110695916200521633609\series_004_2_CR\A2507266260 DXA\CR DXA\CR000001.dcm,exact_path,csv_relative_path
Размеченные,C:\Users\Андрей\Desktop\Хакатон\Размеченные\labels.csv,443,2.25.158646777318759504110695916200521633609/series_004_2_CR/A2507266260 DXA/CR DXA/CR000002.dcm,output/2.25.158646777318759504110695916200521633609/series_004_2_CR/A2507266260 DXA/CR DXA/CR000002.dcm,SPINE,,,2026-09-16T16:41:58,1.2.643.5.1.13.13.12.2.77.8252.07100810031004120210110309111304,2.25.158646777318759504110695916200521633609/series_004_2_CR/A2507266260 DXA/CR DXA/CR000002.dcm,C:\Users\Андрей\Desktop\Хакатон\Исследования\2.25.158646777318759504110695916200521633609\series_004_2_CR\A2507266260 DXA\CR DXA\CR000002.dcm,exact_path,csv_relative_path
Размеченные,C:\Users\Андрей\Desktop\Хакатон\Размеченные\labels.csv,444,2.25.158646777318759504110695916200521633609/series_004_2_CR/A2507266260 DXA/CR DXA/CR000003.dcm,output/2.25.158646777318759504110695916200521633609/series_004_2_CR/A2507266260 DXA/CR DXA/CR000003.dcm,LEG,,,2026-09-16T16:42:00,1.2.643.5.1.13.13.12.2.77.8252.07071202031002110807120405030608,2.25.158646777318759504110695916200521633609/series_004_2_CR/A2507266260 DXA/CR DXA/CR000003.dcm,C:\Users\Андрей\Desktop\Хакатон\Исследования\2.25.158646777318759504110695916200521633609\series_004_2_CR\A2507266260 DXA\CR DXA\CR000003.dcm,exact_path,csv_relative_path
Размеченные,C:\Users\Андрей\Desktop\Хакатон\Размеченные\labels.csv,445,2.25.158646777318759504110695916200521633609/series_004_2_CR/A2507266260 DXA/CR DXA/CR000004.dcm,output/2.25.158646777318759504110695916200521633609/series_004_2_CR/A2507266260 DXA/CR DXA/CR000004.dcm,LEG,,,2026-09-16T16:42:02,1.2.643.5.1.13.13.12.2.77.8252.02070215040314000714060301121012,2.25.158646777318759504110695916200521633609/series_004_2_CR/A2507266260 DXA/CR DXA/CR000004.dcm,C:\Users\Андрей\Desktop\Хакатон\Исследования\2.25.158646777318759504110695916200521633609\series_004_2_CR\A2507266260 DXA\CR DXA\CR000004.dcm,exact_path,csv_relative_path
Размеченные,C:\Users\Андрей\Desktop\Хакатон\Размеченные\labels.csv,446,2.25.158646777318759504110695916200521633609/series_004_2_CR/A2507266260 DXA/CR DXA/CR000005.dcm,output/2.25.158646777318759504110695916200521633609/series_004_2_CR/A2507266260 DXA/CR DXA/CR000005.dcm,SPINE,,,2026-09-16T16:42:03,1.2.643.5.1.13.13.12.2.77.8252.14020109130502120101091201060702,2.25.158646777318759504110695916200521633609/series_004_2_CR/A2507266260 DXA/CR DXA/CR000005.dcm,C:\Users\Андрей\Desktop\Хакатон\Исследования\2.25.158646777318759504110695916200521633609\series_004_2_CR\A2507266260 DXA\CR DXA\CR000005.dcm,exact_path,csv_relative_path
Размеченные,C:\Users\Андрей\Desktop\Хакатон\Размеченные\labels.csv,447,2.25.158646777318759504110695916200521633609/series_004_2_CR/A2507266260 DXA/CR DXA/CR000006.dcm,output/2.25.158646777318759504110695916200521633609/series_004_2_CR/A2507266260 DXA/CR DXA/CR000006.dcm,LEG,,,2026-09-16T16:42:05,1.2.643.5.1.13.13.12.2.77.8252.10080501080902141107071310080400,2.25.158646777318759504110695916200521633609/series_004_2_CR/A2507266260 DXA/CR DXA/CR000006.dcm,C:\Users\Андрей\Desktop\Хакатон\Исследования\2.25.158646777318759504110695916200521633609\series_004_2_CR\A2507266260 DXA\CR DXA\CR000006.dcm,exact_path,csv_relative_path
Размеченные,C:\Users\Андрей\Desktop\Хакатон\Размеченные\labels.csv,448,2.25.158646777318759504110695916200521633609/series_004_2_CR/A2507266260 DXA/CR DXA/CR000007.dcm,output/2.25.158646777318759504110695916200521633609/series_004_2_CR/A2507266260 DXA/CR DXA/CR000007.dcm,LEG,,,2026-09-16T16:42:06,1.2.643.5.1.13.13.12.2.77.8252.05110305041311030310151512080811,2.25.158646777318759504110695916200521633609/series_004_2_CR/A2507266260 DXA/CR DXA/CR000007.dcm,C:\Users\Андрей\Desktop\Хакатон\Исследования\2.25.158646777318759504110695916200521633609\series_004_2_CR\A2507266260 DXA\CR DXA\CR000007.dcm,exact_path,csv_relative_path
Размеченные,C:\Users\Андрей\Desktop\Хакатон\Размеченные\labels.csv,449,2.25.158646777318759504110695916200521633609/series_004_2_CR/A2507266260 DXA/CR DXA/CR000008.dcm,output/2.25.158646777318759504110695916200521633609/series_004_2_CR/A2507266260 DXA/CR DXA/CR000008.dcm,SPINE,,,2026-09-16T16:42:08,1.2.643.5.1.13.13.12.2.77.8252.05050408000609040210110603090612,2.25.158646777318759504110695916200521633609/series_004_2_CR/A2507266260 DXA/CR DXA/CR000008.dcm,C:\Users\Андрей\Desktop\Хакатон\Исследования\2.25.158646777318759504110695916200521633609\series_004_2_CR\A2507266260 DXA\CR DXA\CR000008.dcm,exact_path,csv_relative_path
Размеченные,C:\Users\Андрей\Desktop\Хакатон\Размеченные\labels.csv,450,2.25.158646777318759504110695916200521633609/series_004_2_CR/A2507266260 DXA/CR DXA/CR000009.dcm,output/2.25.158646777318759504110695916200521633609/series_004_2_CR/A2507266260 DXA/CR DXA/CR000009.dcm,LEG,,,2026-09-16T16:42:10,1.2.643.5.1.13.13.12.2.77.8252.09030907130311001200011206051201,2.25.158646777318759504110695916200521633609/series_004_2_CR/A2507266260 DXA/CR DXA/CR000009.dcm,C:\Users\Андрей\Desktop\Хакатон\Исследования\2.25.158646777318759504110695916200521633609\series_004_2_CR\A2507266260 DXA\CR DXA\CR000009.dcm,exact_path,csv_relative_path
Размеченные,C:\Users\Андрей\Desktop\Хакатон\Размеченные\labels.csv,451,2.25.158646777318759504110695916200521633609/series_004_2_CR/A2507266260 DXA/CR DXA/CR000010.dcm,output/2.25.158646777318759504110695916200521633609/series_004_2_CR/A2507266260 DXA/CR DXA/CR000010.dcm,LEG,,,2026-09-16T16:42:12,1.2.643.5.1.13.13.12.2.77.8252.14070407100802110204090510100607,2.25.158646777318759504110695916200521633609/series_004_2_CR/A2507266260 DXA/CR DXA/CR000010.dcm,C:\Users\Андрей\Desktop\Хакатон\Исследования\2.25.158646777318759504110695916200521633609\series_004_2_CR\A2507266260 DXA\CR DXA\CR000010.dcm,exact_path,csv_relative_path
Размеченные,C:\Users\Андрей\Desktop\Хакатон\Размеченные\labels.csv,452,2.25.158646777318759504110695916200521633609/series_004_2_CR/A2507266260 DXA/CR DXA/CR000011.dcm,output/2.25.158646777318759504110695916200521633609/series_004_2_CR/A2507266260 DXA/CR DXA/CR000011.dcm,LEG,,,2026-09-16T16:42:14,1.2.643.5.1.13.13.12.2.77.8252.02001101060409110302091107020305,2.25.158646777318759504110695916200521633609/series_004_2_CR/A2507266260 DXA/CR DXA/CR000011.dcm,C:\Users\Андрей\Desktop\Хакатон\Исследования\2.25.158646777318759504110695916200521633609\series_004_2_CR\A2507266260 DXA\CR DXA\CR000011.dcm,exact_path,csv_relative_path
Размеченные,C:\Users\Андрей\Desktop\Хакатон\Размеченные\labels.csv,453,2.25.158646777318759504110695916200521633609/series_004_2_CR/A2507266260 DXA/CR DXA/CR000012.dcm,output/2.25.158646777318759504110695916200521633609/series_004_2_CR/A2507266260 DXA/CR DXA/CR000012.dcm,SPINE,,,2026-09-16T16:42:17,1.2.643.5.1.13.13.12.2.77.8252.02081311121209090807151401120110,2.25.158646777318759504110695916200521633609/series_004_2_CR/A2507266260 DXA/CR DXA/CR000012.dcm,C:\Users\Андрей\Desktop\Хакатон\Исследования\2.25.158646777318759504110695916200521633609\series_004_2_CR\A2507266260 DXA\CR DXA\CR000012.dcm,exact_path,csv_relative_path
Размеченные,C:\Users\Андрей\Desktop\Хакатон\Размеченные\labels.csv,454,2.25.158646777318759504110695916200521633609/series_004_2_CR/A2507266260 DXA/CR DXA/CR000013.dcm,output/2.25.158646777318759504110695916200521633609/series_004_2_CR/A2507266260 DXA/CR DXA/CR000013.dcm,SPINE,,,2026-09-16T16:42:19,1.2.643.5.1.13.13.12.2.77.8252.04021100060501150502031503091205,2.25.158646777318759504110695916200521633609/series_004_2_CR/A2507266260 DXA/CR DXA/CR000013.dcm,C:\Users\Андрей\Desktop\Хакатон\Исследования\2.25.158646777318759504110695916200521633609\series_004_2_CR\A2507266260 DXA\CR DXA\CR000013.dcm,exact_path,csv_relative_path
Размеченные,C:\Users\Андрей\Desktop\Хакатон\Размеченные\labels.csv,455,2.25.158646777318759504110695916200521633609/series_004_2_CR/A2507266260 DXA/CR DXA/CR000014.dcm,output/2.25.158646777318759504110695916200521633609/series_004_2_CR/A2507266260 DXA/CR DXA/CR000014.dcm,LEG,,,2026-09-16T16:42:20,1.2.643.5.1.13.13.12.2.77.8252.08031403081214020202010408050515,2.25.158646777318759504110695916200521633609/series_004_2_CR/A2507266260 DXA/CR DXA/CR000014.dcm,C:\Users\Андрей\Desktop\Хакатон\Исследования\2.25.158646777318759504110695916200521633609\series_004_2_CR\A2507266260 DXA\CR DXA\CR000014.dcm,exact_path,csv_relative_path
Размеченные,C:\Users\Андрей\Desktop\Хакатон\Размеченные\labels.csv,456,2.25.158646777318759504110695916200521633609/series_004_2_CR/A2507266260 DXA/CR DXA/CR000015.dcm,output/2.25.158646777318759504110695916200521633609/series_004_2_CR/A2507266260 DXA/CR DXA/CR000015.dcm,LEG,,,2026-09-16T16:42:22,1.2.643.5.1.13.13.12.2.77.8252.12010614051405051206130410050708,2.25.158646777318759504110695916200521633609/series_004_2_CR/A2507266260 DXA/CR DXA/CR000015.dcm,C:\Users\Андрей\Desktop\Хакатон\Исследования\2.25.158646777318759504110695916200521633609\series_004_2_CR\A2507266260 DXA\CR DXA\CR000015.dcm,exact_path,csv_relative_path
Размеченные,C:\Users\Андрей\Desktop\Хакатон\Размеченные\labels.csv,457,2.25.158646777318759504110695916200521633609/series_004_2_CR/A2507266260 DXA/CR DXA/CR000016.dcm,output/2.25.158646777318759504110695916200521633609/series_004_2_CR/A2507266260 DXA/CR DXA/CR000016.dcm,LEG,,,2026-09-16T16:42:23,1.2.643.5.1.13.13.12.2.77.8252.05131012021403090403150713091114,2.25.158646777318759504110695916200521633609/series_004_2_CR/A2507266260 DXA/CR DXA/CR000016.dcm,C:\Users\Андрей\Desktop\Хакатон\Исследования\2.25.158646777318759504110695916200521633609\series_004_2_CR\A2507266260 DXA\CR DXA\CR000016.dcm,exact_path,csv_relative_path
Размеченные,C:\Users\Андрей\Desktop\Хакатон\Размеченные\labels.csv,458,2.25.158646777318759504110695916200521633609/series_004_2_CR/A2507266260 DXA/CR DXA/CR000017.dcm,output/2.25.158646777318759504110695916200521633609/series_004_2_CR/A2507266260 DXA/CR DXA/CR000017.dcm,LEG,,,2026-09-16T16:42:25,1.2.643.5.1.13.13.12.2.77.8252.11030505061512110108000404010908,2.25.158646777318759504110695916200521633609/series_004_2_CR/A2507266260 DXA/CR DXA/CR000017.dcm,C:\Users\Андрей\Desktop\Хакатон\Исследования\2.25.158646777318759504110695916200521633609\series_004_2_CR\A2507266260 DXA\CR DXA\CR000017.dcm,exact_path,csv_relative_path
Размеченные,C:\Users\Андрей\Desktop\Хакатон\Размеченные\labels.csv,459,2.25.159930383074323525630608416881201447861/series_002_2_CR/A2507139428 DXA/CR DXA/CR000000.dcm,output/2.25.159930383074323525630608416881201447861/series_002_2_CR/A2507139428 DXA/CR DXA/CR000000.dcm,SPINE,,,2026-09-16T16:42:26,1.2.643.5.1.13.13.12.2.77.8252.03050413050004110015050414021412,2.25.159930383074323525630608416881201447861/series_002_2_CR/A2507139428 DXA/CR DXA/CR000000.dcm,C:\Users\Андрей\Desktop\Хакатон\Исследования\2.25.159930383074323525630608416881201447861\series_002_2_CR\A2507139428 DXA\CR DXA\CR000000.dcm,exact_path,csv_relative_path
Размеченные,C:\Users\Андрей\Desktop\Хакатон\Размеченные\labels.csv,460,2.25.164566280810634620154538016595892212884/series_001_2_CR/A2504291878 DXA Exam/CR DXA Images/CR000000.dcm,output/2.25.164566280810634620154538016595892212884/series_001_2_CR/A2504291878 DXA Exam/CR DXA Images/CR000000.dcm,LEG,,,2026-09-16T16:42:29,1.2.643.5.1.13.13.12.2.77.8252.05080909100510090906081209130901,2.25.164566280810634620154538016595892212884/series_001_2_CR/A2504291878 DXA Exam/CR DXA Images/CR000000.dcm,C:\Users\Андрей\Desktop\Хакатон\Исследования\2.25.164566280810634620154538016595892212884\series_001_2_CR\A2504291878 DXA Exam\CR DXA Images\CR000000.dcm,exact_path,csv_relative_path
Размеченные,C:\Users\Андрей\Desktop\Хакатон\Размеченные\labels.csv,461,2.25.164566280810634620154538016595892212884/series_001_2_CR/A2504291878 DXA Exam/CR DXA Images/CR000001.dcm,output/2.25.164566280810634620154538016595892212884/series_001_2_CR/A2504291878 DXA Exam/CR DXA Images/CR000001.dcm,SPINE,,,2026-09-16T16:42:31,1.2.643.5.1.13.13.12.2.77.8252.02030112081401101404040904010405,2.25.164566280810634620154538016595892212884/series_001_2_CR/A2504291878 DXA Exam/CR DXA Images/CR000001.dcm,C:\Users\Андрей\Desktop\Хакатон\Исследования\2.25.164566280810634620154538016595892212884\series_001_2_CR\A2504291878 DXA Exam\CR DXA Images\CR000001.dcm,exact_path,csv_relative_path
Размеченные,C:\Users\Андрей\Desktop\Хакатон\Размеченные\labels.csv,462,2.25.164566280810634620154538016595892212884/series_001_2_CR/A2504291878 DXA Exam/CR DXA Images/CR000002.dcm,output/2.25.164566280810634620154538016595892212884/series_001_2_CR/A2504291878 DXA Exam/CR DXA Images/CR000002.dcm,LEG,,,2026-09-16T16:42:33,1.2.643.5.1.13.13.12.2.77.8252.00071210060602011311010906021407,2.25.164566280810634620154538016595892212884/series_001_2_CR/A2504291878 DXA Exam/CR DXA Images/CR000002.dcm,C:\Users\Андрей\Desktop\Хакатон\Исследования\2.25.164566280810634620154538016595892212884\series_001_2_CR\A2504291878 DXA Exam\CR DXA Images\CR000002.dcm,exact_path,csv_relative_path
Размеченные,C:\Users\Андрей\Desktop\Хакатон\Размеченные\labels.csv,463,2.25.165091430504580219034019815337441064349/series_001_2_CR/A2504415443 DXA/CR DXA/CR000000.dcm,output/2.25.165091430504580219034019815337441064349/series_001_2_CR/A2504415443 DXA/CR DXA/CR000000.dcm,LEG,,,2026-09-16T16:42:35,1.2.643.5.1.13.13.12.2.77.8252.14100208080000030010140812001111,2.25.165091430504580219034019815337441064349/series_001_2_CR/A2504415443 DXA/CR DXA/CR000000.dcm,C:\Users\Андрей\Desktop\Хакатон\Исследования\2.25.165091430504580219034019815337441064349\series_001_2_CR\A2504415443 DXA\CR DXA\CR000000.dcm,exact_path,csv_relative_path
Размеченные,C:\Users\Андрей\Desktop\Хакатон\Размеченные\labels.csv,464,2.25.165091430504580219034019815337441064349/series_001_2_CR/A2504415443 DXA/CR DXA/CR000001.dcm,output/2.25.165091430504580219034019815337441064349/series_001_2_CR/A2504415443 DXA/CR DXA/CR000001.dcm,LEG,,,2026-09-16T16:42:36,1.2.643.5.1.13.13.12.2.77.8252.12140710150813060013011403140807,2.25.165091430504580219034019815337441064349/series_001_2_CR/A2504415443 DXA/CR DXA/CR000001.dcm,C:\Users\Андрей\Desktop\Хакатон\Исследования\2.25.165091430504580219034019815337441064349\series_001_2_CR\A2504415443 DXA\CR DXA\CR000001.dcm,exact_path,csv_relative_path
Размеченные,C:\Users\Андрей\Desktop\Хакатон\Размеченные\labels.csv,465,2.25.165091430504580219034019815337441064349/series_001_2_CR/A2504415443 DXA/CR DXA/CR000002.dcm,output/2.25.165091430504580219034019815337441064349/series_001_2_CR/A2504415443 DXA/CR DXA/CR000002.dcm,SPINE,,,2026-09-16T16:42:38,1.2.643.5.1.13.13.12.2.77.8252.01120104060301100213100004141203,2.25.165091430504580219034019815337441064349/series_001_2_CR/A2504415443 DXA/CR DXA/CR000002.dcm,C:\Users\Андрей\Desktop\Хакатон\Исследования\2.25.165091430504580219034019815337441064349\series_001_2_CR\A2504415443 DXA\CR DXA\CR000002.dcm,exact_path,csv_relative_path
Размеченные,C:\Users\Андрей\Desktop\Хакатон\Размеченные\labels.csv,466,2.25.165091430504580219034019815337441064349/series_001_2_CR/A2504415443 DXA/CR DXA/CR000003.dcm,output/2.25.165091430504580219034019815337441064349/series_001_2_CR/A2504415443 DXA/CR DXA/CR000003.dcm,SPINE,,,2026-09-16T16:42:39,1.2.643.5.1.13.13.12.2.77.8252.03000107141315000207090502080502,2.25.165091430504580219034019815337441064349/series_001_2_CR/A2504415443 DXA/CR DXA/CR000003.dcm,C:\Users\Андрей\Desktop\Хакатон\Исследования\2.25.165091430504580219034019815337441064349\series_001_2_CR\A2504415443 DXA\CR DXA\CR000003.dcm,exact_path,csv_relative_path
Размеченные,C:\Users\Андрей\Desktop\Хакатон\Размеченные\labels.csv,467,2.25.165091430504580219034019815337441064349/series_001_2_CR/A2504415443 DXA/CR DXA/CR000004.dcm,output/2.25.165091430504580219034019815337441064349/series_001_2_CR/A2504415443 DXA/CR DXA/CR000004.dcm,LEG,,,2026-09-16T16:42:41,1.2.643.5.1.13.13.12.2.77.8252.12050607100307101401110010080508,2.25.165091430504580219034019815337441064349/series_001_2_CR/A2504415443 DXA/CR DXA/CR000004.dcm,C:\Users\Андрей\Desktop\Хакатон\Исследования\2.25.165091430504580219034019815337441064349\series_001_2_CR\A2504415443 DXA\CR DXA\CR000004.dcm,exact_path,csv_relative_path
Размеченные,C:\Users\Андрей\Desktop\Хакатон\Размеченные\labels.csv,468,2.25.165091430504580219034019815337441064349/series_001_2_CR/A2504415443 DXA/CR DXA/CR000005.dcm,output/2.25.165091430504580219034019815337441064349/series_001_2_CR/A2504415443 DXA/CR DXA/CR000005.dcm,LEG,,,2026-09-16T16:42:43,1.2.643.5.1.13.13.12.2.77.8252.02080910050503150405130310031107,2.25.165091430504580219034019815337441064349/series_001_2_CR/A2504415443 DXA/CR DXA/CR000005.dcm,C:\Users\Андрей\Desktop\Хакатон\Исследования\2.25.165091430504580219034019815337441064349\series_001_2_CR\A2504415443 DXA\CR DXA\CR000005.dcm,exact_path,csv_relative_path
Размеченные,C:\Users\Андрей\Desktop\Хакатон\Размеченные\labels.csv,469,2.25.165355673991587715046346525964554729786/series_003_3_CR/A2506448267 DXA/CR DXA/CR000000.dcm,output/2.25.165355673991587715046346525964554729786/series_003_3_CR/A2506448267 DXA/CR DXA/CR000000.dcm,LEG,,,2026-09-16T16:42:44,1.2.643.5.1.13.13.12.2.77.8252.03030806061309020808141008071213,2.25.165355673991587715046346525964554729786/series_003_3_CR/A2506448267 DXA/CR DXA/CR000000.dcm,C:\Users\Андрей\Desktop\Хакатон\Исследования\2.25.165355673991587715046346525964554729786\series_003_3_CR\A2506448267 DXA\CR DXA\CR000000.dcm,exact_path,csv_relative_path
Размеченные,C:\Users\Андрей\Desktop\Хакатон\Размеченные\labels.csv,470,2.25.165355673991587715046346525964554729786/series_003_3_CR/A2506448267 DXA/CR DXA/CR000001.dcm,output/2.25.165355673991587715046346525964554729786/series_003_3_CR/A2506448267 DXA/CR DXA/CR000001.dcm,SPINE,,,2026-09-16T16:42:47,1.2.643.5.1.13.13.12.2.77.8252.05130006080703150808130311150104,2.25.165355673991587715046346525964554729786/series_003_3_CR/A2506448267 DXA/CR DXA/CR000001.dcm,C:\Users\Андрей\Desktop\Хакатон\Исследования\2.25.165355673991587715046346525964554729786\series_003_3_CR\A2506448267 DXA\CR DXA\CR000001.dcm,exact_path,csv_relative_path
Размеченные,C:\Users\Андрей\Desktop\Хакатон\Размеченные\labels.csv,471,2.25.167344201679287285499405412654740659745/series_003_2_CR/A2504249537 DXA/CR DXA/CR000000.dcm,output/2.25.167344201679287285499405412654740659745/series_003_2_CR/A2504249537 DXA/CR DXA/CR000000.dcm,LEG,,,2026-09-16T16:42:49,1.2.643.5.1.13.13.12.2.77.8252.05050004021105041108010100020012,2.25.167344201679287285499405412654740659745/series_003_2_CR/A2504249537 DXA/CR DXA/CR000000.dcm,C:\Users\Андрей\Desktop\Хакатон\Исследования\2.25.167344201679287285499405412654740659745\series_003_2_CR\A2504249537 DXA\CR DXA\CR000000.dcm,exact_path,csv_relative_path
Размеченные,C:\Users\Андрей\Desktop\Хакатон\Размеченные\labels.csv,472,2.25.167344201679287285499405412654740659745/series_003_2_CR/A2504249537 DXA/CR DXA/CR000001.dcm,output/2.25.167344201679287285499405412654740659745/series_003_2_CR/A2504249537 DXA/CR DXA/CR000001.dcm,LEG,,,2026-09-16T16:42:51,1.2.643.5.1.13.13.12.2.77.8252.03020203090713120707041512070302,2.25.167344201679287285499405412654740659745/series_003_2_CR/A2504249537 DXA/CR DXA/CR000001.dcm,C:\Users\Андрей\Desktop\Хакатон\Исследования\2.25.167344201679287285499405412654740659745\series_003_2_CR\A2504249537 DXA\CR DXA\CR000001.dcm,exact_path,csv_relative_path
Размеченные,C:\Users\Андрей\Desktop\Хакатон\Размеченные\labels.csv,473,2.25.167344201679287285499405412654740659745/series_003_2_CR/A2504249537 DXA/CR DXA/CR000002.dcm,output/2.25.167344201679287285499405412654740659745/series_003_2_CR/A2504249537 DXA/CR DXA/CR000002.dcm,SPINE,,,2026-09-16T16:42:53,1.2.643.5.1.13.13.12.2.77.8252.06020510071406141308051102110806,2.25.167344201679287285499405412654740659745/series_003_2_CR/A2504249537 DXA/CR DXA/CR000002.dcm,C:\Users\Андрей\Desktop\Хакатон\Исследования\2.25.167344201679287285499405412654740659745\series_003_2_CR\A2504249537 DXA\CR DXA\CR000002.dcm,exact_path,csv_relative_path
Размеченные,C:\Users\Андрей\Desktop\Хакатон\Размеченные\labels.csv,474,2.25.167344201679287285499405412654740659745/series_003_2_CR/A2504249537 DXA/CR DXA/CR000003.dcm,output/2.25.167344201679287285499405412654740659745/series_003_2_CR/A2504249537 DXA/CR DXA/CR000003.dcm,LEG,,,2026-09-16T16:42:55,1.2.643.5.1.13.13.12.2.77.8252.03110714040901011514120512140506,2.25.167344201679287285499405412654740659745/series_003_2_CR/A2504249537 DXA/CR DXA/CR000003.dcm,C:\Users\Андрей\Desktop\Хакатон\Исследования\2.25.167344201679287285499405412654740659745\series_003_2_CR\A2504249537 DXA\CR DXA\CR000003.dcm,exact_path,csv_relative_path
Размеченные,C:\Users\Андрей\Desktop\Хакатон\Размеченные\labels.csv,475,2.25.167344201679287285499405412654740659745/series_003_2_CR/A2504249537 DXA/CR DXA/CR000004.dcm,output/2.25.167344201679287285499405412654740659745/series_003_2_CR/A2504249537 DXA/CR DXA/CR000004.dcm,SPINE,,,2026-09-16T16:42:57,1.2.643.5.1.13.13.12.2.77.8252.04140115150705031110051301090913,2.25.167344201679287285499405412654740659745/series_003_2_CR/A2504249537 DXA/CR DXA/CR000004.dcm,C:\Users\Андрей\Desktop\Хакатон\Исследования\2.25.167344201679287285499405412654740659745\series_003_2_CR\A2504249537 DXA\CR DXA\CR000004.dcm,exact_path,csv_relative_path
Размеченные,C:\Users\Андрей\Desktop\Хакатон\Размеченные\labels.csv,476,2.25.167344201679287285499405412654740659745/series_003_2_CR/A2504249537 DXA/CR DXA/CR000005.dcm,output/2.25.167344201679287285499405412654740659745/series_003_2_CR/A2504249537 DXA/CR DXA/CR000005.dcm,LEG,,,2026-09-16T16:42:58,1.2.643.5.1.13.13.12.2.77.8252.10110808050405011511051303070302,2.25.167344201679287285499405412654740659745/series_003_2_CR/A2504249537 DXA/CR DXA/CR000005.dcm,C:\Users\Андрей\Desktop\Хакатон\Исследования\2.25.167344201679287285499405412654740659745\series_003_2_CR\A2504249537 DXA\CR DXA\CR000005.dcm,exact_path,csv_relative_path
Размеченные,C:\Users\Андрей\Desktop\Хакатон\Размеченные\labels.csv,477,2.25.16773626720107440979805052259711419763/series_004_2_CR/A2507537392 DXA/CR DXA/CR000000.dcm,output/2.25.16773626720107440979805052259711419763/series_004_2_CR/A2507537392 DXA/CR DXA/CR000000.dcm,SPINE,,,2026-09-16T16:43:00,1.2.643.5.1.13.13.12.2.77.8252.09031014151115011007041507060209,2.25.16773626720107440979805052259711419763/series_004_2_CR/A2507537392 DXA/CR DXA/CR000000.dcm,C:\Users\Андрей\Desktop\Хакатон\Исследования\2.25.16773626720107440979805052259711419763\series_004_2_CR\A2507537392 DXA\CR DXA\CR000000.dcm,exact_path,csv_relative_path
Размеченные,C:\Users\Андрей\Desktop\Хакатон\Размеченные\labels.csv,478,2.25.16773626720107440979805052259711419763/series_004_2_CR/A2507537392 DXA/CR DXA/CR000001.dcm,output/2.25.16773626720107440979805052259711419763/series_004_2_CR/A2507537392 DXA/CR DXA/CR000001.dcm,LEG,,,2026-09-16T16:43:01,1.2.643.5.1.13.13.12.2.77.8252.15000110101510080415120006131402,2.25.16773626720107440979805052259711419763/series_004_2_CR/A2507537392 DXA/CR DXA/CR000001.dcm,C:\Users\Андрей\Desktop\Хакатон\Исследования\2.25.16773626720107440979805052259711419763\series_004_2_CR\A2507537392 DXA\CR DXA\CR000001.dcm,exact_path,csv_relative_path
Размеченные,C:\Users\Андрей\Desktop\Хакатон\Размеченные\labels.csv,479,2.25.16773626720107440979805052259711419763/series_004_2_CR/A2507537392 DXA/CR DXA/CR000002.dcm,output/2.25.16773626720107440979805052259711419763/series_004_2_CR/A2507537392 DXA/CR DXA/CR000002.dcm,LEG,,,2026-09-16T16:43:03,1.2.643.5.1.13.13.12.2.77.8252.07111109140703130315001513000701,2.25.16773626720107440979805052259711419763/series_004_2_CR/A2507537392 DXA/CR DXA/CR000002.dcm,C:\Users\Андрей\Desktop\Хакатон\Исследования\2.25.16773626720107440979805052259711419763\series_004_2_CR\A2507537392 DXA\CR DXA\CR000002.dcm,exact_path,csv_relative_path
Размеченные,C:\Users\Андрей\Desktop\Хакатон\Размеченные\labels.csv,480,2.25.16773626720107440979805052259711419763/series_004_2_CR/A2507537392 DXA/CR DXA/CR000003.dcm,output/2.25.16773626720107440979805052259711419763/series_004_2_CR/A2507537392 DXA/CR DXA/CR000003.dcm,SPINE,,,2026-09-16T16:43:05,1.2.643.5.1.13.13.12.2.77.8252.15061506101401070412150108010615,2.25.16773626720107440979805052259711419763/series_004_2_CR/A2507537392 DXA/CR DXA/CR000003.dcm,C:\Users\Андрей\Desktop\Хакатон\Исследования\2.25.16773626720107440979805052259711419763\series_004_2_CR\A2507537392 DXA\CR DXA\CR000003.dcm,exact_path,csv_relative_path
Размеченные,C:\Users\Андрей\Desktop\Хакатон\Размеченные\labels.csv,481,2.25.16773626720107440979805052259711419763/series_004_2_CR/A2507537392 DXA/CR DXA/CR000004.dcm,output/2.25.16773626720107440979805052259711419763/series_004_2_CR/A2507537392 DXA/CR DXA/CR000004.dcm,LEG,,,2026-09-16T16:43:08,1.2.643.5.1.13.13.12.2.77.8252.13040605040810031203041510031012,2.25.16773626720107440979805052259711419763/series_004_2_CR/A2507537392 DXA/CR DXA/CR000004.dcm,C:\Users\Андрей\Desktop\Хакатон\Исследования\2.25.16773626720107440979805052259711419763\series_004_2_CR\A2507537392 DXA\CR DXA\CR000004.dcm,exact_path,csv_relative_path
Размеченные,C:\Users\Андрей\Desktop\Хакатон\Размеченные\labels.csv,482,2.25.16773626720107440979805052259711419763/series_004_2_CR/A2507537392 DXA/CR DXA/CR000005.dcm,output/2.25.16773626720107440979805052259711419763/series_004_2_CR/A2507537392 DXA/CR DXA/CR000005.dcm,LEG,,,2026-09-16T16:43:09,1.2.643.5.1.13.13.12.2.77.8252.02071412140202140114070213030205,2.25.16773626720107440979805052259711419763/series_004_2_CR/A2507537392 DXA/CR DXA/CR000005.dcm,C:\Users\Андрей\Desktop\Хакатон\Исследования\2.25.16773626720107440979805052259711419763\series_004_2_CR\A2507537392 DXA\CR DXA\CR000005.dcm,exact_path,csv_relative_path
Размеченные,C:\Users\Андрей\Desktop\Хакатон\Размеченные\labels.csv,483,2.25.16773626720107440979805052259711419763/series_004_2_CR/A2507537392 DXA/CR DXA/CR000006.dcm,output/2.25.16773626720107440979805052259711419763/series_004_2_CR/A2507537392 DXA/CR DXA/CR000006.dcm,LEG,,,2026-09-16T16:43:11,1.2.643.5.1.13.13.12.2.77.8252.11120907150103150102101200080104,2.25.16773626720107440979805052259711419763/series_004_2_CR/A2507537392 DXA/CR DXA/CR000006.dcm,C:\Users\Андрей\Desktop\Хакатон\Исследования\2.25.16773626720107440979805052259711419763\series_004_2_CR\A2507537392 DXA\CR DXA\CR000006.dcm,exact_path,csv_relative_path
Размеченные,C:\Users\Андрей\Desktop\Хакатон\Размеченные\labels.csv,484,2.25.16773626720107440979805052259711419763/series_004_2_CR/A2507537392 DXA/CR DXA/CR000007.dcm,output/2.25.16773626720107440979805052259711419763/series_004_2_CR/A2507537392 DXA/CR DXA/CR000007.dcm,LEG,,,2026-09-16T16:43:13,1.2.643.5.1.13.13.12.2.77.8252.00120605081302140615061408051413,2.25.16773626720107440979805052259711419763/series_004_2_CR/A2507537392 DXA/CR DXA/CR000007.dcm,C:\Users\Андрей\Desktop\Хакатон\Исследования\2.25.16773626720107440979805052259711419763\series_004_2_CR\A2507537392 DXA\CR DXA\CR000007.dcm,exact_path,csv_relative_path
Размеченные,C:\Users\Андрей\Desktop\Хакатон\Размеченные\labels.csv,485,2.25.16773626720107440979805052259711419763/series_004_2_CR/A2507537392 DXA/CR DXA/CR000008.dcm,output/2.25.16773626720107440979805052259711419763/series_004_2_CR/A2507537392 DXA/CR DXA/CR000008.dcm,LEG,,,2026-09-16T16:43:14,1.2.643.5.1.13.13.12.2.77.8252.13060012130706071508131506061110,2.25.16773626720107440979805052259711419763/series_004_2_CR/A2507537392 DXA/CR DXA/CR000008.dcm,C:\Users\Андрей\Desktop\Хакатон\Исследования\2.25.16773626720107440979805052259711419763\series_004_2_CR\A2507537392 DXA\CR DXA\CR000008.dcm,exact_path,csv_relative_path
Размеченные,C:\Users\Андрей\Desktop\Хакатон\Размеченные\labels.csv,486,2.25.16773626720107440979805052259711419763/series_004_2_CR/A2507537392 DXA/CR DXA/CR000009.dcm,output/2.25.16773626720107440979805052259711419763/series_004_2_CR/A2507537392 DXA/CR DXA/CR000009.dcm,LEG,,,2026-09-16T16:43:16,1.2.643.5.1.13.13.12.2.77.8252.09020303070910070711011409031209,2.25.16773626720107440979805052259711419763/series_004_2_CR/A2507537392 DXA/CR DXA/CR000009.dcm,C:\Users\Андрей\Desktop\Хакатон\Исследования\2.25.16773626720107440979805052259711419763\series_004_2_CR\A2507537392 DXA\CR DXA\CR000009.dcm,exact_path,csv_relative_path
Размеченные,C:\Users\Андрей\Desktop\Хакатон\Размеченные\labels.csv,487,2.25.16773626720107440979805052259711419763/series_004_2_CR/A2507537392 DXA/CR DXA/CR000010.dcm,output/2.25.16773626720107440979805052259711419763/series_004_2_CR/A2507537392 DXA/CR DXA/CR000010.dcm,LEG,,,2026-09-16T16:43:18,1.2.643.5.1.13.13.12.2.77.8252.04101314021103041302071314011203,2.25.16773626720107440979805052259711419763/series_004_2_CR/A2507537392 DXA/CR DXA/CR000010.dcm,C:\Users\Андрей\Desktop\Хакатон\Исследования\2.25.16773626720107440979805052259711419763\series_004_2_CR\A2507537392 DXA\CR DXA\CR000010.dcm,exact_path,csv_relative_path
Размеченные,C:\Users\Андрей\Desktop\Хакатон\Размеченные\labels.csv,488,2.25.16773626720107440979805052259711419763/series_004_2_CR/A2507537392 DXA/CR DXA/CR000011.dcm,output/2.25.16773626720107440979805052259711419763/series_004_2_CR/A2507537392 DXA/CR DXA/CR000011.dcm,SPINE,,,2026-09-16T16:43:19,1.2.643.5.1.13.13.12.2.77.8252.03120113151010021310000801051000,2.25.16773626720107440979805052259711419763/series_004_2_CR/A2507537392 DXA/CR DXA/CR000011.dcm,C:\Users\Андрей\Desktop\Хакатон\Исследования\2.25.16773626720107440979805052259711419763\series_004_2_CR\A2507537392 DXA\CR DXA\CR000011.dcm,exact_path,csv_relative_path
Размеченные,C:\Users\Андрей\Desktop\Хакатон\Размеченные\labels.csv,489,2.25.168317503020329569414190677927680518621/series_004_2_CR/A2507557128 DXA/CR DXA/CR000000.dcm,output/2.25.168317503020329569414190677927680518621/series_004_2_CR/A2507557128 DXA/CR DXA/CR000000.dcm,LEG,,,2026-09-16T16:43:21,1.2.643.5.1.13.13.12.2.77.8252.10050700041001040614050614130103,2.25.168317503020329569414190677927680518621/series_004_2_CR/A2507557128 DXA/CR DXA/CR000000.dcm,C:\Users\Андрей\Desktop\Хакатон\Исследования\2.25.168317503020329569414190677927680518621\series_004_2_CR\A2507557128 DXA\CR DXA\CR000000.dcm,exact_path,csv_relative_path
Размеченные,C:\Users\Андрей\Desktop\Хакатон\Размеченные\labels.csv,490,2.25.168317503020329569414190677927680518621/series_004_2_CR/A2507557128 DXA/CR DXA/CR000001.dcm,output/2.25.168317503020329569414190677927680518621/series_004_2_CR/A2507557128 DXA/CR DXA/CR000001.dcm,UNKNOWN,,,2026-09-16T16:43:22,1.2.643.5.1.13.13.12.2.77.8252.04081410150705000907120005030306,2.25.168317503020329569414190677927680518621/series_004_2_CR/A2507557128 DXA/CR DXA/CR000001.dcm,C:\Users\Андрей\Desktop\Хакатон\Исследования\2.25.168317503020329569414190677927680518621\series_004_2_CR\A2507557128 DXA\CR DXA\CR000001.dcm,exact_path,csv_relative_path
Размеченные,C:\Users\Андрей\Desktop\Хакатон\Размеченные\labels.csv,491,2.25.168317503020329569414190677927680518621/series_004_2_CR/A2507557128 DXA/CR DXA/CR000002.dcm,output/2.25.168317503020329569414190677927680518621/series_004_2_CR/A2507557128 DXA/CR DXA/CR000002.dcm,LEG,,,2026-09-16T16:43:23,1.2.643.5.1.13.13.12.2.77.8252.10010207001309070508110212031008,2.25.168317503020329569414190677927680518621/series_004_2_CR/A2507557128 DXA/CR DXA/CR000002.dcm,C:\Users\Андрей\Desktop\Хакатон\Исследования\2.25.168317503020329569414190677927680518621\series_004_2_CR\A2507557128 DXA\CR DXA\CR000002.dcm,exact_path,csv_relative_path
Размеченные,C:\Users\Андрей\Desktop\Хакатон\Размеченные\labels.csv,492,2.25.168317503020329569414190677927680518621/series_004_2_CR/A2507557128 DXA/CR DXA/CR000003.dcm,output/2.25.168317503020329569414190677927680518621/series_004_2_CR/A2507557128 DXA/CR DXA/CR000003.dcm,SPINE,,,2026-09-16T16:43:28,1.2.643.5.1.13.13.12.2.77.8252.08150001020008051511060800070004,2.25.168317503020329569414190677927680518621/series_004_2_CR/A2507557128 DXA/CR DXA/CR000003.dcm,C:\Users\Андрей\Desktop\Хакатон\Исследования\2.25.168317503020329569414190677927680518621\series_004_2_CR\A2507557128 DXA\CR DXA\CR000003.dcm,exact_path,csv_relative_path
Размеченные,C:\Users\Андрей\Desktop\Хакатон\Размеченные\labels.csv,493,2.25.168317503020329569414190677927680518621/series_004_2_CR/A2507557128 DXA/CR DXA/CR000004.dcm,output/2.25.168317503020329569414190677927680518621/series_004_2_CR/A2507557128 DXA/CR DXA/CR000004.dcm,LEG,,,2026-09-16T16:43:29,1.2.643.5.1.13.13.12.2.77.8252.03110002011112060400010906040109,2.25.168317503020329569414190677927680518621/series_004_2_CR/A2507557128 DXA/CR DXA/CR000004.dcm,C:\Users\Андрей\Desktop\Хакатон\Исследования\2.25.168317503020329569414190677927680518621\series_004_2_CR\A2507557128 DXA\CR DXA\CR000004.dcm,exact_path,csv_relative_path
Размеченные,C:\Users\Андрей\Desktop\Хакатон\Размеченные\labels.csv,494,2.25.168317503020329569414190677927680518621/series_004_2_CR/A2507557128 DXA/CR DXA/CR000005.dcm,output/2.25.168317503020329569414190677927680518621/series_004_2_CR/A2507557128 DXA/CR DXA/CR000005.dcm,LEG,,,2026-09-16T16:43:31,1.2.643.5.1.13.13.12.2.77.8252.01130115100005150714080303151110,2.25.168317503020329569414190677927680518621/series_004_2_CR/A2507557128 DXA/CR DXA/CR000005.dcm,C:\Users\Андрей\Desktop\Хакатон\Исследования\2.25.168317503020329569414190677927680518621\series_004_2_CR\A2507557128 DXA\CR DXA\CR000005.dcm,exact_path,csv_relative_path
Размеченные,C:\Users\Андрей\Desktop\Хакатон\Размеченные\labels.csv,495,2.25.168317503020329569414190677927680518621/series_004_2_CR/A2507557128 DXA/CR DXA/CR000006.dcm,output/2.25.168317503020329569414190677927680518621/series_004_2_CR/A2507557128 DXA/CR DXA/CR000006.dcm,SPINE,,,2026-09-16T16:43:32,1.2.643.5.1.13.13.12.2.77.8252.14030405080503070005090010011210,2.25.168317503020329569414190677927680518621/series_004_2_CR/A2507557128 DXA/CR DXA/CR000006.dcm,C:\Users\Андрей\Desktop\Хакатон\Исследования\2.25.168317503020329569414190677927680518621\series_004_2_CR\A2507557128 DXA\CR DXA\CR000006.dcm,exact_path,csv_relative_path
Размеченные,C:\Users\Андрей\Desktop\Хакатон\Размеченные\labels.csv,496,2.25.168317503020329569414190677927680518621/series_004_2_CR/A2507557128 DXA/CR DXA/CR000007.dcm,output/2.25.168317503020329569414190677927680518621/series_004_2_CR/A2507557128 DXA/CR DXA/CR000007.dcm,LEG,,,2026-09-16T16:43:34,1.2.643.5.1.13.13.12.2.77.8252.02031311110004131100010706000003,2.25.168317503020329569414190677927680518621/series_004_2_CR/A2507557128 DXA/CR DXA/CR000007.dcm,C:\Users\Андрей\Desktop\Хакатон\Исследования\2.25.168317503020329569414190677927680518621\series_004_2_CR\A2507557128 DXA\CR DXA\CR000007.dcm,exact_path,csv_relative_path
Размеченные,C:\Users\Андрей\Desktop\Хакатон\Размеченные\labels.csv,497,2.25.168317503020329569414190677927680518621/series_004_2_CR/A2507557128 DXA/CR DXA/CR000008.dcm,output/2.25.168317503020329569414190677927680518621/series_004_2_CR/A2507557128 DXA/CR DXA/CR000008.dcm,LEG,,,2026-09-16T16:43:36,1.2.643.5.1.13.13.12.2.77.8252.14040413080712030012001414011512,2.25.168317503020329569414190677927680518621/series_004_2_CR/A2507557128 DXA/CR DXA/CR000008.dcm,C:\Users\Андрей\Desktop\Хакатон\Исследования\2.25.168317503020329569414190677927680518621\series_004_2_CR\A2507557128 DXA\CR DXA\CR000008.dcm,exact_path,csv_relative_path
Размеченные,C:\Users\Андрей\Desktop\Хакатон\Размеченные\labels.csv,498,2.25.168317503020329569414190677927680518621/series_004_2_CR/A2507557128 DXA/CR DXA/CR000009.dcm,output/2.25.168317503020329569414190677927680518621/series_004_2_CR/A2507557128 DXA/CR DXA/CR000009.dcm,SPINE,,,2026-09-16T16:43:37,1.2.643.5.1.13.13.12.2.77.8252.09111007121406000411060915050407,2.25.168317503020329569414190677927680518621/series_004_2_CR/A2507557128 DXA/CR DXA/CR000009.dcm,C:\Users\Андрей\Desktop\Хакатон\Исследования\2.25.168317503020329569414190677927680518621\series_004_2_CR\A2507557128 DXA\CR DXA\CR000009.dcm,exact_path,csv_relative_path
Размеченные,C:\Users\Андрей\Desktop\Хакатон\Размеченные\labels.csv,499,2.25.168317503020329569414190677927680518621/series_004_2_CR/A2507557128 DXA/CR DXA/CR000010.dcm,output/2.25.168317503020329569414190677927680518621/series_004_2_CR/A2507557128 DXA/CR DXA/CR000010.dcm,LEG,,,2026-09-16T16:43:39,1.2.643.5.1.13.13.12.2.77.8252.06080402070700011103140402140007,2.25.168317503020329569414190677927680518621/series_004_2_CR/A2507557128 DXA/CR DXA/CR000010.dcm,C:\Users\Андрей\Desktop\Хакатон\Исследования\2.25.168317503020329569414190677927680518621\series_004_2_CR\A2507557128 DXA\CR DXA\CR000010.dcm,exact_path,csv_relative_path
Размеченные,C:\Users\Андрей\Desktop\Хакатон\Размеченные\labels.csv,500,2.25.168317503020329569414190677927680518621/series_004_2_CR/A2507557128 DXA/CR DXA/CR000011.dcm,output/2.25.168317503020329569414190677927680518621/series_004_2_CR/A2507557128 DXA/CR DXA/CR000011.dcm,LEG,,,2026-09-16T16:43:59,1.2.643.5.1.13.13.12.2.77.8252.05090510080809140209120604081002,2.25.168317503020329569414190677927680518621/series_004_2_CR/A2507557128 DXA/CR DXA/CR000011.dcm,C:\Users\Андрей\Desktop\Хакатон\Исследования\2.25.168317503020329569414190677927680518621\series_004_2_CR\A2507557128 DXA\CR DXA\CR000011.dcm,exact_path,csv_relative_path
Размеченные_244_Илья,C:\Users\Андрей\Desktop\Хакатон\Размеченные_244_Илья\labels.csv,2,2.25.169242707068684757906797344800977707240/series_003_2_CR/A2507185832 DXA/CR DXA/CR000000.dcm,output/2.25.169242707068684757906797344800977707240/series_003_2_CR/A2507185832 DXA/CR DXA/CR000000.dcm,SPINE,,,2026-09-16T17:06:27,1.2.643.5.1.13.13.12.2.77.8252.03020907090204060013031106111312,2.25.169242707068684757906797344800977707240/series_003_2_CR/A2507185832 DXA/CR DXA/CR000000.dcm,C:\Users\Андрей\Desktop\Хакатон\Исследования\2.25.169242707068684757906797344800977707240\series_003_2_CR\A2507185832 DXA\CR DXA\CR000000.dcm,exact_path,csv_relative_path
Размеченные_244_Илья,C:\Users\Андрей\Desktop\Хакатон\Размеченные_244_Илья\labels.csv,3,2.25.172445998420765569384934552191547932566/series_004_2_CR/A2507368766 DXA/CR DXA/CR000000.dcm,output/2.25.172445998420765569384934552191547932566/series_004_2_CR/A2507368766 DXA/CR DXA/CR000000.dcm,SPINE,,,2026-09-16T17:06:30,1.2.643.5.1.13.13.12.2.77.8252.08131412000401011215150704040610,2.25.172445998420765569384934552191547932566/series_004_2_CR/A2507368766 DXA/CR DXA/CR000000.dcm,C:\Users\Андрей\Desktop\Хакатон\Исследования\2.25.172445998420765569384934552191547932566\series_004_2_CR\A2507368766 DXA\CR DXA\CR000000.dcm,exact_path,csv_relative_path
Размеченные_244_Илья,C:\Users\Андрей\Desktop\Хакатон\Размеченные_244_Илья\labels.csv,4,2.25.172445998420765569384934552191547932566/series_004_2_CR/A2507368766 DXA/CR DXA/CR000001.dcm,output/2.25.172445998420765569384934552191547932566/series_004_2_CR/A2507368766 DXA/CR DXA/CR000001.dcm,LEG,,,2026-09-16T17:06:32,1.2.643.5.1.13.13.12.2.77.8252.05030907080814020708000711150507,2.25.172445998420765569384934552191547932566/series_004_2_CR/A2507368766 DXA/CR DXA/CR000001.dcm,C:\Users\Андрей\Desktop\Хакатон\Исследования\2.25.172445998420765569384934552191547932566\series_004_2_CR\A2507368766 DXA\CR DXA\CR000001.dcm,exact_path,csv_relative_path
Размеченные_244_Илья,C:\Users\Андрей\Desktop\Хакатон\Размеченные_244_Илья\labels.csv,5,2.25.172445998420765569384934552191547932566/series_004_2_CR/A2507368766 DXA/CR DXA/CR000002.dcm,output/2.25.172445998420765569384934552191547932566/series_004_2_CR/A2507368766 DXA/CR DXA/CR000002.dcm,LEG,,,2026-09-16T17:06:34,1.2.643.5.1.13.13.12.2.77.8252.15151313120000020410110702050700,2.25.172445998420765569384934552191547932566/series_004_2_CR/A2507368766 DXA/CR DXA/CR000002.dcm,C:\Users\Андрей\Desktop\Хакатон\Исследования\2.25.172445998420765569384934552191547932566\series_004_2_CR\A2507368766 DXA\CR DXA\CR000002.dcm,exact_path,csv_relative_path
Размеченные_244_Илья,C:\Users\Андрей\Desktop\Хакатон\Размеченные_244_Илья\labels.csv,6,2.25.173731186748227489808861376513577450951/series_002_2_CR/A2507188958 DXA/CR DXA/CR000000.dcm,output/2.25.173731186748227489808861376513577450951/series_002_2_CR/A2507188958 DXA/CR DXA/CR000000.dcm,SPINE,,,2026-09-16T17:06:36,1.2.643.5.1.13.13.12.2.77.8252.01091510011014070612050311031410,2.25.173731186748227489808861376513577450951/series_002_2_CR/A2507188958 DXA/CR DXA/CR000000.dcm,C:\Users\Андрей\Desktop\Хакатон\Исследования\2.25.173731186748227489808861376513577450951\series_002_2_CR\A2507188958 DXA\CR DXA\CR000000.dcm,exact_path,csv_relative_path
Размеченные_244_Илья,C:\Users\Андрей\Desktop\Хакатон\Размеченные_244_Илья\labels.csv,7,2.25.173731186748227489808861376513577450951/series_002_2_CR/A2507188958 DXA/CR DXA/CR000001.dcm,output/2.25.173731186748227489808861376513577450951/series_002_2_CR/A2507188958 DXA/CR DXA/CR000001.dcm,LEG,,,2026-09-16T17:06:37,1.2.643.5.1.13.13.12.2.77.8252.04070212140009090002060410031413,2.25.173731186748227489808861376513577450951/series_002_2_CR/A2507188958 DXA/CR DXA/CR000001.dcm,C:\Users\Андрей\Desktop\Хакатон\Исследования\2.25.173731186748227489808861376513577450951\series_002_2_CR\A2507188958 DXA\CR DXA\CR000001.dcm,exact_path,csv_relative_path
Размеченные_244_Илья,C:\Users\Андрей\Desktop\Хакатон\Размеченные_244_Илья\labels.csv,8,2.25.173753313169335820519632380691065649420/series_003_2_CR/A2504265499 DXA/CR DXA/CR000000.dcm,output/2.25.173753313169335820519632380691065649420/series_003_2_CR/A2504265499 DXA/CR DXA/CR000000.dcm,LEG,,,2026-09-16T17:06:39,1.2.643.5.1.13.13.12.2.77.8252.10100404000008120405081411021306,2.25.173753313169335820519632380691065649420/series_003_2_CR/A2504265499 DXA/CR DXA/CR000000.dcm,C:\Users\Андрей\Desktop\Хакатон\Исследования\2.25.173753313169335820519632380691065649420\series_003_2_CR\A2504265499 DXA\CR DXA\CR000000.dcm,exact_path,csv_relative_path
Размеченные_244_Илья,C:\Users\Андрей\Desktop\Хакатон\Размеченные_244_Илья\labels.csv,9,2.25.173753313169335820519632380691065649420/series_003_2_CR/A2504265499 DXA/CR DXA/CR000001.dcm,output/2.25.173753313169335820519632380691065649420/series_003_2_CR/A2504265499 DXA/CR DXA/CR000001.dcm,LEG,,,2026-09-16T17:06:43,1.2.643.5.1.13.13.12.2.77.8252.04131502110204030305140811061103,2.25.173753313169335820519632380691065649420/series_003_2_CR/A2504265499 DXA/CR DXA/CR000001.dcm,C:\Users\Андрей\Desktop\Хакатон\Исследования\2.25.173753313169335820519632380691065649420\series_003_2_CR\A2504265499 DXA\CR DXA\CR000001.dcm,exact_path,csv_relative_path
Размеченные_244_Илья,C:\Users\Андрей\Desktop\Хакатон\Размеченные_244_Илья\labels.csv,10,2.25.173753313169335820519632380691065649420/series_003_2_CR/A2504265499 DXA/CR DXA/CR000002.dcm,output/2.25.173753313169335820519632380691065649420/series_003_2_CR/A2504265499 DXA/CR DXA/CR000002.dcm,SPINE,,,2026-09-16T17:06:45,1.2.643.5.1.13.13.12.2.77.8252.13001014110608151112110112061114,2.25.173753313169335820519632380691065649420/series_003_2_CR/A2504265499 DXA/CR DXA/CR000002.dcm,C:\Users\Андрей\Desktop\Хакатон\Исследования\2.25.173753313169335820519632380691065649420\series_003_2_CR\A2504265499 DXA\CR DXA\CR000002.dcm,exact_path,csv_relative_path
Размеченные_244_Илья,C:\Users\Андрей\Desktop\Хакатон\Размеченные_244_Илья\labels.csv,11,2.25.173753313169335820519632380691065649420/series_003_2_CR/A2504265499 DXA/CR DXA/CR000003.dcm,output/2.25.173753313169335820519632380691065649420/series_003_2_CR/A2504265499 DXA/CR DXA/CR000003.dcm,LEG,,,2026-09-16T17:06:46,1.2.643.5.1.13.13.12.2.77.8252.04111300031205120703050100121209,2.25.173753313169335820519632380691065649420/series_003_2_CR/A2504265499 DXA/CR DXA/CR000003.dcm,C:\Users\Андрей\Desktop\Хакатон\Исследования\2.25.173753313169335820519632380691065649420\series_003_2_CR\A2504265499 DXA\CR DXA\CR000003.dcm,exact_path,csv_relative_path
Размеченные_244_Илья,C:\Users\Андрей\Desktop\Хакатон\Размеченные_244_Илья\labels.csv,12,2.25.173753313169335820519632380691065649420/series_003_2_CR/A2504265499 DXA/CR DXA/CR000004.dcm,output/2.25.173753313169335820519632380691065649420/series_003_2_CR/A2504265499 DXA/CR DXA/CR000004.dcm,LEG,,,2026-09-16T17:06:48,1.2.643.5.1.13.13.12.2.77.8252.14060111140409011305070812141414,2.25.173753313169335820519632380691065649420/series_003_2_CR/A2504265499 DXA/CR DXA/CR000004.dcm,C:\Users\Андрей\Desktop\Хакатон\Исследования\2.25.173753313169335820519632380691065649420\series_003_2_CR\A2504265499 DXA\CR DXA\CR000004.dcm,exact_path,csv_relative_path
Размеченные_244_Илья,C:\Users\Андрей\Desktop\Хакатон\Размеченные_244_Илья\labels.csv,13,2.25.173753313169335820519632380691065649420/series_003_2_CR/A2504265499 DXA/CR DXA/CR000005.dcm,output/2.25.173753313169335820519632380691065649420/series_003_2_CR/A2504265499 DXA/CR DXA/CR000005.dcm,SPINE,,,2026-09-16T17:06:50,1.2.643.5.1.13.13.12.2.77.8252.15000310101315070007100105150401,2.25.173753313169335820519632380691065649420/series_003_2_CR/A2504265499 DXA/CR DXA/CR000005.dcm,C:\Users\Андрей\Desktop\Хакатон\Исследования\2.25.173753313169335820519632380691065649420\series_003_2_CR\A2504265499 DXA\CR DXA\CR000005.dcm,exact_path,csv_relative_path
Размеченные_244_Илья,C:\Users\Андрей\Desktop\Хакатон\Размеченные_244_Илья\labels.csv,14,2.25.173753313169335820519632380691065649420/series_003_2_CR/A2504265499 DXA/CR DXA/CR000006.dcm,output/2.25.173753313169335820519632380691065649420/series_003_2_CR/A2504265499 DXA/CR DXA/CR000006.dcm,LEG,,,2026-09-16T17:06:52,1.2.643.5.1.13.13.12.2.77.8252.05130004120107120511100914090711,2.25.173753313169335820519632380691065649420/series_003_2_CR/A2504265499 DXA/CR DXA/CR000006.dcm,C:\Users\Андрей\Desktop\Хакатон\Исследования\2.25.173753313169335820519632380691065649420\series_003_2_CR\A2504265499 DXA\CR DXA\CR000006.dcm,exact_path,csv_relative_path
Размеченные_244_Илья,C:\Users\Андрей\Desktop\Хакатон\Размеченные_244_Илья\labels.csv,15,2.25.173753313169335820519632380691065649420/series_003_2_CR/A2504265499 DXA/CR DXA/CR000007.dcm,output/2.25.173753313169335820519632380691065649420/series_003_2_CR/A2504265499 DXA/CR DXA/CR000007.dcm,LEG,,,2026-09-16T17:06:55,1.2.643.5.1.13.13.12.2.77.8252.14100508051012080011140911030615,2.25.173753313169335820519632380691065649420/series_003_2_CR/A2504265499 DXA/CR DXA/CR000007.dcm,C:\Users\Андрей\Desktop\Хакатон\Исследования\2.25.173753313169335820519632380691065649420\series_003_2_CR\A2504265499 DXA\CR DXA\CR000007.dcm,exact_path,csv_relative_path
Размеченные_244_Илья,C:\Users\Андрей\Desktop\Хакатон\Размеченные_244_Илья\labels.csv,16,2.25.173753313169335820519632380691065649420/series_003_2_CR/A2504265499 DXA/CR DXA/CR000008.dcm,output/2.25.173753313169335820519632380691065649420/series_003_2_CR/A2504265499 DXA/CR DXA/CR000008.dcm,SPINE,,,2026-09-16T17:06:57,1.2.643.5.1.13.13.12.2.77.8252.04041008080502040914000415071204,2.25.173753313169335820519632380691065649420/series_003_2_CR/A2504265499 DXA/CR DXA/CR000008.dcm,C:\Users\Андрей\Desktop\Хакатон\Исследования\2.25.173753313169335820519632380691065649420\series_003_2_CR\A2504265499 DXA\CR DXA\CR000008.dcm,exact_path,csv_relative_path
Размеченные_244_Илья,C:\Users\Андрей\Desktop\Хакатон\Размеченные_244_Илья\labels.csv,17,2.25.173753313169335820519632380691065649420/series_003_2_CR/A2504265499 DXA/CR DXA/CR000009.dcm,output/2.25.173753313169335820519632380691065649420/series_003_2_CR/A2504265499 DXA/CR DXA/CR000009.dcm,LEG,,,2026-09-16T17:06:59,1.2.643.5.1.13.13.12.2.77.8252.03020200150014080308080615120500,2.25.173753313169335820519632380691065649420/series_003_2_CR/A2504265499 DXA/CR DXA/CR000009.dcm,C:\Users\Андрей\Desktop\Хакатон\Исследования\2.25.173753313169335820519632380691065649420\series_003_2_CR\A2504265499 DXA\CR DXA\CR000009.dcm,exact_path,csv_relative_path
Размеченные_244_Илья,C:\Users\Андрей\Desktop\Хакатон\Размеченные_244_Илья\labels.csv,18,2.25.173753313169335820519632380691065649420/series_003_2_CR/A2504265499 DXA/CR DXA/CR000010.dcm,output/2.25.173753313169335820519632380691065649420/series_003_2_CR/A2504265499 DXA/CR DXA/CR000010.dcm,LEG,,,2026-09-16T17:07:02,1.2.643.5.1.13.13.12.2.77.8252.13141514150708151311080810050711,2.25.173753313169335820519632380691065649420/series_003_2_CR/A2504265499 DXA/CR DXA/CR000010.dcm,C:\Users\Андрей\Desktop\Хакатон\Исследования\2.25.173753313169335820519632380691065649420\series_003_2_CR\A2504265499 DXA\CR DXA\CR000010.dcm,exact_path,csv_relative_path
Размеченные_244_Илья,C:\Users\Андрей\Desktop\Хакатон\Размеченные_244_Илья\labels.csv,19,2.25.175881661753775295785039265792986971602/series_003_2_CR/A2507266462 DXA/CR DXA/CR000000.dcm,output/2.25.175881661753775295785039265792986971602/series_003_2_CR/A2507266462 DXA/CR DXA/CR000000.dcm,LEG,,,2026-09-16T17:07:04,1.2.643.5.1.13.13.12.2.77.8252.06070803110509120507010310141201,2.25.175881661753775295785039265792986971602/series_003_2_CR/A2507266462 DXA/CR DXA/CR000000.dcm,C:\Users\Андрей\Desktop\Хакатон\Исследования\2.25.175881661753775295785039265792986971602\series_003_2_CR\A2507266462 DXA\CR DXA\CR000000.dcm,exact_path,csv_relative_path
Размеченные_244_Илья,C:\Users\Андрей\Desktop\Хакатон\Размеченные_244_Илья\labels.csv,20,2.25.175881661753775295785039265792986971602/series_003_2_CR/A2507266462 DXA/CR DXA/CR000001.dcm,output/2.25.175881661753775295785039265792986971602/series_003_2_CR/A2507266462 DXA/CR DXA/CR000001.dcm,SPINE,,,2026-09-16T17:07:05,1.2.643.5.1.13.13.12.2.77.8252.14060403060314010506081209070311,2.25.175881661753775295785039265792986971602/series_003_2_CR/A2507266462 DXA/CR DXA/CR000001.dcm,C:\Users\Андрей\Desktop\Хакатон\Исследования\2.25.175881661753775295785039265792986971602\series_003_2_CR\A2507266462 DXA\CR DXA\CR000001.dcm,exact_path,csv_relative_path
Размеченные_244_Илья,C:\Users\Андрей\Desktop\Хакатон\Размеченные_244_Илья\labels.csv,21,2.25.175881661753775295785039265792986971602/series_003_2_CR/A2507266462 DXA/CR DXA/CR000002.dcm,output/2.25.175881661753775295785039265792986971602/series_003_2_CR/A2507266462 DXA/CR DXA/CR000002.dcm,LEG,,,2026-09-16T17:07:07,1.2.643.5.1.13.13.12.2.77.8252.10000603030913050503020611051415,2.25.175881661753775295785039265792986971602/series_003_2_CR/A2507266462 DXA/CR DXA/CR000002.dcm,C:\Users\Андрей\Desktop\Хакатон\Исследования\2.25.175881661753775295785039265792986971602\series_003_2_CR\A2507266462 DXA\CR DXA\CR000002.dcm,exact_path,csv_relative_path
Размеченные_244_Илья,C:\Users\Андрей\Desktop\Хакатон\Размеченные_244_Илья\labels.csv,22,2.25.175881661753775295785039265792986971602/series_003_2_CR/A2507266462 DXA/CR DXA/CR000003.dcm,output/2.25.175881661753775295785039265792986971602/series_003_2_CR/A2507266462 DXA/CR DXA/CR000003.dcm,LEG,,,2026-09-16T17:07:09,1.2.643.5.1.13.13.12.2.77.8252.06110514030914051115040913030103,2.25.175881661753775295785039265792986971602/series_003_2_CR/A2507266462 DXA/CR DXA/CR000003.dcm,C:\Users\Андрей\Desktop\Хакатон\Исследования\2.25.175881661753775295785039265792986971602\series_003_2_CR\A2507266462 DXA\CR DXA\CR000003.dcm,exact_path,csv_relative_path
Размеченные_244_Илья,C:\Users\Андрей\Desktop\Хакатон\Размеченные_244_Илья\labels.csv,23,2.25.175903805423871105435148927871625232853/series_001_2_CR/A2507159447 DXA/CR DXA/CR000000.dcm,output/2.25.175903805423871105435148927871625232853/series_001_2_CR/A2507159447 DXA/CR DXA/CR000000.dcm,SPINE,,,2026-09-16T17:07:14,1.2.643.5.1.13.13.12.2.77.8252.12071204070300150506091512141413,2.25.175903805423871105435148927871625232853/series_001_2_CR/A2507159447 DXA/CR DXA/CR000000.dcm,C:\Users\Андрей\Desktop\Хакатон\Исследования\2.25.175903805423871105435148927871625232853\series_001_2_CR\A2507159447 DXA\CR DXA\CR000000.dcm,exact_path,csv_relative_path
Размеченные_244_Илья,C:\Users\Андрей\Desktop\Хакатон\Размеченные_244_Илья\labels.csv,24,2.25.175903805423871105435148927871625232853/series_001_2_CR/A2507159447 DXA/CR DXA/CR000001.dcm,output/2.25.175903805423871105435148927871625232853/series_001_2_CR/A2507159447 DXA/CR DXA/CR000001.dcm,LEG,,,2026-09-16T17:07:16,1.2.643.5.1.13.13.12.2.77.8252.13151105000600070510031109011109,2.25.175903805423871105435148927871625232853/series_001_2_CR/A2507159447 DXA/CR DXA/CR000001.dcm,C:\Users\Андрей\Desktop\Хакатон\Исследования\2.25.175903805423871105435148927871625232853\series_001_2_CR\A2507159447 DXA\CR DXA\CR000001.dcm,exact_path,csv_relative_path
Размеченные_244_Илья,C:\Users\Андрей\Desktop\Хакатон\Размеченные_244_Илья\labels.csv,25,2.25.175903805423871105435148927871625232853/series_001_2_CR/A2507159447 DXA/CR DXA/CR000002.dcm,output/2.25.175903805423871105435148927871625232853/series_001_2_CR/A2507159447 DXA/CR DXA/CR000002.dcm,LEG,,,2026-09-16T17:07:18,1.2.643.5.1.13.13.12.2.77.8252.15100208060002090813060606131404,2.25.175903805423871105435148927871625232853/series_001_2_CR/A2507159447 DXA/CR DXA/CR000002.dcm,C:\Users\Андрей\Desktop\Хакатон\Исследования\2.25.175903805423871105435148927871625232853\series_001_2_CR\A2507159447 DXA\CR DXA\CR000002.dcm,exact_path,csv_relative_path
Размеченные_244_Илья,C:\Users\Андрей\Desktop\Хакатон\Размеченные_244_Илья\labels.csv,26,2.25.17706555930735581384953296958427669848/series_004_3_CR/A2504146513 DXA/CR DXA/CR000000.dcm,output/2.25.17706555930735581384953296958427669848/series_004_3_CR/A2504146513 DXA/CR DXA/CR000000.dcm,LEG,,,2026-09-16T17:07:20,1.2.643.5.1.13.13.12.2.77.8252.11051514070611150905020505061111,2.25.17706555930735581384953296958427669848/series_004_3_CR/A2504146513 DXA/CR DXA/CR000000.dcm,C:\Users\Андрей\Desktop\Хакатон\Исследования\2.25.17706555930735581384953296958427669848\series_004_3_CR\A2504146513 DXA\CR DXA\CR000000.dcm,exact_path,csv_relative_path
Размеченные_244_Илья,C:\Users\Андрей\Desktop\Хакатон\Размеченные_244_Илья\labels.csv,27,2.25.17706555930735581384953296958427669848/series_004_3_CR/A2504146513 DXA/CR DXA/CR000001.dcm,output/2.25.17706555930735581384953296958427669848/series_004_3_CR/A2504146513 DXA/CR DXA/CR000001.dcm,SPINE,,,2026-09-16T17:07:22,1.2.643.5.1.13.13.12.2.77.8252.03050114141207061001080502130215,2.25.17706555930735581384953296958427669848/series_004_3_CR/A2504146513 DXA/CR DXA/CR000001.dcm,C:\Users\Андрей\Desktop\Хакатон\Исследования\2.25.17706555930735581384953296958427669848\series_004_3_CR\A2504146513 DXA\CR DXA\CR000001.dcm,exact_path,csv_relative_path
Размеченные_244_Илья,C:\Users\Андрей\Desktop\Хакатон\Размеченные_244_Илья\labels.csv,28,2.25.17706555930735581384953296958427669848/series_004_3_CR/A2504146513 DXA/CR DXA/CR000002.dcm,output/2.25.17706555930735581384953296958427669848/series_004_3_CR/A2504146513 DXA/CR DXA/CR000002.dcm,SPINE,,,2026-09-16T17:07:24,1.2.643.5.1.13.13.12.2.77.8252.02140511090200100603110807051014,2.25.17706555930735581384953296958427669848/series_004_3_CR/A2504146513 DXA/CR DXA/CR000002.dcm,C:\Users\Андрей\Desktop\Хакатон\Исследования\2.25.17706555930735581384953296958427669848\series_004_3_CR\A2504146513 DXA\CR DXA\CR000002.dcm,exact_path,csv_relative_path
Размеченные_244_Илья,C:\Users\Андрей\Desktop\Хакатон\Размеченные_244_Илья\labels.csv,29,2.25.17706555930735581384953296958427669848/series_004_3_CR/A2504146513 DXA/CR DXA/CR000003.dcm,output/2.25.17706555930735581384953296958427669848/series_004_3_CR/A2504146513 DXA/CR DXA/CR000003.dcm,LEG,,,2026-09-16T17:07:26,1.2.643.5.1.13.13.12.2.77.8252.08081313070715151208110603030015,2.25.17706555930735581384953296958427669848/series_004_3_CR/A2504146513 DXA/CR DXA/CR000003.dcm,C:\Users\Андрей\Desktop\Хакатон\Исследования\2.25.17706555930735581384953296958427669848\series_004_3_CR\A2504146513 DXA\CR DXA\CR000003.dcm,exact_path,csv_relative_path
Размеченные_244_Илья,C:\Users\Андрей\Desktop\Хакатон\Размеченные_244_Илья\labels.csv,30,2.25.17706555930735581384953296958427669848/series_004_3_CR/A2504146513 DXA/CR DXA/CR000004.dcm,output/2.25.17706555930735581384953296958427669848/series_004_3_CR/A2504146513 DXA/CR DXA/CR000004.dcm,LEG,,,2026-09-16T17:07:28,1.2.643.5.1.13.13.12.2.77.8252.04041511061006011303010701020104,2.25.17706555930735581384953296958427669848/series_004_3_CR/A2504146513 DXA/CR DXA/CR000004.dcm,C:\Users\Андрей\Desktop\Хакатон\Исследования\2.25.17706555930735581384953296958427669848\series_004_3_CR\A2504146513 DXA\CR DXA\CR000004.dcm,exact_path,csv_relative_path
Размеченные_244_Илья,C:\Users\Андрей\Desktop\Хакатон\Размеченные_244_Илья\labels.csv,31,2.25.17706555930735581384953296958427669848/series_004_3_CR/A2504146513 DXA/CR DXA/CR000005.dcm,output/2.25.17706555930735581384953296958427669848/series_004_3_CR/A2504146513 DXA/CR DXA/CR000005.dcm,LEG,,,2026-09-16T17:07:30,1.2.643.5.1.13.13.12.2.77.8252.14111104000112000401050109111415,2.25.17706555930735581384953296958427669848/series_004_3_CR/A2504146513 DXA/CR DXA/CR000005.dcm,C:\Users\Андрей\Desktop\Хакатон\Исследования\2.25.17706555930735581384953296958427669848\series_004_3_CR\A2504146513 DXA\CR DXA\CR000005.dcm,exact_path,csv_relative_path
Размеченные_244_Илья,C:\Users\Андрей\Desktop\Хакатон\Размеченные_244_Илья\labels.csv,32,2.25.177745077805190810016231350557005569203/series_002_2_CR/A2504273759 DXA/CR DXA/CR000000.dcm,output/2.25.177745077805190810016231350557005569203/series_002_2_CR/A2504273759 DXA/CR DXA/CR000000.dcm,LEG,,,2026-09-16T17:07:33,1.2.643.5.1.13.13.12.2.77.8252.04150214121314031409051312111410,2.25.177745077805190810016231350557005569203/series_002_2_CR/A2504273759 DXA/CR DXA/CR000000.dcm,C:\Users\Андрей\Desktop\Хакатон\Исследования\2.25.177745077805190810016231350557005569203\series_002_2_CR\A2504273759 DXA\CR DXA\CR000000.dcm,exact_path,csv_relative_path
Размеченные_244_Илья,C:\Users\Андрей\Desktop\Хакатон\Размеченные_244_Илья\labels.csv,33,2.25.177745077805190810016231350557005569203/series_002_2_CR/A2504273759 DXA/CR DXA/CR000001.dcm,output/2.25.177745077805190810016231350557005569203/series_002_2_CR/A2504273759 DXA/CR DXA/CR000001.dcm,SPINE,,,2026-09-16T17:07:35,1.2.643.5.1.13.13.12.2.77.8252.03031110041309110901030612131412,2.25.177745077805190810016231350557005569203/series_002_2_CR/A2504273759 DXA/CR DXA/CR000001.dcm,C:\Users\Андрей\Desktop\Хакатон\Исследования\2.25.177745077805190810016231350557005569203\series_002_2_CR\A2504273759 DXA\CR DXA\CR000001.dcm,exact_path,csv_relative_path
Размеченные_244_Илья,C:\Users\Андрей\Desktop\Хакатон\Размеченные_244_Илья\labels.csv,34,2.25.177745077805190810016231350557005569203/series_002_2_CR/A2504273759 DXA/CR DXA/CR000002.dcm,output/2.25.177745077805190810016231350557005569203/series_002_2_CR/A2504273759 DXA/CR DXA/CR000002.dcm,SPINE,,,2026-09-16T17:07:36,1.2.643.5.1.13.13.12.2.77.8252.10151201011509101414030411060512,2.25.177745077805190810016231350557005569203/series_002_2_CR/A2504273759 DXA/CR DXA/CR000002.dcm,C:\Users\Андрей\Desktop\Хакатон\Исследования\2.25.177745077805190810016231350557005569203\series_002_2_CR\A2504273759 DXA\CR DXA\CR000002.dcm,exact_path,csv_relative_path
Размеченные_244_Илья,C:\Users\Андрей\Desktop\Хакатон\Размеченные_244_Илья\labels.csv,35,2.25.177745077805190810016231350557005569203/series_002_2_CR/A2504273759 DXA/CR DXA/CR000003.dcm,output/2.25.177745077805190810016231350557005569203/series_002_2_CR/A2504273759 DXA/CR DXA/CR000003.dcm,LEG,,,2026-09-16T17:07:38,1.2.643.5.1.13.13.12.2.77.8252.00141000101506010405040508081209,2.25.177745077805190810016231350557005569203/series_002_2_CR/A2504273759 DXA/CR DXA/CR000003.dcm,C:\Users\Андрей\Desktop\Хакатон\Исследования\2.25.177745077805190810016231350557005569203\series_002_2_CR\A2504273759 DXA\CR DXA\CR000003.dcm,exact_path,csv_relative_path
Размеченные_244_Илья,C:\Users\Андрей\Desktop\Хакатон\Размеченные_244_Илья\labels.csv,36,2.25.177745077805190810016231350557005569203/series_002_2_CR/A2504273759 DXA/CR DXA/CR000004.dcm,output/2.25.177745077805190810016231350557005569203/series_002_2_CR/A2504273759 DXA/CR DXA/CR000004.dcm,LEG,,,2026-09-16T17:07:42,1.2.643.5.1.13.13.12.2.77.8252.06130700140211110505051411010711,2.25.177745077805190810016231350557005569203/series_002_2_CR/A2504273759 DXA/CR DXA/CR000004.dcm,C:\Users\Андрей\Desktop\Хакатон\Исследования\2.25.177745077805190810016231350557005569203\series_002_2_CR\A2504273759 DXA\CR DXA\CR000004.dcm,exact_path,csv_relative_path
Размеченные_244_Илья,C:\Users\Андрей\Desktop\Хакатон\Размеченные_244_Илья\labels.csv,37,2.25.177745077805190810016231350557005569203/series_002_2_CR/A2504273759 DXA/CR DXA/CR000005.dcm,output/2.25.177745077805190810016231350557005569203/series_002_2_CR/A2504273759 DXA/CR DXA/CR000005.dcm,LEG,,,2026-09-16T17:07:44,1.2.643.5.1.13.13.12.2.77.8252.01001108050505090405071008120805,2.25.177745077805190810016231350557005569203/series_002_2_CR/A2504273759 DXA/CR DXA/CR000005.dcm,C:\Users\Андрей\Desktop\Хакатон\Исследования\2.25.177745077805190810016231350557005569203\series_002_2_CR\A2504273759 DXA\CR DXA\CR000005.dcm,exact_path,csv_relative_path
Размеченные_244_Илья,C:\Users\Андрей\Desktop\Хакатон\Размеченные_244_Илья\labels.csv,38,2.25.178533355209696795441380751187185128893/series_003_2_CR/A2507155452 DXA/CR DXA/CR000000.dcm,output/2.25.178533355209696795441380751187185128893/series_003_2_CR/A2507155452 DXA/CR DXA/CR000000.dcm,SPINE,,,2026-09-16T17:07:46,1.2.643.5.1.13.13.12.2.77.8252.14110604050810020100071004090404,2.25.178533355209696795441380751187185128893/series_003_2_CR/A2507155452 DXA/CR DXA/CR000000.dcm,C:\Users\Андрей\Desktop\Хакатон\Исследования\2.25.178533355209696795441380751187185128893\series_003_2_CR\A2507155452 DXA\CR DXA\CR000000.dcm,exact_path,csv_relative_path
Размеченные_244_Илья,C:\Users\Андрей\Desktop\Хакатон\Размеченные_244_Илья\labels.csv,39,2.25.181196659018348153828200695057897449628/series_004_2_CR/A2507370620 DXA/CR DXA/CR000000.dcm,output/2.25.181196659018348153828200695057897449628/series_004_2_CR/A2507370620 DXA/CR DXA/CR000000.dcm,LEG,,,2026-09-16T17:07:48,1.2.643.5.1.13.13.12.2.77.8252.14150808010700150501131415040808,2.25.181196659018348153828200695057897449628/series_004_2_CR/A2507370620 DXA/CR DXA/CR000000.dcm,C:\Users\Андрей\Desktop\Хакатон\Исследования\2.25.181196659018348153828200695057897449628\series_004_2_CR\A2507370620 DXA\CR DXA\CR000000.dcm,exact_path,csv_relative_path
Размеченные_244_Илья,C:\Users\Андрей\Desktop\Хакатон\Размеченные_244_Илья\labels.csv,40,2.25.181196659018348153828200695057897449628/series_004_2_CR/A2507370620 DXA/CR DXA/CR000001.dcm,output/2.25.181196659018348153828200695057897449628/series_004_2_CR/A2507370620 DXA/CR DXA/CR000001.dcm,LEG,,,2026-09-16T17:07:49,1.2.643.5.1.13.13.12.2.77.8252.07040306041313130904140702020908,2.25.181196659018348153828200695057897449628/series_004_2_CR/A2507370620 DXA/CR DXA/CR000001.dcm,C:\Users\Андрей\Desktop\Хакатон\Исследования\2.25.181196659018348153828200695057897449628\series_004_2_CR\A2507370620 DXA\CR DXA\CR000001.dcm,exact_path,csv_relative_path
Размеченные_244_Илья,C:\Users\Андрей\Desktop\Хакатон\Размеченные_244_Илья\labels.csv,41,2.25.181196659018348153828200695057897449628/series_004_2_CR/A2507370620 DXA/CR DXA/CR000002.dcm,output/2.25.181196659018348153828200695057897449628/series_004_2_CR/A2507370620 DXA/CR DXA/CR000002.dcm,SPINE,,,2026-09-16T17:07:51,1.2.643.5.1.13.13.12.2.77.8252.08141015091400020302110912090508,2.25.181196659018348153828200695057897449628/series_004_2_CR/A2507370620 DXA/CR DXA/CR000002.dcm,C:\Users\Андрей\Desktop\Хакатон\Исследования\2.25.181196659018348153828200695057897449628\series_004_2_CR\A2507370620 DXA\CR DXA\CR000002.dcm,exact_path,csv_relative_path
Размеченные_244_Илья,C:\Users\Андрей\Desktop\Хакатон\Размеченные_244_Илья\labels.csv,42,2.25.181196659018348153828200695057897449628/series_004_2_CR/A2507370620 DXA/CR DXA/CR000003.dcm,output/2.25.181196659018348153828200695057897449628/series_004_2_CR/A2507370620 DXA/CR DXA/CR000003.dcm,SPINE,,,2026-09-16T17:07:53,1.2.643.5.1.13.13.12.2.77.8252.07130015011404020601141211131000,2.25.181196659018348153828200695057897449628/series_004_2_CR/A2507370620 DXA/CR DXA/CR000003.dcm,C:\Users\Андрей\Desktop\Хакатон\Исследования\2.25.181196659018348153828200695057897449628\series_004_2_CR\A2507370620 DXA\CR DXA\CR000003.dcm,exact_path,csv_relative_path
Размеченные_244_Илья,C:\Users\Андрей\Desktop\Хакатон\Размеченные_244_Илья\labels.csv,43,2.25.181196659018348153828200695057897449628/series_004_2_CR/A2507370620 DXA/CR DXA/CR000004.dcm,output/2.25.181196659018348153828200695057897449628/series_004_2_CR/A2507370620 DXA/CR DXA/CR000004.dcm,LEG,,,2026-09-16T17:07:56,1.2.643.5.1.13.13.12.2.77.8252.07070209131108100009081313101204,2.25.181196659018348153828200695057897449628/series_004_2_CR/A2507370620 DXA/CR DXA/CR000004.dcm,C:\Users\Андрей\Desktop\Хакатон\Исследования\2.25.181196659018348153828200695057897449628\series_004_2_CR\A2507370620 DXA\CR DXA\CR000004.dcm,exact_path,csv_relative_path
Размеченные_244_Илья,C:\Users\Андрей\Desktop\Хакатон\Размеченные_244_Илья\labels.csv,44,2.25.181196659018348153828200695057897449628/series_004_2_CR/A2507370620 DXA/CR DXA/CR000005.dcm,output/2.25.181196659018348153828200695057897449628/series_004_2_CR/A2507370620 DXA/CR DXA/CR000005.dcm,LEG,,,2026-09-16T17:07:58,1.2.643.5.1.13.13.12.2.77.8252.03001212011504090610110601060006,2.25.181196659018348153828200695057897449628/series_004_2_CR/A2507370620 DXA/CR DXA/CR000005.dcm,C:\Users\Андрей\Desktop\Хакатон\Исследования\2.25.181196659018348153828200695057897449628\series_004_2_CR\A2507370620 DXA\CR DXA\CR000005.dcm,exact_path,csv_relative_path
Размеченные_244_Илья,C:\Users\Андрей\Desktop\Хакатон\Размеченные_244_Илья\labels.csv,45,2.25.181196659018348153828200695057897449628/series_004_2_CR/A2507370620 DXA/CR DXA/CR000006.dcm,output/2.25.181196659018348153828200695057897449628/series_004_2_CR/A2507370620 DXA/CR DXA/CR000006.dcm,LEG,,,2026-09-16T17:07:59,1.2.643.5.1.13.13.12.2.77.8252.11080509070315011108060003120408,2.25.181196659018348153828200695057897449628/series_004_2_CR/A2507370620 DXA/CR DXA/CR000006.dcm,C:\Users\Андрей\Desktop\Хакатон\Исследования\2.25.181196659018348153828200695057897449628\series_004_2_CR\A2507370620 DXA\CR DXA\CR000006.dcm,exact_path,csv_relative_path
Размеченные_244_Илья,C:\Users\Андрей\Desktop\Хакатон\Размеченные_244_Илья\labels.csv,46,2.25.181196659018348153828200695057897449628/series_004_2_CR/A2507370620 DXA/CR DXA/CR000007.dcm,output/2.25.181196659018348153828200695057897449628/series_004_2_CR/A2507370620 DXA/CR DXA/CR000007.dcm,LEG,,,2026-09-16T17:08:01,1.2.643.5.1.13.13.12.2.77.8252.13100414021307020008020611130410,2.25.181196659018348153828200695057897449628/series_004_2_CR/A2507370620 DXA/CR DXA/CR000007.dcm,C:\Users\Андрей\Desktop\Хакатон\Исследования\2.25.181196659018348153828200695057897449628\series_004_2_CR\A2507370620 DXA\CR DXA\CR000007.dcm,exact_path,csv_relative_path
Размеченные_244_Илья,C:\Users\Андрей\Desktop\Хакатон\Размеченные_244_Илья\labels.csv,47,2.25.181196659018348153828200695057897449628/series_004_2_CR/A2507370620 DXA/CR DXA/CR000008.dcm,output/2.25.181196659018348153828200695057897449628/series_004_2_CR/A2507370620 DXA/CR DXA/CR000008.dcm,LEG,,,2026-09-16T17:08:03,1.2.643.5.1.13.13.12.2.77.8252.00010603011503150401111314061209,2.25.181196659018348153828200695057897449628/series_004_2_CR/A2507370620 DXA/CR DXA/CR000008.dcm,C:\Users\Андрей\Desktop\Хакатон\Исследования\2.25.181196659018348153828200695057897449628\series_004_2_CR\A2507370620 DXA\CR DXA\CR000008.dcm,exact_path,csv_relative_path
Размеченные_244_Илья,C:\Users\Андрей\Desktop\Хакатон\Размеченные_244_Илья\labels.csv,48,2.25.181196659018348153828200695057897449628/series_004_2_CR/A2507370620 DXA/CR DXA/CR000009.dcm,output/2.25.181196659018348153828200695057897449628/series_004_2_CR/A2507370620 DXA/CR DXA/CR000009.dcm,LEG,,,2026-09-16T17:08:05,1.2.643.5.1.13.13.12.2.77.8252.08041100070615121300141413020001,2.25.181196659018348153828200695057897449628/series_004_2_CR/A2507370620 DXA/CR DXA/CR000009.dcm,C:\Users\Андрей\Desktop\Хакатон\Исследования\2.25.181196659018348153828200695057897449628\series_004_2_CR\A2507370620 DXA\CR DXA\CR000009.dcm,exact_path,csv_relative_path
Размеченные_244_Илья,C:\Users\Андрей\Desktop\Хакатон\Размеченные_244_Илья\labels.csv,49,2.25.181196659018348153828200695057897449628/series_004_2_CR/A2507370620 DXA/CR DXA/CR000010.dcm,output/2.25.181196659018348153828200695057897449628/series_004_2_CR/A2507370620 DXA/CR DXA/CR000010.dcm,LEG,,,2026-09-16T17:08:06,1.2.643.5.1.13.13.12.2.77.8252.08060613070108000200131403151214,2.25.181196659018348153828200695057897449628/series_004_2_CR/A2507370620 DXA/CR DXA/CR000010.dcm,C:\Users\Андрей\Desktop\Хакатон\Исследования\2.25.181196659018348153828200695057897449628\series_004_2_CR\A2507370620 DXA\CR DXA\CR000010.dcm,exact_path,csv_relative_path
Размеченные_244_Илья,C:\Users\Андрей\Desktop\Хакатон\Размеченные_244_Илья\labels.csv,50,2.25.181196659018348153828200695057897449628/series_004_2_CR/A2507370620 DXA/CR DXA/CR000011.dcm,output/2.25.181196659018348153828200695057897449628/series_004_2_CR/A2507370620 DXA/CR DXA/CR000011.dcm,SPINE,,,2026-09-16T17:08:08,1.2.643.5.1.13.13.12.2.77.8252.15131206051500011310060914011411,2.25.181196659018348153828200695057897449628/series_004_2_CR/A2507370620 DXA/CR DXA/CR000011.dcm,C:\Users\Андрей\Desktop\Хакатон\Исследования\2.25.181196659018348153828200695057897449628\series_004_2_CR\A2507370620 DXA\CR DXA\CR000011.dcm,exact_path,csv_relative_path
Размеченные_244_Илья,C:\Users\Андрей\Desktop\Хакатон\Размеченные_244_Илья\labels.csv,51,2.25.181196659018348153828200695057897449628/series_004_2_CR/A2507370620 DXA/CR DXA/CR000012.dcm,output/2.25.181196659018348153828200695057897449628/series_004_2_CR/A2507370620 DXA/CR DXA/CR000012.dcm,LEG,,,2026-09-16T17:08:10,1.2.643.5.1.13.13.12.2.77.8252.00110402080602151505051001010810,2.25.181196659018348153828200695057897449628/series_004_2_CR/A2507370620 DXA/CR DXA/CR000012.dcm,C:\Users\Андрей\Desktop\Хакатон\Исследования\2.25.181196659018348153828200695057897449628\series_004_2_CR\A2507370620 DXA\CR DXA\CR000012.dcm,exact_path,csv_relative_path
Размеченные_244_Илья,C:\Users\Андрей\Desktop\Хакатон\Размеченные_244_Илья\labels.csv,52,2.25.184198356665635336833172191504278054074/series_004_2_CR/A250788286 DXA/CR DXA/CR000000.dcm,output/2.25.184198356665635336833172191504278054074/series_004_2_CR/A250788286 DXA/CR DXA/CR000000.dcm,SPINE,,,2026-09-16T17:08:11,1.2.643.5.1.13.13.12.2.77.8252.04151306060901060605121400081206,2.25.184198356665635336833172191504278054074/series_004_2_CR/A250788286 DXA/CR DXA/CR000000.dcm,C:\Users\Андрей\Desktop\Хакатон\Исследования\2.25.184198356665635336833172191504278054074\series_004_2_CR\A250788286 DXA\CR DXA\CR000000.dcm,exact_path,csv_relative_path
Размеченные_244_Илья,C:\Users\Андрей\Desktop\Хакатон\Размеченные_244_Илья\labels.csv,53,2.25.184198356665635336833172191504278054074/series_004_2_CR/A250788286 DXA/CR DXA/CR000001.dcm,output/2.25.184198356665635336833172191504278054074/series_004_2_CR/A250788286 DXA/CR DXA/CR000001.dcm,LEG,,,2026-09-16T17:08:13,1.2.643.5.1.13.13.12.2.77.8252.11141409010404080202090702050104,2.25.184198356665635336833172191504278054074/series_004_2_CR/A250788286 DXA/CR DXA/CR000001.dcm,C:\Users\Андрей\Desktop\Хакатон\Исследования\2.25.184198356665635336833172191504278054074\series_004_2_CR\A250788286 DXA\CR DXA\CR000001.dcm,exact_path,csv_relative_path
Размеченные_244_Илья,C:\Users\Андрей\Desktop\Хакатон\Размеченные_244_Илья\labels.csv,54,2.25.184198356665635336833172191504278054074/series_004_2_CR/A250788286 DXA/CR DXA/CR000002.dcm,output/2.25.184198356665635336833172191504278054074/series_004_2_CR/A250788286 DXA/CR DXA/CR000002.dcm,LEG,,,2026-09-16T17:08:14,1.2.643.5.1.13.13.12.2.77.8252.02150805140008141106110606070801,2.25.184198356665635336833172191504278054074/series_004_2_CR/A250788286 DXA/CR DXA/CR000002.dcm,C:\Users\Андрей\Desktop\Хакатон\Исследования\2.25.184198356665635336833172191504278054074\series_004_2_CR\A250788286 DXA\CR DXA\CR000002.dcm,exact_path,csv_relative_path
Размеченные_244_Илья,C:\Users\Андрей\Desktop\Хакатон\Размеченные_244_Илья\labels.csv,55,2.25.186201010600484120326273381077449377115/series_004_2_CR/A250777475 DXA/CR DXA/CR000000.dcm,output/2.25.186201010600484120326273381077449377115/series_004_2_CR/A250777475 DXA/CR DXA/CR000000.dcm,LEG,,,2026-09-16T17:08:16,1.2.643.5.1.13.13.12.2.77.8252.01110601131107041511021510061211,2.25.186201010600484120326273381077449377115/series_004_2_CR/A250777475 DXA/CR DXA/CR000000.dcm,C:\Users\Андрей\Desktop\Хакатон\Исследования\2.25.186201010600484120326273381077449377115\series_004_2_CR\A250777475 DXA\CR DXA\CR000000.dcm,exact_path,csv_relative_path
Размеченные_244_Илья,C:\Users\Андрей\Desktop\Хакатон\Размеченные_244_Илья\labels.csv,56,2.25.186201010600484120326273381077449377115/series_004_2_CR/A250777475 DXA/CR DXA/CR000001.dcm,output/2.25.186201010600484120326273381077449377115/series_004_2_CR/A250777475 DXA/CR DXA/CR000001.dcm,LEG,,,2026-09-16T17:08:18,1.2.643.5.1.13.13.12.2.77.8252.09061504020803021006021501021304,2.25.186201010600484120326273381077449377115/series_004_2_CR/A250777475 DXA/CR DXA/CR000001.dcm,C:\Users\Андрей\Desktop\Хакатон\Исследования\2.25.186201010600484120326273381077449377115\series_004_2_CR\A250777475 DXA\CR DXA\CR000001.dcm,exact_path,csv_relative_path
Размеченные_244_Илья,C:\Users\Андрей\Desktop\Хакатон\Размеченные_244_Илья\labels.csv,57,2.25.186201010600484120326273381077449377115/series_004_2_CR/A250777475 DXA/CR DXA/CR000002.dcm,output/2.25.186201010600484120326273381077449377115/series_004_2_CR/A250777475 DXA/CR DXA/CR000002.dcm,LEG,,,2026-09-16T17:08:20,1.2.643.5.1.13.13.12.2.77.8252.00091315091215060415120908060402,2.25.186201010600484120326273381077449377115/series_004_2_CR/A250777475 DXA/CR DXA/CR000002.dcm,C:\Users\Андрей\Desktop\Хакатон\Исследования\2.25.186201010600484120326273381077449377115\series_004_2_CR\A250777475 DXA\CR DXA\CR000002.dcm,exact_path,csv_relative_path
Размеченные_244_Илья,C:\Users\Андрей\Desktop\Хакатон\Размеченные_244_Илья\labels.csv,58,2.25.186201010600484120326273381077449377115/series_004_2_CR/A250777475 DXA/CR DXA/CR000003.dcm,output/2.25.186201010600484120326273381077449377115/series_004_2_CR/A250777475 DXA/CR DXA/CR000003.dcm,LEG,,,2026-09-16T17:08:22,1.2.643.5.1.13.13.12.2.77.8252.01141302020713050903060503061314,2.25.186201010600484120326273381077449377115/series_004_2_CR/A250777475 DXA/CR DXA/CR000003.dcm,C:\Users\Андрей\Desktop\Хакатон\Исследования\2.25.186201010600484120326273381077449377115\series_004_2_CR\A250777475 DXA\CR DXA\CR000003.dcm,exact_path,csv_relative_path
Размеченные_244_Илья,C:\Users\Андрей\Desktop\Хакатон\Размеченные_244_Илья\labels.csv,59,2.25.186201010600484120326273381077449377115/series_004_2_CR/A250777475 DXA/CR DXA/CR000004.dcm,output/2.25.186201010600484120326273381077449377115/series_004_2_CR/A250777475 DXA/CR DXA/CR000004.dcm,LEG,,,2026-09-16T17:08:24,1.2.643.5.1.13.13.12.2.77.8252.13051209051006081503100907110310,2.25.186201010600484120326273381077449377115/series_004_2_CR/A250777475 DXA/CR DXA/CR000004.dcm,C:\Users\Андрей\Desktop\Хакатон\Исследования\2.25.186201010600484120326273381077449377115\series_004_2_CR\A250777475 DXA\CR DXA\CR000004.dcm,exact_path,csv_relative_path
Размеченные_244_Илья,C:\Users\Андрей\Desktop\Хакатон\Размеченные_244_Илья\labels.csv,60,2.25.186201010600484120326273381077449377115/series_004_2_CR/A250777475 DXA/CR DXA/CR000005.dcm,output/2.25.186201010600484120326273381077449377115/series_004_2_CR/A250777475 DXA/CR DXA/CR000005.dcm,LEG,,,2026-09-16T17:08:26,1.2.643.5.1.13.13.12.2.77.8252.07131015031512050310021202060000,2.25.186201010600484120326273381077449377115/series_004_2_CR/A250777475 DXA/CR DXA/CR000005.dcm,C:\Users\Андрей\Desktop\Хакатон\Исследования\2.25.186201010600484120326273381077449377115\series_004_2_CR\A250777475 DXA\CR DXA\CR000005.dcm,exact_path,csv_relative_path
Размеченные_244_Илья,C:\Users\Андрей\Desktop\Хакатон\Размеченные_244_Илья\labels.csv,61,2.25.186201010600484120326273381077449377115/series_004_2_CR/A250777475 DXA/CR DXA/CR000006.dcm,output/2.25.186201010600484120326273381077449377115/series_004_2_CR/A250777475 DXA/CR DXA/CR000006.dcm,LEG,,,2026-09-16T17:08:28,1.2.643.5.1.13.13.12.2.77.8252.01060001050009070514040213010802,2.25.186201010600484120326273381077449377115/series_004_2_CR/A250777475 DXA/CR DXA/CR000006.dcm,C:\Users\Андрей\Desktop\Хакатон\Исследования\2.25.186201010600484120326273381077449377115\series_004_2_CR\A250777475 DXA\CR DXA\CR000006.dcm,exact_path,csv_relative_path
Размеченные_244_Илья,C:\Users\Андрей\Desktop\Хакатон\Размеченные_244_Илья\labels.csv,62,2.25.186201010600484120326273381077449377115/series_004_2_CR/A250777475 DXA/CR DXA/CR000007.dcm,output/2.25.186201010600484120326273381077449377115/series_004_2_CR/A250777475 DXA/CR DXA/CR000007.dcm,SPINE,,,2026-09-16T17:08:30,1.2.643.5.1.13.13.12.2.77.8252.07140512060315100814061103061308,2.25.186201010600484120326273381077449377115/series_004_2_CR/A250777475 DXA/CR DXA/CR000007.dcm,C:\Users\Андрей\Desktop\Хакатон\Исследования\2.25.186201010600484120326273381077449377115\series_004_2_CR\A250777475 DXA\CR DXA\CR000007.dcm,exact_path,csv_relative_path
Размеченные_244_Илья,C:\Users\Андрей\Desktop\Хакатон\Размеченные_244_Илья\labels.csv,63,2.25.186201010600484120326273381077449377115/series_004_2_CR/A250777475 DXA/CR DXA/CR000008.dcm,output/2.25.186201010600484120326273381077449377115/series_004_2_CR/A250777475 DXA/CR DXA/CR000008.dcm,LEG,,,2026-09-16T17:08:32,1.2.643.5.1.13.13.12.2.77.8252.05080405071204150306061400051307,2.25.186201010600484120326273381077449377115/series_004_2_CR/A250777475 DXA/CR DXA/CR000008.dcm,C:\Users\Андрей\Desktop\Хакатон\Исследования\2.25.186201010600484120326273381077449377115\series_004_2_CR\A250777475 DXA\CR DXA\CR000008.dcm,exact_path,csv_relative_path
Размеченные_244_Илья,C:\Users\Андрей\Desktop\Хакатон\Размеченные_244_Илья\labels.csv,64,2.25.186201010600484120326273381077449377115/series_004_2_CR/A250777475 DXA/CR DXA/CR000009.dcm,output/2.25.186201010600484120326273381077449377115/series_004_2_CR/A250777475 DXA/CR DXA/CR000009.dcm,LEG,,,2026-09-16T17:08:33,1.2.643.5.1.13.13.12.2.77.8252.13020010101411130307011411150509,2.25.186201010600484120326273381077449377115/series_004_2_CR/A250777475 DXA/CR DXA/CR000009.dcm,C:\Users\Андрей\Desktop\Хакатон\Исследования\2.25.186201010600484120326273381077449377115\series_004_2_CR\A250777475 DXA\CR DXA\CR000009.dcm,exact_path,csv_relative_path
Размеченные_244_Илья,C:\Users\Андрей\Desktop\Хакатон\Размеченные_244_Илья\labels.csv,65,2.25.186201010600484120326273381077449377115/series_004_2_CR/A250777475 DXA/CR DXA/CR000010.dcm,output/2.25.186201010600484120326273381077449377115/series_004_2_CR/A250777475 DXA/CR DXA/CR000010.dcm,SPINE,,,2026-09-16T17:08:35,1.2.643.5.1.13.13.12.2.77.8252.07061504011201061005090406100203,2.25.186201010600484120326273381077449377115/series_004_2_CR/A250777475 DXA/CR DXA/CR000010.dcm,C:\Users\Андрей\Desktop\Хакатон\Исследования\2.25.186201010600484120326273381077449377115\series_004_2_CR\A250777475 DXA\CR DXA\CR000010.dcm,exact_path,csv_relative_path
Размеченные_244_Илья,C:\Users\Андрей\Desktop\Хакатон\Размеченные_244_Илья\labels.csv,66,2.25.186201010600484120326273381077449377115/series_004_2_CR/A250777475 DXA/CR DXA/CR000011.dcm,output/2.25.186201010600484120326273381077449377115/series_004_2_CR/A250777475 DXA/CR DXA/CR000011.dcm,SPINE,,,2026-09-16T17:08:37,1.2.643.5.1.13.13.12.2.77.8252.04100315041404021215101114140602,2.25.186201010600484120326273381077449377115/series_004_2_CR/A250777475 DXA/CR DXA/CR000011.dcm,C:\Users\Андрей\Desktop\Хакатон\Исследования\2.25.186201010600484120326273381077449377115\series_004_2_CR\A250777475 DXA\CR DXA\CR000011.dcm,exact_path,csv_relative_path
Размеченные_244_Илья,C:\Users\Андрей\Desktop\Хакатон\Размеченные_244_Илья\labels.csv,67,2.25.190331309633057244929837507901317950031/series_001_2_CR/A250791815 DXA/CR DXA/CR000000.dcm,output/2.25.190331309633057244929837507901317950031/series_001_2_CR/A250791815 DXA/CR DXA/CR000000.dcm,LEG,,,2026-09-16T17:08:40,1.2.643.5.1.13.13.12.2.77.8252.11050911061500091304001000100608,2.25.190331309633057244929837507901317950031/series_001_2_CR/A250791815 DXA/CR DXA/CR000000.dcm,C:\Users\Андрей\Desktop\Хакатон\Исследования\2.25.190331309633057244929837507901317950031\series_001_2_CR\A250791815 DXA\CR DXA\CR000000.dcm,exact_path,csv_relative_path
Размеченные_244_Илья,C:\Users\Андрей\Desktop\Хакатон\Размеченные_244_Илья\labels.csv,68,2.25.190331309633057244929837507901317950031/series_001_2_CR/A250791815 DXA/CR DXA/CR000001.dcm,output/2.25.190331309633057244929837507901317950031/series_001_2_CR/A250791815 DXA/CR DXA/CR000001.dcm,LEG,,,2026-09-16T17:08:43,1.2.643.5.1.13.13.12.2.77.8252.13070805121401080100090313021511,2.25.190331309633057244929837507901317950031/series_001_2_CR/A250791815 DXA/CR DXA/CR000001.dcm,C:\Users\Андрей\Desktop\Хакатон\Исследования\2.25.190331309633057244929837507901317950031\series_001_2_CR\A250791815 DXA\CR DXA\CR000001.dcm,exact_path,csv_relative_path
Размеченные_244_Илья,C:\Users\Андрей\Desktop\Хакатон\Размеченные_244_Илья\labels.csv,69,2.25.190331309633057244929837507901317950031/series_001_2_CR/A250791815 DXA/CR DXA/CR000002.dcm,output/2.25.190331309633057244929837507901317950031/series_001_2_CR/A250791815 DXA/CR DXA/CR000002.dcm,LEG,,,2026-09-16T17:08:45,1.2.643.5.1.13.13.12.2.77.8252.06100709031109071008120605101311,2.25.190331309633057244929837507901317950031/series_001_2_CR/A250791815 DXA/CR DXA/CR000002.dcm,C:\Users\Андрей\Desktop\Хакатон\Исследования\2.25.190331309633057244929837507901317950031\series_001_2_CR\A250791815 DXA\CR DXA\CR000002.dcm,exact_path,csv_relative_path
Размеченные_244_Илья,C:\Users\Андрей\Desktop\Хакатон\Размеченные_244_Илья\labels.csv,70,2.25.190331309633057244929837507901317950031/series_001_2_CR/A250791815 DXA/CR DXA/CR000003.dcm,output/2.25.190331309633057244929837507901317950031/series_001_2_CR/A250791815 DXA/CR DXA/CR000003.dcm,SPINE,,,2026-09-16T17:08:47,1.2.643.5.1.13.13.12.2.77.8252.11100109131006120600020910050910,2.25.190331309633057244929837507901317950031/series_001_2_CR/A250791815 DXA/CR DXA/CR000003.dcm,C:\Users\Андрей\Desktop\Хакатон\Исследования\2.25.190331309633057244929837507901317950031\series_001_2_CR\A250791815 DXA\CR DXA\CR000003.dcm,exact_path,csv_relative_path
Размеченные_244_Илья,C:\Users\Андрей\Desktop\Хакатон\Размеченные_244_Илья\labels.csv,71,2.25.190331309633057244929837507901317950031/series_001_2_CR/A250791815 DXA/CR DXA/CR000004.dcm,output/2.25.190331309633057244929837507901317950031/series_001_2_CR/A250791815 DXA/CR DXA/CR000004.dcm,LEG,,,2026-09-16T17:09:55,1.2.643.5.1.13.13.12.2.77.8252.03000010070307110614031003090302,2.25.190331309633057244929837507901317950031/series_001_2_CR/A250791815 DXA/CR DXA/CR000004.dcm,C:\Users\Андрей\Desktop\Хакатон\Исследования\2.25.190331309633057244929837507901317950031\series_001_2_CR\A250791815 DXA\CR DXA\CR000004.dcm,exact_path,csv_relative_path
Размеченные_244_Илья,C:\Users\Андрей\Desktop\Хакатон\Размеченные_244_Илья\labels.csv,72,2.25.190331309633057244929837507901317950031/series_001_2_CR/A250791815 DXA/CR DXA/CR000005.dcm,output/2.25.190331309633057244929837507901317950031/series_001_2_CR/A250791815 DXA/CR DXA/CR000005.dcm,SPINE,,,2026-09-16T17:09:56,1.2.643.5.1.13.13.12.2.77.8252.02040104021012120313090806030008,2.25.190331309633057244929837507901317950031/series_001_2_CR/A250791815 DXA/CR DXA/CR000005.dcm,C:\Users\Андрей\Desktop\Хакатон\Исследования\2.25.190331309633057244929837507901317950031\series_001_2_CR\A250791815 DXA\CR DXA\CR000005.dcm,exact_path,csv_relative_path
Размеченные_244_Илья,C:\Users\Андрей\Desktop\Хакатон\Размеченные_244_Илья\labels.csv,73,2.25.190331309633057244929837507901317950031/series_001_2_CR/A250791815 DXA/CR DXA/CR000006.dcm,output/2.25.190331309633057244929837507901317950031/series_001_2_CR/A250791815 DXA/CR DXA/CR000006.dcm,LEG,,,2026-09-16T17:09:59,1.2.643.5.1.13.13.12.2.77.8252.03020007121211050710080207000313,2.25.190331309633057244929837507901317950031/series_001_2_CR/A250791815 DXA/CR DXA/CR000006.dcm,C:\Users\Андрей\Desktop\Хакатон\Исследования\2.25.190331309633057244929837507901317950031\series_001_2_CR\A250791815 DXA\CR DXA\CR000006.dcm,exact_path,csv_relative_path
Размеченные_244_Илья,C:\Users\Андрей\Desktop\Хакатон\Размеченные_244_Илья\labels.csv,74,2.25.190331309633057244929837507901317950031/series_001_2_CR/A250791815 DXA/CR DXA/CR000007.dcm,output/2.25.190331309633057244929837507901317950031/series_001_2_CR/A250791815 DXA/CR DXA/CR000007.dcm,LEG,,,2026-09-16T17:10:01,1.2.643.5.1.13.13.12.2.77.8252.10061312041507151308110106051414,2.25.190331309633057244929837507901317950031/series_001_2_CR/A250791815 DXA/CR DXA/CR000007.dcm,C:\Users\Андрей\Desktop\Хакатон\Исследования\2.25.190331309633057244929837507901317950031\series_001_2_CR\A250791815 DXA\CR DXA\CR000007.dcm,exact_path,csv_relative_path
Размеченные_244_Илья,C:\Users\Андрей\Desktop\Хакатон\Размеченные_244_Илья\labels.csv,75,2.25.190331309633057244929837507901317950031/series_001_2_CR/A250791815 DXA/CR DXA/CR000008.dcm,output/2.25.190331309633057244929837507901317950031/series_001_2_CR/A250791815 DXA/CR DXA/CR000008.dcm,SPINE,,,2026-09-16T17:10:03,1.2.643.5.1.13.13.12.2.77.8252.06130501091009001200080400150413,2.25.190331309633057244929837507901317950031/series_001_2_CR/A250791815 DXA/CR DXA/CR000008.dcm,C:\Users\Андрей\Desktop\Хакатон\Исследования\2.25.190331309633057244929837507901317950031\series_001_2_CR\A250791815 DXA\CR DXA\CR000008.dcm,exact_path,csv_relative_path
Размеченные_244_Илья,C:\Users\Андрей\Desktop\Хакатон\Размеченные_244_Илья\labels.csv,76,2.25.190331309633057244929837507901317950031/series_001_2_CR/A250791815 DXA/CR DXA/CR000009.dcm,output/2.25.190331309633057244929837507901317950031/series_001_2_CR/A250791815 DXA/CR DXA/CR000009.dcm,LEG,,,2026-09-16T17:10:05,1.2.643.5.1.13.13.12.2.77.8252.11100404131302060711141306031414,2.25.190331309633057244929837507901317950031/series_001_2_CR/A250791815 DXA/CR DXA/CR000009.dcm,C:\Users\Андрей\Desktop\Хакатон\Исследования\2.25.190331309633057244929837507901317950031\series_001_2_CR\A250791815 DXA\CR DXA\CR000009.dcm,exact_path,csv_relative_path
Размеченные_244_Илья,C:\Users\Андрей\Desktop\Хакатон\Размеченные_244_Илья\labels.csv,77,2.25.190331309633057244929837507901317950031/series_001_2_CR/A250791815 DXA/CR DXA/CR000010.dcm,output/2.25.190331309633057244929837507901317950031/series_001_2_CR/A250791815 DXA/CR DXA/CR000010.dcm,LEG,,,2026-09-16T17:10:07,1.2.643.5.1.13.13.12.2.77.8252.09051315030213060214031014080701,2.25.190331309633057244929837507901317950031/series_001_2_CR/A250791815 DXA/CR DXA/CR000010.dcm,C:\Users\Андрей\Desktop\Хакатон\Исследования\2.25.190331309633057244929837507901317950031\series_001_2_CR\A250791815 DXA\CR DXA\CR000010.dcm,exact_path,csv_relative_path
Размеченные_244_Илья,C:\Users\Андрей\Desktop\Хакатон\Размеченные_244_Илья\labels.csv,78,2.25.190807933410234695931591553323782771995/series_002_3_CR/A250762254 DXA/CR DXA/CR000000.dcm,output/2.25.190807933410234695931591553323782771995/series_002_3_CR/A250762254 DXA/CR DXA/CR000000.dcm,SPINE,,,2026-09-16T17:10:09,1.2.643.5.1.13.13.12.2.77.8252.04000404020304020301120408100801,2.25.190807933410234695931591553323782771995/series_002_3_CR/A250762254 DXA/CR DXA/CR000000.dcm,C:\Users\Андрей\Desktop\Хакатон\Исследования\2.25.190807933410234695931591553323782771995\series_002_3_CR\A250762254 DXA\CR DXA\CR000000.dcm,exact_path,csv_relative_path
Размеченные_244_Илья,C:\Users\Андрей\Desktop\Хакатон\Размеченные_244_Илья\labels.csv,79,2.25.190807933410234695931591553323782771995/series_002_3_CR/A250762254 DXA/CR DXA/CR000001.dcm,output/2.25.190807933410234695931591553323782771995/series_002_3_CR/A250762254 DXA/CR DXA/CR000001.dcm,LEG,,,2026-09-16T17:10:10,1.2.643.5.1.13.13.12.2.77.8252.10101410111513000809081215030802,2.25.190807933410234695931591553323782771995/series_002_3_CR/A250762254 DXA/CR DXA/CR000001.dcm,C:\Users\Андрей\Desktop\Хакатон\Исследования\2.25.190807933410234695931591553323782771995\series_002_3_CR\A250762254 DXA\CR DXA\CR000001.dcm,exact_path,csv_relative_path
Размеченные_244_Илья,C:\Users\Андрей\Desktop\Хакатон\Размеченные_244_Илья\labels.csv,80,2.25.215177279960644564778148238928738915103/series_002_2_CR/A2504147013 DXA/CR DXA/CR000000.dcm,output/2.25.215177279960644564778148238928738915103/series_002_2_CR/A2504147013 DXA/CR DXA/CR000000.dcm,LEG,,,2026-09-16T17:10:12,1.2.643.5.1.13.13.12.2.77.8252.02120211101306000510080011031411,2.25.215177279960644564778148238928738915103/series_002_2_CR/A2504147013 DXA/CR DXA/CR000000.dcm,C:\Users\Андрей\Desktop\Хакатон\Исследования\2.25.215177279960644564778148238928738915103\series_002_2_CR\A2504147013 DXA\CR DXA\CR000000.dcm,exact_path,csv_relative_path
Размеченные_244_Илья,C:\Users\Андрей\Desktop\Хакатон\Размеченные_244_Илья\labels.csv,81,2.25.215177279960644564778148238928738915103/series_002_2_CR/A2504147013 DXA/CR DXA/CR000001.dcm,output/2.25.215177279960644564778148238928738915103/series_002_2_CR/A2504147013 DXA/CR DXA/CR000001.dcm,SPINE,,,2026-09-16T17:10:14,1.2.643.5.1.13.13.12.2.77.8252.05011012001311141515001115080104,2.25.215177279960644564778148238928738915103/series_002_2_CR/A2504147013 DXA/CR DXA/CR000001.dcm,C:\Users\Андрей\Desktop\Хакатон\Исследования\2.25.215177279960644564778148238928738915103\series_002_2_CR\A2504147013 DXA\CR DXA\CR000001.dcm,exact_path,csv_relative_path
Размеченные_244_Илья,C:\Users\Андрей\Desktop\Хакатон\Размеченные_244_Илья\labels.csv,82,2.25.215177279960644564778148238928738915103/series_002_2_CR/A2504147013 DXA/CR DXA/CR000002.dcm,output/2.25.215177279960644564778148238928738915103/series_002_2_CR/A2504147013 DXA/CR DXA/CR000002.dcm,LEG,,,2026-09-16T17:10:16,1.2.643.5.1.13.13.12.2.77.8252.00070615051510041500030210150312,2.25.215177279960644564778148238928738915103/series_002_2_CR/A2504147013 DXA/CR DXA/CR000002.dcm,C:\Users\Андрей\Desktop\Хакатон\Исследования\2.25.215177279960644564778148238928738915103\series_002_2_CR\A2504147013 DXA\CR DXA\CR000002.dcm,exact_path,csv_relative_path
Размеченные_244_Илья,C:\Users\Андрей\Desktop\Хакатон\Размеченные_244_Илья\labels.csv,83,2.25.215177279960644564778148238928738915103/series_002_2_CR/A2504147013 DXA/CR DXA/CR000003.dcm,output/2.25.215177279960644564778148238928738915103/series_002_2_CR/A2504147013 DXA/CR DXA/CR000003.dcm,LEG,,,2026-09-16T17:10:18,1.2.643.5.1.13.13.12.2.77.8252.02080006130815010800091303020804,2.25.215177279960644564778148238928738915103/series_002_2_CR/A2504147013 DXA/CR DXA/CR000003.dcm,C:\Users\Андрей\Desktop\Хакатон\Исследования\2.25.215177279960644564778148238928738915103\series_002_2_CR\A2504147013 DXA\CR DXA\CR000003.dcm,exact_path,csv_relative_path
Размеченные_244_Илья,C:\Users\Андрей\Desktop\Хакатон\Размеченные_244_Илья\labels.csv,84,2.25.215177279960644564778148238928738915103/series_002_2_CR/A2504147013 DXA/CR DXA/CR000004.dcm,output/2.25.215177279960644564778148238928738915103/series_002_2_CR/A2504147013 DXA/CR DXA/CR000004.dcm,SPINE,,,2026-09-16T17:10:19,1.2.643.5.1.13.13.12.2.77.8252.13140203110104081414101201001405,2.25.215177279960644564778148238928738915103/series_002_2_CR/A2504147013 DXA/CR DXA/CR000004.dcm,C:\Users\Андрей\Desktop\Хакатон\Исследования\2.25.215177279960644564778148238928738915103\series_002_2_CR\A2504147013 DXA\CR DXA\CR000004.dcm,exact_path,csv_relative_path
Размеченные_244_Илья,C:\Users\Андрей\Desktop\Хакатон\Размеченные_244_Илья\labels.csv,85,2.25.217397325224876728316360420804118329081/series_002_2_CR/A250474631 DXA/CR DXA/CR000000.dcm,output/2.25.217397325224876728316360420804118329081/series_002_2_CR/A250474631 DXA/CR DXA/CR000000.dcm,LEG,,,2026-09-16T17:10:22,1.2.643.5.1.13.13.12.2.77.8252.02091115080411030312040600000701,2.25.217397325224876728316360420804118329081/series_002_2_CR/A250474631 DXA/CR DXA/CR000000.dcm,C:\Users\Андрей\Desktop\Хакатон\Исследования\2.25.217397325224876728316360420804118329081\series_002_2_CR\A250474631 DXA\CR DXA\CR000000.dcm,exact_path,csv_relative_path
Размеченные_244_Илья,C:\Users\Андрей\Desktop\Хакатон\Размеченные_244_Илья\labels.csv,86,2.25.217397325224876728316360420804118329081/series_002_2_CR/A250474631 DXA/CR DXA/CR000001.dcm,output/2.25.217397325224876728316360420804118329081/series_002_2_CR/A250474631 DXA/CR DXA/CR000001.dcm,LEG,,,2026-09-16T17:10:23,1.2.643.5.1.13.13.12.2.77.8252.10000400041408060608031009090710,2.25.217397325224876728316360420804118329081/series_002_2_CR/A250474631 DXA/CR DXA/CR000001.dcm,C:\Users\Андрей\Desktop\Хакатон\Исследования\2.25.217397325224876728316360420804118329081\series_002_2_CR\A250474631 DXA\CR DXA\CR000001.dcm,exact_path,csv_relative_path
Размеченные_244_Илья,C:\Users\Андрей\Desktop\Хакатон\Размеченные_244_Илья\labels.csv,87,2.25.217397325224876728316360420804118329081/series_002_2_CR/A250474631 DXA/CR DXA/CR000002.dcm,output/2.25.217397325224876728316360420804118329081/series_002_2_CR/A250474631 DXA/CR DXA/CR000002.dcm,SPINE,,,2026-09-16T17:10:25,1.2.643.5.1.13.13.12.2.77.8252.04131001000110131311121304090609,2.25.217397325224876728316360420804118329081/series_002_2_CR/A250474631 DXA/CR DXA/CR000002.dcm,C:\Users\Андрей\Desktop\Хакатон\Исследования\2.25.217397325224876728316360420804118329081\series_002_2_CR\A250474631 DXA\CR DXA\CR000002.dcm,exact_path,csv_relative_path
Размеченные_244_Илья,C:\Users\Андрей\Desktop\Хакатон\Размеченные_244_Илья\labels.csv,88,2.25.217397325224876728316360420804118329081/series_002_2_CR/A250474631 DXA/CR DXA/CR000003.dcm,output/2.25.217397325224876728316360420804118329081/series_002_2_CR/A250474631 DXA/CR DXA/CR000003.dcm,LEG,,,2026-09-16T17:10:27,1.2.643.5.1.13.13.12.2.77.8252.01120903030308120114061013030505,2.25.217397325224876728316360420804118329081/series_002_2_CR/A250474631 DXA/CR DXA/CR000003.dcm,C:\Users\Андрей\Desktop\Хакатон\Исследования\2.25.217397325224876728316360420804118329081\series_002_2_CR\A250474631 DXA\CR DXA\CR000003.dcm,exact_path,csv_relative_path
Размеченные_244_Илья,C:\Users\Андрей\Desktop\Хакатон\Размеченные_244_Илья\labels.csv,89,2.25.217397325224876728316360420804118329081/series_002_2_CR/A250474631 DXA/CR DXA/CR000004.dcm,output/2.25.217397325224876728316360420804118329081/series_002_2_CR/A250474631 DXA/CR DXA/CR000004.dcm,SPINE,,,2026-09-16T17:10:29,1.2.643.5.1.13.13.12.2.77.8252.03000813041512141007100304081206,2.25.217397325224876728316360420804118329081/series_002_2_CR/A250474631 DXA/CR DXA/CR000004.dcm,C:\Users\Андрей\Desktop\Хакатон\Исследования\2.25.217397325224876728316360420804118329081\series_002_2_CR\A250474631 DXA\CR DXA\CR000004.dcm,exact_path,csv_relative_path
Размеченные_244_Илья,C:\Users\Андрей\Desktop\Хакатон\Размеченные_244_Илья\labels.csv,90,2.25.217397325224876728316360420804118329081/series_002_2_CR/A250474631 DXA/CR DXA/CR000005.dcm,output/2.25.217397325224876728316360420804118329081/series_002_2_CR/A250474631 DXA/CR DXA/CR000005.dcm,SPINE,,,2026-09-16T17:10:31,1.2.643.5.1.13.13.12.2.77.8252.13021514070905140715121507140313,2.25.217397325224876728316360420804118329081/series_002_2_CR/A250474631 DXA/CR DXA/CR000005.dcm,C:\Users\Андрей\Desktop\Хакатон\Исследования\2.25.217397325224876728316360420804118329081\series_002_2_CR\A250474631 DXA\CR DXA\CR000005.dcm,exact_path,csv_relative_path
Размеченные_244_Илья,C:\Users\Андрей\Desktop\Хакатон\Размеченные_244_Илья\labels.csv,91,2.25.217397325224876728316360420804118329081/series_002_2_CR/A250474631 DXA/CR DXA/CR000006.dcm,output/2.25.217397325224876728316360420804118329081/series_002_2_CR/A250474631 DXA/CR DXA/CR000006.dcm,LEG,,,2026-09-16T17:10:32,1.2.643.5.1.13.13.12.2.77.8252.08100408121001020706011402110914,2.25.217397325224876728316360420804118329081/series_002_2_CR/A250474631 DXA/CR DXA/CR000006.dcm,C:\Users\Андрей\Desktop\Хакатон\Исследования\2.25.217397325224876728316360420804118329081\series_002_2_CR\A250474631 DXA\CR DXA\CR000006.dcm,exact_path,csv_relative_path
Размеченные_244_Илья,C:\Users\Андрей\Desktop\Хакатон\Размеченные_244_Илья\labels.csv,92,2.25.217397325224876728316360420804118329081/series_002_2_CR/A250474631 DXA/CR DXA/CR000007.dcm,output/2.25.217397325224876728316360420804118329081/series_002_2_CR/A250474631 DXA/CR DXA/CR000007.dcm,LEG,,,2026-09-16T17:10:34,1.2.643.5.1.13.13.12.2.77.8252.15101108070415081206070914081510,2.25.217397325224876728316360420804118329081/series_002_2_CR/A250474631 DXA/CR DXA/CR000007.dcm,C:\Users\Андрей\Desktop\Хакатон\Исследования\2.25.217397325224876728316360420804118329081\series_002_2_CR\A250474631 DXA\CR DXA\CR000007.dcm,exact_path,csv_relative_path
Размеченные_244_Илья,C:\Users\Андрей\Desktop\Хакатон\Размеченные_244_Илья\labels.csv,93,2.25.217397325224876728316360420804118329081/series_002_2_CR/A250474631 DXA/CR DXA/CR000008.dcm,output/2.25.217397325224876728316360420804118329081/series_002_2_CR/A250474631 DXA/CR DXA/CR000008.dcm,LEG,,,2026-09-16T17:10:36,1.2.643.5.1.13.13.12.2.77.8252.14010614131006141014100714050813,2.25.217397325224876728316360420804118329081/series_002_2_CR/A250474631 DXA/CR DXA/CR000008.dcm,C:\Users\Андрей\Desktop\Хакатон\Исследования\2.25.217397325224876728316360420804118329081\series_002_2_CR\A250474631 DXA\CR DXA\CR000008.dcm,exact_path,csv_relative_path
Размеченные_244_Илья,C:\Users\Андрей\Desktop\Хакатон\Размеченные_244_Илья\labels.csv,94,2.25.217397325224876728316360420804118329081/series_002_2_CR/A250474631 DXA/CR DXA/CR000009.dcm,output/2.25.217397325224876728316360420804118329081/series_002_2_CR/A250474631 DXA/CR DXA/CR000009.dcm,LEG,,,2026-09-16T17:10:38,1.2.643.5.1.13.13.12.2.77.8252.07081006110204030410140712110010,2.25.217397325224876728316360420804118329081/series_002_2_CR/A250474631 DXA/CR DXA/CR000009.dcm,C:\Users\Андрей\Desktop\Хакатон\Исследования\2.25.217397325224876728316360420804118329081\series_002_2_CR\A250474631 DXA\CR DXA\CR000009.dcm,exact_path,csv_relative_path
Размеченные_244_Илья,C:\Users\Андрей\Desktop\Хакатон\Размеченные_244_Илья\labels.csv,95,2.25.217397325224876728316360420804118329081/series_002_2_CR/A250474631 DXA/CR DXA/CR000010.dcm,output/2.25.217397325224876728316360420804118329081/series_002_2_CR/A250474631 DXA/CR DXA/CR000010.dcm,LEG,,,2026-09-16T17:10:39,1.2.643.5.1.13.13.12.2.77.8252.03030902090804040112070613130312,2.25.217397325224876728316360420804118329081/series_002_2_CR/A250474631 DXA/CR DXA/CR000010.dcm,C:\Users\Андрей\Desktop\Хакатон\Исследования\2.25.217397325224876728316360420804118329081\series_002_2_CR\A250474631 DXA\CR DXA\CR000010.dcm,exact_path,csv_relative_path
Размеченные_244_Илья,C:\Users\Андрей\Desktop\Хакатон\Размеченные_244_Илья\labels.csv,96,2.25.220866240977467582196609708837940253840/series_001_2_CR/A2504258893 DXA/CR DXA/CR000000.dcm,output/2.25.220866240977467582196609708837940253840/series_001_2_CR/A2504258893 DXA/CR DXA/CR000000.dcm,SPINE,,,2026-09-16T17:10:41,1.2.643.5.1.13.13.12.2.77.8252.03010603150012061509030005111300,2.25.220866240977467582196609708837940253840/series_001_2_CR/A2504258893 DXA/CR DXA/CR000000.dcm,C:\Users\Андрей\Desktop\Хакатон\Исследования\2.25.220866240977467582196609708837940253840\series_001_2_CR\A2504258893 DXA\CR DXA\CR000000.dcm,exact_path,csv_relative_path
Размеченные_244_Илья,C:\Users\Андрей\Desktop\Хакатон\Размеченные_244_Илья\labels.csv,97,2.25.234651502352368356456298825489565282446/series_002_2_CR/A2504307193 DXA/CR DXA/CR000000.dcm,output/2.25.234651502352368356456298825489565282446/series_002_2_CR/A2504307193 DXA/CR DXA/CR000000.dcm,LEG,,,2026-09-16T17:10:43,1.2.643.5.1.13.13.12.2.77.8252.02051208030605070510050510081213,2.25.234651502352368356456298825489565282446/series_002_2_CR/A2504307193 DXA/CR DXA/CR000000.dcm,C:\Users\Андрей\Desktop\Хакатон\Исследования\2.25.234651502352368356456298825489565282446\series_002_2_CR\A2504307193 DXA\CR DXA\CR000000.dcm,exact_path,csv_relative_path
Размеченные_244_Илья,C:\Users\Андрей\Desktop\Хакатон\Размеченные_244_Илья\labels.csv,98,2.25.234651502352368356456298825489565282446/series_002_2_CR/A2504307193 DXA/CR DXA/CR000001.dcm,output/2.25.234651502352368356456298825489565282446/series_002_2_CR/A2504307193 DXA/CR DXA/CR000001.dcm,LEG,,,2026-09-16T17:10:46,1.2.643.5.1.13.13.12.2.77.8252.05090510140315010003130007000910,2.25.234651502352368356456298825489565282446/series_002_2_CR/A2504307193 DXA/CR DXA/CR000001.dcm,C:\Users\Андрей\Desktop\Хакатон\Исследования\2.25.234651502352368356456298825489565282446\series_002_2_CR\A2504307193 DXA\CR DXA\CR000001.dcm,exact_path,csv_relative_path
Размеченные_244_Илья,C:\Users\Андрей\Desktop\Хакатон\Размеченные_244_Илья\labels.csv,99,2.25.234651502352368356456298825489565282446/series_002_2_CR/A2504307193 DXA/CR DXA/CR000002.dcm,output/2.25.234651502352368356456298825489565282446/series_002_2_CR/A2504307193 DXA/CR DXA/CR000002.dcm,SPINE,,,2026-09-16T17:10:47,1.2.643.5.1.13.13.12.2.77.8252.09031307051100020212010511060414,2.25.234651502352368356456298825489565282446/series_002_2_CR/A2504307193 DXA/CR DXA/CR000002.dcm,C:\Users\Андрей\Desktop\Хакатон\Исследования\2.25.234651502352368356456298825489565282446\series_002_2_CR\A2504307193 DXA\CR DXA\CR000002.dcm,exact_path,csv_relative_path
Размеченные_244_Илья,C:\Users\Андрей\Desktop\Хакатон\Размеченные_244_Илья\labels.csv,100,2.25.234651502352368356456298825489565282446/series_002_2_CR/A2504307193 DXA/CR DXA/CR000003.dcm,output/2.25.234651502352368356456298825489565282446/series_002_2_CR/A2504307193 DXA/CR DXA/CR000003.dcm,LEG,,,2026-09-16T17:10:49,1.2.643.5.1.13.13.12.2.77.8252.09140613011500120102030800080807,2.25.234651502352368356456298825489565282446/series_002_2_CR/A2504307193 DXA/CR DXA/CR000003.dcm,C:\Users\Андрей\Desktop\Хакатон\Исследования\2.25.234651502352368356456298825489565282446\series_002_2_CR\A2504307193 DXA\CR DXA\CR000003.dcm,exact_path,csv_relative_path
Размеченные_244_Илья,C:\Users\Андрей\Desktop\Хакатон\Размеченные_244_Илья\labels.csv,101,2.25.234651502352368356456298825489565282446/series_002_2_CR/A2504307193 DXA/CR DXA/CR000004.dcm,output/2.25.234651502352368356456298825489565282446/series_002_2_CR/A2504307193 DXA/CR DXA/CR000004.dcm,LEG,,,2026-09-16T17:10:51,1.2.643.5.1.13.13.12.2.77.8252.09061112071413071402070608030006,2.25.234651502352368356456298825489565282446/series_002_2_CR/A2504307193 DXA/CR DXA/CR000004.dcm,C:\Users\Андрей\Desktop\Хакатон\Исследования\2.25.234651502352368356456298825489565282446\series_002_2_CR\A2504307193 DXA\CR DXA\CR000004.dcm,exact_path,csv_relative_path
Размеченные_244_Илья,C:\Users\Андрей\Desktop\Хакатон\Размеченные_244_Илья\labels.csv,102,2.25.234651502352368356456298825489565282446/series_002_2_CR/A2504307193 DXA/CR DXA/CR000005.dcm,output/2.25.234651502352368356456298825489565282446/series_002_2_CR/A2504307193 DXA/CR DXA/CR000005.dcm,LEG,,,2026-09-16T17:10:53,1.2.643.5.1.13.13.12.2.77.8252.14111506040710041211031511080401,2.25.234651502352368356456298825489565282446/series_002_2_CR/A2504307193 DXA/CR DXA/CR000005.dcm,C:\Users\Андрей\Desktop\Хакатон\Исследования\2.25.234651502352368356456298825489565282446\series_002_2_CR\A2504307193 DXA\CR DXA\CR000005.dcm,exact_path,csv_relative_path
Размеченные_244_Илья,C:\Users\Андрей\Desktop\Хакатон\Размеченные_244_Илья\labels.csv,103,2.25.234651502352368356456298825489565282446/series_002_2_CR/A2504307193 DXA/CR DXA/CR000006.dcm,output/2.25.234651502352368356456298825489565282446/series_002_2_CR/A2504307193 DXA/CR DXA/CR000006.dcm,SPINE,,,2026-09-16T17:10:55,1.2.643.5.1.13.13.12.2.77.8252.10051211011505050506141504040101,2.25.234651502352368356456298825489565282446/series_002_2_CR/A2504307193 DXA/CR DXA/CR000006.dcm,C:\Users\Андрей\Desktop\Хакатон\Исследования\2.25.234651502352368356456298825489565282446\series_002_2_CR\A2504307193 DXA\CR DXA\CR000006.dcm,exact_path,csv_relative_path
Размеченные_244_Илья,C:\Users\Андрей\Desktop\Хакатон\Размеченные_244_Илья\labels.csv,104,2.25.234651502352368356456298825489565282446/series_002_2_CR/A2504307193 DXA/CR DXA/CR000007.dcm,output/2.25.234651502352368356456298825489565282446/series_002_2_CR/A2504307193 DXA/CR DXA/CR000007.dcm,LEG,,,2026-09-16T17:10:57,1.2.643.5.1.13.13.12.2.77.8252.15100402090103120615100706141310,2.25.234651502352368356456298825489565282446/series_002_2_CR/A2504307193 DXA/CR DXA/CR000007.dcm,C:\Users\Андрей\Desktop\Хакатон\Исследования\2.25.234651502352368356456298825489565282446\series_002_2_CR\A2504307193 DXA\CR DXA\CR000007.dcm,exact_path,csv_relative_path
Размеченные_244_Илья,C:\Users\Андрей\Desktop\Хакатон\Размеченные_244_Илья\labels.csv,105,2.25.234651502352368356456298825489565282446/series_002_2_CR/A2504307193 DXA/CR DXA/CR000008.dcm,output/2.25.234651502352368356456298825489565282446/series_002_2_CR/A2504307193 DXA/CR DXA/CR000008.dcm,SPINE,,,2026-09-16T17:10:59,1.2.643.5.1.13.13.12.2.77.8252.10021305031009110615021114111114,2.25.234651502352368356456298825489565282446/series_002_2_CR/A2504307193 DXA/CR DXA/CR000008.dcm,C:\Users\Андрей\Desktop\Хакатон\Исследования\2.25.234651502352368356456298825489565282446\series_002_2_CR\A2504307193 DXA\CR DXA\CR000008.dcm,exact_path,csv_relative_path
Размеченные_244_Илья,C:\Users\Андрей\Desktop\Хакатон\Размеченные_244_Илья\labels.csv,106,2.25.234651502352368356456298825489565282446/series_002_2_CR/A2504307193 DXA/CR DXA/CR000009.dcm,output/2.25.234651502352368356456298825489565282446/series_002_2_CR/A2504307193 DXA/CR DXA/CR000009.dcm,LEG,,,2026-09-16T17:11:03,1.2.643.5.1.13.13.12.2.77.8252.09110410141103030507060004110108,2.25.234651502352368356456298825489565282446/series_002_2_CR/A2504307193 DXA/CR DXA/CR000009.dcm,C:\Users\Андрей\Desktop\Хакатон\Исследования\2.25.234651502352368356456298825489565282446\series_002_2_CR\A2504307193 DXA\CR DXA\CR000009.dcm,exact_path,csv_relative_path
Размеченные_244_Илья,C:\Users\Андрей\Desktop\Хакатон\Размеченные_244_Илья\labels.csv,107,2.25.234651502352368356456298825489565282446/series_002_2_CR/A2504307193 DXA/CR DXA/CR000010.dcm,output/2.25.234651502352368356456298825489565282446/series_002_2_CR/A2504307193 DXA/CR DXA/CR000010.dcm,LEG,,,2026-09-16T17:11:05,1.2.643.5.1.13.13.12.2.77.8252.15060200100906151411000112060511,2.25.234651502352368356456298825489565282446/series_002_2_CR/A2504307193 DXA/CR DXA/CR000010.dcm,C:\Users\Андрей\Desktop\Хакатон\Исследования\2.25.234651502352368356456298825489565282446\series_002_2_CR\A2504307193 DXA\CR DXA\CR000010.dcm,exact_path,csv_relative_path
Размеченные_244_Илья,C:\Users\Андрей\Desktop\Хакатон\Размеченные_244_Илья\labels.csv,108,2.25.247714038039430659432048101646401574824/series_002_2_CR/A2504238024 DXA Exam/CR DXA Images/CR000000.dcm,output/2.25.247714038039430659432048101646401574824/series_002_2_CR/A2504238024 DXA Exam/CR DXA Images/CR000000.dcm,LEG,,,2026-09-16T17:11:07,1.2.643.5.1.13.13.12.2.77.8252.06051510010614000404080600020603,2.25.247714038039430659432048101646401574824/series_002_2_CR/A2504238024 DXA Exam/CR DXA Images/CR000000.dcm,C:\Users\Андрей\Desktop\Хакатон\Исследования\2.25.247714038039430659432048101646401574824\series_002_2_CR\A2504238024 DXA Exam\CR DXA Images\CR000000.dcm,exact_path,csv_relative_path
Размеченные_244_Илья,C:\Users\Андрей\Desktop\Хакатон\Размеченные_244_Илья\labels.csv,109,2.25.247714038039430659432048101646401574824/series_002_2_CR/A2504238024 DXA Exam/CR DXA Images/CR000001.dcm,output/2.25.247714038039430659432048101646401574824/series_002_2_CR/A2504238024 DXA Exam/CR DXA Images/CR000001.dcm,LEG,,,2026-09-16T17:11:09,1.2.643.5.1.13.13.12.2.77.8252.13110800060502010303101404091303,2.25.247714038039430659432048101646401574824/series_002_2_CR/A2504238024 DXA Exam/CR DXA Images/CR000001.dcm,C:\Users\Андрей\Desktop\Хакатон\Исследования\2.25.247714038039430659432048101646401574824\series_002_2_CR\A2504238024 DXA Exam\CR DXA Images\CR000001.dcm,exact_path,csv_relative_path
Размеченные_244_Илья,C:\Users\Андрей\Desktop\Хакатон\Размеченные_244_Илья\labels.csv,110,2.25.247714038039430659432048101646401574824/series_002_2_CR/A2504238024 DXA Exam/CR DXA Images/CR000002.dcm,output/2.25.247714038039430659432048101646401574824/series_002_2_CR/A2504238024 DXA Exam/CR DXA Images/CR000002.dcm,SPINE,,,2026-09-16T17:11:10,1.2.643.5.1.13.13.12.2.77.8252.06030210110500061108030910090908,2.25.247714038039430659432048101646401574824/series_002_2_CR/A2504238024 DXA Exam/CR DXA Images/CR000002.dcm,C:\Users\Андрей\Desktop\Хакатон\Исследования\2.25.247714038039430659432048101646401574824\series_002_2_CR\A2504238024 DXA Exam\CR DXA Images\CR000002.dcm,exact_path,csv_relative_path
Размеченные_244_Илья,C:\Users\Андрей\Desktop\Хакатон\Размеченные_244_Илья\labels.csv,111,2.25.269648774413746842548908998641183395622/series_001_2_CR/A2504393664 DXA/CR DXA/CR000000.dcm,output/2.25.269648774413746842548908998641183395622/series_001_2_CR/A2504393664 DXA/CR DXA/CR000000.dcm,LEG,,,2026-09-16T17:11:12,1.2.643.5.1.13.13.12.2.77.8252.12031014110715041000030602140501,2.25.269648774413746842548908998641183395622/series_001_2_CR/A2504393664 DXA/CR DXA/CR000000.dcm,C:\Users\Андрей\Desktop\Хакатон\Исследования\2.25.269648774413746842548908998641183395622\series_001_2_CR\A2504393664 DXA\CR DXA\CR000000.dcm,exact_path,csv_relative_path
Размеченные_244_Илья,C:\Users\Андрей\Desktop\Хакатон\Размеченные_244_Илья\labels.csv,112,2.25.269648774413746842548908998641183395622/series_001_2_CR/A2504393664 DXA/CR DXA/CR000001.dcm,output/2.25.269648774413746842548908998641183395622/series_001_2_CR/A2504393664 DXA/CR DXA/CR000001.dcm,SPINE,,,2026-09-16T17:11:15,1.2.643.5.1.13.13.12.2.77.8252.02001209000515050108060411111311,2.25.269648774413746842548908998641183395622/series_001_2_CR/A2504393664 DXA/CR DXA/CR000001.dcm,C:\Users\Андрей\Desktop\Хакатон\Исследования\2.25.269648774413746842548908998641183395622\series_001_2_CR\A2504393664 DXA\CR DXA\CR000001.dcm,exact_path,csv_relative_path
Размеченные_244_Илья,C:\Users\Андрей\Desktop\Хакатон\Размеченные_244_Илья\labels.csv,113,2.25.269648774413746842548908998641183395622/series_001_2_CR/A2504393664 DXA/CR DXA/CR000002.dcm,output/2.25.269648774413746842548908998641183395622/series_001_2_CR/A2504393664 DXA/CR DXA/CR000002.dcm,LEG,,,2026-09-16T17:11:22,1.2.643.5.1.13.13.12.2.77.8252.12130902030702050210110604020115,2.25.269648774413746842548908998641183395622/series_001_2_CR/A2504393664 DXA/CR DXA/CR000002.dcm,C:\Users\Андрей\Desktop\Хакатон\Исследования\2.25.269648774413746842548908998641183395622\series_001_2_CR\A2504393664 DXA\CR DXA\CR000002.dcm,exact_path,csv_relative_path
Размеченные_244_Илья,C:\Users\Андрей\Desktop\Хакатон\Размеченные_244_Илья\labels.csv,114,2.25.269742577365511543488820993979123763373/series_003_2_CR/A250477751 DXA/CR DXA/CR000000.dcm,output/2.25.269742577365511543488820993979123763373/series_003_2_CR/A250477751 DXA/CR DXA/CR000000.dcm,SPINE,,,2026-09-16T17:11:24,1.2.643.5.1.13.13.12.2.77.8252.11081308031311040302130506061304,2.25.269742577365511543488820993979123763373/series_003_2_CR/A250477751 DXA/CR DXA/CR000000.dcm,C:\Users\Андрей\Desktop\Хакатон\Исследования\2.25.269742577365511543488820993979123763373\series_003_2_CR\A250477751 DXA\CR DXA\CR000000.dcm,exact_path,csv_relative_path
Размеченные_244_Илья,C:\Users\Андрей\Desktop\Хакатон\Размеченные_244_Илья\labels.csv,115,2.25.272690031744216183651627058502316132741/series_002_2_CR/A2504373414 DXA/CR DXA/CR000000.dcm,output/2.25.272690031744216183651627058502316132741/series_002_2_CR/A2504373414 DXA/CR DXA/CR000000.dcm,LEG,,,2026-09-16T17:11:25,1.2.643.5.1.13.13.12.2.77.8252.01011201030601080312040805131303,2.25.272690031744216183651627058502316132741/series_002_2_CR/A2504373414 DXA/CR DXA/CR000000.dcm,C:\Users\Андрей\Desktop\Хакатон\Исследования\2.25.272690031744216183651627058502316132741\series_002_2_CR\A2504373414 DXA\CR DXA\CR000000.dcm,exact_path,csv_relative_path
Размеченные_244_Илья,C:\Users\Андрей\Desktop\Хакатон\Размеченные_244_Илья\labels.csv,116,2.25.272690031744216183651627058502316132741/series_002_2_CR/A2504373414 DXA/CR DXA/CR000001.dcm,output/2.25.272690031744216183651627058502316132741/series_002_2_CR/A2504373414 DXA/CR DXA/CR000001.dcm,SPINE,,,2026-09-16T17:11:27,1.2.643.5.1.13.13.12.2.77.8252.06030606140315081407041104141012,2.25.272690031744216183651627058502316132741/series_002_2_CR/A2504373414 DXA/CR DXA/CR000001.dcm,C:\Users\Андрей\Desktop\Хакатон\Исследования\2.25.272690031744216183651627058502316132741\series_002_2_CR\A2504373414 DXA\CR DXA\CR000001.dcm,exact_path,csv_relative_path
Размеченные_244_Илья,C:\Users\Андрей\Desktop\Хакатон\Размеченные_244_Илья\labels.csv,117,2.25.272690031744216183651627058502316132741/series_002_2_CR/A2504373414 DXA/CR DXA/CR000002.dcm,output/2.25.272690031744216183651627058502316132741/series_002_2_CR/A2504373414 DXA/CR DXA/CR000002.dcm,LEG,,,2026-09-16T17:11:29,1.2.643.5.1.13.13.12.2.77.8252.15091411140404110408151008030010,2.25.272690031744216183651627058502316132741/series_002_2_CR/A2504373414 DXA/CR DXA/CR000002.dcm,C:\Users\Андрей\Desktop\Хакатон\Исследования\2.25.272690031744216183651627058502316132741\series_002_2_CR\A2504373414 DXA\CR DXA\CR000002.dcm,exact_path,csv_relative_path
Размеченные_244_Илья,C:\Users\Андрей\Desktop\Хакатон\Размеченные_244_Илья\labels.csv,118,2.25.272690031744216183651627058502316132741/series_002_2_CR/A2504373414 DXA/CR DXA/CR000003.dcm,output/2.25.272690031744216183651627058502316132741/series_002_2_CR/A2504373414 DXA/CR DXA/CR000003.dcm,LEG,,,2026-09-16T17:11:31,1.2.643.5.1.13.13.12.2.77.8252.12111114061412150313141006121511,2.25.272690031744216183651627058502316132741/series_002_2_CR/A2504373414 DXA/CR DXA/CR000003.dcm,C:\Users\Андрей\Desktop\Хакатон\Исследования\2.25.272690031744216183651627058502316132741\series_002_2_CR\A2504373414 DXA\CR DXA\CR000003.dcm,exact_path,csv_relative_path
Размеченные_244_Илья,C:\Users\Андрей\Desktop\Хакатон\Размеченные_244_Илья\labels.csv,119,2.25.272690031744216183651627058502316132741/series_002_2_CR/A2504373414 DXA/CR DXA/CR000004.dcm,output/2.25.272690031744216183651627058502316132741/series_002_2_CR/A2504373414 DXA/CR DXA/CR000004.dcm,LEG,,,2026-09-16T17:11:33,1.2.643.5.1.13.13.12.2.77.8252.11001315081502000300100815110411,2.25.272690031744216183651627058502316132741/series_002_2_CR/A2504373414 DXA/CR DXA/CR000004.dcm,C:\Users\Андрей\Desktop\Хакатон\Исследования\2.25.272690031744216183651627058502316132741\series_002_2_CR\A2504373414 DXA\CR DXA\CR000004.dcm,exact_path,csv_relative_path
Размеченные_244_Илья,C:\Users\Андрей\Desktop\Хакатон\Размеченные_244_Илья\labels.csv,120,2.25.272690031744216183651627058502316132741/series_002_2_CR/A2504373414 DXA/CR DXA/CR000005.dcm,output/2.25.272690031744216183651627058502316132741/series_002_2_CR/A2504373414 DXA/CR DXA/CR000005.dcm,LEG,,,2026-09-16T17:11:35,1.2.643.5.1.13.13.12.2.77.8252.05061403001014150211070209121100,2.25.272690031744216183651627058502316132741/series_002_2_CR/A2504373414 DXA/CR DXA/CR000005.dcm,C:\Users\Андрей\Desktop\Хакатон\Исследования\2.25.272690031744216183651627058502316132741\series_002_2_CR\A2504373414 DXA\CR DXA\CR000005.dcm,exact_path,csv_relative_path
Размеченные_244_Илья,C:\Users\Андрей\Desktop\Хакатон\Размеченные_244_Илья\labels.csv,121,2.25.272690031744216183651627058502316132741/series_002_2_CR/A2504373414 DXA/CR DXA/CR000006.dcm,output/2.25.272690031744216183651627058502316132741/series_002_2_CR/A2504373414 DXA/CR DXA/CR000006.dcm,SPINE,,,2026-09-16T17:11:37,1.2.643.5.1.13.13.12.2.77.8252.07020101080211090714060800071015,2.25.272690031744216183651627058502316132741/series_002_2_CR/A2504373414 DXA/CR DXA/CR000006.dcm,C:\Users\Андрей\Desktop\Хакатон\Исследования\2.25.272690031744216183651627058502316132741\series_002_2_CR\A2504373414 DXA\CR DXA\CR000006.dcm,exact_path,csv_relative_path
Размеченные_244_Илья,C:\Users\Андрей\Desktop\Хакатон\Размеченные_244_Илья\labels.csv,122,2.25.272690031744216183651627058502316132741/series_002_2_CR/A2504373414 DXA/CR DXA/CR000007.dcm,output/2.25.272690031744216183651627058502316132741/series_002_2_CR/A2504373414 DXA/CR DXA/CR000007.dcm,LEG,,,2026-09-16T17:11:39,1.2.643.5.1.13.13.12.2.77.8252.10090104061310110414150206150115,2.25.272690031744216183651627058502316132741/series_002_2_CR/A2504373414 DXA/CR DXA/CR000007.dcm,C:\Users\Андрей\Desktop\Хакатон\Исследования\2.25.272690031744216183651627058502316132741\series_002_2_CR\A2504373414 DXA\CR DXA\CR000007.dcm,exact_path,csv_relative_path
Размеченные_244_Илья,C:\Users\Андрей\Desktop\Хакатон\Размеченные_244_Илья\labels.csv,123,2.25.272690031744216183651627058502316132741/series_002_2_CR/A2504373414 DXA/CR DXA/CR000008.dcm,output/2.25.272690031744216183651627058502316132741/series_002_2_CR/A2504373414 DXA/CR DXA/CR000008.dcm,LEG,,,2026-09-16T17:11:41,1.2.643.5.1.13.13.12.2.77.8252.03130108120702021004141402130400,2.25.272690031744216183651627058502316132741/series_002_2_CR/A2504373414 DXA/CR DXA/CR000008.dcm,C:\Users\Андрей\Desktop\Хакатон\Исследования\2.25.272690031744216183651627058502316132741\series_002_2_CR\A2504373414 DXA\CR DXA\CR000008.dcm,exact_path,csv_relative_path
Размеченные_244_Илья,C:\Users\Андрей\Desktop\Хакатон\Размеченные_244_Илья\labels.csv,124,2.25.272690031744216183651627058502316132741/series_002_2_CR/A2504373414 DXA/CR DXA/CR000009.dcm,output/2.25.272690031744216183651627058502316132741/series_002_2_CR/A2504373414 DXA/CR DXA/CR000009.dcm,SPINE,,,2026-09-16T17:11:42,1.2.643.5.1.13.13.12.2.77.8252.05090009071111050211130101070710,2.25.272690031744216183651627058502316132741/series_002_2_CR/A2504373414 DXA/CR DXA/CR000009.dcm,C:\Users\Андрей\Desktop\Хакатон\Исследования\2.25.272690031744216183651627058502316132741\series_002_2_CR\A2504373414 DXA\CR DXA\CR000009.dcm,exact_path,csv_relative_path
Размеченные_244_Илья,C:\Users\Андрей\Desktop\Хакатон\Размеченные_244_Илья\labels.csv,125,2.25.272690031744216183651627058502316132741/series_002_2_CR/A2504373414 DXA/CR DXA/CR000010.dcm,output/2.25.272690031744216183651627058502316132741/series_002_2_CR/A2504373414 DXA/CR DXA/CR000010.dcm,LEG,,,2026-09-16T17:11:48,1.2.643.5.1.13.13.12.2.77.8252.06121304010102150202081301011406,2.25.272690031744216183651627058502316132741/series_002_2_CR/A2504373414 DXA/CR DXA/CR000010.dcm,C:\Users\Андрей\Desktop\Хакатон\Исследования\2.25.272690031744216183651627058502316132741\series_002_2_CR\A2504373414 DXA\CR DXA\CR000010.dcm,exact_path,csv_relative_path
Размеченные_244_Илья,C:\Users\Андрей\Desktop\Хакатон\Размеченные_244_Илья\labels.csv,126,2.25.276415754443998872860614500027519740375/series_002_2_CR/A2504387089 DXA/CR DXA/CR000000.dcm,output/2.25.276415754443998872860614500027519740375/series_002_2_CR/A2504387089 DXA/CR DXA/CR000000.dcm,SPINE,,,2026-09-16T17:11:50,1.2.643.5.1.13.13.12.2.77.8252.13000009090006001202001212051006,2.25.276415754443998872860614500027519740375/series_002_2_CR/A2504387089 DXA/CR DXA/CR000000.dcm,C:\Users\Андрей\Desktop\Хакатон\Исследования\2.25.276415754443998872860614500027519740375\series_002_2_CR\A2504387089 DXA\CR DXA\CR000000.dcm,exact_path,csv_relative_path
Размеченные_244_Илья,C:\Users\Андрей\Desktop\Хакатон\Размеченные_244_Илья\labels.csv,127,2.25.276415754443998872860614500027519740375/series_002_2_CR/A2504387089 DXA/CR DXA/CR000001.dcm,output/2.25.276415754443998872860614500027519740375/series_002_2_CR/A2504387089 DXA/CR DXA/CR000001.dcm,SPINE,,,2026-09-16T17:11:52,1.2.643.5.1.13.13.12.2.77.8252.00080112010710030607090609070409,2.25.276415754443998872860614500027519740375/series_002_2_CR/A2504387089 DXA/CR DXA/CR000001.dcm,C:\Users\Андрей\Desktop\Хакатон\Исследования\2.25.276415754443998872860614500027519740375\series_002_2_CR\A2504387089 DXA\CR DXA\CR000001.dcm,exact_path,csv_relative_path
Размеченные_244_Илья,C:\Users\Андрей\Desktop\Хакатон\Размеченные_244_Илья\labels.csv,128,2.25.276415754443998872860614500027519740375/series_002_2_CR/A2504387089 DXA/CR DXA/CR000002.dcm,output/2.25.276415754443998872860614500027519740375/series_002_2_CR/A2504387089 DXA/CR DXA/CR000002.dcm,LEG,,,2026-09-16T17:11:55,1.2.643.5.1.13.13.12.2.77.8252.01080011050715071510151108031409,2.25.276415754443998872860614500027519740375/series_002_2_CR/A2504387089 DXA/CR DXA/CR000002.dcm,C:\Users\Андрей\Desktop\Хакатон\Исследования\2.25.276415754443998872860614500027519740375\series_002_2_CR\A2504387089 DXA\CR DXA\CR000002.dcm,exact_path,csv_relative_path
Размеченные_244_Илья,C:\Users\Андрей\Desktop\Хакатон\Размеченные_244_Илья\labels.csv,129,2.25.276415754443998872860614500027519740375/series_002_2_CR/A2504387089 DXA/CR DXA/CR000003.dcm,output/2.25.276415754443998872860614500027519740375/series_002_2_CR/A2504387089 DXA/CR DXA/CR000003.dcm,LEG,,,2026-09-16T17:11:57,1.2.643.5.1.13.13.12.2.77.8252.12100615051100140712150704150801,2.25.276415754443998872860614500027519740375/series_002_2_CR/A2504387089 DXA/CR DXA/CR000003.dcm,C:\Users\Андрей\Desktop\Хакатон\Исследования\2.25.276415754443998872860614500027519740375\series_002_2_CR\A2504387089 DXA\CR DXA\CR000003.dcm,exact_path,csv_relative_path
Размеченные_244_Илья,C:\Users\Андрей\Desktop\Хакатон\Размеченные_244_Илья\labels.csv,130,2.25.276415754443998872860614500027519740375/series_002_2_CR/A2504387089 DXA/CR DXA/CR000004.dcm,output/2.25.276415754443998872860614500027519740375/series_002_2_CR/A2504387089 DXA/CR DXA/CR000004.dcm,LEG,,,2026-09-16T17:11:58,1.2.643.5.1.13.13.12.2.77.8252.06120002061108140400041203121102,2.25.276415754443998872860614500027519740375/series_002_2_CR/A2504387089 DXA/CR DXA/CR000004.dcm,C:\Users\Андрей\Desktop\Хакатон\Исследования\2.25.276415754443998872860614500027519740375\series_002_2_CR\A2504387089 DXA\CR DXA\CR000004.dcm,exact_path,csv_relative_path
Размеченные_244_Илья,C:\Users\Андрей\Desktop\Хакатон\Размеченные_244_Илья\labels.csv,131,2.25.276415754443998872860614500027519740375/series_002_2_CR/A2504387089 DXA/CR DXA/CR000005.dcm,output/2.25.276415754443998872860614500027519740375/series_002_2_CR/A2504387089 DXA/CR DXA/CR000005.dcm,LEG,,,2026-09-16T17:12:00,1.2.643.5.1.13.13.12.2.77.8252.15130815100101091501031008111015,2.25.276415754443998872860614500027519740375/series_002_2_CR/A2504387089 DXA/CR DXA/CR000005.dcm,C:\Users\Андрей\Desktop\Хакатон\Исследования\2.25.276415754443998872860614500027519740375\series_002_2_CR\A2504387089 DXA\CR DXA\CR000005.dcm,exact_path,csv_relative_path
Размеченные_244_Илья,C:\Users\Андрей\Desktop\Хакатон\Размеченные_244_Илья\labels.csv,132,2.25.277752758923974029595977676354128739670/series_002_2_CR/A2504223752 DXA/CR DXA/CR000000.dcm,output/2.25.277752758923974029595977676354128739670/series_002_2_CR/A2504223752 DXA/CR DXA/CR000000.dcm,LEG,,,2026-09-16T17:12:04,1.2.643.5.1.13.13.12.2.77.8252.11140100091110050501140207060912,2.25.277752758923974029595977676354128739670/series_002_2_CR/A2504223752 DXA/CR DXA/CR000000.dcm,C:\Users\Андрей\Desktop\Хакатон\Исследования\2.25.277752758923974029595977676354128739670\series_002_2_CR\A2504223752 DXA\CR DXA\CR000000.dcm,exact_path,csv_relative_path
Размеченные_244_Илья,C:\Users\Андрей\Desktop\Хакатон\Размеченные_244_Илья\labels.csv,133,2.25.277752758923974029595977676354128739670/series_002_2_CR/A2504223752 DXA/CR DXA/CR000001.dcm,output/2.25.277752758923974029595977676354128739670/series_002_2_CR/A2504223752 DXA/CR DXA/CR000001.dcm,LEG,,,2026-09-16T17:12:06,1.2.643.5.1.13.13.12.2.77.8252.05010011080903070300131415001403,2.25.277752758923974029595977676354128739670/series_002_2_CR/A2504223752 DXA/CR DXA/CR000001.dcm,C:\Users\Андрей\Desktop\Хакатон\Исследования\2.25.277752758923974029595977676354128739670\series_002_2_CR\A2504223752 DXA\CR DXA\CR000001.dcm,exact_path,csv_relative_path
Размеченные_244_Илья,C:\Users\Андрей\Desktop\Хакатон\Размеченные_244_Илья\labels.csv,134,2.25.277752758923974029595977676354128739670/series_002_2_CR/A2504223752 DXA/CR DXA/CR000002.dcm,output/2.25.277752758923974029595977676354128739670/series_002_2_CR/A2504223752 DXA/CR DXA/CR000002.dcm,LEG,,,2026-09-16T17:12:07,1.2.643.5.1.13.13.12.2.77.8252.09010705011309010307011213150407,2.25.277752758923974029595977676354128739670/series_002_2_CR/A2504223752 DXA/CR DXA/CR000002.dcm,C:\Users\Андрей\Desktop\Хакатон\Исследования\2.25.277752758923974029595977676354128739670\series_002_2_CR\A2504223752 DXA\CR DXA\CR000002.dcm,exact_path,csv_relative_path
Размеченные_244_Илья,C:\Users\Андрей\Desktop\Хакатон\Размеченные_244_Илья\labels.csv,135,2.25.277752758923974029595977676354128739670/series_002_2_CR/A2504223752 DXA/CR DXA/CR000003.dcm,output/2.25.277752758923974029595977676354128739670/series_002_2_CR/A2504223752 DXA/CR DXA/CR000003.dcm,LEG,,,2026-09-16T17:12:09,1.2.643.5.1.13.13.12.2.77.8252.05101415070003100803120514081507,2.25.277752758923974029595977676354128739670/series_002_2_CR/A2504223752 DXA/CR DXA/CR000003.dcm,C:\Users\Андрей\Desktop\Хакатон\Исследования\2.25.277752758923974029595977676354128739670\series_002_2_CR\A2504223752 DXA\CR DXA\CR000003.dcm,exact_path,csv_relative_path
Размеченные_244_Илья,C:\Users\Андрей\Desktop\Хакатон\Размеченные_244_Илья\labels.csv,136,2.25.277752758923974029595977676354128739670/series_002_2_CR/A2504223752 DXA/CR DXA/CR000004.dcm,output/2.25.277752758923974029595977676354128739670/series_002_2_CR/A2504223752 DXA/CR DXA/CR000004.dcm,SPINE,,,2026-09-16T17:12:11,1.2.643.5.1.13.13.12.2.77.8252.07090609050707040704081509101500,2.25.277752758923974029595977676354128739670/series_002_2_CR/A2504223752 DXA/CR DXA/CR000004.dcm,C:\Users\Андрей\Desktop\Хакатон\Исследования\2.25.277752758923974029595977676354128739670\series_002_2_CR\A2504223752 DXA\CR DXA\CR000004.dcm,exact_path,csv_relative_path
Размеченные_244_Илья,C:\Users\Андрей\Desktop\Хакатон\Размеченные_244_Илья\labels.csv,137,2.25.277752758923974029595977676354128739670/series_002_2_CR/A2504223752 DXA/CR DXA/CR000005.dcm,output/2.25.277752758923974029595977676354128739670/series_002_2_CR/A2504223752 DXA/CR DXA/CR000005.dcm,SPINE,,,2026-09-16T17:12:13,1.2.643.5.1.13.13.12.2.77.8252.15080302090100001214141305071301,2.25.277752758923974029595977676354128739670/series_002_2_CR/A2504223752 DXA/CR DXA/CR000005.dcm,C:\Users\Андрей\Desktop\Хакатон\Исследования\2.25.277752758923974029595977676354128739670\series_002_2_CR\A2504223752 DXA\CR DXA\CR000005.dcm,exact_path,csv_relative_path
Размеченные_244_Илья,C:\Users\Андрей\Desktop\Хакатон\Размеченные_244_Илья\labels.csv,138,2.25.286999464611662854355201599068538813496/series_003_2_CR/A2504223477 DXA/CR DXA/CR000000.dcm,output/2.25.286999464611662854355201599068538813496/series_003_2_CR/A2504223477 DXA/CR DXA/CR000000.dcm,LEG,,,2026-09-16T17:12:15,1.2.643.5.1.13.13.12.2.77.8252.11091010090201121300090614051311,2.25.286999464611662854355201599068538813496/series_003_2_CR/A2504223477 DXA/CR DXA/CR000000.dcm,C:\Users\Андрей\Desktop\Хакатон\Исследования\2.25.286999464611662854355201599068538813496\series_003_2_CR\A2504223477 DXA\CR DXA\CR000000.dcm,exact_path,csv_relative_path
Размеченные_244_Илья,C:\Users\Андрей\Desktop\Хакатон\Размеченные_244_Илья\labels.csv,139,2.25.286999464611662854355201599068538813496/series_003_2_CR/A2504223477 DXA/CR DXA/CR000001.dcm,output/2.25.286999464611662854355201599068538813496/series_003_2_CR/A2504223477 DXA/CR DXA/CR000001.dcm,SPINE,,,2026-09-16T17:12:17,1.2.643.5.1.13.13.12.2.77.8252.02141512030209141106060309030501,2.25.286999464611662854355201599068538813496/series_003_2_CR/A2504223477 DXA/CR DXA/CR000001.dcm,C:\Users\Андрей\Desktop\Хакатон\Исследования\2.25.286999464611662854355201599068538813496\series_003_2_CR\A2504223477 DXA\CR DXA\CR000001.dcm,exact_path,csv_relative_path
Размеченные_244_Илья,C:\Users\Андрей\Desktop\Хакатон\Размеченные_244_Илья\labels.csv,140,2.25.286999464611662854355201599068538813496/series_003_2_CR/A2504223477 DXA/CR DXA/CR000002.dcm,output/2.25.286999464611662854355201599068538813496/series_003_2_CR/A2504223477 DXA/CR DXA/CR000002.dcm,LEG,,,2026-09-16T17:12:18,1.2.643.5.1.13.13.12.2.77.8252.15080906090913051107110915140103,2.25.286999464611662854355201599068538813496/series_003_2_CR/A2504223477 DXA/CR DXA/CR000002.dcm,C:\Users\Андрей\Desktop\Хакатон\Исследования\2.25.286999464611662854355201599068538813496\series_003_2_CR\A2504223477 DXA\CR DXA\CR000002.dcm,exact_path,csv_relative_path
Размеченные_244_Илья,C:\Users\Андрей\Desktop\Хакатон\Размеченные_244_Илья\labels.csv,141,2.25.286999464611662854355201599068538813496/series_003_2_CR/A2504223477 DXA/CR DXA/CR000003.dcm,output/2.25.286999464611662854355201599068538813496/series_003_2_CR/A2504223477 DXA/CR DXA/CR000003.dcm,LEG,,,2026-09-16T17:12:20,1.2.643.5.1.13.13.12.2.77.8252.02060612071110031306070811070605,2.25.286999464611662854355201599068538813496/series_003_2_CR/A2504223477 DXA/CR DXA/CR000003.dcm,C:\Users\Андрей\Desktop\Хакатон\Исследования\2.25.286999464611662854355201599068538813496\series_003_2_CR\A2504223477 DXA\CR DXA\CR000003.dcm,exact_path,csv_relative_path
Размеченные_244_Илья,C:\Users\Андрей\Desktop\Хакатон\Размеченные_244_Илья\labels.csv,142,2.25.286999464611662854355201599068538813496/series_003_2_CR/A2504223477 DXA/CR DXA/CR000004.dcm,output/2.25.286999464611662854355201599068538813496/series_003_2_CR/A2504223477 DXA/CR DXA/CR000004.dcm,SPINE,,,2026-09-16T17:12:22,1.2.643.5.1.13.13.12.2.77.8252.08001013010106001102020015031109,2.25.286999464611662854355201599068538813496/series_003_2_CR/A2504223477 DXA/CR DXA/CR000004.dcm,C:\Users\Андрей\Desktop\Хакатон\Исследования\2.25.286999464611662854355201599068538813496\series_003_2_CR\A2504223477 DXA\CR DXA\CR000004.dcm,exact_path,csv_relative_path
Размеченные_244_Илья,C:\Users\Андрей\Desktop\Хакатон\Размеченные_244_Илья\labels.csv,143,2.25.286999464611662854355201599068538813496/series_003_2_CR/A2504223477 DXA/CR DXA/CR000005.dcm,output/2.25.286999464611662854355201599068538813496/series_003_2_CR/A2504223477 DXA/CR DXA/CR000005.dcm,LEG,,,2026-09-16T17:12:23,1.2.643.5.1.13.13.12.2.77.8252.11130511020109141404120604130811,2.25.286999464611662854355201599068538813496/series_003_2_CR/A2504223477 DXA/CR DXA/CR000005.dcm,C:\Users\Андрей\Desktop\Хакатон\Исследования\2.25.286999464611662854355201599068538813496\series_003_2_CR\A2504223477 DXA\CR DXA\CR000005.dcm,exact_path,csv_relative_path
Размеченные_244_Илья,C:\Users\Андрей\Desktop\Хакатон\Размеченные_244_Илья\labels.csv,144,2.25.29638026465755240167985424461715024381/series_004_3_CR/A2504115579 DXA/CR DXA/CR000000.dcm,output/2.25.29638026465755240167985424461715024381/series_004_3_CR/A2504115579 DXA/CR DXA/CR000000.dcm,LEG,,,2026-09-16T17:12:26,1.2.643.5.1.13.13.12.2.77.8252.09040806151211060704090912150608,2.25.29638026465755240167985424461715024381/series_004_3_CR/A2504115579 DXA/CR DXA/CR000000.dcm,C:\Users\Андрей\Desktop\Хакатон\Исследования\2.25.29638026465755240167985424461715024381\series_004_3_CR\A2504115579 DXA\CR DXA\CR000000.dcm,exact_path,csv_relative_path
Размеченные_244_Илья,C:\Users\Андрей\Desktop\Хакатон\Размеченные_244_Илья\labels.csv,145,2.25.29638026465755240167985424461715024381/series_004_3_CR/A2504115579 DXA/CR DXA/CR000001.dcm,output/2.25.29638026465755240167985424461715024381/series_004_3_CR/A2504115579 DXA/CR DXA/CR000001.dcm,SPINE,,,2026-09-16T17:12:27,1.2.643.5.1.13.13.12.2.77.8252.12021011000615031102060001101203,2.25.29638026465755240167985424461715024381/series_004_3_CR/A2504115579 DXA/CR DXA/CR000001.dcm,C:\Users\Андрей\Desktop\Хакатон\Исследования\2.25.29638026465755240167985424461715024381\series_004_3_CR\A2504115579 DXA\CR DXA\CR000001.dcm,exact_path,csv_relative_path
Размеченные_244_Илья,C:\Users\Андрей\Desktop\Хакатон\Размеченные_244_Илья\labels.csv,146,2.25.29638026465755240167985424461715024381/series_004_3_CR/A2504115579 DXA/CR DXA/CR000002.dcm,output/2.25.29638026465755240167985424461715024381/series_004_3_CR/A2504115579 DXA/CR DXA/CR000002.dcm,LEG,,,2026-09-16T17:12:30,1.2.643.5.1.13.13.12.2.77.8252.11100504100006050214040402081303,2.25.29638026465755240167985424461715024381/series_004_3_CR/A2504115579 DXA/CR DXA/CR000002.dcm,C:\Users\Андрей\Desktop\Хакатон\Исследования\2.25.29638026465755240167985424461715024381\series_004_3_CR\A2504115579 DXA\CR DXA\CR000002.dcm,exact_path,csv_relative_path
Размеченные_244_Илья,C:\Users\Андрей\Desktop\Хакатон\Размеченные_244_Илья\labels.csv,147,2.25.29638026465755240167985424461715024381/series_004_3_CR/A2504115579 DXA/CR DXA/CR000003.dcm,output/2.25.29638026465755240167985424461715024381/series_004_3_CR/A2504115579 DXA/CR DXA/CR000003.dcm,LEG,,,2026-09-16T17:12:31,1.2.643.5.1.13.13.12.2.77.8252.12090901030412121214030908040015,2.25.29638026465755240167985424461715024381/series_004_3_CR/A2504115579 DXA/CR DXA/CR000003.dcm,C:\Users\Андрей\Desktop\Хакатон\Исследования\2.25.29638026465755240167985424461715024381\series_004_3_CR\A2504115579 DXA\CR DXA\CR000003.dcm,exact_path,csv_relative_path
Размеченные_244_Илья,C:\Users\Андрей\Desktop\Хакатон\Размеченные_244_Илья\labels.csv,148,2.25.306921081709806079165809721263236241032/series_002_2_CR/A2504381177 DXA/CR DXA/CR000000.dcm,output/2.25.306921081709806079165809721263236241032/series_002_2_CR/A2504381177 DXA/CR DXA/CR000000.dcm,SPINE,,,2026-09-16T17:12:33,1.2.643.5.1.13.13.12.2.77.8252.05140704131104071313121101000313,2.25.306921081709806079165809721263236241032/series_002_2_CR/A2504381177 DXA/CR DXA/CR000000.dcm,C:\Users\Андрей\Desktop\Хакатон\Исследования\2.25.306921081709806079165809721263236241032\series_002_2_CR\A2504381177 DXA\CR DXA\CR000000.dcm,exact_path,csv_relative_path
Размеченные_244_Илья,C:\Users\Андрей\Desktop\Хакатон\Размеченные_244_Илья\labels.csv,149,2.25.307021710202910067378603383388989711646/series_004_2_CR/A2504110565 DXA/CR DXA/CR000000.dcm,output/2.25.307021710202910067378603383388989711646/series_004_2_CR/A2504110565 DXA/CR DXA/CR000000.dcm,SPINE,,,2026-09-16T17:12:35,1.2.643.5.1.13.13.12.2.77.8252.10011315050807060809100706050011,2.25.307021710202910067378603383388989711646/series_004_2_CR/A2504110565 DXA/CR DXA/CR000000.dcm,C:\Users\Андрей\Desktop\Хакатон\Исследования\2.25.307021710202910067378603383388989711646\series_004_2_CR\A2504110565 DXA\CR DXA\CR000000.dcm,exact_path,csv_relative_path
Размеченные_244_Илья,C:\Users\Андрей\Desktop\Хакатон\Размеченные_244_Илья\labels.csv,150,2.25.307021710202910067378603383388989711646/series_004_2_CR/A2504110565 DXA/CR DXA/CR000001.dcm,output/2.25.307021710202910067378603383388989711646/series_004_2_CR/A2504110565 DXA/CR DXA/CR000001.dcm,LEG,,,2026-09-16T17:12:37,1.2.643.5.1.13.13.12.2.77.8252.12090115120005000603040515131409,2.25.307021710202910067378603383388989711646/series_004_2_CR/A2504110565 DXA/CR DXA/CR000001.dcm,C:\Users\Андрей\Desktop\Хакатон\Исследования\2.25.307021710202910067378603383388989711646\series_004_2_CR\A2504110565 DXA\CR DXA\CR000001.dcm,exact_path,csv_relative_path
Размеченные_244_Илья,C:\Users\Андрей\Desktop\Хакатон\Размеченные_244_Илья\labels.csv,151,2.25.307021710202910067378603383388989711646/series_004_2_CR/A2504110565 DXA/CR DXA/CR000002.dcm,output/2.25.307021710202910067378603383388989711646/series_004_2_CR/A2504110565 DXA/CR DXA/CR000002.dcm,LEG,,,2026-09-16T17:12:38,1.2.643.5.1.13.13.12.2.77.8252.04030803131507080109070101120910,2.25.307021710202910067378603383388989711646/series_004_2_CR/A2504110565 DXA/CR DXA/CR000002.dcm,C:\Users\Андрей\Desktop\Хакатон\Исследования\2.25.307021710202910067378603383388989711646\series_004_2_CR\A2504110565 DXA\CR DXA\CR000002.dcm,exact_path,csv_relative_path
Размеченные_244_Илья,C:\Users\Андрей\Desktop\Хакатон\Размеченные_244_Илья\labels.csv,152,2.25.307021710202910067378603383388989711646/series_004_2_CR/A2504110565 DXA/CR DXA/CR000003.dcm,output/2.25.307021710202910067378603383388989711646/series_004_2_CR/A2504110565 DXA/CR DXA/CR000003.dcm,LEG,,,2026-09-16T17:12:40,1.2.643.5.1.13.13.12.2.77.8252.08080707141115140509110700030200,2.25.307021710202910067378603383388989711646/series_004_2_CR/A2504110565 DXA/CR DXA/CR000003.dcm,C:\Users\Андрей\Desktop\Хакатон\Исследования\2.25.307021710202910067378603383388989711646\series_004_2_CR\A2504110565 DXA\CR DXA\CR000003.dcm,exact_path,csv_relative_path
Размеченные_244_Илья,C:\Users\Андрей\Desktop\Хакатон\Размеченные_244_Илья\labels.csv,153,2.25.307021710202910067378603383388989711646/series_004_2_CR/A2504110565 DXA/CR DXA/CR000004.dcm,output/2.25.307021710202910067378603383388989711646/series_004_2_CR/A2504110565 DXA/CR DXA/CR000004.dcm,LEG,,,2026-09-16T17:12:43,1.2.643.5.1.13.13.12.2.77.8252.09020610121102091006070609000414,2.25.307021710202910067378603383388989711646/series_004_2_CR/A2504110565 DXA/CR DXA/CR000004.dcm,C:\Users\Андрей\Desktop\Хакатон\Исследования\2.25.307021710202910067378603383388989711646\series_004_2_CR\A2504110565 DXA\CR DXA\CR000004.dcm,exact_path,csv_relative_path
Размеченные_244_Илья,C:\Users\Андрей\Desktop\Хакатон\Размеченные_244_Илья\labels.csv,154,2.25.307021710202910067378603383388989711646/series_004_2_CR/A2504110565 DXA/CR DXA/CR000005.dcm,output/2.25.307021710202910067378603383388989711646/series_004_2_CR/A2504110565 DXA/CR DXA/CR000005.dcm,LEG,,,2026-09-16T17:12:45,1.2.643.5.1.13.13.12.2.77.8252.09141210051000000105030213061514,2.25.307021710202910067378603383388989711646/series_004_2_CR/A2504110565 DXA/CR DXA/CR000005.dcm,C:\Users\Андрей\Desktop\Хакатон\Исследования\2.25.307021710202910067378603383388989711646\series_004_2_CR\A2504110565 DXA\CR DXA\CR000005.dcm,exact_path,csv_relative_path
Размеченные_244_Илья,C:\Users\Андрей\Desktop\Хакатон\Размеченные_244_Илья\labels.csv,155,2.25.307021710202910067378603383388989711646/series_004_2_CR/A2504110565 DXA/CR DXA/CR000006.dcm,output/2.25.307021710202910067378603383388989711646/series_004_2_CR/A2504110565 DXA/CR DXA/CR000006.dcm,LEG,,,2026-09-16T17:12:46,1.2.643.5.1.13.13.12.2.77.8252.10030011090613091008080403130712,2.25.307021710202910067378603383388989711646/series_004_2_CR/A2504110565 DXA/CR DXA/CR000006.dcm,C:\Users\Андрей\Desktop\Хакатон\Исследования\2.25.307021710202910067378603383388989711646\series_004_2_CR\A2504110565 DXA\CR DXA\CR000006.dcm,exact_path,csv_relative_path
Размеченные_244_Илья,C:\Users\Андрей\Desktop\Хакатон\Размеченные_244_Илья\labels.csv,156,2.25.307021710202910067378603383388989711646/series_004_2_CR/A2504110565 DXA/CR DXA/CR000007.dcm,output/2.25.307021710202910067378603383388989711646/series_004_2_CR/A2504110565 DXA/CR DXA/CR000007.dcm,LEG,,,2026-09-16T17:12:48,1.2.643.5.1.13.13.12.2.77.8252.10091201060313121514040903111108,2.25.307021710202910067378603383388989711646/series_004_2_CR/A2504110565 DXA/CR DXA/CR000007.dcm,C:\Users\Андрей\Desktop\Хакатон\Исследования\2.25.307021710202910067378603383388989711646\series_004_2_CR\A2504110565 DXA\CR DXA\CR000007.dcm,exact_path,csv_relative_path
Размеченные_244_Илья,C:\Users\Андрей\Desktop\Хакатон\Размеченные_244_Илья\labels.csv,157,2.25.307021710202910067378603383388989711646/series_004_2_CR/A2504110565 DXA/CR DXA/CR000008.dcm,output/2.25.307021710202910067378603383388989711646/series_004_2_CR/A2504110565 DXA/CR DXA/CR000008.dcm,LEG,,,2026-09-16T17:12:50,1.2.643.5.1.13.13.12.2.77.8252.08061203141300041506070501101310,2.25.307021710202910067378603383388989711646/series_004_2_CR/A2504110565 DXA/CR DXA/CR000008.dcm,C:\Users\Андрей\Desktop\Хакатон\Исследования\2.25.307021710202910067378603383388989711646\series_004_2_CR\A2504110565 DXA\CR DXA\CR000008.dcm,exact_path,csv_relative_path
Размеченные_244_Илья,C:\Users\Андрей\Desktop\Хакатон\Размеченные_244_Илья\labels.csv,158,2.25.307021710202910067378603383388989711646/series_004_2_CR/A2504110565 DXA/CR DXA/CR000009.dcm,output/2.25.307021710202910067378603383388989711646/series_004_2_CR/A2504110565 DXA/CR DXA/CR000009.dcm,LEG,,,2026-09-16T17:12:52,1.2.643.5.1.13.13.12.2.77.8252.01080203060404010906011511140504,2.25.307021710202910067378603383388989711646/series_004_2_CR/A2504110565 DXA/CR DXA/CR000009.dcm,C:\Users\Андрей\Desktop\Хакатон\Исследования\2.25.307021710202910067378603383388989711646\series_004_2_CR\A2504110565 DXA\CR DXA\CR000009.dcm,exact_path,csv_relative_path
Размеченные_244_Илья,C:\Users\Андрей\Desktop\Хакатон\Размеченные_244_Илья\labels.csv,159,2.25.307021710202910067378603383388989711646/series_004_2_CR/A2504110565 DXA/CR DXA/CR000010.dcm,output/2.25.307021710202910067378603383388989711646/series_004_2_CR/A2504110565 DXA/CR DXA/CR000010.dcm,SPINE,,,2026-09-16T17:12:53,1.2.643.5.1.13.13.12.2.77.8252.02020610071014010106090300080911,2.25.307021710202910067378603383388989711646/series_004_2_CR/A2504110565 DXA/CR DXA/CR000010.dcm,C:\Users\Андрей\Desktop\Хакатон\Исследования\2.25.307021710202910067378603383388989711646\series_004_2_CR\A2504110565 DXA\CR DXA\CR000010.dcm,exact_path,csv_relative_path
Размеченные_244_Илья,C:\Users\Андрей\Desktop\Хакатон\Размеченные_244_Илья\labels.csv,160,2.25.307021710202910067378603383388989711646/series_004_2_CR/A2504110565 DXA/CR DXA/CR000011.dcm,output/2.25.307021710202910067378603383388989711646/series_004_2_CR/A2504110565 DXA/CR DXA/CR000011.dcm,SPINE,,,2026-09-16T17:12:56,1.2.643.5.1.13.13.12.2.77.8252.00041503151008120109091101041101,2.25.307021710202910067378603383388989711646/series_004_2_CR/A2504110565 DXA/CR DXA/CR000011.dcm,C:\Users\Андрей\Desktop\Хакатон\Исследования\2.25.307021710202910067378603383388989711646\series_004_2_CR\A2504110565 DXA\CR DXA\CR000011.dcm,exact_path,csv_relative_path
Размеченные_244_Илья,C:\Users\Андрей\Desktop\Хакатон\Размеченные_244_Илья\labels.csv,161,2.25.309085571913348252136520206003694446566/series_002_2_CR/A2504116267 DXA/CR DXA/CR000000.dcm,output/2.25.309085571913348252136520206003694446566/series_002_2_CR/A2504116267 DXA/CR DXA/CR000000.dcm,SPINE,,,2026-09-16T17:12:59,1.2.643.5.1.13.13.12.2.77.8252.03121103130007121510030803050514,2.25.309085571913348252136520206003694446566/series_002_2_CR/A2504116267 DXA/CR DXA/CR000000.dcm,C:\Users\Андрей\Desktop\Хакатон\Исследования\2.25.309085571913348252136520206003694446566\series_002_2_CR\A2504116267 DXA\CR DXA\CR000000.dcm,exact_path,csv_relative_path
Размеченные_244_Илья,C:\Users\Андрей\Desktop\Хакатон\Размеченные_244_Илья\labels.csv,162,2.25.309085571913348252136520206003694446566/series_002_2_CR/A2504116267 DXA/CR DXA/CR000001.dcm,output/2.25.309085571913348252136520206003694446566/series_002_2_CR/A2504116267 DXA/CR DXA/CR000001.dcm,LEG,,,2026-09-16T17:13:01,1.2.643.5.1.13.13.12.2.77.8252.07070904150315000704031208001011,2.25.309085571913348252136520206003694446566/series_002_2_CR/A2504116267 DXA/CR DXA/CR000001.dcm,C:\Users\Андрей\Desktop\Хакатон\Исследования\2.25.309085571913348252136520206003694446566\series_002_2_CR\A2504116267 DXA\CR DXA\CR000001.dcm,exact_path,csv_relative_path
Размеченные_244_Илья,C:\Users\Андрей\Desktop\Хакатон\Размеченные_244_Илья\labels.csv,163,2.25.309085571913348252136520206003694446566/series_002_2_CR/A2504116267 DXA/CR DXA/CR000002.dcm,output/2.25.309085571913348252136520206003694446566/series_002_2_CR/A2504116267 DXA/CR DXA/CR000002.dcm,LEG,,,2026-09-16T17:13:02,1.2.643.5.1.13.13.12.2.77.8252.09030700121011131209150303151015,2.25.309085571913348252136520206003694446566/series_002_2_CR/A2504116267 DXA/CR DXA/CR000002.dcm,C:\Users\Андрей\Desktop\Хакатон\Исследования\2.25.309085571913348252136520206003694446566\series_002_2_CR\A2504116267 DXA\CR DXA\CR000002.dcm,exact_path,csv_relative_path
Размеченные_244_Илья,C:\Users\Андрей\Desktop\Хакатон\Размеченные_244_Илья\labels.csv,164,2.25.314147167453134440746270747484612743945/series_002_2_CR/A2504224780 DXA/CR DXA/CR000000.dcm,output/2.25.314147167453134440746270747484612743945/series_002_2_CR/A2504224780 DXA/CR DXA/CR000000.dcm,LEG,,,2026-09-16T17:13:04,1.2.643.5.1.13.13.12.2.77.8252.02000306061002040514101500000812,2.25.314147167453134440746270747484612743945/series_002_2_CR/A2504224780 DXA/CR DXA/CR000000.dcm,C:\Users\Андрей\Desktop\Хакатон\Исследования\2.25.314147167453134440746270747484612743945\series_002_2_CR\A2504224780 DXA\CR DXA\CR000000.dcm,exact_path,csv_relative_path
Размеченные_244_Илья,C:\Users\Андрей\Desktop\Хакатон\Размеченные_244_Илья\labels.csv,165,2.25.314147167453134440746270747484612743945/series_002_2_CR/A2504224780 DXA/CR DXA/CR000001.dcm,output/2.25.314147167453134440746270747484612743945/series_002_2_CR/A2504224780 DXA/CR DXA/CR000001.dcm,LEG,,,2026-09-16T17:13:06,1.2.643.5.1.13.13.12.2.77.8252.01130904120915050401031210031001,2.25.314147167453134440746270747484612743945/series_002_2_CR/A2504224780 DXA/CR DXA/CR000001.dcm,C:\Users\Андрей\Desktop\Хакатон\Исследования\2.25.314147167453134440746270747484612743945\series_002_2_CR\A2504224780 DXA\CR DXA\CR000001.dcm,exact_path,csv_relative_path
Размеченные_244_Илья,C:\Users\Андрей\Desktop\Хакатон\Размеченные_244_Илья\labels.csv,166,2.25.314147167453134440746270747484612743945/series_002_2_CR/A2504224780 DXA/CR DXA/CR000002.dcm,output/2.25.314147167453134440746270747484612743945/series_002_2_CR/A2504224780 DXA/CR DXA/CR000002.dcm,SPINE,,,2026-09-16T17:13:08,1.2.643.5.1.13.13.12.2.77.8252.02120204101515130306021007150210,2.25.314147167453134440746270747484612743945/series_002_2_CR/A2504224780 DXA/CR DXA/CR000002.dcm,C:\Users\Андрей\Desktop\Хакатон\Исследования\2.25.314147167453134440746270747484612743945\series_002_2_CR\A2504224780 DXA\CR DXA\CR000002.dcm,exact_path,csv_relative_path
Размеченные_244_Илья,C:\Users\Андрей\Desktop\Хакатон\Размеченные_244_Илья\labels.csv,167,2.25.322202456901330781765399791024580391565/series_002_2_CR/A2504350020 DXA/CR DXA/CR000000.dcm,output/2.25.322202456901330781765399791024580391565/series_002_2_CR/A2504350020 DXA/CR DXA/CR000000.dcm,SPINE,,,2026-09-16T17:13:10,1.2.643.5.1.13.13.12.2.77.8252.06061007030610120805010913100711,2.25.322202456901330781765399791024580391565/series_002_2_CR/A2504350020 DXA/CR DXA/CR000000.dcm,C:\Users\Андрей\Desktop\Хакатон\Исследования\2.25.322202456901330781765399791024580391565\series_002_2_CR\A2504350020 DXA\CR DXA\CR000000.dcm,exact_path,csv_relative_path
Размеченные_244_Илья,C:\Users\Андрей\Desktop\Хакатон\Размеченные_244_Илья\labels.csv,168,2.25.338439598607961312040815816824093323492/series_002_2_CR/A2504147124 DXA/CR DXA/CR000000.dcm,output/2.25.338439598607961312040815816824093323492/series_002_2_CR/A2504147124 DXA/CR DXA/CR000000.dcm,SPINE,,,2026-09-16T17:13:11,1.2.643.5.1.13.13.12.2.77.8252.13110108131113110013070512051310,2.25.338439598607961312040815816824093323492/series_002_2_CR/A2504147124 DXA/CR DXA/CR000000.dcm,C:\Users\Андрей\Desktop\Хакатон\Исследования\2.25.338439598607961312040815816824093323492\series_002_2_CR\A2504147124 DXA\CR DXA\CR000000.dcm,exact_path,csv_relative_path
Размеченные_244_Илья,C:\Users\Андрей\Desktop\Хакатон\Размеченные_244_Илья\labels.csv,169,2.25.339027809107632348165171236474821772940/series_001_2_CR/A2504349642 DXA/CR DXA/CR000000.dcm,output/2.25.339027809107632348165171236474821772940/series_001_2_CR/A2504349642 DXA/CR DXA/CR000000.dcm,LEG,,,2026-09-16T17:13:13,1.2.643.5.1.13.13.12.2.77.8252.05111003151314100612100700031506,2.25.339027809107632348165171236474821772940/series_001_2_CR/A2504349642 DXA/CR DXA/CR000000.dcm,C:\Users\Андрей\Desktop\Хакатон\Исследования\2.25.339027809107632348165171236474821772940\series_001_2_CR\A2504349642 DXA\CR DXA\CR000000.dcm,exact_path,csv_relative_path
Размеченные_244_Илья,C:\Users\Андрей\Desktop\Хакатон\Размеченные_244_Илья\labels.csv,170,2.25.339027809107632348165171236474821772940/series_001_2_CR/A2504349642 DXA/CR DXA/CR000001.dcm,output/2.25.339027809107632348165171236474821772940/series_001_2_CR/A2504349642 DXA/CR DXA/CR000001.dcm,SPINE,,,2026-09-16T17:13:15,1.2.643.5.1.13.13.12.2.77.8252.04091012040015061107090014081504,2.25.339027809107632348165171236474821772940/series_001_2_CR/A2504349642 DXA/CR DXA/CR000001.dcm,C:\Users\Андрей\Desktop\Хакатон\Исследования\2.25.339027809107632348165171236474821772940\series_001_2_CR\A2504349642 DXA\CR DXA\CR000001.dcm,exact_path,csv_relative_path
Размеченные_244_Илья,C:\Users\Андрей\Desktop\Хакатон\Размеченные_244_Илья\labels.csv,171,2.25.339027809107632348165171236474821772940/series_001_2_CR/A2504349642 DXA/CR DXA/CR000002.dcm,output/2.25.339027809107632348165171236474821772940/series_001_2_CR/A2504349642 DXA/CR DXA/CR000002.dcm,LEG,,,2026-09-16T17:13:16,1.2.643.5.1.13.13.12.2.77.8252.11010912010413080807030107050600,2.25.339027809107632348165171236474821772940/series_001_2_CR/A2504349642 DXA/CR DXA/CR000002.dcm,C:\Users\Андрей\Desktop\Хакатон\Исследования\2.25.339027809107632348165171236474821772940\series_001_2_CR\A2504349642 DXA\CR DXA\CR000002.dcm,exact_path,csv_relative_path
Размеченные_244_Илья,C:\Users\Андрей\Desktop\Хакатон\Размеченные_244_Илья\labels.csv,172,2.25.339027809107632348165171236474821772940/series_001_2_CR/A2504349642 DXA/CR DXA/CR000003.dcm,output/2.25.339027809107632348165171236474821772940/series_001_2_CR/A2504349642 DXA/CR DXA/CR000003.dcm,LEG,,,2026-09-16T17:13:20,1.2.643.5.1.13.13.12.2.77.8252.02060903061507111201080601150903,2.25.339027809107632348165171236474821772940/series_001_2_CR/A2504349642 DXA/CR DXA/CR000003.dcm,C:\Users\Андрей\Desktop\Хакатон\Исследования\2.25.339027809107632348165171236474821772940\series_001_2_CR\A2504349642 DXA\CR DXA\CR000003.dcm,exact_path,csv_relative_path
Размеченные_244_Илья,C:\Users\Андрей\Desktop\Хакатон\Размеченные_244_Илья\labels.csv,173,2.25.339027809107632348165171236474821772940/series_001_2_CR/A2504349642 DXA/CR DXA/CR000004.dcm,output/2.25.339027809107632348165171236474821772940/series_001_2_CR/A2504349642 DXA/CR DXA/CR000004.dcm,SPINE,,,2026-09-16T17:13:22,1.2.643.5.1.13.13.12.2.77.8252.09100506150509030310111310041309,2.25.339027809107632348165171236474821772940/series_001_2_CR/A2504349642 DXA/CR DXA/CR000004.dcm,C:\Users\Андрей\Desktop\Хакатон\Исследования\2.25.339027809107632348165171236474821772940\series_001_2_CR\A2504349642 DXA\CR DXA\CR000004.dcm,exact_path,csv_relative_path
Размеченные_244_Илья,C:\Users\Андрей\Desktop\Хакатон\Размеченные_244_Илья\labels.csv,174,2.25.339027809107632348165171236474821772940/series_001_2_CR/A2504349642 DXA/CR DXA/CR000005.dcm,output/2.25.339027809107632348165171236474821772940/series_001_2_CR/A2504349642 DXA/CR DXA/CR000005.dcm,LEG,,,2026-09-16T17:13:23,1.2.643.5.1.13.13.12.2.77.8252.02080414020805070003121215081311,2.25.339027809107632348165171236474821772940/series_001_2_CR/A2504349642 DXA/CR DXA/CR000005.dcm,C:\Users\Андрей\Desktop\Хакатон\Исследования\2.25.339027809107632348165171236474821772940\series_001_2_CR\A2504349642 DXA\CR DXA\CR000005.dcm,exact_path,csv_relative_path
Размеченные_244_Илья,C:\Users\Андрей\Desktop\Хакатон\Размеченные_244_Илья\labels.csv,175,2.25.340839477910528898406207279980417945/series_001_2_CR/A2504224555 DXA Exam/CR DXA Images/CR000000.dcm,output/2.25.340839477910528898406207279980417945/series_001_2_CR/A2504224555 DXA Exam/CR DXA Images/CR000000.dcm,LEG,,,2026-09-16T17:13:25,1.2.643.5.1.13.13.12.2.77.8252.14120712151005010200040708001308,2.25.340839477910528898406207279980417945/series_001_2_CR/A2504224555 DXA Exam/CR DXA Images/CR000000.dcm,C:\Users\Андрей\Desktop\Хакатон\Исследования\2.25.340839477910528898406207279980417945\series_001_2_CR\A2504224555 DXA Exam\CR DXA Images\CR000000.dcm,exact_path,csv_relative_path
Размеченные_244_Илья,C:\Users\Андрей\Desktop\Хакатон\Размеченные_244_Илья\labels.csv,176,2.25.340839477910528898406207279980417945/series_001_2_CR/A2504224555 DXA Exam/CR DXA Images/CR000001.dcm,output/2.25.340839477910528898406207279980417945/series_001_2_CR/A2504224555 DXA Exam/CR DXA Images/CR000001.dcm,LEG,,,2026-09-16T17:13:28,1.2.643.5.1.13.13.12.2.77.8252.05030701101012140702110704000714,2.25.340839477910528898406207279980417945/series_001_2_CR/A2504224555 DXA Exam/CR DXA Images/CR000001.dcm,C:\Users\Андрей\Desktop\Хакатон\Исследования\2.25.340839477910528898406207279980417945\series_001_2_CR\A2504224555 DXA Exam\CR DXA Images\CR000001.dcm,exact_path,csv_relative_path
Размеченные_244_Илья,C:\Users\Андрей\Desktop\Хакатон\Размеченные_244_Илья\labels.csv,177,2.25.340839477910528898406207279980417945/series_001_2_CR/A2504224555 DXA Exam/CR DXA Images/CR000002.dcm,output/2.25.340839477910528898406207279980417945/series_001_2_CR/A2504224555 DXA Exam/CR DXA Images/CR000002.dcm,SPINE,,,2026-09-16T17:13:29,1.2.643.5.1.13.13.12.2.77.8252.12111312010203070900101115051015,2.25.340839477910528898406207279980417945/series_001_2_CR/A2504224555 DXA Exam/CR DXA Images/CR000002.dcm,C:\Users\Андрей\Desktop\Хакатон\Исследования\2.25.340839477910528898406207279980417945\series_001_2_CR\A2504224555 DXA Exam\CR DXA Images\CR000002.dcm,exact_path,csv_relative_path
Размеченные_244_Илья,C:\Users\Андрей\Desktop\Хакатон\Размеченные_244_Илья\labels.csv,178,2.25.37515662379281069436632838996073181551/series_001_2_CR/A2504329840 DXA/CR DXA/CR000000.dcm,output/2.25.37515662379281069436632838996073181551/series_001_2_CR/A2504329840 DXA/CR DXA/CR000000.dcm,SPINE,,,2026-09-16T17:13:32,1.2.643.5.1.13.13.12.2.77.8252.05001409080504151204111500000514,2.25.37515662379281069436632838996073181551/series_001_2_CR/A2504329840 DXA/CR DXA/CR000000.dcm,C:\Users\Андрей\Desktop\Хакатон\Исследования\2.25.37515662379281069436632838996073181551\series_001_2_CR\A2504329840 DXA\CR DXA\CR000000.dcm,exact_path,csv_relative_path
Размеченные_244_Илья,C:\Users\Андрей\Desktop\Хакатон\Размеченные_244_Илья\labels.csv,179,2.25.37515662379281069436632838996073181551/series_001_2_CR/A2504329840 DXA/CR DXA/CR000001.dcm,output/2.25.37515662379281069436632838996073181551/series_001_2_CR/A2504329840 DXA/CR DXA/CR000001.dcm,LEG,,,2026-09-16T17:13:34,1.2.643.5.1.13.13.12.2.77.8252.12090208061115110101131315120813,2.25.37515662379281069436632838996073181551/series_001_2_CR/A2504329840 DXA/CR DXA/CR000001.dcm,C:\Users\Андрей\Desktop\Хакатон\Исследования\2.25.37515662379281069436632838996073181551\series_001_2_CR\A2504329840 DXA\CR DXA\CR000001.dcm,exact_path,csv_relative_path
Размеченные_244_Илья,C:\Users\Андрей\Desktop\Хакатон\Размеченные_244_Илья\labels.csv,180,2.25.37515662379281069436632838996073181551/series_001_2_CR/A2504329840 DXA/CR DXA/CR000002.dcm,output/2.25.37515662379281069436632838996073181551/series_001_2_CR/A2504329840 DXA/CR DXA/CR000002.dcm,LEG,,,2026-09-16T17:13:36,1.2.643.5.1.13.13.12.2.77.8252.08110803070615141513021414111001,2.25.37515662379281069436632838996073181551/series_001_2_CR/A2504329840 DXA/CR DXA/CR000002.dcm,C:\Users\Андрей\Desktop\Хакатон\Исследования\2.25.37515662379281069436632838996073181551\series_001_2_CR\A2504329840 DXA\CR DXA\CR000002.dcm,exact_path,csv_relative_path
Размеченные_244_Илья,C:\Users\Андрей\Desktop\Хакатон\Размеченные_244_Илья\labels.csv,181,2.25.39068163399801173920284179500049527111/series_002_2_CR/A2504195842 DXA/CR DXA/CR000000.dcm,output/2.25.39068163399801173920284179500049527111/series_002_2_CR/A2504195842 DXA/CR DXA/CR000000.dcm,LEG,,,2026-09-16T17:13:38,1.2.643.5.1.13.13.12.2.77.8252.00030605020706130003080307080701,2.25.39068163399801173920284179500049527111/series_002_2_CR/A2504195842 DXA/CR DXA/CR000000.dcm,C:\Users\Андрей\Desktop\Хакатон\Исследования\2.25.39068163399801173920284179500049527111\series_002_2_CR\A2504195842 DXA\CR DXA\CR000000.dcm,exact_path,csv_relative_path
Размеченные_244_Илья,C:\Users\Андрей\Desktop\Хакатон\Размеченные_244_Илья\labels.csv,182,2.25.39068163399801173920284179500049527111/series_002_2_CR/A2504195842 DXA/CR DXA/CR000001.dcm,output/2.25.39068163399801173920284179500049527111/series_002_2_CR/A2504195842 DXA/CR DXA/CR000001.dcm,LEG,,,2026-09-16T17:13:40,1.2.643.5.1.13.13.12.2.77.8252.07150610130411050211021514011106,2.25.39068163399801173920284179500049527111/series_002_2_CR/A2504195842 DXA/CR DXA/CR000001.dcm,C:\Users\Андрей\Desktop\Хакатон\Исследования\2.25.39068163399801173920284179500049527111\series_002_2_CR\A2504195842 DXA\CR DXA\CR000001.dcm,exact_path,csv_relative_path
Размеченные_244_Илья,C:\Users\Андрей\Desktop\Хакатон\Размеченные_244_Илья\labels.csv,183,2.25.39068163399801173920284179500049527111/series_002_2_CR/A2504195842 DXA/CR DXA/CR000002.dcm,output/2.25.39068163399801173920284179500049527111/series_002_2_CR/A2504195842 DXA/CR DXA/CR000002.dcm,SPINE,,,2026-09-16T17:13:41,1.2.643.5.1.13.13.12.2.77.8252.15141302131508150312140605060212,2.25.39068163399801173920284179500049527111/series_002_2_CR/A2504195842 DXA/CR DXA/CR000002.dcm,C:\Users\Андрей\Desktop\Хакатон\Исследования\2.25.39068163399801173920284179500049527111\series_002_2_CR\A2504195842 DXA\CR DXA\CR000002.dcm,exact_path,csv_relative_path
Размеченные_244_Илья,C:\Users\Андрей\Desktop\Хакатон\Размеченные_244_Илья\labels.csv,184,2.25.48906424954135283790354958243772558962/series_001_2_CR/A2504185596 DXA Exam/CR DXA Images/CR000000.dcm,output/2.25.48906424954135283790354958243772558962/series_001_2_CR/A2504185596 DXA Exam/CR DXA Images/CR000000.dcm,LEG,,,2026-09-16T17:13:43,1.2.643.5.1.13.13.12.2.77.8252.06080100090802110008000311010501,2.25.48906424954135283790354958243772558962/series_001_2_CR/A2504185596 DXA Exam/CR DXA Images/CR000000.dcm,C:\Users\Андрей\Desktop\Хакатон\Исследования\2.25.48906424954135283790354958243772558962\series_001_2_CR\A2504185596 DXA Exam\CR DXA Images\CR000000.dcm,exact_path,csv_relative_path
Размеченные_244_Илья,C:\Users\Андрей\Desktop\Хакатон\Размеченные_244_Илья\labels.csv,185,2.25.48906424954135283790354958243772558962/series_001_2_CR/A2504185596 DXA Exam/CR DXA Images/CR000001.dcm,output/2.25.48906424954135283790354958243772558962/series_001_2_CR/A2504185596 DXA Exam/CR DXA Images/CR000001.dcm,LEG,,,2026-09-16T17:13:45,1.2.643.5.1.13.13.12.2.77.8252.03010404051000131408111209140108,2.25.48906424954135283790354958243772558962/series_001_2_CR/A2504185596 DXA Exam/CR DXA Images/CR000001.dcm,C:\Users\Андрей\Desktop\Хакатон\Исследования\2.25.48906424954135283790354958243772558962\series_001_2_CR\A2504185596 DXA Exam\CR DXA Images\CR000001.dcm,exact_path,csv_relative_path
Размеченные_244_Илья,C:\Users\Андрей\Desktop\Хакатон\Размеченные_244_Илья\labels.csv,186,2.25.48906424954135283790354958243772558962/series_001_2_CR/A2504185596 DXA Exam/CR DXA Images/CR000002.dcm,output/2.25.48906424954135283790354958243772558962/series_001_2_CR/A2504185596 DXA Exam/CR DXA Images/CR000002.dcm,SPINE,,,2026-09-16T17:13:47,1.2.643.5.1.13.13.12.2.77.8252.02031401091510001200041308031003,2.25.48906424954135283790354958243772558962/series_001_2_CR/A2504185596 DXA Exam/CR DXA Images/CR000002.dcm,C:\Users\Андрей\Desktop\Хакатон\Исследования\2.25.48906424954135283790354958243772558962\series_001_2_CR\A2504185596 DXA Exam\CR DXA Images\CR000002.dcm,exact_path,csv_relative_path
Размеченные_244_Илья,C:\Users\Андрей\Desktop\Хакатон\Размеченные_244_Илья\labels.csv,187,2.25.52532476139575422857225834315571570912/series_001_2_CR/A2504247961 DXA/CR DXA/CR000000.dcm,output/2.25.52532476139575422857225834315571570912/series_001_2_CR/A2504247961 DXA/CR DXA/CR000000.dcm,SPINE,,,2026-09-16T17:13:49,1.2.643.5.1.13.13.12.2.77.8252.07120809010109050202061111011110,2.25.52532476139575422857225834315571570912/series_001_2_CR/A2504247961 DXA/CR DXA/CR000000.dcm,C:\Users\Андрей\Desktop\Хакатон\Исследования\2.25.52532476139575422857225834315571570912\series_001_2_CR\A2504247961 DXA\CR DXA\CR000000.dcm,exact_path,csv_relative_path
Размеченные_244_Илья,C:\Users\Андрей\Desktop\Хакатон\Размеченные_244_Илья\labels.csv,188,2.25.52982400970721161435951723390541696819/series_001_2_CR/A2504331065 DXA/CR DXA/CR000000.dcm,output/2.25.52982400970721161435951723390541696819/series_001_2_CR/A2504331065 DXA/CR DXA/CR000000.dcm,LEG,,,2026-09-16T17:13:51,1.2.643.5.1.13.13.12.2.77.8252.07081506021006111207090213090701,2.25.52982400970721161435951723390541696819/series_001_2_CR/A2504331065 DXA/CR DXA/CR000000.dcm,C:\Users\Андрей\Desktop\Хакатон\Исследования\2.25.52982400970721161435951723390541696819\series_001_2_CR\A2504331065 DXA\CR DXA\CR000000.dcm,exact_path,csv_relative_path
Размеченные_244_Илья,C:\Users\Андрей\Desktop\Хакатон\Размеченные_244_Илья\labels.csv,189,2.25.52982400970721161435951723390541696819/series_001_2_CR/A2504331065 DXA/CR DXA/CR000001.dcm,output/2.25.52982400970721161435951723390541696819/series_001_2_CR/A2504331065 DXA/CR DXA/CR000001.dcm,LEG,,,2026-09-16T17:13:53,1.2.643.5.1.13.13.12.2.77.8252.06001210040802120801060507001509,2.25.52982400970721161435951723390541696819/series_001_2_CR/A2504331065 DXA/CR DXA/CR000001.dcm,C:\Users\Андрей\Desktop\Хакатон\Исследования\2.25.52982400970721161435951723390541696819\series_001_2_CR\A2504331065 DXA\CR DXA\CR000001.dcm,exact_path,csv_relative_path
Размеченные_244_Илья,C:\Users\Андрей\Desktop\Хакатон\Размеченные_244_Илья\labels.csv,190,2.25.52982400970721161435951723390541696819/series_001_2_CR/A2504331065 DXA/CR DXA/CR000002.dcm,output/2.25.52982400970721161435951723390541696819/series_001_2_CR/A2504331065 DXA/CR DXA/CR000002.dcm,SPINE,,,2026-09-16T17:13:55,1.2.643.5.1.13.13.12.2.77.8252.02030504060005060505040905021305,2.25.52982400970721161435951723390541696819/series_001_2_CR/A2504331065 DXA/CR DXA/CR000002.dcm,C:\Users\Андрей\Desktop\Хакатон\Исследования\2.25.52982400970721161435951723390541696819\series_001_2_CR\A2504331065 DXA\CR DXA\CR000002.dcm,exact_path,csv_relative_path
Размеченные_244_Илья,C:\Users\Андрей\Desktop\Хакатон\Размеченные_244_Илья\labels.csv,191,2.25.52982400970721161435951723390541696819/series_001_2_CR/A2504331065 DXA/CR DXA/CR000003.dcm,output/2.25.52982400970721161435951723390541696819/series_001_2_CR/A2504331065 DXA/CR DXA/CR000003.dcm,LEG,,,2026-09-16T17:13:57,1.2.643.5.1.13.13.12.2.77.8252.15141212090108110812010201000904,2.25.52982400970721161435951723390541696819/series_001_2_CR/A2504331065 DXA/CR DXA/CR000003.dcm,C:\Users\Андрей\Desktop\Хакатон\Исследования\2.25.52982400970721161435951723390541696819\series_001_2_CR\A2504331065 DXA\CR DXA\CR000003.dcm,exact_path,csv_relative_path
Размеченные_244_Илья,C:\Users\Андрей\Desktop\Хакатон\Размеченные_244_Илья\labels.csv,192,2.25.52982400970721161435951723390541696819/series_001_2_CR/A2504331065 DXA/CR DXA/CR000004.dcm,output/2.25.52982400970721161435951723390541696819/series_001_2_CR/A2504331065 DXA/CR DXA/CR000004.dcm,SPINE,,,2026-09-16T17:13:58,1.2.643.5.1.13.13.12.2.77.8252.06130007090800051113070612071205,2.25.52982400970721161435951723390541696819/series_001_2_CR/A2504331065 DXA/CR DXA/CR000004.dcm,C:\Users\Андрей\Desktop\Хакатон\Исследования\2.25.52982400970721161435951723390541696819\series_001_2_CR\A2504331065 DXA\CR DXA\CR000004.dcm,exact_path,csv_relative_path
Размеченные_244_Илья,C:\Users\Андрей\Desktop\Хакатон\Размеченные_244_Илья\labels.csv,193,2.25.52982400970721161435951723390541696819/series_001_2_CR/A2504331065 DXA/CR DXA/CR000005.dcm,output/2.25.52982400970721161435951723390541696819/series_001_2_CR/A2504331065 DXA/CR DXA/CR000005.dcm,LEG,,,2026-09-16T17:14:00,1.2.643.5.1.13.13.12.2.77.8252.13060812000809140915061004151307,2.25.52982400970721161435951723390541696819/series_001_2_CR/A2504331065 DXA/CR DXA/CR000005.dcm,C:\Users\Андрей\Desktop\Хакатон\Исследования\2.25.52982400970721161435951723390541696819\series_001_2_CR\A2504331065 DXA\CR DXA\CR000005.dcm,exact_path,csv_relative_path
Размеченные_244_Илья,C:\Users\Андрей\Desktop\Хакатон\Размеченные_244_Илья\labels.csv,194,2.25.52982400970721161435951723390541696819/series_001_2_CR/A2504331065 DXA/CR DXA/CR000006.dcm,output/2.25.52982400970721161435951723390541696819/series_001_2_CR/A2504331065 DXA/CR DXA/CR000006.dcm,LEG,,,2026-09-16T17:14:01,1.2.643.5.1.13.13.12.2.77.8252.14150614130710030701101012031106,2.25.52982400970721161435951723390541696819/series_001_2_CR/A2504331065 DXA/CR DXA/CR000006.dcm,C:\Users\Андрей\Desktop\Хакатон\Исследования\2.25.52982400970721161435951723390541696819\series_001_2_CR\A2504331065 DXA\CR DXA\CR000006.dcm,exact_path,csv_relative_path
Размеченные_244_Илья,C:\Users\Андрей\Desktop\Хакатон\Размеченные_244_Илья\labels.csv,195,2.25.52982400970721161435951723390541696819/series_001_2_CR/A2504331065 DXA/CR DXA/CR000007.dcm,output/2.25.52982400970721161435951723390541696819/series_001_2_CR/A2504331065 DXA/CR DXA/CR000007.dcm,LEG,,,2026-09-16T17:14:03,1.2.643.5.1.13.13.12.2.77.8252.10071506040807070913151311141504,2.25.52982400970721161435951723390541696819/series_001_2_CR/A2504331065 DXA/CR DXA/CR000007.dcm,C:\Users\Андрей\Desktop\Хакатон\Исследования\2.25.52982400970721161435951723390541696819\series_001_2_CR\A2504331065 DXA\CR DXA\CR000007.dcm,exact_path,csv_relative_path
Размеченные_244_Илья,C:\Users\Андрей\Desktop\Хакатон\Размеченные_244_Илья\labels.csv,196,2.25.54396839637320114639948764487283877793/series_003_2_CR/A2504111090 DXA/CR DXA/CR000000.dcm,output/2.25.54396839637320114639948764487283877793/series_003_2_CR/A2504111090 DXA/CR DXA/CR000000.dcm,SPINE,,,2026-09-16T17:14:06,1.2.643.5.1.13.13.12.2.77.8252.02060605151213121009151302130207,2.25.54396839637320114639948764487283877793/series_003_2_CR/A2504111090 DXA/CR DXA/CR000000.dcm,C:\Users\Андрей\Desktop\Хакатон\Исследования\2.25.54396839637320114639948764487283877793\series_003_2_CR\A2504111090 DXA\CR DXA\CR000000.dcm,exact_path,csv_relative_path
Размеченные_244_Илья,C:\Users\Андрей\Desktop\Хакатон\Размеченные_244_Илья\labels.csv,197,2.25.59542620917302828428419211045951914336/series_001_2_CR/A2504303391 DXA/CR DXA/CR000000.dcm,output/2.25.59542620917302828428419211045951914336/series_001_2_CR/A2504303391 DXA/CR DXA/CR000000.dcm,SPINE,,,2026-09-16T17:14:07,1.2.643.5.1.13.13.12.2.77.8252.07101010011513020401030213080905,2.25.59542620917302828428419211045951914336/series_001_2_CR/A2504303391 DXA/CR DXA/CR000000.dcm,C:\Users\Андрей\Desktop\Хакатон\Исследования\2.25.59542620917302828428419211045951914336\series_001_2_CR\A2504303391 DXA\CR DXA\CR000000.dcm,exact_path,csv_relative_path
Размеченные_244_Илья,C:\Users\Андрей\Desktop\Хакатон\Размеченные_244_Илья\labels.csv,198,2.25.65954778282254353457041255543338557112/series_004_3_CR/A2504246289 DXA/CR DXA/CR000000.dcm,output/2.25.65954778282254353457041255543338557112/series_004_3_CR/A2504246289 DXA/CR DXA/CR000000.dcm,LEG,,,2026-09-16T17:14:09,1.2.643.5.1.13.13.12.2.77.8252.11130315030911081202140406010814,2.25.65954778282254353457041255543338557112/series_004_3_CR/A2504246289 DXA/CR DXA/CR000000.dcm,C:\Users\Андрей\Desktop\Хакатон\Исследования\2.25.65954778282254353457041255543338557112\series_004_3_CR\A2504246289 DXA\CR DXA\CR000000.dcm,exact_path,csv_relative_path
Размеченные_244_Илья,C:\Users\Андрей\Desktop\Хакатон\Размеченные_244_Илья\labels.csv,199,2.25.65954778282254353457041255543338557112/series_004_3_CR/A2504246289 DXA/CR DXA/CR000001.dcm,output/2.25.65954778282254353457041255543338557112/series_004_3_CR/A2504246289 DXA/CR DXA/CR000001.dcm,LEG,,,2026-09-16T17:14:10,1.2.643.5.1.13.13.12.2.77.8252.10000615050107010300151404090301,2.25.65954778282254353457041255543338557112/series_004_3_CR/A2504246289 DXA/CR DXA/CR000001.dcm,C:\Users\Андрей\Desktop\Хакатон\Исследования\2.25.65954778282254353457041255543338557112\series_004_3_CR\A2504246289 DXA\CR DXA\CR000001.dcm,exact_path,csv_relative_path
Размеченные_244_Илья,C:\Users\Андрей\Desktop\Хакатон\Размеченные_244_Илья\labels.csv,200,2.25.65954778282254353457041255543338557112/series_004_3_CR/A2504246289 DXA/CR DXA/CR000002.dcm,output/2.25.65954778282254353457041255543338557112/series_004_3_CR/A2504246289 DXA/CR DXA/CR000002.dcm,SPINE,,,2026-09-16T17:14:12,1.2.643.5.1.13.13.12.2.77.8252.05111111030105140803060510040613,2.25.65954778282254353457041255543338557112/series_004_3_CR/A2504246289 DXA/CR DXA/CR000002.dcm,C:\Users\Андрей\Desktop\Хакатон\Исследования\2.25.65954778282254353457041255543338557112\series_004_3_CR\A2504246289 DXA\CR DXA\CR000002.dcm,exact_path,csv_relative_path
Размеченные_244_Илья,C:\Users\Андрей\Desktop\Хакатон\Размеченные_244_Илья\labels.csv,201,2.25.66397484472966116002950503539482860450/series_001_2_CR/A2504194637 DXA/CR DXA/CR000000.dcm,output/2.25.66397484472966116002950503539482860450/series_001_2_CR/A2504194637 DXA/CR DXA/CR000000.dcm,LEG,,,2026-09-16T17:14:13,1.2.643.5.1.13.13.12.2.77.8252.02091011000006010704070004091411,2.25.66397484472966116002950503539482860450/series_001_2_CR/A2504194637 DXA/CR DXA/CR000000.dcm,C:\Users\Андрей\Desktop\Хакатон\Исследования\2.25.66397484472966116002950503539482860450\series_001_2_CR\A2504194637 DXA\CR DXA\CR000000.dcm,exact_path,csv_relative_path
Размеченные_244_Илья,C:\Users\Андрей\Desktop\Хакатон\Размеченные_244_Илья\labels.csv,202,2.25.66397484472966116002950503539482860450/series_001_2_CR/A2504194637 DXA/CR DXA/CR000001.dcm,output/2.25.66397484472966116002950503539482860450/series_001_2_CR/A2504194637 DXA/CR DXA/CR000001.dcm,LEG,,,2026-09-16T17:14:15,1.2.643.5.1.13.13.12.2.77.8252.08151215001015040112061102060812,2.25.66397484472966116002950503539482860450/series_001_2_CR/A2504194637 DXA/CR DXA/CR000001.dcm,C:\Users\Андрей\Desktop\Хакатон\Исследования\2.25.66397484472966116002950503539482860450\series_001_2_CR\A2504194637 DXA\CR DXA\CR000001.dcm,exact_path,csv_relative_path
Размеченные_244_Илья,C:\Users\Андрей\Desktop\Хакатон\Размеченные_244_Илья\labels.csv,203,2.25.66397484472966116002950503539482860450/series_001_2_CR/A2504194637 DXA/CR DXA/CR000002.dcm,output/2.25.66397484472966116002950503539482860450/series_001_2_CR/A2504194637 DXA/CR DXA/CR000002.dcm,LEG,,,2026-09-16T17:14:17,1.2.643.5.1.13.13.12.2.77.8252.03111115071204110106020413091215,2.25.66397484472966116002950503539482860450/series_001_2_CR/A2504194637 DXA/CR DXA/CR000002.dcm,C:\Users\Андрей\Desktop\Хакатон\Исследования\2.25.66397484472966116002950503539482860450\series_001_2_CR\A2504194637 DXA\CR DXA\CR000002.dcm,exact_path,csv_relative_path
Размеченные_244_Илья,C:\Users\Андрей\Desktop\Хакатон\Размеченные_244_Илья\labels.csv,204,2.25.66397484472966116002950503539482860450/series_001_2_CR/A2504194637 DXA/CR DXA/CR000003.dcm,output/2.25.66397484472966116002950503539482860450/series_001_2_CR/A2504194637 DXA/CR DXA/CR000003.dcm,LEG,,,2026-09-16T17:14:18,1.2.643.5.1.13.13.12.2.77.8252.08021214010408050013070405100802,2.25.66397484472966116002950503539482860450/series_001_2_CR/A2504194637 DXA/CR DXA/CR000003.dcm,C:\Users\Андрей\Desktop\Хакатон\Исследования\2.25.66397484472966116002950503539482860450\series_001_2_CR\A2504194637 DXA\CR DXA\CR000003.dcm,exact_path,csv_relative_path
Размеченные_244_Илья,C:\Users\Андрей\Desktop\Хакатон\Размеченные_244_Илья\labels.csv,205,2.25.66397484472966116002950503539482860450/series_001_2_CR/A2504194637 DXA/CR DXA/CR000004.dcm,output/2.25.66397484472966116002950503539482860450/series_001_2_CR/A2504194637 DXA/CR DXA/CR000004.dcm,SPINE,,,2026-09-16T17:14:20,1.2.643.5.1.13.13.12.2.77.8252.01011407000709010910090115010000,2.25.66397484472966116002950503539482860450/series_001_2_CR/A2504194637 DXA/CR DXA/CR000004.dcm,C:\Users\Андрей\Desktop\Хакатон\Исследования\2.25.66397484472966116002950503539482860450\series_001_2_CR\A2504194637 DXA\CR DXA\CR000004.dcm,exact_path,csv_relative_path
Размеченные_244_Илья,C:\Users\Андрей\Desktop\Хакатон\Размеченные_244_Илья\labels.csv,206,2.25.66397484472966116002950503539482860450/series_001_2_CR/A2504194637 DXA/CR DXA/CR000005.dcm,output/2.25.66397484472966116002950503539482860450/series_001_2_CR/A2504194637 DXA/CR DXA/CR000005.dcm,LEG,,,2026-09-16T17:14:21,1.2.643.5.1.13.13.12.2.77.8252.15121501030904011113060500050403,2.25.66397484472966116002950503539482860450/series_001_2_CR/A2504194637 DXA/CR DXA/CR000005.dcm,C:\Users\Андрей\Desktop\Хакатон\Исследования\2.25.66397484472966116002950503539482860450\series_001_2_CR\A2504194637 DXA\CR DXA\CR000005.dcm,exact_path,csv_relative_path
Размеченные_244_Илья,C:\Users\Андрей\Desktop\Хакатон\Размеченные_244_Илья\labels.csv,207,2.25.66397484472966116002950503539482860450/series_001_2_CR/A2504194637 DXA/CR DXA/CR000006.dcm,output/2.25.66397484472966116002950503539482860450/series_001_2_CR/A2504194637 DXA/CR DXA/CR000006.dcm,LEG,,,2026-09-16T17:14:24,1.2.643.5.1.13.13.12.2.77.8252.10040310131315131311011115051512,2.25.66397484472966116002950503539482860450/series_001_2_CR/A2504194637 DXA/CR DXA/CR000006.dcm,C:\Users\Андрей\Desktop\Хакатон\Исследования\2.25.66397484472966116002950503539482860450\series_001_2_CR\A2504194637 DXA\CR DXA\CR000006.dcm,exact_path,csv_relative_path
Размеченные_244_Илья,C:\Users\Андрей\Desktop\Хакатон\Размеченные_244_Илья\labels.csv,208,2.25.66397484472966116002950503539482860450/series_001_2_CR/A2504194637 DXA/CR DXA/CR000007.dcm,output/2.25.66397484472966116002950503539482860450/series_001_2_CR/A2504194637 DXA/CR DXA/CR000007.dcm,LEG,,,2026-09-16T17:14:28,1.2.643.5.1.13.13.12.2.77.8252.13130501101110040009090201091209,2.25.66397484472966116002950503539482860450/series_001_2_CR/A2504194637 DXA/CR DXA/CR000007.dcm,C:\Users\Андрей\Desktop\Хакатон\Исследования\2.25.66397484472966116002950503539482860450\series_001_2_CR\A2504194637 DXA\CR DXA\CR000007.dcm,exact_path,csv_relative_path
Размеченные_244_Илья,C:\Users\Андрей\Desktop\Хакатон\Размеченные_244_Илья\labels.csv,209,2.25.66397484472966116002950503539482860450/series_001_2_CR/A2504194637 DXA/CR DXA/CR000008.dcm,output/2.25.66397484472966116002950503539482860450/series_001_2_CR/A2504194637 DXA/CR DXA/CR000008.dcm,SPINE,,,2026-09-16T17:14:31,1.2.643.5.1.13.13.12.2.77.8252.15080405040711111211130015010914,2.25.66397484472966116002950503539482860450/series_001_2_CR/A2504194637 DXA/CR DXA/CR000008.dcm,C:\Users\Андрей\Desktop\Хакатон\Исследования\2.25.66397484472966116002950503539482860450\series_001_2_CR\A2504194637 DXA\CR DXA\CR000008.dcm,exact_path,csv_relative_path
Размеченные_244_Илья,C:\Users\Андрей\Desktop\Хакатон\Размеченные_244_Илья\labels.csv,210,2.25.66397484472966116002950503539482860450/series_001_2_CR/A2504194637 DXA/CR DXA/CR000009.dcm,output/2.25.66397484472966116002950503539482860450/series_001_2_CR/A2504194637 DXA/CR DXA/CR000009.dcm,SPINE,,,2026-09-16T17:14:32,1.2.643.5.1.13.13.12.2.77.8252.00121200081108110912041503010000,2.25.66397484472966116002950503539482860450/series_001_2_CR/A2504194637 DXA/CR DXA/CR000009.dcm,C:\Users\Андрей\Desktop\Хакатон\Исследования\2.25.66397484472966116002950503539482860450\series_001_2_CR\A2504194637 DXA\CR DXA\CR000009.dcm,exact_path,csv_relative_path
Размеченные_244_Илья,C:\Users\Андрей\Desktop\Хакатон\Размеченные_244_Илья\labels.csv,211,2.25.66397484472966116002950503539482860450/series_001_2_CR/A2504194637 DXA/CR DXA/CR000010.dcm,output/2.25.66397484472966116002950503539482860450/series_001_2_CR/A2504194637 DXA/CR DXA/CR000010.dcm,LEG,,,2026-09-16T17:14:34,1.2.643.5.1.13.13.12.2.77.8252.10080308141508151114100414150301,2.25.66397484472966116002950503539482860450/series_001_2_CR/A2504194637 DXA/CR DXA/CR000010.dcm,C:\Users\Андрей\Desktop\Хакатон\Исследования\2.25.66397484472966116002950503539482860450\series_001_2_CR\A2504194637 DXA\CR DXA\CR000010.dcm,exact_path,csv_relative_path
Размеченные_244_Илья,C:\Users\Андрей\Desktop\Хакатон\Размеченные_244_Илья\labels.csv,212,2.25.73070100851377917031356937075051545239/series_002_2_CR/A2504239110 DXA/CR DXA/CR000000.dcm,output/2.25.73070100851377917031356937075051545239/series_002_2_CR/A2504239110 DXA/CR DXA/CR000000.dcm,LEG,,,2026-09-16T17:14:37,1.2.643.5.1.13.13.12.2.77.8252.00031305050707070014000611130907,2.25.73070100851377917031356937075051545239/series_002_2_CR/A2504239110 DXA/CR DXA/CR000000.dcm,C:\Users\Андрей\Desktop\Хакатон\Исследования\2.25.73070100851377917031356937075051545239\series_002_2_CR\A2504239110 DXA\CR DXA\CR000000.dcm,exact_path,csv_relative_path
Размеченные_244_Илья,C:\Users\Андрей\Desktop\Хакатон\Размеченные_244_Илья\labels.csv,213,2.25.73070100851377917031356937075051545239/series_002_2_CR/A2504239110 DXA/CR DXA/CR000001.dcm,output/2.25.73070100851377917031356937075051545239/series_002_2_CR/A2504239110 DXA/CR DXA/CR000001.dcm,LEG,,,2026-09-16T17:14:38,1.2.643.5.1.13.13.12.2.77.8252.09110310111109140609041514031010,2.25.73070100851377917031356937075051545239/series_002_2_CR/A2504239110 DXA/CR DXA/CR000001.dcm,C:\Users\Андрей\Desktop\Хакатон\Исследования\2.25.73070100851377917031356937075051545239\series_002_2_CR\A2504239110 DXA\CR DXA\CR000001.dcm,exact_path,csv_relative_path
Размеченные_244_Илья,C:\Users\Андрей\Desktop\Хакатон\Размеченные_244_Илья\labels.csv,214,2.25.73070100851377917031356937075051545239/series_002_2_CR/A2504239110 DXA/CR DXA/CR000002.dcm,output/2.25.73070100851377917031356937075051545239/series_002_2_CR/A2504239110 DXA/CR DXA/CR000002.dcm,SPINE,,,2026-09-16T17:14:40,1.2.643.5.1.13.13.12.2.77.8252.03041015000108071402071509131313,2.25.73070100851377917031356937075051545239/series_002_2_CR/A2504239110 DXA/CR DXA/CR000002.dcm,C:\Users\Андрей\Desktop\Хакатон\Исследования\2.25.73070100851377917031356937075051545239\series_002_2_CR\A2504239110 DXA\CR DXA\CR000002.dcm,exact_path,csv_relative_path
Размеченные_244_Илья,C:\Users\Андрей\Desktop\Хакатон\Размеченные_244_Илья\labels.csv,215,2.25.73070100851377917031356937075051545239/series_002_2_CR/A2504239110 DXA/CR DXA/CR000003.dcm,output/2.25.73070100851377917031356937075051545239/series_002_2_CR/A2504239110 DXA/CR DXA/CR000003.dcm,SPINE,,,2026-09-16T17:14:43,1.2.643.5.1.13.13.12.2.77.8252.07150604010711031305090702140107,2.25.73070100851377917031356937075051545239/series_002_2_CR/A2504239110 DXA/CR DXA/CR000003.dcm,C:\Users\Андрей\Desktop\Хакатон\Исследования\2.25.73070100851377917031356937075051545239\series_002_2_CR\A2504239110 DXA\CR DXA\CR000003.dcm,exact_path,csv_relative_path
Размеченные_244_Илья,C:\Users\Андрей\Desktop\Хакатон\Размеченные_244_Илья\labels.csv,216,2.25.73070100851377917031356937075051545239/series_002_2_CR/A2504239110 DXA/CR DXA/CR000004.dcm,output/2.25.73070100851377917031356937075051545239/series_002_2_CR/A2504239110 DXA/CR DXA/CR000004.dcm,LEG,,,2026-09-16T17:14:45,1.2.643.5.1.13.13.12.2.77.8252.13090506040311041500070413151313,2.25.73070100851377917031356937075051545239/series_002_2_CR/A2504239110 DXA/CR DXA/CR000004.dcm,C:\Users\Андрей\Desktop\Хакатон\Исследования\2.25.73070100851377917031356937075051545239\series_002_2_CR\A2504239110 DXA\CR DXA\CR000004.dcm,exact_path,csv_relative_path
Размеченные_244_Илья,C:\Users\Андрей\Desktop\Хакатон\Размеченные_244_Илья\labels.csv,217,2.25.73070100851377917031356937075051545239/series_002_2_CR/A2504239110 DXA/CR DXA/CR000005.dcm,output/2.25.73070100851377917031356937075051545239/series_002_2_CR/A2504239110 DXA/CR DXA/CR000005.dcm,LEG,,,2026-09-16T17:14:47,1.2.643.5.1.13.13.12.2.77.8252.12110509121413070408000802041201,2.25.73070100851377917031356937075051545239/series_002_2_CR/A2504239110 DXA/CR DXA/CR000005.dcm,C:\Users\Андрей\Desktop\Хакатон\Исследования\2.25.73070100851377917031356937075051545239\series_002_2_CR\A2504239110 DXA\CR DXA\CR000005.dcm,exact_path,csv_relative_path
Размеченные_244_Илья,C:\Users\Андрей\Desktop\Хакатон\Размеченные_244_Илья\labels.csv,218,2.25.76710355977373089612172037086913478687/series_002_3_CR/A2504104830 DXA/CR DXA/CR000000.dcm,output/2.25.76710355977373089612172037086913478687/series_002_3_CR/A2504104830 DXA/CR DXA/CR000000.dcm,LEG,,,2026-09-16T17:14:49,1.2.643.5.1.13.13.12.2.77.8252.14130302090906050506100315000611,2.25.76710355977373089612172037086913478687/series_002_3_CR/A2504104830 DXA/CR DXA/CR000000.dcm,C:\Users\Андрей\Desktop\Хакатон\Исследования\2.25.76710355977373089612172037086913478687\series_002_3_CR\A2504104830 DXA\CR DXA\CR000000.dcm,exact_path,csv_relative_path
Размеченные_244_Илья,C:\Users\Андрей\Desktop\Хакатон\Размеченные_244_Илья\labels.csv,219,2.25.76710355977373089612172037086913478687/series_002_3_CR/A2504104830 DXA/CR DXA/CR000001.dcm,output/2.25.76710355977373089612172037086913478687/series_002_3_CR/A2504104830 DXA/CR DXA/CR000001.dcm,SPINE,,,2026-09-16T17:14:51,1.2.643.5.1.13.13.12.2.77.8252.06151311061015011100110511080701,2.25.76710355977373089612172037086913478687/series_002_3_CR/A2504104830 DXA/CR DXA/CR000001.dcm,C:\Users\Андрей\Desktop\Хакатон\Исследования\2.25.76710355977373089612172037086913478687\series_002_3_CR\A2504104830 DXA\CR DXA\CR000001.dcm,exact_path,csv_relative_path
Размеченные_244_Илья,C:\Users\Андрей\Desktop\Хакатон\Размеченные_244_Илья\labels.csv,220,2.25.76710355977373089612172037086913478687/series_002_3_CR/A2504104830 DXA/CR DXA/CR000002.dcm,output/2.25.76710355977373089612172037086913478687/series_002_3_CR/A2504104830 DXA/CR DXA/CR000002.dcm,LEG,,,2026-09-16T17:14:52,1.2.643.5.1.13.13.12.2.77.8252.02050808061207030811150709091509,2.25.76710355977373089612172037086913478687/series_002_3_CR/A2504104830 DXA/CR DXA/CR000002.dcm,C:\Users\Андрей\Desktop\Хакатон\Исследования\2.25.76710355977373089612172037086913478687\series_002_3_CR\A2504104830 DXA\CR DXA\CR000002.dcm,exact_path,csv_relative_path
Размеченные_244_Илья,C:\Users\Андрей\Desktop\Хакатон\Размеченные_244_Илья\labels.csv,221,2.25.78999454687125053757525542837745968726/series_004_3_CR/A2504222617 DXA/CR DXA/CR000000.dcm,output/2.25.78999454687125053757525542837745968726/series_004_3_CR/A2504222617 DXA/CR DXA/CR000000.dcm,LEG,,,2026-09-16T17:14:53,1.2.643.5.1.13.13.12.2.77.8252.05120913001500151408091003040415,2.25.78999454687125053757525542837745968726/series_004_3_CR/A2504222617 DXA/CR DXA/CR000000.dcm,C:\Users\Андрей\Desktop\Хакатон\Исследования\2.25.78999454687125053757525542837745968726\series_004_3_CR\A2504222617 DXA\CR DXA\CR000000.dcm,exact_path,csv_relative_path
Размеченные_244_Илья,C:\Users\Андрей\Desktop\Хакатон\Размеченные_244_Илья\labels.csv,222,2.25.78999454687125053757525542837745968726/series_004_3_CR/A2504222617 DXA/CR DXA/CR000001.dcm,output/2.25.78999454687125053757525542837745968726/series_004_3_CR/A2504222617 DXA/CR DXA/CR000001.dcm,LEG,,,2026-09-16T17:14:55,1.2.643.5.1.13.13.12.2.77.8252.07150713040501120002001009141410,2.25.78999454687125053757525542837745968726/series_004_3_CR/A2504222617 DXA/CR DXA/CR000001.dcm,C:\Users\Андрей\Desktop\Хакатон\Исследования\2.25.78999454687125053757525542837745968726\series_004_3_CR\A2504222617 DXA\CR DXA\CR000001.dcm,exact_path,csv_relative_path
Размеченные_244_Илья,C:\Users\Андрей\Desktop\Хакатон\Размеченные_244_Илья\labels.csv,223,2.25.78999454687125053757525542837745968726/series_004_3_CR/A2504222617 DXA/CR DXA/CR000002.dcm,output/2.25.78999454687125053757525542837745968726/series_004_3_CR/A2504222617 DXA/CR DXA/CR000002.dcm,SPINE,,,2026-09-16T17:14:58,1.2.643.5.1.13.13.12.2.77.8252.11011500050713141305050211140308,2.25.78999454687125053757525542837745968726/series_004_3_CR/A2504222617 DXA/CR DXA/CR000002.dcm,C:\Users\Андрей\Desktop\Хакатон\Исследования\2.25.78999454687125053757525542837745968726\series_004_3_CR\A2504222617 DXA\CR DXA\CR000002.dcm,exact_path,csv_relative_path
Размеченные_244_Илья,C:\Users\Андрей\Desktop\Хакатон\Размеченные_244_Илья\labels.csv,224,2.25.82912555346523716720160717883917565880/series_002_2_CR/A2504149480 DXA/CR DXA/CR000000.dcm,output/2.25.82912555346523716720160717883917565880/series_002_2_CR/A2504149480 DXA/CR DXA/CR000000.dcm,LEG,,,2026-09-16T17:15:01,1.2.643.5.1.13.13.12.2.77.8252.15121403061107000609060400100413,2.25.82912555346523716720160717883917565880/series_002_2_CR/A2504149480 DXA/CR DXA/CR000000.dcm,C:\Users\Андрей\Desktop\Хакатон\Исследования\2.25.82912555346523716720160717883917565880\series_002_2_CR\A2504149480 DXA\CR DXA\CR000000.dcm,exact_path,csv_relative_path
Размеченные_244_Илья,C:\Users\Андрей\Desktop\Хакатон\Размеченные_244_Илья\labels.csv,225,2.25.82912555346523716720160717883917565880/series_002_2_CR/A2504149480 DXA/CR DXA/CR000001.dcm,output/2.25.82912555346523716720160717883917565880/series_002_2_CR/A2504149480 DXA/CR DXA/CR000001.dcm,SPINE,,,2026-09-16T17:15:03,1.2.643.5.1.13.13.12.2.77.8252.14111212050609060202121515040103,2.25.82912555346523716720160717883917565880/series_002_2_CR/A2504149480 DXA/CR DXA/CR000001.dcm,C:\Users\Андрей\Desktop\Хакатон\Исследования\2.25.82912555346523716720160717883917565880\series_002_2_CR\A2504149480 DXA\CR DXA\CR000001.dcm,exact_path,csv_relative_path
Размеченные_244_Илья,C:\Users\Андрей\Desktop\Хакатон\Размеченные_244_Илья\labels.csv,226,2.25.82912555346523716720160717883917565880/series_002_2_CR/A2504149480 DXA/CR DXA/CR000002.dcm,output/2.25.82912555346523716720160717883917565880/series_002_2_CR/A2504149480 DXA/CR DXA/CR000002.dcm,LEG,,,2026-09-16T17:15:05,1.2.643.5.1.13.13.12.2.77.8252.07130510130614040904060413131200,2.25.82912555346523716720160717883917565880/series_002_2_CR/A2504149480 DXA/CR DXA/CR000002.dcm,C:\Users\Андрей\Desktop\Хакатон\Исследования\2.25.82912555346523716720160717883917565880\series_002_2_CR\A2504149480 DXA\CR DXA\CR000002.dcm,exact_path,csv_relative_path
Размеченные_244_Илья,C:\Users\Андрей\Desktop\Хакатон\Размеченные_244_Илья\labels.csv,227,2.25.82912555346523716720160717883917565880/series_002_2_CR/A2504149480 DXA/CR DXA/CR000003.dcm,output/2.25.82912555346523716720160717883917565880/series_002_2_CR/A2504149480 DXA/CR DXA/CR000003.dcm,LEG,,,2026-09-16T17:15:06,1.2.643.5.1.13.13.12.2.77.8252.06060810060308150905140912050013,2.25.82912555346523716720160717883917565880/series_002_2_CR/A2504149480 DXA/CR DXA/CR000003.dcm,C:\Users\Андрей\Desktop\Хакатон\Исследования\2.25.82912555346523716720160717883917565880\series_002_2_CR\A2504149480 DXA\CR DXA\CR000003.dcm,exact_path,csv_relative_path
Размеченные_244_Илья,C:\Users\Андрей\Desktop\Хакатон\Размеченные_244_Илья\labels.csv,228,2.25.82912555346523716720160717883917565880/series_002_2_CR/A2504149480 DXA/CR DXA/CR000004.dcm,output/2.25.82912555346523716720160717883917565880/series_002_2_CR/A2504149480 DXA/CR DXA/CR000004.dcm,LEG,,,2026-09-16T17:15:07,1.2.643.5.1.13.13.12.2.77.8252.13130903011502030304101506090814,2.25.82912555346523716720160717883917565880/series_002_2_CR/A2504149480 DXA/CR DXA/CR000004.dcm,C:\Users\Андрей\Desktop\Хакатон\Исследования\2.25.82912555346523716720160717883917565880\series_002_2_CR\A2504149480 DXA\CR DXA\CR000004.dcm,exact_path,csv_relative_path
Размеченные_244_Илья,C:\Users\Андрей\Desktop\Хакатон\Размеченные_244_Илья\labels.csv,229,2.25.82912555346523716720160717883917565880/series_002_2_CR/A2504149480 DXA/CR DXA/CR000005.dcm,output/2.25.82912555346523716720160717883917565880/series_002_2_CR/A2504149480 DXA/CR DXA/CR000005.dcm,SPINE,,,2026-09-16T17:15:09,1.2.643.5.1.13.13.12.2.77.8252.15001111061311011106030303001309,2.25.82912555346523716720160717883917565880/series_002_2_CR/A2504149480 DXA/CR DXA/CR000005.dcm,C:\Users\Андрей\Desktop\Хакатон\Исследования\2.25.82912555346523716720160717883917565880\series_002_2_CR\A2504149480 DXA\CR DXA\CR000005.dcm,exact_path,csv_relative_path
Размеченные_244_Илья,C:\Users\Андрей\Desktop\Хакатон\Размеченные_244_Илья\labels.csv,230,2.25.87718478011637131470224319788530286374/series_002_2_CR/A2504337993 DXA/CR DXA/CR000000.dcm,output/2.25.87718478011637131470224319788530286374/series_002_2_CR/A2504337993 DXA/CR DXA/CR000000.dcm,SPINE,,,2026-09-16T17:15:10,1.2.643.5.1.13.13.12.2.77.8252.10041006131411151513070104110809,2.25.87718478011637131470224319788530286374/series_002_2_CR/A2504337993 DXA/CR DXA/CR000000.dcm,C:\Users\Андрей\Desktop\Хакатон\Исследования\2.25.87718478011637131470224319788530286374\series_002_2_CR\A2504337993 DXA\CR DXA\CR000000.dcm,exact_path,csv_relative_path
Размеченные_244_Илья,C:\Users\Андрей\Desktop\Хакатон\Размеченные_244_Илья\labels.csv,231,2.25.87869906212286587478854831452123526595/series_002_2_CR/A250419699 DXA/CR DXA/CR000000.dcm,output/2.25.87869906212286587478854831452123526595/series_002_2_CR/A250419699 DXA/CR DXA/CR000000.dcm,LEG,,,2026-09-16T17:15:12,1.2.643.5.1.13.13.12.2.77.8252.06111209081313111015020309051508,2.25.87869906212286587478854831452123526595/series_002_2_CR/A250419699 DXA/CR DXA/CR000000.dcm,C:\Users\Андрей\Desktop\Хакатон\Исследования\2.25.87869906212286587478854831452123526595\series_002_2_CR\A250419699 DXA\CR DXA\CR000000.dcm,exact_path,csv_relative_path
Размеченные_244_Илья,C:\Users\Андрей\Desktop\Хакатон\Размеченные_244_Илья\labels.csv,232,2.25.87869906212286587478854831452123526595/series_002_2_CR/A250419699 DXA/CR DXA/CR000001.dcm,output/2.25.87869906212286587478854831452123526595/series_002_2_CR/A250419699 DXA/CR DXA/CR000001.dcm,SPINE,,,2026-09-16T17:15:13,1.2.643.5.1.13.13.12.2.77.8252.04050904100201141507070306131511,2.25.87869906212286587478854831452123526595/series_002_2_CR/A250419699 DXA/CR DXA/CR000001.dcm,C:\Users\Андрей\Desktop\Хакатон\Исследования\2.25.87869906212286587478854831452123526595\series_002_2_CR\A250419699 DXA\CR DXA\CR000001.dcm,exact_path,csv_relative_path
Размеченные_244_Илья,C:\Users\Андрей\Desktop\Хакатон\Размеченные_244_Илья\labels.csv,233,2.25.87869906212286587478854831452123526595/series_002_2_CR/A250419699 DXA/CR DXA/CR000002.dcm,output/2.25.87869906212286587478854831452123526595/series_002_2_CR/A250419699 DXA/CR DXA/CR000002.dcm,LEG,,,2026-09-16T17:15:15,1.2.643.5.1.13.13.12.2.77.8252.15101115041306031303150405131115,2.25.87869906212286587478854831452123526595/series_002_2_CR/A250419699 DXA/CR DXA/CR000002.dcm,C:\Users\Андрей\Desktop\Хакатон\Исследования\2.25.87869906212286587478854831452123526595\series_002_2_CR\A250419699 DXA\CR DXA\CR000002.dcm,exact_path,csv_relative_path
Размеченные_244_Илья,C:\Users\Андрей\Desktop\Хакатон\Размеченные_244_Илья\labels.csv,234,2.25.91981043841368764114007975581101713077/series_003_2_CR/A250496619 DXA/CR DXA/CR000000.dcm,output/2.25.91981043841368764114007975581101713077/series_003_2_CR/A250496619 DXA/CR DXA/CR000000.dcm,LEG,,,2026-09-16T17:15:16,1.2.643.5.1.13.13.12.2.77.8252.08061201060114131102110802141411,2.25.91981043841368764114007975581101713077/series_003_2_CR/A250496619 DXA/CR DXA/CR000000.dcm,C:\Users\Андрей\Desktop\Хакатон\Исследования\2.25.91981043841368764114007975581101713077\series_003_2_CR\A250496619 DXA\CR DXA\CR000000.dcm,exact_path,csv_relative_path
Размеченные_244_Илья,C:\Users\Андрей\Desktop\Хакатон\Размеченные_244_Илья\labels.csv,235,2.25.91981043841368764114007975581101713077/series_003_2_CR/A250496619 DXA/CR DXA/CR000001.dcm,output/2.25.91981043841368764114007975581101713077/series_003_2_CR/A250496619 DXA/CR DXA/CR000001.dcm,LEG,,,2026-09-16T17:15:18,1.2.643.5.1.13.13.12.2.77.8252.04141409090807040100020211061514,2.25.91981043841368764114007975581101713077/series_003_2_CR/A250496619 DXA/CR DXA/CR000001.dcm,C:\Users\Андрей\Desktop\Хакатон\Исследования\2.25.91981043841368764114007975581101713077\series_003_2_CR\A250496619 DXA\CR DXA\CR000001.dcm,exact_path,csv_relative_path
Размеченные_244_Илья,C:\Users\Андрей\Desktop\Хакатон\Размеченные_244_Илья\labels.csv,236,2.25.91981043841368764114007975581101713077/series_003_2_CR/A250496619 DXA/CR DXA/CR000002.dcm,output/2.25.91981043841368764114007975581101713077/series_003_2_CR/A250496619 DXA/CR DXA/CR000002.dcm,LEG,,,2026-09-16T17:15:20,1.2.643.5.1.13.13.12.2.77.8252.04000607141411061507120106050309,2.25.91981043841368764114007975581101713077/series_003_2_CR/A250496619 DXA/CR DXA/CR000002.dcm,C:\Users\Андрей\Desktop\Хакатон\Исследования\2.25.91981043841368764114007975581101713077\series_003_2_CR\A250496619 DXA\CR DXA\CR000002.dcm,exact_path,csv_relative_path
Размеченные_244_Илья,C:\Users\Андрей\Desktop\Хакатон\Размеченные_244_Илья\labels.csv,237,2.25.91981043841368764114007975581101713077/series_003_2_CR/A250496619 DXA/CR DXA/CR000003.dcm,output/2.25.91981043841368764114007975581101713077/series_003_2_CR/A250496619 DXA/CR DXA/CR000003.dcm,LEG,,,2026-09-16T17:15:21,1.2.643.5.1.13.13.12.2.77.8252.03130309141409040708100214070815,2.25.91981043841368764114007975581101713077/series_003_2_CR/A250496619 DXA/CR DXA/CR000003.dcm,C:\Users\Андрей\Desktop\Хакатон\Исследования\2.25.91981043841368764114007975581101713077\series_003_2_CR\A250496619 DXA\CR DXA\CR000003.dcm,exact_path,csv_relative_path
Размеченные_244_Илья,C:\Users\Андрей\Desktop\Хакатон\Размеченные_244_Илья\labels.csv,238,2.25.91981043841368764114007975581101713077/series_003_2_CR/A250496619 DXA/CR DXA/CR000004.dcm,output/2.25.91981043841368764114007975581101713077/series_003_2_CR/A250496619 DXA/CR DXA/CR000004.dcm,SPINE,,,2026-09-16T17:15:23,1.2.643.5.1.13.13.12.2.77.8252.07021003040810040809000711080701,2.25.91981043841368764114007975581101713077/series_003_2_CR/A250496619 DXA/CR DXA/CR000004.dcm,C:\Users\Андрей\Desktop\Хакатон\Исследования\2.25.91981043841368764114007975581101713077\series_003_2_CR\A250496619 DXA\CR DXA\CR000004.dcm,exact_path,csv_relative_path
Размеченные_244_Илья,C:\Users\Андрей\Desktop\Хакатон\Размеченные_244_Илья\labels.csv,239,2.25.91981043841368764114007975581101713077/series_003_2_CR/A250496619 DXA/CR DXA/CR000005.dcm,output/2.25.91981043841368764114007975581101713077/series_003_2_CR/A250496619 DXA/CR DXA/CR000005.dcm,LEG,,,2026-09-16T17:15:26,1.2.643.5.1.13.13.12.2.77.8252.04111101091200130111070203120509,2.25.91981043841368764114007975581101713077/series_003_2_CR/A250496619 DXA/CR DXA/CR000005.dcm,C:\Users\Андрей\Desktop\Хакатон\Исследования\2.25.91981043841368764114007975581101713077\series_003_2_CR\A250496619 DXA\CR DXA\CR000005.dcm,exact_path,csv_relative_path
Размеченные_244_Илья,C:\Users\Андрей\Desktop\Хакатон\Размеченные_244_Илья\labels.csv,240,2.25.91981043841368764114007975581101713077/series_003_2_CR/A250496619 DXA/CR DXA/CR000006.dcm,output/2.25.91981043841368764114007975581101713077/series_003_2_CR/A250496619 DXA/CR DXA/CR000006.dcm,LEG,,,2026-09-16T17:15:28,1.2.643.5.1.13.13.12.2.77.8252.04141300131506141004121211120710,2.25.91981043841368764114007975581101713077/series_003_2_CR/A250496619 DXA/CR DXA/CR000006.dcm,C:\Users\Андрей\Desktop\Хакатон\Исследования\2.25.91981043841368764114007975581101713077\series_003_2_CR\A250496619 DXA\CR DXA\CR000006.dcm,exact_path,csv_relative_path
Размеченные_244_Илья,C:\Users\Андрей\Desktop\Хакатон\Размеченные_244_Илья\labels.csv,241,2.25.91981043841368764114007975581101713077/series_003_2_CR/A250496619 DXA/CR DXA/CR000007.dcm,output/2.25.91981043841368764114007975581101713077/series_003_2_CR/A250496619 DXA/CR DXA/CR000007.dcm,LEG,,,2026-09-16T17:15:29,1.2.643.5.1.13.13.12.2.77.8252.09031306140406050914091115001515,2.25.91981043841368764114007975581101713077/series_003_2_CR/A250496619 DXA/CR DXA/CR000007.dcm,C:\Users\Андрей\Desktop\Хакатон\Исследования\2.25.91981043841368764114007975581101713077\series_003_2_CR\A250496619 DXA\CR DXA\CR000007.dcm,exact_path,csv_relative_path
Размеченные_244_Илья,C:\Users\Андрей\Desktop\Хакатон\Размеченные_244_Илья\labels.csv,242,2.25.91981043841368764114007975581101713077/series_003_2_CR/A250496619 DXA/CR DXA/CR000008.dcm,output/2.25.91981043841368764114007975581101713077/series_003_2_CR/A250496619 DXA/CR DXA/CR000008.dcm,LEG,,,2026-09-16T17:15:32,1.2.643.5.1.13.13.12.2.77.8252.03070910041410130909021014090904,2.25.91981043841368764114007975581101713077/series_003_2_CR/A250496619 DXA/CR DXA/CR000008.dcm,C:\Users\Андрей\Desktop\Хакатон\Исследования\2.25.91981043841368764114007975581101713077\series_003_2_CR\A250496619 DXA\CR DXA\CR000008.dcm,exact_path,csv_relative_path
Размеченные_244_Илья,C:\Users\Андрей\Desktop\Хакатон\Размеченные_244_Илья\labels.csv,243,2.25.91981043841368764114007975581101713077/series_003_2_CR/A250496619 DXA/CR DXA/CR000009.dcm,output/2.25.91981043841368764114007975581101713077/series_003_2_CR/A250496619 DXA/CR DXA/CR000009.dcm,SPINE,,,2026-09-16T17:15:34,1.2.643.5.1.13.13.12.2.77.8252.01031400050508070812091015000904,2.25.91981043841368764114007975581101713077/series_003_2_CR/A250496619 DXA/CR DXA/CR000009.dcm,C:\Users\Андрей\Desktop\Хакатон\Исследования\2.25.91981043841368764114007975581101713077\series_003_2_CR\A250496619 DXA\CR DXA\CR000009.dcm,exact_path,csv_relative_path
Размеченные_244_Илья,C:\Users\Андрей\Desktop\Хакатон\Размеченные_244_Илья\labels.csv,244,2.25.91981043841368764114007975581101713077/series_003_2_CR/A250496619 DXA/CR DXA/CR000010.dcm,output/2.25.91981043841368764114007975581101713077/series_003_2_CR/A250496619 DXA/CR DXA/CR000010.dcm,SPINE,,,2026-09-16T17:15:35,1.2.643.5.1.13.13.12.2.77.8252.07120905081404061009060805020905,2.25.91981043841368764114007975581101713077/series_003_2_CR/A250496619 DXA/CR DXA/CR000010.dcm,C:\Users\Андрей\Desktop\Хакатон\Исследования\2.25.91981043841368764114007975581101713077\series_003_2_CR\A250496619 DXA\CR DXA\CR000010.dcm,exact_path,csv_relative_path
Размеченные_244_Илья,C:\Users\Андрей\Desktop\Хакатон\Размеченные_244_Илья\labels.csv,245,2.25.91981043841368764114007975581101713077/series_003_2_CR/A250496619 DXA/CR DXA/CR000011.dcm,output/2.25.91981043841368764114007975581101713077/series_003_2_CR/A250496619 DXA/CR DXA/CR000011.dcm,LEG,,,2026-09-16T17:15:43,1.2.643.5.1.13.13.12.2.77.8252.07130502151014041012130400130108,2.25.91981043841368764114007975581101713077/series_003_2_CR/A250496619 DXA/CR DXA/CR000011.dcm,C:\Users\Андрей\Desktop\Хакатон\Исследования\2.25.91981043841368764114007975581101713077\series_003_2_CR\A250496619 DXA\CR DXA\CR000011.dcm,exact_path,csv_relative_path
Размеченные_499_Илья,C:\Users\Андрей\Desktop\Хакатон\Размеченные_499_Илья\labels.csv,2,1.2.840.113619.2.110.512719.20250403090444/series_004_3_CR/DXA/CR DXA/CR000000.dcm,output/1.2.840.113619.2.110.512719.20250403090444/series_004_3_CR/DXA/CR DXA/CR000000.dcm,SPINE,,,2026-09-16T17:53:58,1.2.643.5.1.13.13.12.2.77.8252.14031015091008031013040205110915,1.2.840.113619.2.110.512719.20250403090444/series_004_3_CR/DXA/CR DXA/CR000000.dcm,C:\Users\Андрей\Desktop\Хакатон\Исследования\1.2.840.113619.2.110.512719.20250403090444\series_004_3_CR\DXA\CR DXA\CR000000.dcm,exact_path,csv_relative_path
Размеченные_499_Илья,C:\Users\Андрей\Desktop\Хакатон\Размеченные_499_Илья\labels.csv,3,1.2.840.113619.2.110.512719.20250403090444/series_004_3_CR/DXA/CR DXA/CR000001.dcm,output/1.2.840.113619.2.110.512719.20250403090444/series_004_3_CR/DXA/CR DXA/CR000001.dcm,LEG,,,2026-09-16T17:54:00,1.2.643.5.1.13.13.12.2.77.8252.03030811151201151502050615010000,1.2.840.113619.2.110.512719.20250403090444/series_004_3_CR/DXA/CR DXA/CR000001.dcm,C:\Users\Андрей\Desktop\Хакатон\Исследования\1.2.840.113619.2.110.512719.20250403090444\series_004_3_CR\DXA\CR DXA\CR000001.dcm,exact_path,csv_relative_path
Размеченные_499_Илья,C:\Users\Андрей\Desktop\Хакатон\Размеченные_499_Илья\labels.csv,4,1.2.840.113619.2.110.512719.20250403090444/series_004_3_CR/DXA/CR DXA/CR000002.dcm,output/1.2.840.113619.2.110.512719.20250403090444/series_004_3_CR/DXA/CR DXA/CR000002.dcm,LEG,,,2026-09-16T17:54:02,1.2.643.5.1.13.13.12.2.77.8252.06000812101106141213041404150112,1.2.840.113619.2.110.512719.20250403090444/series_004_3_CR/DXA/CR DXA/CR000002.dcm,C:\Users\Андрей\Desktop\Хакатон\Исследования\1.2.840.113619.2.110.512719.20250403090444\series_004_3_CR\DXA\CR DXA\CR000002.dcm,exact_path,csv_relative_path
Размеченные_499_Илья,C:\Users\Андрей\Desktop\Хакатон\Размеченные_499_Илья\labels.csv,5,1.2.840.113619.2.110.512719.20250403090444/series_004_3_CR/DXA/CR DXA/CR000003.dcm,output/1.2.840.113619.2.110.512719.20250403090444/series_004_3_CR/DXA/CR DXA/CR000003.dcm,LEG,,,2026-09-16T17:54:06,1.2.643.5.1.13.13.12.2.77.8252.10130209021503050013090302090705,1.2.840.113619.2.110.512719.20250403090444/series_004_3_CR/DXA/CR DXA/CR000003.dcm,C:\Users\Андрей\Desktop\Хакатон\Исследования\1.2.840.113619.2.110.512719.20250403090444\series_004_3_CR\DXA\CR DXA\CR000003.dcm,exact_path,csv_relative_path
Размеченные_499_Илья,C:\Users\Андрей\Desktop\Хакатон\Размеченные_499_Илья\labels.csv,6,1.2.840.113619.2.110.512719.20250403090444/series_004_3_CR/DXA/CR DXA/CR000004.dcm,output/1.2.840.113619.2.110.512719.20250403090444/series_004_3_CR/DXA/CR DXA/CR000004.dcm,LEG,,,2026-09-16T17:54:20,1.2.643.5.1.13.13.12.2.77.8252.13011105091309080008130511041109,1.2.840.113619.2.110.512719.20250403090444/series_004_3_CR/DXA/CR DXA/CR000004.dcm,C:\Users\Андрей\Desktop\Хакатон\Исследования\1.2.840.113619.2.110.512719.20250403090444\series_004_3_CR\DXA\CR DXA\CR000004.dcm,exact_path,csv_relative_path
Размеченные_499_Илья,C:\Users\Андрей\Desktop\Хакатон\Размеченные_499_Илья\labels.csv,7,1.2.840.113619.2.110.512719.20250403090444/series_004_3_CR/DXA/CR DXA/CR000005.dcm,output/1.2.840.113619.2.110.512719.20250403090444/series_004_3_CR/DXA/CR DXA/CR000005.dcm,SPINE,,,2026-09-16T17:54:23,1.2.643.5.1.13.13.12.2.77.8252.04131215000514000414051510091103,1.2.840.113619.2.110.512719.20250403090444/series_004_3_CR/DXA/CR DXA/CR000005.dcm,C:\Users\Андрей\Desktop\Хакатон\Исследования\1.2.840.113619.2.110.512719.20250403090444\series_004_3_CR\DXA\CR DXA\CR000005.dcm,exact_path,csv_relative_path
Размеченные_499_Илья,C:\Users\Андрей\Desktop\Хакатон\Размеченные_499_Илья\labels.csv,8,1.2.840.113619.2.110.512719.20250403092052/series_003_3_CR/DXA/CR DXA/CR000000.dcm,output/1.2.840.113619.2.110.512719.20250403092052/series_003_3_CR/DXA/CR DXA/CR000000.dcm,LEG,,,2026-09-16T17:54:26,1.2.643.5.1.13.13.12.2.77.8252.06140010030611061314081200121305,1.2.840.113619.2.110.512719.20250403092052/series_003_3_CR/DXA/CR DXA/CR000000.dcm,C:\Users\Андрей\Desktop\Хакатон\Исследования\1.2.840.113619.2.110.512719.20250403092052\series_003_3_CR\DXA\CR DXA\CR000000.dcm,exact_path,csv_relative_path
Размеченные_499_Илья,C:\Users\Андрей\Desktop\Хакатон\Размеченные_499_Илья\labels.csv,9,1.2.840.113619.2.110.512719.20250403092052/series_003_3_CR/DXA/CR DXA/CR000001.dcm,output/1.2.840.113619.2.110.512719.20250403092052/series_003_3_CR/DXA/CR DXA/CR000001.dcm,SPINE,,,2026-09-16T17:54:27,1.2.643.5.1.13.13.12.2.77.8252.09050515110402090102050206010406,1.2.840.113619.2.110.512719.20250403092052/series_003_3_CR/DXA/CR DXA/CR000001.dcm,C:\Users\Андрей\Desktop\Хакатон\Исследования\1.2.840.113619.2.110.512719.20250403092052\series_003_3_CR\DXA\CR DXA\CR000001.dcm,exact_path,csv_relative_path
Размеченные_499_Илья,C:\Users\Андрей\Desktop\Хакатон\Размеченные_499_Илья\labels.csv,10,1.2.840.113619.2.110.512719.20250403092052/series_003_3_CR/DXA/CR DXA/CR000002.dcm,output/1.2.840.113619.2.110.512719.20250403092052/series_003_3_CR/DXA/CR DXA/CR000002.dcm,LEG,,,2026-09-16T17:54:29,1.2.643.5.1.13.13.12.2.77.8252.09040712010609120601031410140610,1.2.840.113619.2.110.512719.20250403092052/series_003_3_CR/DXA/CR DXA/CR000002.dcm,C:\Users\Андрей\Desktop\Хакатон\Исследования\1.2.840.113619.2.110.512719.20250403092052\series_003_3_CR\DXA\CR DXA\CR000002.dcm,exact_path,csv_relative_path
Размеченные_499_Илья,C:\Users\Андрей\Desktop\Хакатон\Размеченные_499_Илья\labels.csv,11,1.2.840.113619.2.110.512719.20250403092052/series_003_3_CR/DXA/CR DXA/CR000003.dcm,output/1.2.840.113619.2.110.512719.20250403092052/series_003_3_CR/DXA/CR DXA/CR000003.dcm,LEG,,,2026-09-16T17:54:31,1.2.643.5.1.13.13.12.2.77.8252.07120303070106110214090814060908,1.2.840.113619.2.110.512719.20250403092052/series_003_3_CR/DXA/CR DXA/CR000003.dcm,C:\Users\Андрей\Desktop\Хакатон\Исследования\1.2.840.113619.2.110.512719.20250403092052\series_003_3_CR\DXA\CR DXA\CR000003.dcm,exact_path,csv_relative_path
Размеченные_499_Илья,C:\Users\Андрей\Desktop\Хакатон\Размеченные_499_Илья\labels.csv,12,1.2.840.113619.2.110.512719.20250403092052/series_003_3_CR/DXA/CR DXA/CR000004.dcm,output/1.2.840.113619.2.110.512719.20250403092052/series_003_3_CR/DXA/CR DXA/CR000004.dcm,LEG,,,2026-09-16T17:54:33,1.2.643.5.1.13.13.12.2.77.8252.14060811030909110008140112131212,1.2.840.113619.2.110.512719.20250403092052/series_003_3_CR/DXA/CR DXA/CR000004.dcm,C:\Users\Андрей\Desktop\Хакатон\Исследования\1.2.840.113619.2.110.512719.20250403092052\series_003_3_CR\DXA\CR DXA\CR000004.dcm,exact_path,csv_relative_path
Размеченные_499_Илья,C:\Users\Андрей\Desktop\Хакатон\Размеченные_499_Илья\labels.csv,13,1.2.840.113619.2.110.512719.20250403092052/series_003_3_CR/DXA/CR DXA/CR000005.dcm,output/1.2.840.113619.2.110.512719.20250403092052/series_003_3_CR/DXA/CR DXA/CR000005.dcm,SPINE,,,2026-09-16T17:54:34,1.2.643.5.1.13.13.12.2.77.8252.06111207031100151513000412070105,1.2.840.113619.2.110.512719.20250403092052/series_003_3_CR/DXA/CR DXA/CR000005.dcm,C:\Users\Андрей\Desktop\Хакатон\Исследования\1.2.840.113619.2.110.512719.20250403092052\series_003_3_CR\DXA\CR DXA\CR000005.dcm,exact_path,csv_relative_path
Размеченные_499_Илья,C:\Users\Андрей\Desktop\Хакатон\Размеченные_499_Илья\labels.csv,14,1.2.840.113619.2.110.512719.20250407113211/series_001_2_CR/DXA/CR DXA/CR000000.dcm,output/1.2.840.113619.2.110.512719.20250407113211/series_001_2_CR/DXA/CR DXA/CR000000.dcm,LEG,,,2026-09-16T17:54:36,1.2.643.5.1.13.13.12.2.77.8252.07140808121311040315101301051200,1.2.840.113619.2.110.512719.20250407113211/series_001_2_CR/DXA/CR DXA/CR000000.dcm,C:\Users\Андрей\Desktop\Хакатон\Исследования\1.2.840.113619.2.110.512719.20250407113211\series_001_2_CR\DXA\CR DXA\CR000000.dcm,exact_path,csv_relative_path
Размеченные_499_Илья,C:\Users\Андрей\Desktop\Хакатон\Размеченные_499_Илья\labels.csv,15,1.2.840.113619.2.110.512719.20250407113211/series_001_2_CR/DXA/CR DXA/CR000001.dcm,output/1.2.840.113619.2.110.512719.20250407113211/series_001_2_CR/DXA/CR DXA/CR000001.dcm,LEG,,,2026-09-16T17:54:38,1.2.643.5.1.13.13.12.2.77.8252.10011302120900111505101501141402,1.2.840.113619.2.110.512719.20250407113211/series_001_2_CR/DXA/CR DXA/CR000001.dcm,C:\Users\Андрей\Desktop\Хакатон\Исследования\1.2.840.113619.2.110.512719.20250407113211\series_001_2_CR\DXA\CR DXA\CR000001.dcm,exact_path,csv_relative_path
Размеченные_499_Илья,C:\Users\Андрей\Desktop\Хакатон\Размеченные_499_Илья\labels.csv,16,1.2.840.113619.2.110.512719.20250407113211/series_001_2_CR/DXA/CR DXA/CR000002.dcm,output/1.2.840.113619.2.110.512719.20250407113211/series_001_2_CR/DXA/CR DXA/CR000002.dcm,LEG,,,2026-09-16T17:54:40,1.2.643.5.1.13.13.12.2.77.8252.03030413031313090107050002151508,1.2.840.113619.2.110.512719.20250407113211/series_001_2_CR/DXA/CR DXA/CR000002.dcm,C:\Users\Андрей\Desktop\Хакатон\Исследования\1.2.840.113619.2.110.512719.20250407113211\series_001_2_CR\DXA\CR DXA\CR000002.dcm,exact_path,csv_relative_path
Размеченные_499_Илья,C:\Users\Андрей\Desktop\Хакатон\Размеченные_499_Илья\labels.csv,17,1.2.840.113619.2.110.512719.20250407113211/series_001_2_CR/DXA/CR DXA/CR000003.dcm,output/1.2.840.113619.2.110.512719.20250407113211/series_001_2_CR/DXA/CR DXA/CR000003.dcm,SPINE,,,2026-09-16T17:54:41,1.2.643.5.1.13.13.12.2.77.8252.13101207101114060008151413130115,1.2.840.113619.2.110.512719.20250407113211/series_001_2_CR/DXA/CR DXA/CR000003.dcm,C:\Users\Андрей\Desktop\Хакатон\Исследования\1.2.840.113619.2.110.512719.20250407113211\series_001_2_CR\DXA\CR DXA\CR000003.dcm,exact_path,csv_relative_path
Размеченные_499_Илья,C:\Users\Андрей\Desktop\Хакатон\Размеченные_499_Илья\labels.csv,18,1.2.840.113619.2.110.512719.20250407113211/series_001_2_CR/DXA/CR DXA/CR000004.dcm,output/1.2.840.113619.2.110.512719.20250407113211/series_001_2_CR/DXA/CR DXA/CR000004.dcm,SPINE,,,2026-09-16T17:54:43,1.2.643.5.1.13.13.12.2.77.8252.07150612000412081110110102150004,1.2.840.113619.2.110.512719.20250407113211/series_001_2_CR/DXA/CR DXA/CR000004.dcm,C:\Users\Андрей\Desktop\Хакатон\Исследования\1.2.840.113619.2.110.512719.20250407113211\series_001_2_CR\DXA\CR DXA\CR000004.dcm,exact_path,csv_relative_path
Размеченные_499_Илья,C:\Users\Андрей\Desktop\Хакатон\Размеченные_499_Илья\labels.csv,19,1.2.840.113619.2.110.512719.20250407113211/series_001_2_CR/DXA/CR DXA/CR000005.dcm,output/1.2.840.113619.2.110.512719.20250407113211/series_001_2_CR/DXA/CR DXA/CR000005.dcm,LEG,,,2026-09-16T17:54:46,1.2.643.5.1.13.13.12.2.77.8252.08010006000103071201020606001302,1.2.840.113619.2.110.512719.20250407113211/series_001_2_CR/DXA/CR DXA/CR000005.dcm,C:\Users\Андрей\Desktop\Хакатон\Исследования\1.2.840.113619.2.110.512719.20250407113211\series_001_2_CR\DXA\CR DXA\CR000005.dcm,exact_path,csv_relative_path
Размеченные_499_Илья,C:\Users\Андрей\Desktop\Хакатон\Размеченные_499_Илья\labels.csv,20,2.25.10245777060263212829333021434108890537/series_003_2_CR/A2504412435 DXA/CR DXA/CR000000.dcm,output/2.25.10245777060263212829333021434108890537/series_003_2_CR/A2504412435 DXA/CR DXA/CR000000.dcm,LEG,,,2026-09-16T17:54:48,1.2.643.5.1.13.13.12.2.77.8252.07000215121313030213041009101409,2.25.10245777060263212829333021434108890537/series_003_2_CR/A2504412435 DXA/CR DXA/CR000000.dcm,C:\Users\Андрей\Desktop\Хакатон\Исследования\2.25.10245777060263212829333021434108890537\series_003_2_CR\A2504412435 DXA\CR DXA\CR000000.dcm,exact_path,csv_relative_path
Размеченные_499_Илья,C:\Users\Андрей\Desktop\Хакатон\Размеченные_499_Илья\labels.csv,21,2.25.10245777060263212829333021434108890537/series_003_2_CR/A2504412435 DXA/CR DXA/CR000001.dcm,output/2.25.10245777060263212829333021434108890537/series_003_2_CR/A2504412435 DXA/CR DXA/CR000001.dcm,SPINE,,,2026-09-16T17:54:50,1.2.643.5.1.13.13.12.2.77.8252.14131410040814100713070401091213,2.25.10245777060263212829333021434108890537/series_003_2_CR/A2504412435 DXA/CR DXA/CR000001.dcm,C:\Users\Андрей\Desktop\Хакатон\Исследования\2.25.10245777060263212829333021434108890537\series_003_2_CR\A2504412435 DXA\CR DXA\CR000001.dcm,exact_path,csv_relative_path
Размеченные_499_Илья,C:\Users\Андрей\Desktop\Хакатон\Размеченные_499_Илья\labels.csv,22,2.25.10245777060263212829333021434108890537/series_003_2_CR/A2504412435 DXA/CR DXA/CR000002.dcm,output/2.25.10245777060263212829333021434108890537/series_003_2_CR/A2504412435 DXA/CR DXA/CR000002.dcm,LEG,,,2026-09-16T17:54:52,1.2.643.5.1.13.13.12.2.77.8252.03081500040505121009070211080902,2.25.10245777060263212829333021434108890537/series_003_2_CR/A2504412435 DXA/CR DXA/CR000002.dcm,C:\Users\Андрей\Desktop\Хакатон\Исследования\2.25.10245777060263212829333021434108890537\series_003_2_CR\A2504412435 DXA\CR DXA\CR000002.dcm,exact_path,csv_relative_path
Размеченные_499_Илья,C:\Users\Андрей\Desktop\Хакатон\Размеченные_499_Илья\labels.csv,23,2.25.102755089973625799055786462646268820450/series_002_2_CR/A2504257770 DXA/CR DXA/CR000000.dcm,output/2.25.102755089973625799055786462646268820450/series_002_2_CR/A2504257770 DXA/CR DXA/CR000000.dcm,LEG,,,2026-09-16T17:54:54,1.2.643.5.1.13.13.12.2.77.8252.01140903011212140408111315130511,2.25.102755089973625799055786462646268820450/series_002_2_CR/A2504257770 DXA/CR DXA/CR000000.dcm,C:\Users\Андрей\Desktop\Хакатон\Исследования\2.25.102755089973625799055786462646268820450\series_002_2_CR\A2504257770 DXA\CR DXA\CR000000.dcm,exact_path,csv_relative_path
Размеченные_499_Илья,C:\Users\Андрей\Desktop\Хакатон\Размеченные_499_Илья\labels.csv,24,2.25.102755089973625799055786462646268820450/series_002_2_CR/A2504257770 DXA/CR DXA/CR000001.dcm,output/2.25.102755089973625799055786462646268820450/series_002_2_CR/A2504257770 DXA/CR DXA/CR000001.dcm,SPINE,,,2026-09-16T17:55:00,1.2.643.5.1.13.13.12.2.77.8252.10030113050111051002020402141304,2.25.102755089973625799055786462646268820450/series_002_2_CR/A2504257770 DXA/CR DXA/CR000001.dcm,C:\Users\Андрей\Desktop\Хакатон\Исследования\2.25.102755089973625799055786462646268820450\series_002_2_CR\A2504257770 DXA\CR DXA\CR000001.dcm,exact_path,csv_relative_path
Размеченные_499_Илья,C:\Users\Андрей\Desktop\Хакатон\Размеченные_499_Илья\labels.csv,25,2.25.102755089973625799055786462646268820450/series_002_2_CR/A2504257770 DXA/CR DXA/CR000002.dcm,output/2.25.102755089973625799055786462646268820450/series_002_2_CR/A2504257770 DXA/CR DXA/CR000002.dcm,LEG,,,2026-09-16T17:55:02,1.2.643.5.1.13.13.12.2.77.8252.10100907120107030904131503081506,2.25.102755089973625799055786462646268820450/series_002_2_CR/A2504257770 DXA/CR DXA/CR000002.dcm,C:\Users\Андрей\Desktop\Хакатон\Исследования\2.25.102755089973625799055786462646268820450\series_002_2_CR\A2504257770 DXA\CR DXA\CR000002.dcm,exact_path,csv_relative_path
Размеченные_499_Илья,C:\Users\Андрей\Desktop\Хакатон\Размеченные_499_Илья\labels.csv,26,2.25.102755089973625799055786462646268820450/series_002_2_CR/A2504257770 DXA/CR DXA/CR000003.dcm,output/2.25.102755089973625799055786462646268820450/series_002_2_CR/A2504257770 DXA/CR DXA/CR000003.dcm,LEG,,,2026-09-16T17:55:05,1.2.643.5.1.13.13.12.2.77.8252.11020107010405070800051206110610,2.25.102755089973625799055786462646268820450/series_002_2_CR/A2504257770 DXA/CR DXA/CR000003.dcm,C:\Users\Андрей\Desktop\Хакатон\Исследования\2.25.102755089973625799055786462646268820450\series_002_2_CR\A2504257770 DXA\CR DXA\CR000003.dcm,exact_path,csv_relative_path
Размеченные_499_Илья,C:\Users\Андрей\Desktop\Хакатон\Размеченные_499_Илья\labels.csv,27,2.25.102755089973625799055786462646268820450/series_002_2_CR/A2504257770 DXA/CR DXA/CR000004.dcm,output/2.25.102755089973625799055786462646268820450/series_002_2_CR/A2504257770 DXA/CR DXA/CR000004.dcm,SPINE,,,2026-09-16T17:55:07,1.2.643.5.1.13.13.12.2.77.8252.07001207050006000600091513060701,2.25.102755089973625799055786462646268820450/series_002_2_CR/A2504257770 DXA/CR DXA/CR000004.dcm,C:\Users\Андрей\Desktop\Хакатон\Исследования\2.25.102755089973625799055786462646268820450\series_002_2_CR\A2504257770 DXA\CR DXA\CR000004.dcm,exact_path,csv_relative_path
Размеченные_499_Илья,C:\Users\Андрей\Desktop\Хакатон\Размеченные_499_Илья\labels.csv,28,2.25.102755089973625799055786462646268820450/series_002_2_CR/A2504257770 DXA/CR DXA/CR000005.dcm,output/2.25.102755089973625799055786462646268820450/series_002_2_CR/A2504257770 DXA/CR DXA/CR000005.dcm,LEG,,,2026-09-16T17:55:10,1.2.643.5.1.13.13.12.2.77.8252.10091111150614140108020903000009,2.25.102755089973625799055786462646268820450/series_002_2_CR/A2504257770 DXA/CR DXA/CR000005.dcm,C:\Users\Андрей\Desktop\Хакатон\Исследования\2.25.102755089973625799055786462646268820450\series_002_2_CR\A2504257770 DXA\CR DXA\CR000005.dcm,exact_path,csv_relative_path
Размеченные_499_Илья,C:\Users\Андрей\Desktop\Хакатон\Размеченные_499_Илья\labels.csv,29,2.25.102965897799404973225419898683246248872/series_001_2_CR/A250726353 DXA/CR DXA/CR000000.dcm,output/2.25.102965897799404973225419898683246248872/series_001_2_CR/A250726353 DXA/CR DXA/CR000000.dcm,LEG,,,2026-09-16T17:55:13,1.2.643.5.1.13.13.12.2.77.8252.10140807011010031112140700150015,2.25.102965897799404973225419898683246248872/series_001_2_CR/A250726353 DXA/CR DXA/CR000000.dcm,C:\Users\Андрей\Desktop\Хакатон\Исследования\2.25.102965897799404973225419898683246248872\series_001_2_CR\A250726353 DXA\CR DXA\CR000000.dcm,exact_path,csv_relative_path
Размеченные_499_Илья,C:\Users\Андрей\Desktop\Хакатон\Размеченные_499_Илья\labels.csv,30,2.25.102965897799404973225419898683246248872/series_001_2_CR/A250726353 DXA/CR DXA/CR000001.dcm,output/2.25.102965897799404973225419898683246248872/series_001_2_CR/A250726353 DXA/CR DXA/CR000001.dcm,SPINE,,,2026-09-16T17:55:15,1.2.643.5.1.13.13.12.2.77.8252.11011413051206050400150606100110,2.25.102965897799404973225419898683246248872/series_001_2_CR/A250726353 DXA/CR DXA/CR000001.dcm,C:\Users\Андрей\Desktop\Хакатон\Исследования\2.25.102965897799404973225419898683246248872\series_001_2_CR\A250726353 DXA\CR DXA\CR000001.dcm,exact_path,csv_relative_path
Размеченные_499_Илья,C:\Users\Андрей\Desktop\Хакатон\Размеченные_499_Илья\labels.csv,31,2.25.102965897799404973225419898683246248872/series_001_2_CR/A250726353 DXA/CR DXA/CR000002.dcm,output/2.25.102965897799404973225419898683246248872/series_001_2_CR/A250726353 DXA/CR DXA/CR000002.dcm,LEG,,,2026-09-16T17:55:18,1.2.643.5.1.13.13.12.2.77.8252.06050309100102041203101101110913,2.25.102965897799404973225419898683246248872/series_001_2_CR/A250726353 DXA/CR DXA/CR000002.dcm,C:\Users\Андрей\Desktop\Хакатон\Исследования\2.25.102965897799404973225419898683246248872\series_001_2_CR\A250726353 DXA\CR DXA\CR000002.dcm,exact_path,csv_relative_path
Размеченные_499_Илья,C:\Users\Андрей\Desktop\Хакатон\Размеченные_499_Илья\labels.csv,32,2.25.103868781101960771917584077315578649178/series_001_3_CR/A2507485409 DXA/CR DXA/CR000000.dcm,output/2.25.103868781101960771917584077315578649178/series_001_3_CR/A2507485409 DXA/CR DXA/CR000000.dcm,LEG,,,2026-09-16T17:55:22,1.2.643.5.1.13.13.12.2.77.8252.15031208100010080909150509041308,2.25.103868781101960771917584077315578649178/series_001_3_CR/A2507485409 DXA/CR DXA/CR000000.dcm,C:\Users\Андрей\Desktop\Хакатон\Исследования\2.25.103868781101960771917584077315578649178\series_001_3_CR\A2507485409 DXA\CR DXA\CR000000.dcm,exact_path,csv_relative_path
Размеченные_499_Илья,C:\Users\Андрей\Desktop\Хакатон\Размеченные_499_Илья\labels.csv,33,2.25.103868781101960771917584077315578649178/series_001_3_CR/A2507485409 DXA/CR DXA/CR000001.dcm,output/2.25.103868781101960771917584077315578649178/series_001_3_CR/A2507485409 DXA/CR DXA/CR000001.dcm,LEG,,,2026-09-16T17:55:24,1.2.643.5.1.13.13.12.2.77.8252.12051209130410130502141403101414,2.25.103868781101960771917584077315578649178/series_001_3_CR/A2507485409 DXA/CR DXA/CR000001.dcm,C:\Users\Андрей\Desktop\Хакатон\Исследования\2.25.103868781101960771917584077315578649178\series_001_3_CR\A2507485409 DXA\CR DXA\CR000001.dcm,exact_path,csv_relative_path
Размеченные_499_Илья,C:\Users\Андрей\Desktop\Хакатон\Размеченные_499_Илья\labels.csv,34,2.25.103868781101960771917584077315578649178/series_001_3_CR/A2507485409 DXA/CR DXA/CR000002.dcm,output/2.25.103868781101960771917584077315578649178/series_001_3_CR/A2507485409 DXA/CR DXA/CR000002.dcm,SPINE,,,2026-09-16T17:55:27,1.2.643.5.1.13.13.12.2.77.8252.08120904010605130814050710080508,2.25.103868781101960771917584077315578649178/series_001_3_CR/A2507485409 DXA/CR DXA/CR000002.dcm,C:\Users\Андрей\Desktop\Хакатон\Исследования\2.25.103868781101960771917584077315578649178\series_001_3_CR\A2507485409 DXA\CR DXA\CR000002.dcm,exact_path,csv_relative_path
Размеченные_499_Илья,C:\Users\Андрей\Desktop\Хакатон\Размеченные_499_Илья\labels.csv,35,2.25.105033841136787477881326326053319223817/series_001_2_CR/A250790559 DXA/CR DXA/CR000000.dcm,output/2.25.105033841136787477881326326053319223817/series_001_2_CR/A250790559 DXA/CR DXA/CR000000.dcm,SPINE,,,2026-09-16T17:55:29,1.2.643.5.1.13.13.12.2.77.8252.00071307071102020311080215100104,2.25.105033841136787477881326326053319223817/series_001_2_CR/A250790559 DXA/CR DXA/CR000000.dcm,C:\Users\Андрей\Desktop\Хакатон\Исследования\2.25.105033841136787477881326326053319223817\series_001_2_CR\A250790559 DXA\CR DXA\CR000000.dcm,exact_path,csv_relative_path
Размеченные_499_Илья,C:\Users\Андрей\Desktop\Хакатон\Размеченные_499_Илья\labels.csv,36,2.25.105033841136787477881326326053319223817/series_001_2_CR/A250790559 DXA/CR DXA/CR000001.dcm,output/2.25.105033841136787477881326326053319223817/series_001_2_CR/A250790559 DXA/CR DXA/CR000001.dcm,SPINE,,,2026-09-16T17:55:32,1.2.643.5.1.13.13.12.2.77.8252.12021012060504060503030002061208,2.25.105033841136787477881326326053319223817/series_001_2_CR/A250790559 DXA/CR DXA/CR000001.dcm,C:\Users\Андрей\Desktop\Хакатон\Исследования\2.25.105033841136787477881326326053319223817\series_001_2_CR\A250790559 DXA\CR DXA\CR000001.dcm,exact_path,csv_relative_path
Размеченные_499_Илья,C:\Users\Андрей\Desktop\Хакатон\Размеченные_499_Илья\labels.csv,37,2.25.105033841136787477881326326053319223817/series_001_2_CR/A250790559 DXA/CR DXA/CR000002.dcm,output/2.25.105033841136787477881326326053319223817/series_001_2_CR/A250790559 DXA/CR DXA/CR000002.dcm,LEG,,,2026-09-16T17:55:35,1.2.643.5.1.13.13.12.2.77.8252.11131406091213131205130612021414,2.25.105033841136787477881326326053319223817/series_001_2_CR/A250790559 DXA/CR DXA/CR000002.dcm,C:\Users\Андрей\Desktop\Хакатон\Исследования\2.25.105033841136787477881326326053319223817\series_001_2_CR\A250790559 DXA\CR DXA\CR000002.dcm,exact_path,csv_relative_path
Размеченные_499_Илья,C:\Users\Андрей\Desktop\Хакатон\Размеченные_499_Илья\labels.csv,38,2.25.105033841136787477881326326053319223817/series_001_2_CR/A250790559 DXA/CR DXA/CR000003.dcm,output/2.25.105033841136787477881326326053319223817/series_001_2_CR/A250790559 DXA/CR DXA/CR000003.dcm,LEG,,,2026-09-16T17:55:39,1.2.643.5.1.13.13.12.2.77.8252.14130208070502001411050502150202,2.25.105033841136787477881326326053319223817/series_001_2_CR/A250790559 DXA/CR DXA/CR000003.dcm,C:\Users\Андрей\Desktop\Хакатон\Исследования\2.25.105033841136787477881326326053319223817\series_001_2_CR\A250790559 DXA\CR DXA\CR000003.dcm,exact_path,csv_relative_path
Размеченные_499_Илья,C:\Users\Андрей\Desktop\Хакатон\Размеченные_499_Илья\labels.csv,39,2.25.105033841136787477881326326053319223817/series_001_2_CR/A250790559 DXA/CR DXA/CR000004.dcm,output/2.25.105033841136787477881326326053319223817/series_001_2_CR/A250790559 DXA/CR DXA/CR000004.dcm,LEG,,,2026-09-16T17:55:42,1.2.643.5.1.13.13.12.2.77.8252.11120508121303130402081303070008,2.25.105033841136787477881326326053319223817/series_001_2_CR/A250790559 DXA/CR DXA/CR000004.dcm,C:\Users\Андрей\Desktop\Хакатон\Исследования\2.25.105033841136787477881326326053319223817\series_001_2_CR\A250790559 DXA\CR DXA\CR000004.dcm,exact_path,csv_relative_path
Размеченные_499_Илья,C:\Users\Андрей\Desktop\Хакатон\Размеченные_499_Илья\labels.csv,40,2.25.105033841136787477881326326053319223817/series_001_2_CR/A250790559 DXA/CR DXA/CR000005.dcm,output/2.25.105033841136787477881326326053319223817/series_001_2_CR/A250790559 DXA/CR DXA/CR000005.dcm,LEG,,,2026-09-16T17:55:46,1.2.643.5.1.13.13.12.2.77.8252.03090510061307040702090411010105,2.25.105033841136787477881326326053319223817/series_001_2_CR/A250790559 DXA/CR DXA/CR000005.dcm,C:\Users\Андрей\Desktop\Хакатон\Исследования\2.25.105033841136787477881326326053319223817\series_001_2_CR\A250790559 DXA\CR DXA\CR000005.dcm,exact_path,csv_relative_path
Размеченные_499_Илья,C:\Users\Андрей\Desktop\Хакатон\Размеченные_499_Илья\labels.csv,41,2.25.108537195937431169718850276671337677972/series_002_2_CR/A250479795 DXA/CR DXA/CR000000.dcm,output/2.25.108537195937431169718850276671337677972/series_002_2_CR/A250479795 DXA/CR DXA/CR000000.dcm,SPINE,,,2026-09-16T17:55:49,1.2.643.5.1.13.13.12.2.77.8252.14031513011512070711151413071213,2.25.108537195937431169718850276671337677972/series_002_2_CR/A250479795 DXA/CR DXA/CR000000.dcm,C:\Users\Андрей\Desktop\Хакатон\Исследования\2.25.108537195937431169718850276671337677972\series_002_2_CR\A250479795 DXA\CR DXA\CR000000.dcm,exact_path,csv_relative_path
Размеченные_499_Илья,C:\Users\Андрей\Desktop\Хакатон\Размеченные_499_Илья\labels.csv,42,2.25.11175860580562939441493697221497597640/series_003_2_CR/A2507431060 DXA/CR DXA/CR000000.dcm,output/2.25.11175860580562939441493697221497597640/series_003_2_CR/A2507431060 DXA/CR DXA/CR000000.dcm,LEG,,,2026-09-16T17:55:53,1.2.643.5.1.13.13.12.2.77.8252.07121414121104070401050315140813,2.25.11175860580562939441493697221497597640/series_003_2_CR/A2507431060 DXA/CR DXA/CR000000.dcm,C:\Users\Андрей\Desktop\Хакатон\Исследования\2.25.11175860580562939441493697221497597640\series_003_2_CR\A2507431060 DXA\CR DXA\CR000000.dcm,exact_path,csv_relative_path
Размеченные_499_Илья,C:\Users\Андрей\Desktop\Хакатон\Размеченные_499_Илья\labels.csv,43,2.25.11175860580562939441493697221497597640/series_003_2_CR/A2507431060 DXA/CR DXA/CR000001.dcm,output/2.25.11175860580562939441493697221497597640/series_003_2_CR/A2507431060 DXA/CR DXA/CR000001.dcm,SPINE,,,2026-09-16T17:55:55,1.2.643.5.1.13.13.12.2.77.8252.11051001091403121310010813110103,2.25.11175860580562939441493697221497597640/series_003_2_CR/A2507431060 DXA/CR DXA/CR000001.dcm,C:\Users\Андрей\Desktop\Хакатон\Исследования\2.25.11175860580562939441493697221497597640\series_003_2_CR\A2507431060 DXA\CR DXA\CR000001.dcm,exact_path,csv_relative_path
Размеченные_499_Илья,C:\Users\Андрей\Desktop\Хакатон\Размеченные_499_Илья\labels.csv,44,2.25.11175860580562939441493697221497597640/series_003_2_CR/A2507431060 DXA/CR DXA/CR000002.dcm,output/2.25.11175860580562939441493697221497597640/series_003_2_CR/A2507431060 DXA/CR DXA/CR000002.dcm,LEG,,,2026-09-16T17:55:57,1.2.643.5.1.13.13.12.2.77.8252.12051512011202090502051206130907,2.25.11175860580562939441493697221497597640/series_003_2_CR/A2507431060 DXA/CR DXA/CR000002.dcm,C:\Users\Андрей\Desktop\Хакатон\Исследования\2.25.11175860580562939441493697221497597640\series_003_2_CR\A2507431060 DXA\CR DXA\CR000002.dcm,exact_path,csv_relative_path
Размеченные_499_Илья,C:\Users\Андрей\Desktop\Хакатон\Размеченные_499_Илья\labels.csv,45,2.25.11175860580562939441493697221497597640/series_003_2_CR/A2507431060 DXA/CR DXA/CR000003.dcm,output/2.25.11175860580562939441493697221497597640/series_003_2_CR/A2507431060 DXA/CR DXA/CR000003.dcm,LEG,,,2026-09-16T17:55:59,1.2.643.5.1.13.13.12.2.77.8252.08110803080105090710150006100300,2.25.11175860580562939441493697221497597640/series_003_2_CR/A2507431060 DXA/CR DXA/CR000003.dcm,C:\Users\Андрей\Desktop\Хакатон\Исследования\2.25.11175860580562939441493697221497597640\series_003_2_CR\A2507431060 DXA\CR DXA\CR000003.dcm,exact_path,csv_relative_path
Размеченные_499_Илья,C:\Users\Андрей\Desktop\Хакатон\Размеченные_499_Илья\labels.csv,46,2.25.11175860580562939441493697221497597640/series_003_2_CR/A2507431060 DXA/CR DXA/CR000004.dcm,output/2.25.11175860580562939441493697221497597640/series_003_2_CR/A2507431060 DXA/CR DXA/CR000004.dcm,SPINE,,,2026-09-16T17:56:01,1.2.643.5.1.13.13.12.2.77.8252.13030903151515081500090603041412,2.25.11175860580562939441493697221497597640/series_003_2_CR/A2507431060 DXA/CR DXA/CR000004.dcm,C:\Users\Андрей\Desktop\Хакатон\Исследования\2.25.11175860580562939441493697221497597640\series_003_2_CR\A2507431060 DXA\CR DXA\CR000004.dcm,exact_path,csv_relative_path
Размеченные_499_Илья,C:\Users\Андрей\Desktop\Хакатон\Размеченные_499_Илья\labels.csv,47,2.25.11175860580562939441493697221497597640/series_003_2_CR/A2507431060 DXA/CR DXA/CR000005.dcm,output/2.25.11175860580562939441493697221497597640/series_003_2_CR/A2507431060 DXA/CR DXA/CR000005.dcm,LEG,,,2026-09-16T17:56:05,1.2.643.5.1.13.13.12.2.77.8252.08101400121500101415120401040211,2.25.11175860580562939441493697221497597640/series_003_2_CR/A2507431060 DXA/CR DXA/CR000005.dcm,C:\Users\Андрей\Desktop\Хакатон\Исследования\2.25.11175860580562939441493697221497597640\series_003_2_CR\A2507431060 DXA\CR DXA\CR000005.dcm,exact_path,csv_relative_path
Размеченные_499_Илья,C:\Users\Андрей\Desktop\Хакатон\Размеченные_499_Илья\labels.csv,48,2.25.112621744005021908434051268014787122937/series_002_2_CR/A2504301685 DXA/CR DXA/CR000000.dcm,output/2.25.112621744005021908434051268014787122937/series_002_2_CR/A2504301685 DXA/CR DXA/CR000000.dcm,SPINE,,,2026-09-16T17:56:07,1.2.643.5.1.13.13.12.2.77.8252.15090515141309140806011408041204,2.25.112621744005021908434051268014787122937/series_002_2_CR/A2504301685 DXA/CR DXA/CR000000.dcm,C:\Users\Андрей\Desktop\Хакатон\Исследования\2.25.112621744005021908434051268014787122937\series_002_2_CR\A2504301685 DXA\CR DXA\CR000000.dcm,exact_path,csv_relative_path
Размеченные_499_Илья,C:\Users\Андрей\Desktop\Хакатон\Размеченные_499_Илья\labels.csv,49,2.25.114887542067602662452692698814728642117/series_001_2_CR/A2504131887 DXA/CR DXA/CR000000.dcm,output/2.25.114887542067602662452692698814728642117/series_001_2_CR/A2504131887 DXA/CR DXA/CR000000.dcm,LEG,,,2026-09-16T17:56:09,1.2.643.5.1.13.13.12.2.77.8252.03150400010605060115070904121304,2.25.114887542067602662452692698814728642117/series_001_2_CR/A2504131887 DXA/CR DXA/CR000000.dcm,C:\Users\Андрей\Desktop\Хакатон\Исследования\2.25.114887542067602662452692698814728642117\series_001_2_CR\A2504131887 DXA\CR DXA\CR000000.dcm,exact_path,csv_relative_path
Размеченные_499_Илья,C:\Users\Андрей\Desktop\Хакатон\Размеченные_499_Илья\labels.csv,50,2.25.114887542067602662452692698814728642117/series_001_2_CR/A2504131887 DXA/CR DXA/CR000001.dcm,output/2.25.114887542067602662452692698814728642117/series_001_2_CR/A2504131887 DXA/CR DXA/CR000001.dcm,LEG,,,2026-09-16T17:56:10,1.2.643.5.1.13.13.12.2.77.8252.15050814070214050107040604101305,2.25.114887542067602662452692698814728642117/series_001_2_CR/A2504131887 DXA/CR DXA/CR000001.dcm,C:\Users\Андрей\Desktop\Хакатон\Исследования\2.25.114887542067602662452692698814728642117\series_001_2_CR\A2504131887 DXA\CR DXA\CR000001.dcm,exact_path,csv_relative_path
Размеченные_499_Илья,C:\Users\Андрей\Desktop\Хакатон\Размеченные_499_Илья\labels.csv,51,2.25.114887542067602662452692698814728642117/series_001_2_CR/A2504131887 DXA/CR DXA/CR000002.dcm,output/2.25.114887542067602662452692698814728642117/series_001_2_CR/A2504131887 DXA/CR DXA/CR000002.dcm,LEG,,,2026-09-16T17:56:13,1.2.643.5.1.13.13.12.2.77.8252.00111415140915030904140513150113,2.25.114887542067602662452692698814728642117/series_001_2_CR/A2504131887 DXA/CR DXA/CR000002.dcm,C:\Users\Андрей\Desktop\Хакатон\Исследования\2.25.114887542067602662452692698814728642117\series_001_2_CR\A2504131887 DXA\CR DXA\CR000002.dcm,exact_path,csv_relative_path
Размеченные_499_Илья,C:\Users\Андрей\Desktop\Хакатон\Размеченные_499_Илья\labels.csv,52,2.25.114887542067602662452692698814728642117/series_001_2_CR/A2504131887 DXA/CR DXA/CR000003.dcm,output/2.25.114887542067602662452692698814728642117/series_001_2_CR/A2504131887 DXA/CR DXA/CR000003.dcm,LEG,,,2026-09-16T17:56:15,1.2.643.5.1.13.13.12.2.77.8252.08111114040702130902010708100700,2.25.114887542067602662452692698814728642117/series_001_2_CR/A2504131887 DXA/CR DXA/CR000003.dcm,C:\Users\Андрей\Desktop\Хакатон\Исследования\2.25.114887542067602662452692698814728642117\series_001_2_CR\A2504131887 DXA\CR DXA\CR000003.dcm,exact_path,csv_relative_path
Размеченные_499_Илья,C:\Users\Андрей\Desktop\Хакатон\Размеченные_499_Илья\labels.csv,53,2.25.114887542067602662452692698814728642117/series_001_2_CR/A2504131887 DXA/CR DXA/CR000004.dcm,output/2.25.114887542067602662452692698814728642117/series_001_2_CR/A2504131887 DXA/CR DXA/CR000004.dcm,SPINE,,,2026-09-16T17:56:17,1.2.643.5.1.13.13.12.2.77.8252.10001500010311100907131007040004,2.25.114887542067602662452692698814728642117/series_001_2_CR/A2504131887 DXA/CR DXA/CR000004.dcm,C:\Users\Андрей\Desktop\Хакатон\Исследования\2.25.114887542067602662452692698814728642117\series_001_2_CR\A2504131887 DXA\CR DXA\CR000004.dcm,exact_path,csv_relative_path
Размеченные_499_Илья,C:\Users\Андрей\Desktop\Хакатон\Размеченные_499_Илья\labels.csv,54,2.25.114887542067602662452692698814728642117/series_001_2_CR/A2504131887 DXA/CR DXA/CR000005.dcm,output/2.25.114887542067602662452692698814728642117/series_001_2_CR/A2504131887 DXA/CR DXA/CR000005.dcm,LEG,,,2026-09-16T17:56:19,1.2.643.5.1.13.13.12.2.77.8252.11151502000914000710090013020813,2.25.114887542067602662452692698814728642117/series_001_2_CR/A2504131887 DXA/CR DXA/CR000005.dcm,C:\Users\Андрей\Desktop\Хакатон\Исследования\2.25.114887542067602662452692698814728642117\series_001_2_CR\A2504131887 DXA\CR DXA\CR000005.dcm,exact_path,csv_relative_path
Размеченные_499_Илья,C:\Users\Андрей\Desktop\Хакатон\Размеченные_499_Илья\labels.csv,55,2.25.114887542067602662452692698814728642117/series_001_2_CR/A2504131887 DXA/CR DXA/CR000006.dcm,output/2.25.114887542067602662452692698814728642117/series_001_2_CR/A2504131887 DXA/CR DXA/CR000006.dcm,LEG,,,2026-09-16T17:56:20,1.2.643.5.1.13.13.12.2.77.8252.10141411130204150513090803110213,2.25.114887542067602662452692698814728642117/series_001_2_CR/A2504131887 DXA/CR DXA/CR000006.dcm,C:\Users\Андрей\Desktop\Хакатон\Исследования\2.25.114887542067602662452692698814728642117\series_001_2_CR\A2504131887 DXA\CR DXA\CR000006.dcm,exact_path,csv_relative_path
Размеченные_499_Илья,C:\Users\Андрей\Desktop\Хакатон\Размеченные_499_Илья\labels.csv,56,2.25.114887542067602662452692698814728642117/series_001_2_CR/A2504131887 DXA/CR DXA/CR000007.dcm,output/2.25.114887542067602662452692698814728642117/series_001_2_CR/A2504131887 DXA/CR DXA/CR000007.dcm,SPINE,,,2026-09-16T17:56:22,1.2.643.5.1.13.13.12.2.77.8252.09060814101015050208090100150206,2.25.114887542067602662452692698814728642117/series_001_2_CR/A2504131887 DXA/CR DXA/CR000007.dcm,C:\Users\Андрей\Desktop\Хакатон\Исследования\2.25.114887542067602662452692698814728642117\series_001_2_CR\A2504131887 DXA\CR DXA\CR000007.dcm,exact_path,csv_relative_path
Размеченные_499_Илья,C:\Users\Андрей\Desktop\Хакатон\Размеченные_499_Илья\labels.csv,57,2.25.114887542067602662452692698814728642117/series_001_2_CR/A2504131887 DXA/CR DXA/CR000008.dcm,output/2.25.114887542067602662452692698814728642117/series_001_2_CR/A2504131887 DXA/CR DXA/CR000008.dcm,LEG,,,2026-09-16T17:56:24,1.2.643.5.1.13.13.12.2.77.8252.11060402050912131204000502001414,2.25.114887542067602662452692698814728642117/series_001_2_CR/A2504131887 DXA/CR DXA/CR000008.dcm,C:\Users\Андрей\Desktop\Хакатон\Исследования\2.25.114887542067602662452692698814728642117\series_001_2_CR\A2504131887 DXA\CR DXA\CR000008.dcm,exact_path,csv_relative_path
Размеченные_499_Илья,C:\Users\Андрей\Desktop\Хакатон\Размеченные_499_Илья\labels.csv,58,2.25.114887542067602662452692698814728642117/series_001_2_CR/A2504131887 DXA/CR DXA/CR000009.dcm,output/2.25.114887542067602662452692698814728642117/series_001_2_CR/A2504131887 DXA/CR DXA/CR000009.dcm,LEG,,,2026-09-16T17:56:26,1.2.643.5.1.13.13.12.2.77.8252.04051301070809101001111312060114,2.25.114887542067602662452692698814728642117/series_001_2_CR/A2504131887 DXA/CR DXA/CR000009.dcm,C:\Users\Андрей\Desktop\Хакатон\Исследования\2.25.114887542067602662452692698814728642117\series_001_2_CR\A2504131887 DXA\CR DXA\CR000009.dcm,exact_path,csv_relative_path
Размеченные_499_Илья,C:\Users\Андрей\Desktop\Хакатон\Размеченные_499_Илья\labels.csv,59,2.25.114887542067602662452692698814728642117/series_001_2_CR/A2504131887 DXA/CR DXA/CR000010.dcm,output/2.25.114887542067602662452692698814728642117/series_001_2_CR/A2504131887 DXA/CR DXA/CR000010.dcm,SPINE,,,2026-09-16T17:56:28,1.2.643.5.1.13.13.12.2.77.8252.08050414010100010110100910070904,2.25.114887542067602662452692698814728642117/series_001_2_CR/A2504131887 DXA/CR DXA/CR000010.dcm,C:\Users\Андрей\Desktop\Хакатон\Исследования\2.25.114887542067602662452692698814728642117\series_001_2_CR\A2504131887 DXA\CR DXA\CR000010.dcm,exact_path,csv_relative_path
Размеченные_499_Илья,C:\Users\Андрей\Desktop\Хакатон\Размеченные_499_Илья\labels.csv,60,2.25.116822802042655971810859435524105064465/series_003_2_CR/A2507273296 DXA/CR DXA/CR000000.dcm,output/2.25.116822802042655971810859435524105064465/series_003_2_CR/A2507273296 DXA/CR DXA/CR000000.dcm,LEG,,,2026-09-16T17:56:31,1.2.643.5.1.13.13.12.2.77.8252.13011301091003020814061203020304,2.25.116822802042655971810859435524105064465/series_003_2_CR/A2507273296 DXA/CR DXA/CR000000.dcm,C:\Users\Андрей\Desktop\Хакатон\Исследования\2.25.116822802042655971810859435524105064465\series_003_2_CR\A2507273296 DXA\CR DXA\CR000000.dcm,exact_path,csv_relative_path
Размеченные_499_Илья,C:\Users\Андрей\Desktop\Хакатон\Размеченные_499_Илья\labels.csv,61,2.25.116822802042655971810859435524105064465/series_003_2_CR/A2507273296 DXA/CR DXA/CR000001.dcm,output/2.25.116822802042655971810859435524105064465/series_003_2_CR/A2507273296 DXA/CR DXA/CR000001.dcm,LEG,,,2026-09-16T17:57:00,1.2.643.5.1.13.13.12.2.77.8252.01010713081306120510130101121412,2.25.116822802042655971810859435524105064465/series_003_2_CR/A2507273296 DXA/CR DXA/CR000001.dcm,C:\Users\Андрей\Desktop\Хакатон\Исследования\2.25.116822802042655971810859435524105064465\series_003_2_CR\A2507273296 DXA\CR DXA\CR000001.dcm,exact_path,csv_relative_path
Размеченные_499_Илья,C:\Users\Андрей\Desktop\Хакатон\Размеченные_499_Илья\labels.csv,62,2.25.116822802042655971810859435524105064465/series_003_2_CR/A2507273296 DXA/CR DXA/CR000002.dcm,output/2.25.116822802042655971810859435524105064465/series_003_2_CR/A2507273296 DXA/CR DXA/CR000002.dcm,SPINE,,,2026-09-16T17:57:04,1.2.643.5.1.13.13.12.2.77.8252.05150512091506110304120408070606,2.25.116822802042655971810859435524105064465/series_003_2_CR/A2507273296 DXA/CR DXA/CR000002.dcm,C:\Users\Андрей\Desktop\Хакатон\Исследования\2.25.116822802042655971810859435524105064465\series_003_2_CR\A2507273296 DXA\CR DXA\CR000002.dcm,exact_path,csv_relative_path
Размеченные_499_Илья,C:\Users\Андрей\Desktop\Хакатон\Размеченные_499_Илья\labels.csv,63,2.25.122446767306607067205618235949445789306/series_001_2_CR/A2504255080 DXA/CR DXA/CR000000.dcm,output/2.25.122446767306607067205618235949445789306/series_001_2_CR/A2504255080 DXA/CR DXA/CR000000.dcm,LEG,,,2026-09-16T17:57:07,1.2.643.5.1.13.13.12.2.77.8252.02101009080308000015051512140806,2.25.122446767306607067205618235949445789306/series_001_2_CR/A2504255080 DXA/CR DXA/CR000000.dcm,C:\Users\Андрей\Desktop\Хакатон\Исследования\2.25.122446767306607067205618235949445789306\series_001_2_CR\A2504255080 DXA\CR DXA\CR000000.dcm,exact_path,csv_relative_path
Размеченные_499_Илья,C:\Users\Андрей\Desktop\Хакатон\Размеченные_499_Илья\labels.csv,64,2.25.122446767306607067205618235949445789306/series_001_2_CR/A2504255080 DXA/CR DXA/CR000001.dcm,output/2.25.122446767306607067205618235949445789306/series_001_2_CR/A2504255080 DXA/CR DXA/CR000001.dcm,LEG,,,2026-09-16T17:57:09,1.2.643.5.1.13.13.12.2.77.8252.02091106060004131215091000000909,2.25.122446767306607067205618235949445789306/series_001_2_CR/A2504255080 DXA/CR DXA/CR000001.dcm,C:\Users\Андрей\Desktop\Хакатон\Исследования\2.25.122446767306607067205618235949445789306\series_001_2_CR\A2504255080 DXA\CR DXA\CR000001.dcm,exact_path,csv_relative_path
Размеченные_499_Илья,C:\Users\Андрей\Desktop\Хакатон\Размеченные_499_Илья\labels.csv,65,2.25.122446767306607067205618235949445789306/series_001_2_CR/A2504255080 DXA/CR DXA/CR000002.dcm,output/2.25.122446767306607067205618235949445789306/series_001_2_CR/A2504255080 DXA/CR DXA/CR000002.dcm,SPINE,,,2026-09-16T17:57:11,1.2.643.5.1.13.13.12.2.77.8252.15060100040008041103060904131005,2.25.122446767306607067205618235949445789306/series_001_2_CR/A2504255080 DXA/CR DXA/CR000002.dcm,C:\Users\Андрей\Desktop\Хакатон\Исследования\2.25.122446767306607067205618235949445789306\series_001_2_CR\A2504255080 DXA\CR DXA\CR000002.dcm,exact_path,csv_relative_path
Размеченные_499_Илья,C:\Users\Андрей\Desktop\Хакатон\Размеченные_499_Илья\labels.csv,66,2.25.122446767306607067205618235949445789306/series_001_2_CR/A2504255080 DXA/CR DXA/CR000003.dcm,output/2.25.122446767306607067205618235949445789306/series_001_2_CR/A2504255080 DXA/CR DXA/CR000003.dcm,LEG,,,2026-09-16T17:57:13,1.2.643.5.1.13.13.12.2.77.8252.03040807040905131500140112021404,2.25.122446767306607067205618235949445789306/series_001_2_CR/A2504255080 DXA/CR DXA/CR000003.dcm,C:\Users\Андрей\Desktop\Хакатон\Исследования\2.25.122446767306607067205618235949445789306\series_001_2_CR\A2504255080 DXA\CR DXA\CR000003.dcm,exact_path,csv_relative_path
Размеченные_499_Илья,C:\Users\Андрей\Desktop\Хакатон\Размеченные_499_Илья\labels.csv,67,2.25.122446767306607067205618235949445789306/series_001_2_CR/A2504255080 DXA/CR DXA/CR000004.dcm,output/2.25.122446767306607067205618235949445789306/series_001_2_CR/A2504255080 DXA/CR DXA/CR000004.dcm,LEG,,,2026-09-16T17:57:14,1.2.643.5.1.13.13.12.2.77.8252.11100905091110000105111305090709,2.25.122446767306607067205618235949445789306/series_001_2_CR/A2504255080 DXA/CR DXA/CR000004.dcm,C:\Users\Андрей\Desktop\Хакатон\Исследования\2.25.122446767306607067205618235949445789306\series_001_2_CR\A2504255080 DXA\CR DXA\CR000004.dcm,exact_path,csv_relative_path
Размеченные_499_Илья,C:\Users\Андрей\Desktop\Хакатон\Размеченные_499_Илья\labels.csv,68,2.25.122446767306607067205618235949445789306/series_001_2_CR/A2504255080 DXA/CR DXA/CR000005.dcm,output/2.25.122446767306607067205618235949445789306/series_001_2_CR/A2504255080 DXA/CR DXA/CR000005.dcm,SPINE,,,2026-09-16T17:57:16,1.2.643.5.1.13.13.12.2.77.8252.09071502150602001009041214040315,2.25.122446767306607067205618235949445789306/series_001_2_CR/A2504255080 DXA/CR DXA/CR000005.dcm,C:\Users\Андрей\Desktop\Хакатон\Исследования\2.25.122446767306607067205618235949445789306\series_001_2_CR\A2504255080 DXA\CR DXA\CR000005.dcm,exact_path,csv_relative_path
Размеченные_499_Илья,C:\Users\Андрей\Desktop\Хакатон\Размеченные_499_Илья\labels.csv,69,2.25.123175695355749859846173904788591707879/series_001_2_CR/A250722449 DXA/CR DXA/CR000000.dcm,output/2.25.123175695355749859846173904788591707879/series_001_2_CR/A250722449 DXA/CR DXA/CR000000.dcm,SPINE,,,2026-09-16T17:57:18,1.2.643.5.1.13.13.12.2.77.8252.12031311070507060813050800031313,2.25.123175695355749859846173904788591707879/series_001_2_CR/A250722449 DXA/CR DXA/CR000000.dcm,C:\Users\Андрей\Desktop\Хакатон\Исследования\2.25.123175695355749859846173904788591707879\series_001_2_CR\A250722449 DXA\CR DXA\CR000000.dcm,exact_path,csv_relative_path
Размеченные_499_Илья,C:\Users\Андрей\Desktop\Хакатон\Размеченные_499_Илья\labels.csv,70,2.25.124890633326693921702195356152595253940/series_002_2_CR/A2504263153 DXA/CR DXA/CR000000.dcm,output/2.25.124890633326693921702195356152595253940/series_002_2_CR/A2504263153 DXA/CR DXA/CR000000.dcm,SPINE,,,2026-09-16T17:57:19,1.2.643.5.1.13.13.12.2.77.8252.04131510070001011107040403071102,2.25.124890633326693921702195356152595253940/series_002_2_CR/A2504263153 DXA/CR DXA/CR000000.dcm,C:\Users\Андрей\Desktop\Хакатон\Исследования\2.25.124890633326693921702195356152595253940\series_002_2_CR\A2504263153 DXA\CR DXA\CR000000.dcm,exact_path,csv_relative_path
Размеченные_499_Илья,C:\Users\Андрей\Desktop\Хакатон\Размеченные_499_Илья\labels.csv,71,2.25.124890633326693921702195356152595253940/series_002_2_CR/A2504263153 DXA/CR DXA/CR000001.dcm,output/2.25.124890633326693921702195356152595253940/series_002_2_CR/A2504263153 DXA/CR DXA/CR000001.dcm,LEG,,,2026-09-16T17:57:21,1.2.643.5.1.13.13.12.2.77.8252.08050506060410091114110412130504,2.25.124890633326693921702195356152595253940/series_002_2_CR/A2504263153 DXA/CR DXA/CR000001.dcm,C:\Users\Андрей\Desktop\Хакатон\Исследования\2.25.124890633326693921702195356152595253940\series_002_2_CR\A2504263153 DXA\CR DXA\CR000001.dcm,exact_path,csv_relative_path
Размеченные_499_Илья,C:\Users\Андрей\Desktop\Хакатон\Размеченные_499_Илья\labels.csv,72,2.25.124890633326693921702195356152595253940/series_002_2_CR/A2504263153 DXA/CR DXA/CR000002.dcm,output/2.25.124890633326693921702195356152595253940/series_002_2_CR/A2504263153 DXA/CR DXA/CR000002.dcm,LEG,,,2026-09-16T17:57:23,1.2.643.5.1.13.13.12.2.77.8252.10081312010805021201100507060411,2.25.124890633326693921702195356152595253940/series_002_2_CR/A2504263153 DXA/CR DXA/CR000002.dcm,C:\Users\Андрей\Desktop\Хакатон\Исследования\2.25.124890633326693921702195356152595253940\series_002_2_CR\A2504263153 DXA\CR DXA\CR000002.dcm,exact_path,csv_relative_path
Размеченные_499_Илья,C:\Users\Андрей\Desktop\Хакатон\Размеченные_499_Илья\labels.csv,73,2.25.125521310320333648427417313254965624364/series_001_2_CR/A250444126 DXA/CR DXA/CR000000.dcm,output/2.25.125521310320333648427417313254965624364/series_001_2_CR/A250444126 DXA/CR DXA/CR000000.dcm,SPINE,,,2026-09-16T17:57:25,1.2.643.5.1.13.13.12.2.77.8252.06141210040207130507130606070312,2.25.125521310320333648427417313254965624364/series_001_2_CR/A250444126 DXA/CR DXA/CR000000.dcm,C:\Users\Андрей\Desktop\Хакатон\Исследования\2.25.125521310320333648427417313254965624364\series_001_2_CR\A250444126 DXA\CR DXA\CR000000.dcm,exact_path,csv_relative_path
Размеченные_499_Илья,C:\Users\Андрей\Desktop\Хакатон\Размеченные_499_Илья\labels.csv,74,2.25.126293418391331346694592071563510265596/series_002_3_CR/A2507250865 DXA/CR DXA/CR000000.dcm,output/2.25.126293418391331346694592071563510265596/series_002_3_CR/A2507250865 DXA/CR DXA/CR000000.dcm,LEG,,,2026-09-16T17:57:28,1.2.643.5.1.13.13.12.2.77.8252.08121504041301080101130415050611,2.25.126293418391331346694592071563510265596/series_002_3_CR/A2507250865 DXA/CR DXA/CR000000.dcm,C:\Users\Андрей\Desktop\Хакатон\Исследования\2.25.126293418391331346694592071563510265596\series_002_3_CR\A2507250865 DXA\CR DXA\CR000000.dcm,exact_path,csv_relative_path
Размеченные_499_Илья,C:\Users\Андрей\Desktop\Хакатон\Размеченные_499_Илья\labels.csv,75,2.25.126293418391331346694592071563510265596/series_002_3_CR/A2507250865 DXA/CR DXA/CR000001.dcm,output/2.25.126293418391331346694592071563510265596/series_002_3_CR/A2507250865 DXA/CR DXA/CR000001.dcm,SPINE,,,2026-09-16T17:57:32,1.2.643.5.1.13.13.12.2.77.8252.10031005061115110908060312000307,2.25.126293418391331346694592071563510265596/series_002_3_CR/A2507250865 DXA/CR DXA/CR000001.dcm,C:\Users\Андрей\Desktop\Хакатон\Исследования\2.25.126293418391331346694592071563510265596\series_002_3_CR\A2507250865 DXA\CR DXA\CR000001.dcm,exact_path,csv_relative_path
Размеченные_499_Илья,C:\Users\Андрей\Desktop\Хакатон\Размеченные_499_Илья\labels.csv,76,2.25.126293418391331346694592071563510265596/series_002_3_CR/A2507250865 DXA/CR DXA/CR000002.dcm,output/2.25.126293418391331346694592071563510265596/series_002_3_CR/A2507250865 DXA/CR DXA/CR000002.dcm,LEG,,,2026-09-16T17:57:47,1.2.643.5.1.13.13.12.2.77.8252.11151304101402090112060913070605,2.25.126293418391331346694592071563510265596/series_002_3_CR/A2507250865 DXA/CR DXA/CR000002.dcm,C:\Users\Андрей\Desktop\Хакатон\Исследования\2.25.126293418391331346694592071563510265596\series_002_3_CR\A2507250865 DXA\CR DXA\CR000002.dcm,exact_path,csv_relative_path
Размеченные_499_Илья,C:\Users\Андрей\Desktop\Хакатон\Размеченные_499_Илья\labels.csv,77,2.25.127126130998341190348103034690069487890/series_002_2_CR/A250428736 DXA/CR DXA/CR000000.dcm,output/2.25.127126130998341190348103034690069487890/series_002_2_CR/A250428736 DXA/CR DXA/CR000000.dcm,SPINE,,,2026-09-16T17:57:49,1.2.643.5.1.13.13.12.2.77.8252.13130511100900071404010502130909,2.25.127126130998341190348103034690069487890/series_002_2_CR/A250428736 DXA/CR DXA/CR000000.dcm,C:\Users\Андрей\Desktop\Хакатон\Исследования\2.25.127126130998341190348103034690069487890\series_002_2_CR\A250428736 DXA\CR DXA\CR000000.dcm,exact_path,csv_relative_path
Размеченные_499_Илья,C:\Users\Андрей\Desktop\Хакатон\Размеченные_499_Илья\labels.csv,78,2.25.127126130998341190348103034690069487890/series_002_2_CR/A250428736 DXA/CR DXA/CR000001.dcm,output/2.25.127126130998341190348103034690069487890/series_002_2_CR/A250428736 DXA/CR DXA/CR000001.dcm,LEG,,,2026-09-16T17:57:52,1.2.643.5.1.13.13.12.2.77.8252.10040807011312021210130513011200,2.25.127126130998341190348103034690069487890/series_002_2_CR/A250428736 DXA/CR DXA/CR000001.dcm,C:\Users\Андрей\Desktop\Хакатон\Исследования\2.25.127126130998341190348103034690069487890\series_002_2_CR\A250428736 DXA\CR DXA\CR000001.dcm,exact_path,csv_relative_path
Размеченные_499_Илья,C:\Users\Андрей\Desktop\Хакатон\Размеченные_499_Илья\labels.csv,79,2.25.127126130998341190348103034690069487890/series_002_2_CR/A250428736 DXA/CR DXA/CR000002.dcm,output/2.25.127126130998341190348103034690069487890/series_002_2_CR/A250428736 DXA/CR DXA/CR000002.dcm,LEG,,,2026-09-16T17:57:54,1.2.643.5.1.13.13.12.2.77.8252.03120008051300001208141011101302,2.25.127126130998341190348103034690069487890/series_002_2_CR/A250428736 DXA/CR DXA/CR000002.dcm,C:\Users\Андрей\Desktop\Хакатон\Исследования\2.25.127126130998341190348103034690069487890\series_002_2_CR\A250428736 DXA\CR DXA\CR000002.dcm,exact_path,csv_relative_path
Размеченные_499_Илья,C:\Users\Андрей\Desktop\Хакатон\Размеченные_499_Илья\labels.csv,80,2.25.127126130998341190348103034690069487890/series_002_2_CR/A250428736 DXA/CR DXA/CR000003.dcm,output/2.25.127126130998341190348103034690069487890/series_002_2_CR/A250428736 DXA/CR DXA/CR000003.dcm,LEG,,,2026-09-16T17:57:59,1.2.643.5.1.13.13.12.2.77.8252.01070801081413060013111012010201,2.25.127126130998341190348103034690069487890/series_002_2_CR/A250428736 DXA/CR DXA/CR000003.dcm,C:\Users\Андрей\Desktop\Хакатон\Исследования\2.25.127126130998341190348103034690069487890\series_002_2_CR\A250428736 DXA\CR DXA\CR000003.dcm,exact_path,csv_relative_path
Размеченные_499_Илья,C:\Users\Андрей\Desktop\Хакатон\Размеченные_499_Илья\labels.csv,81,2.25.127126130998341190348103034690069487890/series_002_2_CR/A250428736 DXA/CR DXA/CR000004.dcm,output/2.25.127126130998341190348103034690069487890/series_002_2_CR/A250428736 DXA/CR DXA/CR000004.dcm,SPINE,,,2026-09-16T17:58:01,1.2.643.5.1.13.13.12.2.77.8252.14080500031007021314121106040303,2.25.127126130998341190348103034690069487890/series_002_2_CR/A250428736 DXA/CR DXA/CR000004.dcm,C:\Users\Андрей\Desktop\Хакатон\Исследования\2.25.127126130998341190348103034690069487890\series_002_2_CR\A250428736 DXA\CR DXA\CR000004.dcm,exact_path,csv_relative_path
Размеченные_499_Илья,C:\Users\Андрей\Desktop\Хакатон\Размеченные_499_Илья\labels.csv,82,2.25.127126130998341190348103034690069487890/series_002_2_CR/A250428736 DXA/CR DXA/CR000005.dcm,output/2.25.127126130998341190348103034690069487890/series_002_2_CR/A250428736 DXA/CR DXA/CR000005.dcm,LEG,,,2026-09-16T17:58:03,1.2.643.5.1.13.13.12.2.77.8252.03020502031409151006020306090105,2.25.127126130998341190348103034690069487890/series_002_2_CR/A250428736 DXA/CR DXA/CR000005.dcm,C:\Users\Андрей\Desktop\Хакатон\Исследования\2.25.127126130998341190348103034690069487890\series_002_2_CR\A250428736 DXA\CR DXA\CR000005.dcm,exact_path,csv_relative_path
Размеченные_499_Илья,C:\Users\Андрей\Desktop\Хакатон\Размеченные_499_Илья\labels.csv,83,2.25.12798473087614376830819854616447908612/series_002_2_CR/A2507538847 DXA/CR DXA/CR000000.dcm,output/2.25.12798473087614376830819854616447908612/series_002_2_CR/A2507538847 DXA/CR DXA/CR000000.dcm,SPINE,,,2026-09-16T17:58:04,1.2.643.5.1.13.13.12.2.77.8252.07111115111305011108141412010801,2.25.12798473087614376830819854616447908612/series_002_2_CR/A2507538847 DXA/CR DXA/CR000000.dcm,C:\Users\Андрей\Desktop\Хакатон\Исследования\2.25.12798473087614376830819854616447908612\series_002_2_CR\A2507538847 DXA\CR DXA\CR000000.dcm,exact_path,csv_relative_path
Размеченные_499_Илья,C:\Users\Андрей\Desktop\Хакатон\Размеченные_499_Илья\labels.csv,84,2.25.12798473087614376830819854616447908612/series_002_2_CR/A2507538847 DXA/CR DXA/CR000001.dcm,output/2.25.12798473087614376830819854616447908612/series_002_2_CR/A2507538847 DXA/CR DXA/CR000001.dcm,LEG,,,2026-09-16T17:58:16,1.2.643.5.1.13.13.12.2.77.8252.02011409120209130807021302101100,2.25.12798473087614376830819854616447908612/series_002_2_CR/A2507538847 DXA/CR DXA/CR000001.dcm,C:\Users\Андрей\Desktop\Хакатон\Исследования\2.25.12798473087614376830819854616447908612\series_002_2_CR\A2507538847 DXA\CR DXA\CR000001.dcm,exact_path,csv_relative_path
Размеченные_499_Илья,C:\Users\Андрей\Desktop\Хакатон\Размеченные_499_Илья\labels.csv,85,2.25.12798473087614376830819854616447908612/series_002_2_CR/A2507538847 DXA/CR DXA/CR000002.dcm,output/2.25.12798473087614376830819854616447908612/series_002_2_CR/A2507538847 DXA/CR DXA/CR000002.dcm,LEG,,,2026-09-16T17:58:19,1.2.643.5.1.13.13.12.2.77.8252.07050602130910101513020700010509,2.25.12798473087614376830819854616447908612/series_002_2_CR/A2507538847 DXA/CR DXA/CR000002.dcm,C:\Users\Андрей\Desktop\Хакатон\Исследования\2.25.12798473087614376830819854616447908612\series_002_2_CR\A2507538847 DXA\CR DXA\CR000002.dcm,exact_path,csv_relative_path
Размеченные_499_Илья,C:\Users\Андрей\Desktop\Хакатон\Размеченные_499_Илья\labels.csv,86,2.25.128197189461989832465575162384360009377/series_001_2_CR/A2507216909 DXA/CR DXA/CR000000.dcm,output/2.25.128197189461989832465575162384360009377/series_001_2_CR/A2507216909 DXA/CR DXA/CR000000.dcm,SPINE,,,2026-09-16T17:58:20,1.2.643.5.1.13.13.12.2.77.8252.02030508140000071310150302011113,2.25.128197189461989832465575162384360009377/series_001_2_CR/A2507216909 DXA/CR DXA/CR000000.dcm,C:\Users\Андрей\Desktop\Хакатон\Исследования\2.25.128197189461989832465575162384360009377\series_001_2_CR\A2507216909 DXA\CR DXA\CR000000.dcm,exact_path,csv_relative_path
Размеченные_499_Илья,C:\Users\Андрей\Desktop\Хакатон\Размеченные_499_Илья\labels.csv,87,2.25.128630285053087246379265602913470285158/series_003_2_CR/A2504394821 DXA/CR DXA/CR000000.dcm,output/2.25.128630285053087246379265602913470285158/series_003_2_CR/A2504394821 DXA/CR DXA/CR000000.dcm,SPINE,,,2026-09-16T17:58:22,1.2.643.5.1.13.13.12.2.77.8252.09070705131210061514041509120513,2.25.128630285053087246379265602913470285158/series_003_2_CR/A2504394821 DXA/CR DXA/CR000000.dcm,C:\Users\Андрей\Desktop\Хакатон\Исследования\2.25.128630285053087246379265602913470285158\series_003_2_CR\A2504394821 DXA\CR DXA\CR000000.dcm,exact_path,csv_relative_path
Размеченные_499_Илья,C:\Users\Андрей\Desktop\Хакатон\Размеченные_499_Илья\labels.csv,88,2.25.128990540359421489042453547244535073735/series_002_2_CR/A2507388698 DXA/CR DXA/CR000000.dcm,output/2.25.128990540359421489042453547244535073735/series_002_2_CR/A2507388698 DXA/CR DXA/CR000000.dcm,LEG,,,2026-09-16T17:58:24,1.2.643.5.1.13.13.12.2.77.8252.09150805131402040209060509150410,2.25.128990540359421489042453547244535073735/series_002_2_CR/A2507388698 DXA/CR DXA/CR000000.dcm,C:\Users\Андрей\Desktop\Хакатон\Исследования\2.25.128990540359421489042453547244535073735\series_002_2_CR\A2507388698 DXA\CR DXA\CR000000.dcm,exact_path,csv_relative_path
Размеченные_499_Илья,C:\Users\Андрей\Desktop\Хакатон\Размеченные_499_Илья\labels.csv,89,2.25.128990540359421489042453547244535073735/series_002_2_CR/A2507388698 DXA/CR DXA/CR000001.dcm,output/2.25.128990540359421489042453547244535073735/series_002_2_CR/A2507388698 DXA/CR DXA/CR000001.dcm,SPINE,,,2026-09-16T17:58:26,1.2.643.5.1.13.13.12.2.77.8252.11000605051111050207041006140905,2.25.128990540359421489042453547244535073735/series_002_2_CR/A2507388698 DXA/CR DXA/CR000001.dcm,C:\Users\Андрей\Desktop\Хакатон\Исследования\2.25.128990540359421489042453547244535073735\series_002_2_CR\A2507388698 DXA\CR DXA\CR000001.dcm,exact_path,csv_relative_path
Размеченные_499_Илья,C:\Users\Андрей\Desktop\Хакатон\Размеченные_499_Илья\labels.csv,90,2.25.128990540359421489042453547244535073735/series_002_2_CR/A2507388698 DXA/CR DXA/CR000002.dcm,output/2.25.128990540359421489042453547244535073735/series_002_2_CR/A2507388698 DXA/CR DXA/CR000002.dcm,LEG,,,2026-09-16T17:58:27,1.2.643.5.1.13.13.12.2.77.8252.09060004140611120111091509030603,2.25.128990540359421489042453547244535073735/series_002_2_CR/A2507388698 DXA/CR DXA/CR000002.dcm,C:\Users\Андрей\Desktop\Хакатон\Исследования\2.25.128990540359421489042453547244535073735\series_002_2_CR\A2507388698 DXA\CR DXA\CR000002.dcm,exact_path,csv_relative_path
Размеченные_499_Илья,C:\Users\Андрей\Desktop\Хакатон\Размеченные_499_Илья\labels.csv,91,2.25.128990540359421489042453547244535073735/series_002_2_CR/A2507388698 DXA/CR DXA/CR000003.dcm,output/2.25.128990540359421489042453547244535073735/series_002_2_CR/A2507388698 DXA/CR DXA/CR000003.dcm,LEG,,,2026-09-16T17:58:29,1.2.643.5.1.13.13.12.2.77.8252.02111507100612121000021204080801,2.25.128990540359421489042453547244535073735/series_002_2_CR/A2507388698 DXA/CR DXA/CR000003.dcm,C:\Users\Андрей\Desktop\Хакатон\Исследования\2.25.128990540359421489042453547244535073735\series_002_2_CR\A2507388698 DXA\CR DXA\CR000003.dcm,exact_path,csv_relative_path
Размеченные_499_Илья,C:\Users\Андрей\Desktop\Хакатон\Размеченные_499_Илья\labels.csv,92,2.25.128990540359421489042453547244535073735/series_002_2_CR/A2507388698 DXA/CR DXA/CR000004.dcm,output/2.25.128990540359421489042453547244535073735/series_002_2_CR/A2507388698 DXA/CR DXA/CR000004.dcm,SPINE,,,2026-09-16T17:58:31,1.2.643.5.1.13.13.12.2.77.8252.04071014120313000711051010091409,2.25.128990540359421489042453547244535073735/series_002_2_CR/A2507388698 DXA/CR DXA/CR000004.dcm,C:\Users\Андрей\Desktop\Хакатон\Исследования\2.25.128990540359421489042453547244535073735\series_002_2_CR\A2507388698 DXA\CR DXA\CR000004.dcm,exact_path,csv_relative_path
Размеченные_499_Илья,C:\Users\Андрей\Desktop\Хакатон\Размеченные_499_Илья\labels.csv,93,2.25.128990540359421489042453547244535073735/series_002_2_CR/A2507388698 DXA/CR DXA/CR000005.dcm,output/2.25.128990540359421489042453547244535073735/series_002_2_CR/A2507388698 DXA/CR DXA/CR000005.dcm,LEG,,,2026-09-16T17:58:32,1.2.643.5.1.13.13.12.2.77.8252.12120911020011140507050515090906,2.25.128990540359421489042453547244535073735/series_002_2_CR/A2507388698 DXA/CR DXA/CR000005.dcm,C:\Users\Андрей\Desktop\Хакатон\Исследования\2.25.128990540359421489042453547244535073735\series_002_2_CR\A2507388698 DXA\CR DXA\CR000005.dcm,exact_path,csv_relative_path
Размеченные_499_Илья,C:\Users\Андрей\Desktop\Хакатон\Размеченные_499_Илья\labels.csv,94,2.25.129239680100193368599713239115902740628/series_003_3_CR/A250757345 DXA/CR DXA/CR000000.dcm,output/2.25.129239680100193368599713239115902740628/series_003_3_CR/A250757345 DXA/CR DXA/CR000000.dcm,LEG,,,2026-09-16T17:58:35,1.2.643.5.1.13.13.12.2.77.8252.00131503020212110600101502020700,2.25.129239680100193368599713239115902740628/series_003_3_CR/A250757345 DXA/CR DXA/CR000000.dcm,C:\Users\Андрей\Desktop\Хакатон\Исследования\2.25.129239680100193368599713239115902740628\series_003_3_CR\A250757345 DXA\CR DXA\CR000000.dcm,exact_path,csv_relative_path
Размеченные_499_Илья,C:\Users\Андрей\Desktop\Хакатон\Размеченные_499_Илья\labels.csv,95,2.25.13069823278093578548407087310307113784/series_003_2_CR/A2507242667 DXA/CR DXA/CR000000.dcm,output/2.25.13069823278093578548407087310307113784/series_003_2_CR/A2507242667 DXA/CR DXA/CR000000.dcm,LEG,,,2026-09-16T17:58:37,1.2.643.5.1.13.13.12.2.77.8252.12051101030200021506031210090702,2.25.13069823278093578548407087310307113784/series_003_2_CR/A2507242667 DXA/CR DXA/CR000000.dcm,C:\Users\Андрей\Desktop\Хакатон\Исследования\2.25.13069823278093578548407087310307113784\series_003_2_CR\A2507242667 DXA\CR DXA\CR000000.dcm,exact_path,csv_relative_path
Размеченные_499_Илья,C:\Users\Андрей\Desktop\Хакатон\Размеченные_499_Илья\labels.csv,96,2.25.13069823278093578548407087310307113784/series_003_2_CR/A2507242667 DXA/CR DXA/CR000001.dcm,output/2.25.13069823278093578548407087310307113784/series_003_2_CR/A2507242667 DXA/CR DXA/CR000001.dcm,SPINE,,,2026-09-16T17:58:39,1.2.643.5.1.13.13.12.2.77.8252.05100110120015150515030506140402,2.25.13069823278093578548407087310307113784/series_003_2_CR/A2507242667 DXA/CR DXA/CR000001.dcm,C:\Users\Андрей\Desktop\Хакатон\Исследования\2.25.13069823278093578548407087310307113784\series_003_2_CR\A2507242667 DXA\CR DXA\CR000001.dcm,exact_path,csv_relative_path
Размеченные_499_Илья,C:\Users\Андрей\Desktop\Хакатон\Размеченные_499_Илья\labels.csv,97,2.25.13069823278093578548407087310307113784/series_003_2_CR/A2507242667 DXA/CR DXA/CR000002.dcm,output/2.25.13069823278093578548407087310307113784/series_003_2_CR/A2507242667 DXA/CR DXA/CR000002.dcm,LEG,,,2026-09-16T17:58:41,1.2.643.5.1.13.13.12.2.77.8252.06081211090913150712130913130401,2.25.13069823278093578548407087310307113784/series_003_2_CR/A2507242667 DXA/CR DXA/CR000002.dcm,C:\Users\Андрей\Desktop\Хакатон\Исследования\2.25.13069823278093578548407087310307113784\series_003_2_CR\A2507242667 DXA\CR DXA\CR000002.dcm,exact_path,csv_relative_path
Размеченные_499_Илья,C:\Users\Андрей\Desktop\Хакатон\Размеченные_499_Илья\labels.csv,98,2.25.132083163398091874662674590622589534350/series_003_2_CR/A2507386583 DXA Exam/CR DXA Images/CR000000.dcm,output/2.25.132083163398091874662674590622589534350/series_003_2_CR/A2507386583 DXA Exam/CR DXA Images/CR000000.dcm,LEG,,,2026-09-16T17:58:44,1.2.643.5.1.13.13.12.2.77.8252.13151303131009131214000609090104,2.25.132083163398091874662674590622589534350/series_003_2_CR/A2507386583 DXA Exam/CR DXA Images/CR000000.dcm,C:\Users\Андрей\Desktop\Хакатон\Исследования\2.25.132083163398091874662674590622589534350\series_003_2_CR\A2507386583 DXA Exam\CR DXA Images\CR000000.dcm,exact_path,csv_relative_path
Размеченные_499_Илья,C:\Users\Андрей\Desktop\Хакатон\Размеченные_499_Илья\labels.csv,99,2.25.132083163398091874662674590622589534350/series_003_2_CR/A2507386583 DXA Exam/CR DXA Images/CR000001.dcm,output/2.25.132083163398091874662674590622589534350/series_003_2_CR/A2507386583 DXA Exam/CR DXA Images/CR000001.dcm,SPINE,,,2026-09-16T17:58:46,1.2.643.5.1.13.13.12.2.77.8252.15080409060108110106110204020115,2.25.132083163398091874662674590622589534350/series_003_2_CR/A2507386583 DXA Exam/CR DXA Images/CR000001.dcm,C:\Users\Андрей\Desktop\Хакатон\Исследования\2.25.132083163398091874662674590622589534350\series_003_2_CR\A2507386583 DXA Exam\CR DXA Images\CR000001.dcm,exact_path,csv_relative_path
Размеченные_499_Илья,C:\Users\Андрей\Desktop\Хакатон\Размеченные_499_Илья\labels.csv,100,2.25.132083163398091874662674590622589534350/series_003_2_CR/A2507386583 DXA Exam/CR DXA Images/CR000002.dcm,output/2.25.132083163398091874662674590622589534350/series_003_2_CR/A2507386583 DXA Exam/CR DXA Images/CR000002.dcm,LEG,,,2026-09-16T17:58:47,1.2.643.5.1.13.13.12.2.77.8252.06120903051105150112061201080014,2.25.132083163398091874662674590622589534350/series_003_2_CR/A2507386583 DXA Exam/CR DXA Images/CR000002.dcm,C:\Users\Андрей\Desktop\Хакатон\Исследования\2.25.132083163398091874662674590622589534350\series_003_2_CR\A2507386583 DXA Exam\CR DXA Images\CR000002.dcm,exact_path,csv_relative_path
Размеченные_499_Илья,C:\Users\Андрей\Desktop\Хакатон\Размеченные_499_Илья\labels.csv,101,2.25.132272637351979990811754009849547633391/series_003_3_CR/A2504141080 DXA/CR DXA/CR000000.dcm,output/2.25.132272637351979990811754009849547633391/series_003_3_CR/A2504141080 DXA/CR DXA/CR000000.dcm,LEG,,,2026-09-16T17:58:49,1.2.643.5.1.13.13.12.2.77.8252.05020106091400040809110708040301,2.25.132272637351979990811754009849547633391/series_003_3_CR/A2504141080 DXA/CR DXA/CR000000.dcm,C:\Users\Андрей\Desktop\Хакатон\Исследования\2.25.132272637351979990811754009849547633391\series_003_3_CR\A2504141080 DXA\CR DXA\CR000000.dcm,exact_path,csv_relative_path
Размеченные_499_Илья,C:\Users\Андрей\Desktop\Хакатон\Размеченные_499_Илья\labels.csv,102,2.25.132272637351979990811754009849547633391/series_003_3_CR/A2504141080 DXA/CR DXA/CR000001.dcm,output/2.25.132272637351979990811754009849547633391/series_003_3_CR/A2504141080 DXA/CR DXA/CR000001.dcm,LEG,,,2026-09-16T17:58:52,1.2.643.5.1.13.13.12.2.77.8252.15140601101305061400021505010802,2.25.132272637351979990811754009849547633391/series_003_3_CR/A2504141080 DXA/CR DXA/CR000001.dcm,C:\Users\Андрей\Desktop\Хакатон\Исследования\2.25.132272637351979990811754009849547633391\series_003_3_CR\A2504141080 DXA\CR DXA\CR000001.dcm,exact_path,csv_relative_path
Размеченные_499_Илья,C:\Users\Андрей\Desktop\Хакатон\Размеченные_499_Илья\labels.csv,103,2.25.132272637351979990811754009849547633391/series_003_3_CR/A2504141080 DXA/CR DXA/CR000002.dcm,output/2.25.132272637351979990811754009849547633391/series_003_3_CR/A2504141080 DXA/CR DXA/CR000002.dcm,SPINE,,,2026-09-16T17:58:55,1.2.643.5.1.13.13.12.2.77.8252.07151108041411120004040810151209,2.25.132272637351979990811754009849547633391/series_003_3_CR/A2504141080 DXA/CR DXA/CR000002.dcm,C:\Users\Андрей\Desktop\Хакатон\Исследования\2.25.132272637351979990811754009849547633391\series_003_3_CR\A2504141080 DXA\CR DXA\CR000002.dcm,exact_path,csv_relative_path
Размеченные_499_Илья,C:\Users\Андрей\Desktop\Хакатон\Размеченные_499_Илья\labels.csv,104,2.25.13325817932854000792938662637654885530/series_002_2_CR/A2507365486 DXA/CR DXA/CR000000.dcm,output/2.25.13325817932854000792938662637654885530/series_002_2_CR/A2507365486 DXA/CR DXA/CR000000.dcm,SPINE,,,2026-09-16T17:58:57,1.2.643.5.1.13.13.12.2.77.8252.02090003020511130407030106110206,2.25.13325817932854000792938662637654885530/series_002_2_CR/A2507365486 DXA/CR DXA/CR000000.dcm,C:\Users\Андрей\Desktop\Хакатон\Исследования\2.25.13325817932854000792938662637654885530\series_002_2_CR\A2507365486 DXA\CR DXA\CR000000.dcm,exact_path,csv_relative_path
Размеченные_499_Илья,C:\Users\Андрей\Desktop\Хакатон\Размеченные_499_Илья\labels.csv,105,2.25.13325817932854000792938662637654885530/series_002_2_CR/A2507365486 DXA/CR DXA/CR000001.dcm,output/2.25.13325817932854000792938662637654885530/series_002_2_CR/A2507365486 DXA/CR DXA/CR000001.dcm,LEG,,,2026-09-16T17:58:59,1.2.643.5.1.13.13.12.2.77.8252.04080409110008071309041404000111,2.25.13325817932854000792938662637654885530/series_002_2_CR/A2507365486 DXA/CR DXA/CR000001.dcm,C:\Users\Андрей\Desktop\Хакатон\Исследования\2.25.13325817932854000792938662637654885530\series_002_2_CR\A2507365486 DXA\CR DXA\CR000001.dcm,exact_path,csv_relative_path
Размеченные_499_Илья,C:\Users\Андрей\Desktop\Хакатон\Размеченные_499_Илья\labels.csv,106,2.25.13325817932854000792938662637654885530/series_002_2_CR/A2507365486 DXA/CR DXA/CR000002.dcm,output/2.25.13325817932854000792938662637654885530/series_002_2_CR/A2507365486 DXA/CR DXA/CR000002.dcm,LEG,,,2026-09-16T17:59:00,1.2.643.5.1.13.13.12.2.77.8252.11150104101400000200001411070008,2.25.13325817932854000792938662637654885530/series_002_2_CR/A2507365486 DXA/CR DXA/CR000002.dcm,C:\Users\Андрей\Desktop\Хакатон\Исследования\2.25.13325817932854000792938662637654885530\series_002_2_CR\A2507365486 DXA\CR DXA\CR000002.dcm,exact_path,csv_relative_path
Размеченные_499_Илья,C:\Users\Андрей\Desktop\Хакатон\Размеченные_499_Илья\labels.csv,107,2.25.13325817932854000792938662637654885530/series_002_2_CR/A2507365486 DXA/CR DXA/CR000003.dcm,output/2.25.13325817932854000792938662637654885530/series_002_2_CR/A2507365486 DXA/CR DXA/CR000003.dcm,LEG,,,2026-09-16T17:59:02,1.2.643.5.1.13.13.12.2.77.8252.00090714091003060206031503010409,2.25.13325817932854000792938662637654885530/series_002_2_CR/A2507365486 DXA/CR DXA/CR000003.dcm,C:\Users\Андрей\Desktop\Хакатон\Исследования\2.25.13325817932854000792938662637654885530\series_002_2_CR\A2507365486 DXA\CR DXA\CR000003.dcm,exact_path,csv_relative_path
Размеченные_499_Илья,C:\Users\Андрей\Desktop\Хакатон\Размеченные_499_Илья\labels.csv,108,2.25.13325817932854000792938662637654885530/series_002_2_CR/A2507365486 DXA/CR DXA/CR000004.dcm,output/2.25.13325817932854000792938662637654885530/series_002_2_CR/A2507365486 DXA/CR DXA/CR000004.dcm,LEG,,,2026-09-16T17:59:04,1.2.643.5.1.13.13.12.2.77.8252.13150808100913111314080101030008,2.25.13325817932854000792938662637654885530/series_002_2_CR/A2507365486 DXA/CR DXA/CR000004.dcm,C:\Users\Андрей\Desktop\Хакатон\Исследования\2.25.13325817932854000792938662637654885530\series_002_2_CR\A2507365486 DXA\CR DXA\CR000004.dcm,exact_path,csv_relative_path
Размеченные_499_Илья,C:\Users\Андрей\Desktop\Хакатон\Размеченные_499_Илья\labels.csv,109,2.25.13325817932854000792938662637654885530/series_002_2_CR/A2507365486 DXA/CR DXA/CR000005.dcm,output/2.25.13325817932854000792938662637654885530/series_002_2_CR/A2507365486 DXA/CR DXA/CR000005.dcm,LEG,,,2026-09-16T17:59:06,1.2.643.5.1.13.13.12.2.77.8252.11020707081006150000011408140609,2.25.13325817932854000792938662637654885530/series_002_2_CR/A2507365486 DXA/CR DXA/CR000005.dcm,C:\Users\Андрей\Desktop\Хакатон\Исследования\2.25.13325817932854000792938662637654885530\series_002_2_CR\A2507365486 DXA\CR DXA\CR000005.dcm,exact_path,csv_relative_path
Размеченные_499_Илья,C:\Users\Андрей\Desktop\Хакатон\Размеченные_499_Илья\labels.csv,110,2.25.13325817932854000792938662637654885530/series_002_2_CR/A2507365486 DXA/CR DXA/CR000006.dcm,output/2.25.13325817932854000792938662637654885530/series_002_2_CR/A2507365486 DXA/CR DXA/CR000006.dcm,LEG,,,2026-09-16T17:59:08,1.2.643.5.1.13.13.12.2.77.8252.10001304041304060303041004101403,2.25.13325817932854000792938662637654885530/series_002_2_CR/A2507365486 DXA/CR DXA/CR000006.dcm,C:\Users\Андрей\Desktop\Хакатон\Исследования\2.25.13325817932854000792938662637654885530\series_002_2_CR\A2507365486 DXA\CR DXA\CR000006.dcm,exact_path,csv_relative_path
Размеченные_499_Илья,C:\Users\Андрей\Desktop\Хакатон\Размеченные_499_Илья\labels.csv,111,2.25.13325817932854000792938662637654885530/series_002_2_CR/A2507365486 DXA/CR DXA/CR000007.dcm,output/2.25.13325817932854000792938662637654885530/series_002_2_CR/A2507365486 DXA/CR DXA/CR000007.dcm,LEG,,,2026-09-16T17:59:09,1.2.643.5.1.13.13.12.2.77.8252.12151114030903000211100702060009,2.25.13325817932854000792938662637654885530/series_002_2_CR/A2507365486 DXA/CR DXA/CR000007.dcm,C:\Users\Андрей\Desktop\Хакатон\Исследования\2.25.13325817932854000792938662637654885530\series_002_2_CR\A2507365486 DXA\CR DXA\CR000007.dcm,exact_path,csv_relative_path
Размеченные_499_Илья,C:\Users\Андрей\Desktop\Хакатон\Размеченные_499_Илья\labels.csv,112,2.25.13325817932854000792938662637654885530/series_002_2_CR/A2507365486 DXA/CR DXA/CR000008.dcm,output/2.25.13325817932854000792938662637654885530/series_002_2_CR/A2507365486 DXA/CR DXA/CR000008.dcm,LEG,,,2026-09-16T17:59:11,1.2.643.5.1.13.13.12.2.77.8252.02031303080313100507120501150506,2.25.13325817932854000792938662637654885530/series_002_2_CR/A2507365486 DXA/CR DXA/CR000008.dcm,C:\Users\Андрей\Desktop\Хакатон\Исследования\2.25.13325817932854000792938662637654885530\series_002_2_CR\A2507365486 DXA\CR DXA\CR000008.dcm,exact_path,csv_relative_path
Размеченные_499_Илья,C:\Users\Андрей\Desktop\Хакатон\Размеченные_499_Илья\labels.csv,113,2.25.13325817932854000792938662637654885530/series_002_2_CR/A2507365486 DXA/CR DXA/CR000009.dcm,output/2.25.13325817932854000792938662637654885530/series_002_2_CR/A2507365486 DXA/CR DXA/CR000009.dcm,LEG,,,2026-09-16T17:59:13,1.2.643.5.1.13.13.12.2.77.8252.06150706081207041203070111090707,2.25.13325817932854000792938662637654885530/series_002_2_CR/A2507365486 DXA/CR DXA/CR000009.dcm,C:\Users\Андрей\Desktop\Хакатон\Исследования\2.25.13325817932854000792938662637654885530\series_002_2_CR\A2507365486 DXA\CR DXA\CR000009.dcm,exact_path,csv_relative_path
Размеченные_499_Илья,C:\Users\Андрей\Desktop\Хакатон\Размеченные_499_Илья\labels.csv,114,2.25.13325817932854000792938662637654885530/series_002_2_CR/A2507365486 DXA/CR DXA/CR000010.dcm,output/2.25.13325817932854000792938662637654885530/series_002_2_CR/A2507365486 DXA/CR DXA/CR000010.dcm,SPINE,,,2026-09-16T17:59:15,1.2.643.5.1.13.13.12.2.77.8252.06150108111302000413130014070915,2.25.13325817932854000792938662637654885530/series_002_2_CR/A2507365486 DXA/CR DXA/CR000010.dcm,C:\Users\Андрей\Desktop\Хакатон\Исследования\2.25.13325817932854000792938662637654885530\series_002_2_CR\A2507365486 DXA\CR DXA\CR000010.dcm,exact_path,csv_relative_path
Размеченные_499_Илья,C:\Users\Андрей\Desktop\Хакатон\Размеченные_499_Илья\labels.csv,115,2.25.13325817932854000792938662637654885530/series_002_2_CR/A2507365486 DXA/CR DXA/CR000011.dcm,output/2.25.13325817932854000792938662637654885530/series_002_2_CR/A2507365486 DXA/CR DXA/CR000011.dcm,LEG,,,2026-09-16T17:59:17,1.2.643.5.1.13.13.12.2.77.8252.07031408150101110505001201030207,2.25.13325817932854000792938662637654885530/series_002_2_CR/A2507365486 DXA/CR DXA/CR000011.dcm,C:\Users\Андрей\Desktop\Хакатон\Исследования\2.25.13325817932854000792938662637654885530\series_002_2_CR\A2507365486 DXA\CR DXA\CR000011.dcm,exact_path,csv_relative_path
Размеченные_499_Илья,C:\Users\Андрей\Desktop\Хакатон\Размеченные_499_Илья\labels.csv,116,2.25.13325817932854000792938662637654885530/series_002_2_CR/A2507365486 DXA/CR DXA/CR000012.dcm,output/2.25.13325817932854000792938662637654885530/series_002_2_CR/A2507365486 DXA/CR DXA/CR000012.dcm,SPINE,,,2026-09-16T17:59:18,1.2.643.5.1.13.13.12.2.77.8252.14070208080209001506081402060503,2.25.13325817932854000792938662637654885530/series_002_2_CR/A2507365486 DXA/CR DXA/CR000012.dcm,C:\Users\Андрей\Desktop\Хакатон\Исследования\2.25.13325817932854000792938662637654885530\series_002_2_CR\A2507365486 DXA\CR DXA\CR000012.dcm,exact_path,csv_relative_path
Размеченные_499_Илья,C:\Users\Андрей\Desktop\Хакатон\Размеченные_499_Илья\labels.csv,117,2.25.134456506307367483341018281460841912845/series_002_2_CR/A2507120612 DXA/CR DXA/CR000000.dcm,output/2.25.134456506307367483341018281460841912845/series_002_2_CR/A2507120612 DXA/CR DXA/CR000000.dcm,LEG,,,2026-09-16T17:59:20,1.2.643.5.1.13.13.12.2.77.8252.04040803080402061202041005000304,2.25.134456506307367483341018281460841912845/series_002_2_CR/A2507120612 DXA/CR DXA/CR000000.dcm,C:\Users\Андрей\Desktop\Хакатон\Исследования\2.25.134456506307367483341018281460841912845\series_002_2_CR\A2507120612 DXA\CR DXA\CR000000.dcm,exact_path,csv_relative_path
Размеченные_499_Илья,C:\Users\Андрей\Desktop\Хакатон\Размеченные_499_Илья\labels.csv,118,2.25.134456506307367483341018281460841912845/series_002_2_CR/A2507120612 DXA/CR DXA/CR000001.dcm,output/2.25.134456506307367483341018281460841912845/series_002_2_CR/A2507120612 DXA/CR DXA/CR000001.dcm,SPINE,,,2026-09-16T17:59:23,1.2.643.5.1.13.13.12.2.77.8252.13090607110001000310151006050113,2.25.134456506307367483341018281460841912845/series_002_2_CR/A2507120612 DXA/CR DXA/CR000001.dcm,C:\Users\Андрей\Desktop\Хакатон\Исследования\2.25.134456506307367483341018281460841912845\series_002_2_CR\A2507120612 DXA\CR DXA\CR000001.dcm,exact_path,csv_relative_path
Размеченные_499_Илья,C:\Users\Андрей\Desktop\Хакатон\Размеченные_499_Илья\labels.csv,119,2.25.134456506307367483341018281460841912845/series_002_2_CR/A2507120612 DXA/CR DXA/CR000002.dcm,output/2.25.134456506307367483341018281460841912845/series_002_2_CR/A2507120612 DXA/CR DXA/CR000002.dcm,LEG,,,2026-09-16T17:59:25,1.2.643.5.1.13.13.12.2.77.8252.14121200111500000012151207021305,2.25.134456506307367483341018281460841912845/series_002_2_CR/A2507120612 DXA/CR DXA/CR000002.dcm,C:\Users\Андрей\Desktop\Хакатон\Исследования\2.25.134456506307367483341018281460841912845\series_002_2_CR\A2507120612 DXA\CR DXA\CR000002.dcm,exact_path,csv_relative_path
Размеченные_499_Илья,C:\Users\Андрей\Desktop\Хакатон\Размеченные_499_Илья\labels.csv,120,2.25.135241889065705954191821710363605596815/series_003_3_CR/A250715060 DXA/CR DXA/CR000000.dcm,output/2.25.135241889065705954191821710363605596815/series_003_3_CR/A250715060 DXA/CR DXA/CR000000.dcm,LEG,,,2026-09-16T17:59:27,1.2.643.5.1.13.13.12.2.77.8252.04060811050000140014040410080212,2.25.135241889065705954191821710363605596815/series_003_3_CR/A250715060 DXA/CR DXA/CR000000.dcm,C:\Users\Андрей\Desktop\Хакатон\Исследования\2.25.135241889065705954191821710363605596815\series_003_3_CR\A250715060 DXA\CR DXA\CR000000.dcm,exact_path,csv_relative_path
Размеченные_499_Илья,C:\Users\Андрей\Desktop\Хакатон\Размеченные_499_Илья\labels.csv,121,2.25.135241889065705954191821710363605596815/series_003_3_CR/A250715060 DXA/CR DXA/CR000001.dcm,output/2.25.135241889065705954191821710363605596815/series_003_3_CR/A250715060 DXA/CR DXA/CR000001.dcm,SPINE,,,2026-09-16T17:59:28,1.2.643.5.1.13.13.12.2.77.8252.12060607091105150404131215110908,2.25.135241889065705954191821710363605596815/series_003_3_CR/A250715060 DXA/CR DXA/CR000001.dcm,C:\Users\Андрей\Desktop\Хакатон\Исследования\2.25.135241889065705954191821710363605596815\series_003_3_CR\A250715060 DXA\CR DXA\CR000001.dcm,exact_path,csv_relative_path
Размеченные_499_Илья,C:\Users\Андрей\Desktop\Хакатон\Размеченные_499_Илья\labels.csv,122,2.25.13566237352084812982996047541944701548/series_002_2_CR/A2504268931 DXA/CR DXA/CR000000.dcm,output/2.25.13566237352084812982996047541944701548/series_002_2_CR/A2504268931 DXA/CR DXA/CR000000.dcm,SPINE,,,2026-09-16T17:59:30,1.2.643.5.1.13.13.12.2.77.8252.09030712140506070904071003000708,2.25.13566237352084812982996047541944701548/series_002_2_CR/A2504268931 DXA/CR DXA/CR000000.dcm,C:\Users\Андрей\Desktop\Хакатон\Исследования\2.25.13566237352084812982996047541944701548\series_002_2_CR\A2504268931 DXA\CR DXA\CR000000.dcm,exact_path,csv_relative_path
Размеченные_499_Илья,C:\Users\Андрей\Desktop\Хакатон\Размеченные_499_Илья\labels.csv,123,2.25.137344827330550141320158285144101816664/series_003_3_CR/A2507146630 DXA/CR DXA/CR000000.dcm,output/2.25.137344827330550141320158285144101816664/series_003_3_CR/A2507146630 DXA/CR DXA/CR000000.dcm,SPINE,,,2026-09-16T17:59:32,1.2.643.5.1.13.13.12.2.77.8252.02050314081501100100131400110412,2.25.137344827330550141320158285144101816664/series_003_3_CR/A2507146630 DXA/CR DXA/CR000000.dcm,C:\Users\Андрей\Desktop\Хакатон\Исследования\2.25.137344827330550141320158285144101816664\series_003_3_CR\A2507146630 DXA\CR DXA\CR000000.dcm,exact_path,csv_relative_path
Размеченные_499_Илья,C:\Users\Андрей\Desktop\Хакатон\Размеченные_499_Илья\labels.csv,124,2.25.137344827330550141320158285144101816664/series_003_3_CR/A2507146630 DXA/CR DXA/CR000001.dcm,output/2.25.137344827330550141320158285144101816664/series_003_3_CR/A2507146630 DXA/CR DXA/CR000001.dcm,LEG,,,2026-09-16T17:59:36,1.2.643.5.1.13.13.12.2.77.8252.14140312010015010504081306061203,2.25.137344827330550141320158285144101816664/series_003_3_CR/A2507146630 DXA/CR DXA/CR000001.dcm,C:\Users\Андрей\Desktop\Хакатон\Исследования\2.25.137344827330550141320158285144101816664\series_003_3_CR\A2507146630 DXA\CR DXA\CR000001.dcm,exact_path,csv_relative_path
Размеченные_499_Илья,C:\Users\Андрей\Desktop\Хакатон\Размеченные_499_Илья\labels.csv,125,2.25.137344827330550141320158285144101816664/series_003_3_CR/A2507146630 DXA/CR DXA/CR000002.dcm,output/2.25.137344827330550141320158285144101816664/series_003_3_CR/A2507146630 DXA/CR DXA/CR000002.dcm,LEG,,,2026-09-16T17:59:37,1.2.643.5.1.13.13.12.2.77.8252.03131510081105080011060404010511,2.25.137344827330550141320158285144101816664/series_003_3_CR/A2507146630 DXA/CR DXA/CR000002.dcm,C:\Users\Андрей\Desktop\Хакатон\Исследования\2.25.137344827330550141320158285144101816664\series_003_3_CR\A2507146630 DXA\CR DXA\CR000002.dcm,exact_path,csv_relative_path
Размеченные_499_Илья,C:\Users\Андрей\Desktop\Хакатон\Размеченные_499_Илья\labels.csv,126,2.25.137675513852774974135210999345676405116/series_001_2_CR/A2504106597 DXA/CR DXA/CR000000.dcm,output/2.25.137675513852774974135210999345676405116/series_001_2_CR/A2504106597 DXA/CR DXA/CR000000.dcm,SPINE,,,2026-09-16T17:59:39,1.2.643.5.1.13.13.12.2.77.8252.05060902130204131205041207051405,2.25.137675513852774974135210999345676405116/series_001_2_CR/A2504106597 DXA/CR DXA/CR000000.dcm,C:\Users\Андрей\Desktop\Хакатон\Исследования\2.25.137675513852774974135210999345676405116\series_001_2_CR\A2504106597 DXA\CR DXA\CR000000.dcm,exact_path,csv_relative_path
Размеченные_499_Илья,C:\Users\Андрей\Desktop\Хакатон\Размеченные_499_Илья\labels.csv,127,2.25.13983650679559142983913935144968795415/series_003_2_CR/A2504335111 DXA/CR DXA/CR000000.dcm,output/2.25.13983650679559142983913935144968795415/series_003_2_CR/A2504335111 DXA/CR DXA/CR000000.dcm,SPINE,,,2026-09-16T17:59:41,1.2.643.5.1.13.13.12.2.77.8252.01100509051301061200120505020711,2.25.13983650679559142983913935144968795415/series_003_2_CR/A2504335111 DXA/CR DXA/CR000000.dcm,C:\Users\Андрей\Desktop\Хакатон\Исследования\2.25.13983650679559142983913935144968795415\series_003_2_CR\A2504335111 DXA\CR DXA\CR000000.dcm,exact_path,csv_relative_path
Размеченные_499_Илья,C:\Users\Андрей\Desktop\Хакатон\Размеченные_499_Илья\labels.csv,128,2.25.13983650679559142983913935144968795415/series_003_2_CR/A2504335111 DXA/CR DXA/CR000001.dcm,output/2.25.13983650679559142983913935144968795415/series_003_2_CR/A2504335111 DXA/CR DXA/CR000001.dcm,LEG,,,2026-09-16T17:59:43,1.2.643.5.1.13.13.12.2.77.8252.02030711120805150008090200030710,2.25.13983650679559142983913935144968795415/series_003_2_CR/A2504335111 DXA/CR DXA/CR000001.dcm,C:\Users\Андрей\Desktop\Хакатон\Исследования\2.25.13983650679559142983913935144968795415\series_003_2_CR\A2504335111 DXA\CR DXA\CR000001.dcm,exact_path,csv_relative_path
Размеченные_499_Илья,C:\Users\Андрей\Desktop\Хакатон\Размеченные_499_Илья\labels.csv,129,2.25.13983650679559142983913935144968795415/series_003_2_CR/A2504335111 DXA/CR DXA/CR000002.dcm,output/2.25.13983650679559142983913935144968795415/series_003_2_CR/A2504335111 DXA/CR DXA/CR000002.dcm,LEG,,,2026-09-16T17:59:45,1.2.643.5.1.13.13.12.2.77.8252.05100908130706051511060907050202,2.25.13983650679559142983913935144968795415/series_003_2_CR/A2504335111 DXA/CR DXA/CR000002.dcm,C:\Users\Андрей\Desktop\Хакатон\Исследования\2.25.13983650679559142983913935144968795415\series_003_2_CR\A2504335111 DXA\CR DXA\CR000002.dcm,exact_path,csv_relative_path
Размеченные_499_Илья,C:\Users\Андрей\Desktop\Хакатон\Размеченные_499_Илья\labels.csv,130,2.25.13983650679559142983913935144968795415/series_003_2_CR/A2504335111 DXA/CR DXA/CR000003.dcm,output/2.25.13983650679559142983913935144968795415/series_003_2_CR/A2504335111 DXA/CR DXA/CR000003.dcm,SPINE,,,2026-09-16T17:59:49,1.2.643.5.1.13.13.12.2.77.8252.07080813110202150000000512100700,2.25.13983650679559142983913935144968795415/series_003_2_CR/A2504335111 DXA/CR DXA/CR000003.dcm,C:\Users\Андрей\Desktop\Хакатон\Исследования\2.25.13983650679559142983913935144968795415\series_003_2_CR\A2504335111 DXA\CR DXA\CR000003.dcm,exact_path,csv_relative_path
Размеченные_499_Илья,C:\Users\Андрей\Desktop\Хакатон\Размеченные_499_Илья\labels.csv,131,2.25.13983650679559142983913935144968795415/series_003_2_CR/A2504335111 DXA/CR DXA/CR000004.dcm,output/2.25.13983650679559142983913935144968795415/series_003_2_CR/A2504335111 DXA/CR DXA/CR000004.dcm,LEG,,,2026-09-16T17:59:52,1.2.643.5.1.13.13.12.2.77.8252.04081012050615111107130109120010,2.25.13983650679559142983913935144968795415/series_003_2_CR/A2504335111 DXA/CR DXA/CR000004.dcm,C:\Users\Андрей\Desktop\Хакатон\Исследования\2.25.13983650679559142983913935144968795415\series_003_2_CR\A2504335111 DXA\CR DXA\CR000004.dcm,exact_path,csv_relative_path
Размеченные_499_Илья,C:\Users\Андрей\Desktop\Хакатон\Размеченные_499_Илья\labels.csv,132,2.25.13983650679559142983913935144968795415/series_003_2_CR/A2504335111 DXA/CR DXA/CR000005.dcm,output/2.25.13983650679559142983913935144968795415/series_003_2_CR/A2504335111 DXA/CR DXA/CR000005.dcm,LEG,,,2026-09-16T17:59:54,1.2.643.5.1.13.13.12.2.77.8252.02081511091502140105000012140914,2.25.13983650679559142983913935144968795415/series_003_2_CR/A2504335111 DXA/CR DXA/CR000005.dcm,C:\Users\Андрей\Desktop\Хакатон\Исследования\2.25.13983650679559142983913935144968795415\series_003_2_CR\A2504335111 DXA\CR DXA\CR000005.dcm,exact_path,csv_relative_path
Размеченные_499_Илья,C:\Users\Андрей\Desktop\Хакатон\Размеченные_499_Илья\labels.csv,133,2.25.144941557565802351596730914409170713112/series_001_2_CR/A250728979 DXA/CR DXA/CR000000.dcm,output/2.25.144941557565802351596730914409170713112/series_001_2_CR/A250728979 DXA/CR DXA/CR000000.dcm,LEG,,,2026-09-16T17:59:56,1.2.643.5.1.13.13.12.2.77.8252.01100715050305071000110707040014,2.25.144941557565802351596730914409170713112/series_001_2_CR/A250728979 DXA/CR DXA/CR000000.dcm,C:\Users\Андрей\Desktop\Хакатон\Исследования\2.25.144941557565802351596730914409170713112\series_001_2_CR\A250728979 DXA\CR DXA\CR000000.dcm,exact_path,csv_relative_path
Размеченные_499_Илья,C:\Users\Андрей\Desktop\Хакатон\Размеченные_499_Илья\labels.csv,134,2.25.144941557565802351596730914409170713112/series_001_2_CR/A250728979 DXA/CR DXA/CR000001.dcm,output/2.25.144941557565802351596730914409170713112/series_001_2_CR/A250728979 DXA/CR DXA/CR000001.dcm,LEG,,,2026-09-16T17:59:58,1.2.643.5.1.13.13.12.2.77.8252.05030004000114011306070703000900,2.25.144941557565802351596730914409170713112/series_001_2_CR/A250728979 DXA/CR DXA/CR000001.dcm,C:\Users\Андрей\Desktop\Хакатон\Исследования\2.25.144941557565802351596730914409170713112\series_001_2_CR\A250728979 DXA\CR DXA\CR000001.dcm,exact_path,csv_relative_path
Размеченные_499_Илья,C:\Users\Андрей\Desktop\Хакатон\Размеченные_499_Илья\labels.csv,135,2.25.144941557565802351596730914409170713112/series_001_2_CR/A250728979 DXA/CR DXA/CR000002.dcm,output/2.25.144941557565802351596730914409170713112/series_001_2_CR/A250728979 DXA/CR DXA/CR000002.dcm,LEG,,,2026-09-16T17:59:59,1.2.643.5.1.13.13.12.2.77.8252.14070202101304120203120502100808,2.25.144941557565802351596730914409170713112/series_001_2_CR/A250728979 DXA/CR DXA/CR000002.dcm,C:\Users\Андрей\Desktop\Хакатон\Исследования\2.25.144941557565802351596730914409170713112\series_001_2_CR\A250728979 DXA\CR DXA\CR000002.dcm,exact_path,csv_relative_path
Размеченные_499_Илья,C:\Users\Андрей\Desktop\Хакатон\Размеченные_499_Илья\labels.csv,136,2.25.144941557565802351596730914409170713112/series_001_2_CR/A250728979 DXA/CR DXA/CR000003.dcm,output/2.25.144941557565802351596730914409170713112/series_001_2_CR/A250728979 DXA/CR DXA/CR000003.dcm,LEG,,,2026-09-16T18:00:01,1.2.643.5.1.13.13.12.2.77.8252.03000804151513141409051310151514,2.25.144941557565802351596730914409170713112/series_001_2_CR/A250728979 DXA/CR DXA/CR000003.dcm,C:\Users\Андрей\Desktop\Хакатон\Исследования\2.25.144941557565802351596730914409170713112\series_001_2_CR\A250728979 DXA\CR DXA\CR000003.dcm,exact_path,csv_relative_path
Размеченные_499_Илья,C:\Users\Андрей\Desktop\Хакатон\Размеченные_499_Илья\labels.csv,137,2.25.144941557565802351596730914409170713112/series_001_2_CR/A250728979 DXA/CR DXA/CR000004.dcm,output/2.25.144941557565802351596730914409170713112/series_001_2_CR/A250728979 DXA/CR DXA/CR000004.dcm,LEG,,,2026-09-16T18:00:03,1.2.643.5.1.13.13.12.2.77.8252.10050606131001041108060208080404,2.25.144941557565802351596730914409170713112/series_001_2_CR/A250728979 DXA/CR DXA/CR000004.dcm,C:\Users\Андрей\Desktop\Хакатон\Исследования\2.25.144941557565802351596730914409170713112\series_001_2_CR\A250728979 DXA\CR DXA\CR000004.dcm,exact_path,csv_relative_path
Размеченные_499_Илья,C:\Users\Андрей\Desktop\Хакатон\Размеченные_499_Илья\labels.csv,138,2.25.144941557565802351596730914409170713112/series_001_2_CR/A250728979 DXA/CR DXA/CR000005.dcm,output/2.25.144941557565802351596730914409170713112/series_001_2_CR/A250728979 DXA/CR DXA/CR000005.dcm,LEG,,,2026-09-16T18:00:04,1.2.643.5.1.13.13.12.2.77.8252.13110302070015120304051003100511,2.25.144941557565802351596730914409170713112/series_001_2_CR/A250728979 DXA/CR DXA/CR000005.dcm,C:\Users\Андрей\Desktop\Хакатон\Исследования\2.25.144941557565802351596730914409170713112\series_001_2_CR\A250728979 DXA\CR DXA\CR000005.dcm,exact_path,csv_relative_path
Размеченные_499_Илья,C:\Users\Андрей\Desktop\Хакатон\Размеченные_499_Илья\labels.csv,139,2.25.144941557565802351596730914409170713112/series_001_2_CR/A250728979 DXA/CR DXA/CR000006.dcm,output/2.25.144941557565802351596730914409170713112/series_001_2_CR/A250728979 DXA/CR DXA/CR000006.dcm,SPINE,,,2026-09-16T18:00:07,1.2.643.5.1.13.13.12.2.77.8252.14021109030605071205090308080911,2.25.144941557565802351596730914409170713112/series_001_2_CR/A250728979 DXA/CR DXA/CR000006.dcm,C:\Users\Андрей\Desktop\Хакатон\Исследования\2.25.144941557565802351596730914409170713112\series_001_2_CR\A250728979 DXA\CR DXA\CR000006.dcm,exact_path,csv_relative_path
Размеченные_499_Илья,C:\Users\Андрей\Desktop\Хакатон\Размеченные_499_Илья\labels.csv,140,2.25.144941557565802351596730914409170713112/series_001_2_CR/A250728979 DXA/CR DXA/CR000007.dcm,output/2.25.144941557565802351596730914409170713112/series_001_2_CR/A250728979 DXA/CR DXA/CR000007.dcm,LEG,,,2026-09-16T18:00:09,1.2.643.5.1.13.13.12.2.77.8252.02000707141211070603071400111001,2.25.144941557565802351596730914409170713112/series_001_2_CR/A250728979 DXA/CR DXA/CR000007.dcm,C:\Users\Андрей\Desktop\Хакатон\Исследования\2.25.144941557565802351596730914409170713112\series_001_2_CR\A250728979 DXA\CR DXA\CR000007.dcm,exact_path,csv_relative_path
Размеченные_499_Илья,C:\Users\Андрей\Desktop\Хакатон\Размеченные_499_Илья\labels.csv,141,2.25.144941557565802351596730914409170713112/series_001_2_CR/A250728979 DXA/CR DXA/CR000008.dcm,output/2.25.144941557565802351596730914409170713112/series_001_2_CR/A250728979 DXA/CR DXA/CR000008.dcm,SPINE,,,2026-09-16T18:00:10,1.2.643.5.1.13.13.12.2.77.8252.12001403040706100907100308030007,2.25.144941557565802351596730914409170713112/series_001_2_CR/A250728979 DXA/CR DXA/CR000008.dcm,C:\Users\Андрей\Desktop\Хакатон\Исследования\2.25.144941557565802351596730914409170713112\series_001_2_CR\A250728979 DXA\CR DXA\CR000008.dcm,exact_path,csv_relative_path
Размеченные_499_Илья,C:\Users\Андрей\Desktop\Хакатон\Размеченные_499_Илья\labels.csv,142,2.25.144941557565802351596730914409170713112/series_001_2_CR/A250728979 DXA/CR DXA/CR000009.dcm,output/2.25.144941557565802351596730914409170713112/series_001_2_CR/A250728979 DXA/CR DXA/CR000009.dcm,SPINE,,,2026-09-16T18:00:13,1.2.643.5.1.13.13.12.2.77.8252.03150209000513130305020013101408,2.25.144941557565802351596730914409170713112/series_001_2_CR/A250728979 DXA/CR DXA/CR000009.dcm,C:\Users\Андрей\Desktop\Хакатон\Исследования\2.25.144941557565802351596730914409170713112\series_001_2_CR\A250728979 DXA\CR DXA\CR000009.dcm,exact_path,csv_relative_path
Размеченные_499_Илья,C:\Users\Андрей\Desktop\Хакатон\Размеченные_499_Илья\labels.csv,143,2.25.144941557565802351596730914409170713112/series_001_2_CR/A250728979 DXA/CR DXA/CR000010.dcm,output/2.25.144941557565802351596730914409170713112/series_001_2_CR/A250728979 DXA/CR DXA/CR000010.dcm,LEG,,,2026-09-16T18:00:15,1.2.643.5.1.13.13.12.2.77.8252.08060612000510000609001512070103,2.25.144941557565802351596730914409170713112/series_001_2_CR/A250728979 DXA/CR DXA/CR000010.dcm,C:\Users\Андрей\Desktop\Хакатон\Исследования\2.25.144941557565802351596730914409170713112\series_001_2_CR\A250728979 DXA\CR DXA\CR000010.dcm,exact_path,csv_relative_path
Размеченные_499_Илья,C:\Users\Андрей\Desktop\Хакатон\Размеченные_499_Илья\labels.csv,144,2.25.145848300160680194368420189079847088556/series_002_2_CR/A2504248615 DXA Exam/CR DXA Images/CR000000.dcm,output/2.25.145848300160680194368420189079847088556/series_002_2_CR/A2504248615 DXA Exam/CR DXA Images/CR000000.dcm,LEG,,,2026-09-16T18:00:18,1.2.643.5.1.13.13.12.2.77.8252.06130104100900080002100912090901,2.25.145848300160680194368420189079847088556/series_002_2_CR/A2504248615 DXA Exam/CR DXA Images/CR000000.dcm,C:\Users\Андрей\Desktop\Хакатон\Исследования\2.25.145848300160680194368420189079847088556\series_002_2_CR\A2504248615 DXA Exam\CR DXA Images\CR000000.dcm,exact_path,csv_relative_path
Размеченные_499_Илья,C:\Users\Андрей\Desktop\Хакатон\Размеченные_499_Илья\labels.csv,145,2.25.145848300160680194368420189079847088556/series_002_2_CR/A2504248615 DXA Exam/CR DXA Images/CR000001.dcm,output/2.25.145848300160680194368420189079847088556/series_002_2_CR/A2504248615 DXA Exam/CR DXA Images/CR000001.dcm,LEG,,,2026-09-16T18:00:20,1.2.643.5.1.13.13.12.2.77.8252.09091111090903031309150614110215,2.25.145848300160680194368420189079847088556/series_002_2_CR/A2504248615 DXA Exam/CR DXA Images/CR000001.dcm,C:\Users\Андрей\Desktop\Хакатон\Исследования\2.25.145848300160680194368420189079847088556\series_002_2_CR\A2504248615 DXA Exam\CR DXA Images\CR000001.dcm,exact_path,csv_relative_path
Размеченные_499_Илья,C:\Users\Андрей\Desktop\Хакатон\Размеченные_499_Илья\labels.csv,146,2.25.145848300160680194368420189079847088556/series_002_2_CR/A2504248615 DXA Exam/CR DXA Images/CR000002.dcm,output/2.25.145848300160680194368420189079847088556/series_002_2_CR/A2504248615 DXA Exam/CR DXA Images/CR000002.dcm,SPINE,,,2026-09-16T18:00:22,1.2.643.5.1.13.13.12.2.77.8252.07040802010906150312000007110303,2.25.145848300160680194368420189079847088556/series_002_2_CR/A2504248615 DXA Exam/CR DXA Images/CR000002.dcm,C:\Users\Андрей\Desktop\Хакатон\Исследования\2.25.145848300160680194368420189079847088556\series_002_2_CR\A2504248615 DXA Exam\CR DXA Images\CR000002.dcm,exact_path,csv_relative_path
Размеченные_499_Илья,C:\Users\Андрей\Desktop\Хакатон\Размеченные_499_Илья\labels.csv,147,2.25.151186844055172005615813066162721550889/series_002_2_CR/A250436130 DXA/CR DXA/CR000000.dcm,output/2.25.151186844055172005615813066162721550889/series_002_2_CR/A250436130 DXA/CR DXA/CR000000.dcm,SPINE,,,2026-09-16T18:00:23,1.2.643.5.1.13.13.12.2.77.8252.07051313070907070603030815070904,2.25.151186844055172005615813066162721550889/series_002_2_CR/A250436130 DXA/CR DXA/CR000000.dcm,C:\Users\Андрей\Desktop\Хакатон\Исследования\2.25.151186844055172005615813066162721550889\series_002_2_CR\A250436130 DXA\CR DXA\CR000000.dcm,exact_path,csv_relative_path
Размеченные_499_Илья,C:\Users\Андрей\Desktop\Хакатон\Размеченные_499_Илья\labels.csv,148,2.25.151186844055172005615813066162721550889/series_002_2_CR/A250436130 DXA/CR DXA/CR000001.dcm,output/2.25.151186844055172005615813066162721550889/series_002_2_CR/A250436130 DXA/CR DXA/CR000001.dcm,LEG,,,2026-09-16T18:00:25,1.2.643.5.1.13.13.12.2.77.8252.06120514140811101106020900110711,2.25.151186844055172005615813066162721550889/series_002_2_CR/A250436130 DXA/CR DXA/CR000001.dcm,C:\Users\Андрей\Desktop\Хакатон\Исследования\2.25.151186844055172005615813066162721550889\series_002_2_CR\A250436130 DXA\CR DXA\CR000001.dcm,exact_path,csv_relative_path
Размеченные_499_Илья,C:\Users\Андрей\Desktop\Хакатон\Размеченные_499_Илья\labels.csv,149,2.25.151186844055172005615813066162721550889/series_002_2_CR/A250436130 DXA/CR DXA/CR000002.dcm,output/2.25.151186844055172005615813066162721550889/series_002_2_CR/A250436130 DXA/CR DXA/CR000002.dcm,LEG,,,2026-09-16T18:00:30,1.2.643.5.1.13.13.12.2.77.8252.07071507091013150605060411110414,2.25.151186844055172005615813066162721550889/series_002_2_CR/A250436130 DXA/CR DXA/CR000002.dcm,C:\Users\Андрей\Desktop\Хакатон\Исследования\2.25.151186844055172005615813066162721550889\series_002_2_CR\A250436130 DXA\CR DXA\CR000002.dcm,exact_path,csv_relative_path
Размеченные_499_Илья,C:\Users\Андрей\Desktop\Хакатон\Размеченные_499_Илья\labels.csv,150,2.25.156021661584944120526934974594604520993/series_003_2_CR/A2507142228 DXA/CR DXA/CR000000.dcm,output/2.25.156021661584944120526934974594604520993/series_003_2_CR/A2507142228 DXA/CR DXA/CR000000.dcm,SPINE,,,2026-09-16T18:00:32,1.2.643.5.1.13.13.12.2.77.8252.09130714090405151215050914040809,2.25.156021661584944120526934974594604520993/series_003_2_CR/A2507142228 DXA/CR DXA/CR000000.dcm,C:\Users\Андрей\Desktop\Хакатон\Исследования\2.25.156021661584944120526934974594604520993\series_003_2_CR\A2507142228 DXA\CR DXA\CR000000.dcm,exact_path,csv_relative_path
Размеченные_499_Илья,C:\Users\Андрей\Desktop\Хакатон\Размеченные_499_Илья\labels.csv,151,2.25.156021661584944120526934974594604520993/series_003_2_CR/A2507142228 DXA/CR DXA/CR000001.dcm,output/2.25.156021661584944120526934974594604520993/series_003_2_CR/A2507142228 DXA/CR DXA/CR000001.dcm,LEG,,,2026-09-16T18:00:33,1.2.643.5.1.13.13.12.2.77.8252.09091502110711081102050610090100,2.25.156021661584944120526934974594604520993/series_003_2_CR/A2507142228 DXA/CR DXA/CR000001.dcm,C:\Users\Андрей\Desktop\Хакатон\Исследования\2.25.156021661584944120526934974594604520993\series_003_2_CR\A2507142228 DXA\CR DXA\CR000001.dcm,exact_path,csv_relative_path
Размеченные_499_Илья,C:\Users\Андрей\Desktop\Хакатон\Размеченные_499_Илья\labels.csv,152,2.25.156021661584944120526934974594604520993/series_003_2_CR/A2507142228 DXA/CR DXA/CR000002.dcm,output/2.25.156021661584944120526934974594604520993/series_003_2_CR/A2507142228 DXA/CR DXA/CR000002.dcm,LEG,,,2026-09-16T18:00:36,1.2.643.5.1.13.13.12.2.77.8252.02061505000012091414020201140711,2.25.156021661584944120526934974594604520993/series_003_2_CR/A2507142228 DXA/CR DXA/CR000002.dcm,C:\Users\Андрей\Desktop\Хакатон\Исследования\2.25.156021661584944120526934974594604520993\series_003_2_CR\A2507142228 DXA\CR DXA\CR000002.dcm,exact_path,csv_relative_path
Размеченные_499_Илья,C:\Users\Андрей\Desktop\Хакатон\Размеченные_499_Илья\labels.csv,153,2.25.156021661584944120526934974594604520993/series_003_2_CR/A2507142228 DXA/CR DXA/CR000003.dcm,output/2.25.156021661584944120526934974594604520993/series_003_2_CR/A2507142228 DXA/CR DXA/CR000003.dcm,LEG,,,2026-09-16T18:00:38,1.2.643.5.1.13.13.12.2.77.8252.12020806150405080200131300151004,2.25.156021661584944120526934974594604520993/series_003_2_CR/A2507142228 DXA/CR DXA/CR000003.dcm,C:\Users\Андрей\Desktop\Хакатон\Исследования\2.25.156021661584944120526934974594604520993\series_003_2_CR\A2507142228 DXA\CR DXA\CR000003.dcm,exact_path,csv_relative_path
Размеченные_499_Илья,C:\Users\Андрей\Desktop\Хакатон\Размеченные_499_Илья\labels.csv,154,2.25.156021661584944120526934974594604520993/series_003_2_CR/A2507142228 DXA/CR DXA/CR000004.dcm,output/2.25.156021661584944120526934974594604520993/series_003_2_CR/A2507142228 DXA/CR DXA/CR000004.dcm,LEG,,,2026-09-16T18:00:42,1.2.643.5.1.13.13.12.2.77.8252.04040506120312070613131201100500,2.25.156021661584944120526934974594604520993/series_003_2_CR/A2507142228 DXA/CR DXA/CR000004.dcm,C:\Users\Андрей\Desktop\Хакатон\Исследования\2.25.156021661584944120526934974594604520993\series_003_2_CR\A2507142228 DXA\CR DXA\CR000004.dcm,exact_path,csv_relative_path
Размеченные_499_Илья,C:\Users\Андрей\Desktop\Хакатон\Размеченные_499_Илья\labels.csv,155,2.25.156021661584944120526934974594604520993/series_003_2_CR/A2507142228 DXA/CR DXA/CR000005.dcm,output/2.25.156021661584944120526934974594604520993/series_003_2_CR/A2507142228 DXA/CR DXA/CR000005.dcm,LEG,,,2026-09-16T18:00:43,1.2.643.5.1.13.13.12.2.77.8252.04130713101511140710050408091506,2.25.156021661584944120526934974594604520993/series_003_2_CR/A2507142228 DXA/CR DXA/CR000005.dcm,C:\Users\Андрей\Desktop\Хакатон\Исследования\2.25.156021661584944120526934974594604520993\series_003_2_CR\A2507142228 DXA\CR DXA\CR000005.dcm,exact_path,csv_relative_path
Размеченные_499_Илья,C:\Users\Андрей\Desktop\Хакатон\Размеченные_499_Илья\labels.csv,156,2.25.156021661584944120526934974594604520993/series_003_2_CR/A2507142228 DXA/CR DXA/CR000006.dcm,output/2.25.156021661584944120526934974594604520993/series_003_2_CR/A2507142228 DXA/CR DXA/CR000006.dcm,LEG,,,2026-09-16T18:00:45,1.2.643.5.1.13.13.12.2.77.8252.11080103090607140209131008021505,2.25.156021661584944120526934974594604520993/series_003_2_CR/A2507142228 DXA/CR DXA/CR000006.dcm,C:\Users\Андрей\Desktop\Хакатон\Исследования\2.25.156021661584944120526934974594604520993\series_003_2_CR\A2507142228 DXA\CR DXA\CR000006.dcm,exact_path,csv_relative_path
Размеченные_499_Илья,C:\Users\Андрей\Desktop\Хакатон\Размеченные_499_Илья\labels.csv,157,2.25.156021661584944120526934974594604520993/series_003_2_CR/A2507142228 DXA/CR DXA/CR000007.dcm,output/2.25.156021661584944120526934974594604520993/series_003_2_CR/A2507142228 DXA/CR DXA/CR000007.dcm,LEG,,,2026-09-16T18:00:47,1.2.643.5.1.13.13.12.2.77.8252.05041404051513101304111210060012,2.25.156021661584944120526934974594604520993/series_003_2_CR/A2507142228 DXA/CR DXA/CR000007.dcm,C:\Users\Андрей\Desktop\Хакатон\Исследования\2.25.156021661584944120526934974594604520993\series_003_2_CR\A2507142228 DXA\CR DXA\CR000007.dcm,exact_path,csv_relative_path
Размеченные_499_Илья,C:\Users\Андрей\Desktop\Хакатон\Размеченные_499_Илья\labels.csv,158,2.25.156021661584944120526934974594604520993/series_003_2_CR/A2507142228 DXA/CR DXA/CR000008.dcm,output/2.25.156021661584944120526934974594604520993/series_003_2_CR/A2507142228 DXA/CR DXA/CR000008.dcm,SPINE,,,2026-09-16T18:00:50,1.2.643.5.1.13.13.12.2.77.8252.10050703151214090610040504130101,2.25.156021661584944120526934974594604520993/series_003_2_CR/A2507142228 DXA/CR DXA/CR000008.dcm,C:\Users\Андрей\Desktop\Хакатон\Исследования\2.25.156021661584944120526934974594604520993\series_003_2_CR\A2507142228 DXA\CR DXA\CR000008.dcm,exact_path,csv_relative_path
Размеченные_499_Илья,C:\Users\Андрей\Desktop\Хакатон\Размеченные_499_Илья\labels.csv,159,2.25.156021661584944120526934974594604520993/series_003_2_CR/A2507142228 DXA/CR DXA/CR000009.dcm,output/2.25.156021661584944120526934974594604520993/series_003_2_CR/A2507142228 DXA/CR DXA/CR000009.dcm,LEG,,,2026-09-16T18:00:51,1.2.643.5.1.13.13.12.2.77.8252.01020015070311140900060907010202,2.25.156021661584944120526934974594604520993/series_003_2_CR/A2507142228 DXA/CR DXA/CR000009.dcm,C:\Users\Андрей\Desktop\Хакатон\Исследования\2.25.156021661584944120526934974594604520993\series_003_2_CR\A2507142228 DXA\CR DXA\CR000009.dcm,exact_path,csv_relative_path
Размеченные_499_Илья,C:\Users\Андрей\Desktop\Хакатон\Размеченные_499_Илья\labels.csv,160,2.25.156021661584944120526934974594604520993/series_003_2_CR/A2507142228 DXA/CR DXA/CR000010.dcm,output/2.25.156021661584944120526934974594604520993/series_003_2_CR/A2507142228 DXA/CR DXA/CR000010.dcm,LEG,,,2026-09-16T18:00:53,1.2.643.5.1.13.13.12.2.77.8252.11001008080504080903151311021305,2.25.156021661584944120526934974594604520993/series_003_2_CR/A2507142228 DXA/CR DXA/CR000010.dcm,C:\Users\Андрей\Desktop\Хакатон\Исследования\2.25.156021661584944120526934974594604520993\series_003_2_CR\A2507142228 DXA\CR DXA\CR000010.dcm,exact_path,csv_relative_path
Размеченные_499_Илья,C:\Users\Андрей\Desktop\Хакатон\Размеченные_499_Илья\labels.csv,161,2.25.156021661584944120526934974594604520993/series_003_2_CR/A2507142228 DXA/CR DXA/CR000011.dcm,output/2.25.156021661584944120526934974594604520993/series_003_2_CR/A2507142228 DXA/CR DXA/CR000011.dcm,SPINE,,,2026-09-16T18:00:55,1.2.643.5.1.13.13.12.2.77.8252.10070914150303091307080902000612,2.25.156021661584944120526934974594604520993/series_003_2_CR/A2507142228 DXA/CR DXA/CR000011.dcm,C:\Users\Андрей\Desktop\Хакатон\Исследования\2.25.156021661584944120526934974594604520993\series_003_2_CR\A2507142228 DXA\CR DXA\CR000011.dcm,exact_path,csv_relative_path
Размеченные_499_Илья,C:\Users\Андрей\Desktop\Хакатон\Размеченные_499_Илья\labels.csv,162,2.25.156375884487675936513403083218009333856/series_003_2_CR/A250727121 DXA/CR DXA/CR000000.dcm,output/2.25.156375884487675936513403083218009333856/series_003_2_CR/A250727121 DXA/CR DXA/CR000000.dcm,LEG,,,2026-09-16T18:00:56,1.2.643.5.1.13.13.12.2.77.8252.04001402031200081204010009090110,2.25.156375884487675936513403083218009333856/series_003_2_CR/A250727121 DXA/CR DXA/CR000000.dcm,C:\Users\Андрей\Desktop\Хакатон\Исследования\2.25.156375884487675936513403083218009333856\series_003_2_CR\A250727121 DXA\CR DXA\CR000000.dcm,exact_path,csv_relative_path
Размеченные_499_Илья,C:\Users\Андрей\Desktop\Хакатон\Размеченные_499_Илья\labels.csv,163,2.25.156375884487675936513403083218009333856/series_003_2_CR/A250727121 DXA/CR DXA/CR000001.dcm,output/2.25.156375884487675936513403083218009333856/series_003_2_CR/A250727121 DXA/CR DXA/CR000001.dcm,SPINE,,,2026-09-16T18:00:59,1.2.643.5.1.13.13.12.2.77.8252.07090311111312140315080706100515,2.25.156375884487675936513403083218009333856/series_003_2_CR/A250727121 DXA/CR DXA/CR000001.dcm,C:\Users\Андрей\Desktop\Хакатон\Исследования\2.25.156375884487675936513403083218009333856\series_003_2_CR\A250727121 DXA\CR DXA\CR000001.dcm,exact_path,csv_relative_path
Размеченные_499_Илья,C:\Users\Андрей\Desktop\Хакатон\Размеченные_499_Илья\labels.csv,164,2.25.156375884487675936513403083218009333856/series_003_2_CR/A250727121 DXA/CR DXA/CR000002.dcm,output/2.25.156375884487675936513403083218009333856/series_003_2_CR/A250727121 DXA/CR DXA/CR000002.dcm,LEG,,,2026-09-16T18:01:01,1.2.643.5.1.13.13.12.2.77.8252.14151108130201081305130506031009,2.25.156375884487675936513403083218009333856/series_003_2_CR/A250727121 DXA/CR DXA/CR000002.dcm,C:\Users\Андрей\Desktop\Хакатон\Исследования\2.25.156375884487675936513403083218009333856\series_003_2_CR\A250727121 DXA\CR DXA\CR000002.dcm,exact_path,csv_relative_path
Размеченные_499_Илья,C:\Users\Андрей\Desktop\Хакатон\Размеченные_499_Илья\labels.csv,165,2.25.156375884487675936513403083218009333856/series_003_2_CR/A250727121 DXA/CR DXA/CR000003.dcm,output/2.25.156375884487675936513403083218009333856/series_003_2_CR/A250727121 DXA/CR DXA/CR000003.dcm,SPINE,,,2026-09-16T18:01:02,1.2.643.5.1.13.13.12.2.77.8252.14051207080309081314081508110108,2.25.156375884487675936513403083218009333856/series_003_2_CR/A250727121 DXA/CR DXA/CR000003.dcm,C:\Users\Андрей\Desktop\Хакатон\Исследования\2.25.156375884487675936513403083218009333856\series_003_2_CR\A250727121 DXA\CR DXA\CR000003.dcm,exact_path,csv_relative_path
Размеченные_499_Илья,C:\Users\Андрей\Desktop\Хакатон\Размеченные_499_Илья\labels.csv,166,2.25.156375884487675936513403083218009333856/series_003_2_CR/A250727121 DXA/CR DXA/CR000004.dcm,output/2.25.156375884487675936513403083218009333856/series_003_2_CR/A250727121 DXA/CR DXA/CR000004.dcm,LEG,,,2026-09-16T18:01:05,1.2.643.5.1.13.13.12.2.77.8252.00010208150107110206110212130810,2.25.156375884487675936513403083218009333856/series_003_2_CR/A250727121 DXA/CR DXA/CR000004.dcm,C:\Users\Андрей\Desktop\Хакатон\Исследования\2.25.156375884487675936513403083218009333856\series_003_2_CR\A250727121 DXA\CR DXA\CR000004.dcm,exact_path,csv_relative_path
Размеченные_499_Илья,C:\Users\Андрей\Desktop\Хакатон\Размеченные_499_Илья\labels.csv,167,2.25.156375884487675936513403083218009333856/series_003_2_CR/A250727121 DXA/CR DXA/CR000005.dcm,output/2.25.156375884487675936513403083218009333856/series_003_2_CR/A250727121 DXA/CR DXA/CR000005.dcm,LEG,,,2026-09-16T18:01:07,1.2.643.5.1.13.13.12.2.77.8252.09011413060403000011030100010009,2.25.156375884487675936513403083218009333856/series_003_2_CR/A250727121 DXA/CR DXA/CR000005.dcm,C:\Users\Андрей\Desktop\Хакатон\Исследования\2.25.156375884487675936513403083218009333856\series_003_2_CR\A250727121 DXA\CR DXA\CR000005.dcm,exact_path,csv_relative_path
Размеченные_499_Илья,C:\Users\Андрей\Desktop\Хакатон\Размеченные_499_Илья\labels.csv,168,2.25.156375884487675936513403083218009333856/series_003_2_CR/A250727121 DXA/CR DXA/CR000006.dcm,output/2.25.156375884487675936513403083218009333856/series_003_2_CR/A250727121 DXA/CR DXA/CR000006.dcm,LEG,,,2026-09-16T18:01:10,1.2.643.5.1.13.13.12.2.77.8252.08030713030704060311150311011102,2.25.156375884487675936513403083218009333856/series_003_2_CR/A250727121 DXA/CR DXA/CR000006.dcm,C:\Users\Андрей\Desktop\Хакатон\Исследования\2.25.156375884487675936513403083218009333856\series_003_2_CR\A250727121 DXA\CR DXA\CR000006.dcm,exact_path,csv_relative_path
Размеченные_499_Илья,C:\Users\Андрей\Desktop\Хакатон\Размеченные_499_Илья\labels.csv,169,2.25.156375884487675936513403083218009333856/series_003_2_CR/A250727121 DXA/CR DXA/CR000007.dcm,output/2.25.156375884487675936513403083218009333856/series_003_2_CR/A250727121 DXA/CR DXA/CR000007.dcm,LEG,,,2026-09-16T18:01:11,1.2.643.5.1.13.13.12.2.77.8252.05051104100602100505120514140315,2.25.156375884487675936513403083218009333856/series_003_2_CR/A250727121 DXA/CR DXA/CR000007.dcm,C:\Users\Андрей\Desktop\Хакатон\Исследования\2.25.156375884487675936513403083218009333856\series_003_2_CR\A250727121 DXA\CR DXA\CR000007.dcm,exact_path,csv_relative_path
Размеченные_499_Илья,C:\Users\Андрей\Desktop\Хакатон\Размеченные_499_Илья\labels.csv,170,2.25.156375884487675936513403083218009333856/series_003_2_CR/A250727121 DXA/CR DXA/CR000008.dcm,output/2.25.156375884487675936513403083218009333856/series_003_2_CR/A250727121 DXA/CR DXA/CR000008.dcm,LEG,,,2026-09-16T18:01:13,1.2.643.5.1.13.13.12.2.77.8252.02120313110611140813031405011300,2.25.156375884487675936513403083218009333856/series_003_2_CR/A250727121 DXA/CR DXA/CR000008.dcm,C:\Users\Андрей\Desktop\Хакатон\Исследования\2.25.156375884487675936513403083218009333856\series_003_2_CR\A250727121 DXA\CR DXA\CR000008.dcm,exact_path,csv_relative_path
Размеченные_499_Илья,C:\Users\Андрей\Desktop\Хакатон\Размеченные_499_Илья\labels.csv,171,2.25.156375884487675936513403083218009333856/series_003_2_CR/A250727121 DXA/CR DXA/CR000009.dcm,output/2.25.156375884487675936513403083218009333856/series_003_2_CR/A250727121 DXA/CR DXA/CR000009.dcm,SPINE,,,2026-09-16T18:01:15,1.2.643.5.1.13.13.12.2.77.8252.01081107130715100908030700130001,2.25.156375884487675936513403083218009333856/series_003_2_CR/A250727121 DXA/CR DXA/CR000009.dcm,C:\Users\Андрей\Desktop\Хакатон\Исследования\2.25.156375884487675936513403083218009333856\series_003_2_CR\A250727121 DXA\CR DXA\CR000009.dcm,exact_path,csv_relative_path
Размеченные_499_Илья,C:\Users\Андрей\Desktop\Хакатон\Размеченные_499_Илья\labels.csv,172,2.25.156375884487675936513403083218009333856/series_003_2_CR/A250727121 DXA/CR DXA/CR000010.dcm,output/2.25.156375884487675936513403083218009333856/series_003_2_CR/A250727121 DXA/CR DXA/CR000010.dcm,LEG,,,2026-09-16T18:01:16,1.2.643.5.1.13.13.12.2.77.8252.02031105000207140511130815071303,2.25.156375884487675936513403083218009333856/series_003_2_CR/A250727121 DXA/CR DXA/CR000010.dcm,C:\Users\Андрей\Desktop\Хакатон\Исследования\2.25.156375884487675936513403083218009333856\series_003_2_CR\A250727121 DXA\CR DXA\CR000010.dcm,exact_path,csv_relative_path
Размеченные_499_Илья,C:\Users\Андрей\Desktop\Хакатон\Размеченные_499_Илья\labels.csv,173,2.25.156389075510671877606923458507011517218/series_001_2_CR/A2507389755 DXA/CR DXA/CR000000.dcm,output/2.25.156389075510671877606923458507011517218/series_001_2_CR/A2507389755 DXA/CR DXA/CR000000.dcm,LEG,,,2026-09-16T18:01:19,1.2.643.5.1.13.13.12.2.77.8252.12101514000107101207120412120213,2.25.156389075510671877606923458507011517218/series_001_2_CR/A2507389755 DXA/CR DXA/CR000000.dcm,C:\Users\Андрей\Desktop\Хакатон\Исследования\2.25.156389075510671877606923458507011517218\series_001_2_CR\A2507389755 DXA\CR DXA\CR000000.dcm,exact_path,csv_relative_path
Размеченные_499_Илья,C:\Users\Андрей\Desktop\Хакатон\Размеченные_499_Илья\labels.csv,174,2.25.156389075510671877606923458507011517218/series_001_2_CR/A2507389755 DXA/CR DXA/CR000001.dcm,output/2.25.156389075510671877606923458507011517218/series_001_2_CR/A2507389755 DXA/CR DXA/CR000001.dcm,LEG,,,2026-09-16T18:01:22,1.2.643.5.1.13.13.12.2.77.8252.05051100060005040907000403081502,2.25.156389075510671877606923458507011517218/series_001_2_CR/A2507389755 DXA/CR DXA/CR000001.dcm,C:\Users\Андрей\Desktop\Хакатон\Исследования\2.25.156389075510671877606923458507011517218\series_001_2_CR\A2507389755 DXA\CR DXA\CR000001.dcm,exact_path,csv_relative_path
Размеченные_499_Илья,C:\Users\Андрей\Desktop\Хакатон\Размеченные_499_Илья\labels.csv,175,2.25.156389075510671877606923458507011517218/series_001_2_CR/A2507389755 DXA/CR DXA/CR000002.dcm,output/2.25.156389075510671877606923458507011517218/series_001_2_CR/A2507389755 DXA/CR DXA/CR000002.dcm,SPINE,,,2026-09-16T18:01:23,1.2.643.5.1.13.13.12.2.77.8252.10040508121311001415130412050515,2.25.156389075510671877606923458507011517218/series_001_2_CR/A2507389755 DXA/CR DXA/CR000002.dcm,C:\Users\Андрей\Desktop\Хакатон\Исследования\2.25.156389075510671877606923458507011517218\series_001_2_CR\A2507389755 DXA\CR DXA\CR000002.dcm,exact_path,csv_relative_path
Размеченные_499_Илья,C:\Users\Андрей\Desktop\Хакатон\Размеченные_499_Илья\labels.csv,176,2.25.156389075510671877606923458507011517218/series_001_2_CR/A2507389755 DXA/CR DXA/CR000003.dcm,output/2.25.156389075510671877606923458507011517218/series_001_2_CR/A2507389755 DXA/CR DXA/CR000003.dcm,SPINE,,,2026-09-16T18:01:25,1.2.643.5.1.13.13.12.2.77.8252.12071112070710000412111310090807,2.25.156389075510671877606923458507011517218/series_001_2_CR/A2507389755 DXA/CR DXA/CR000003.dcm,C:\Users\Андрей\Desktop\Хакатон\Исследования\2.25.156389075510671877606923458507011517218\series_001_2_CR\A2507389755 DXA\CR DXA\CR000003.dcm,exact_path,csv_relative_path
Размеченные_499_Илья,C:\Users\Андрей\Desktop\Хакатон\Размеченные_499_Илья\labels.csv,177,2.25.156389075510671877606923458507011517218/series_001_2_CR/A2507389755 DXA/CR DXA/CR000004.dcm,output/2.25.156389075510671877606923458507011517218/series_001_2_CR/A2507389755 DXA/CR DXA/CR000004.dcm,LEG,,,2026-09-16T18:01:27,1.2.643.5.1.13.13.12.2.77.8252.05071102020515091408100612011404,2.25.156389075510671877606923458507011517218/series_001_2_CR/A2507389755 DXA/CR DXA/CR000004.dcm,C:\Users\Андрей\Desktop\Хакатон\Исследования\2.25.156389075510671877606923458507011517218\series_001_2_CR\A2507389755 DXA\CR DXA\CR000004.dcm,exact_path,csv_relative_path
Размеченные_499_Илья,C:\Users\Андрей\Desktop\Хакатон\Размеченные_499_Илья\labels.csv,178,2.25.156389075510671877606923458507011517218/series_001_2_CR/A2507389755 DXA/CR DXA/CR000005.dcm,output/2.25.156389075510671877606923458507011517218/series_001_2_CR/A2507389755 DXA/CR DXA/CR000005.dcm,LEG,,,2026-09-16T18:01:29,1.2.643.5.1.13.13.12.2.77.8252.06010215090214010805091400020206,2.25.156389075510671877606923458507011517218/series_001_2_CR/A2507389755 DXA/CR DXA/CR000005.dcm,C:\Users\Андрей\Desktop\Хакатон\Исследования\2.25.156389075510671877606923458507011517218\series_001_2_CR\A2507389755 DXA\CR DXA\CR000005.dcm,exact_path,csv_relative_path
Размеченные_499_Илья,C:\Users\Андрей\Desktop\Хакатон\Размеченные_499_Илья\labels.csv,179,2.25.157462338378550185821790046400986801350/series_001_2_CR/A2507498707 DXA/CR DXA/CR000000.dcm,output/2.25.157462338378550185821790046400986801350/series_001_2_CR/A2507498707 DXA/CR DXA/CR000000.dcm,SPINE,,,2026-09-16T18:01:31,1.2.643.5.1.13.13.12.2.77.8252.15011410150513090204040606151204,2.25.157462338378550185821790046400986801350/series_001_2_CR/A2507498707 DXA/CR DXA/CR000000.dcm,C:\Users\Андрей\Desktop\Хакатон\Исследования\2.25.157462338378550185821790046400986801350\series_001_2_CR\A2507498707 DXA\CR DXA\CR000000.dcm,exact_path,csv_relative_path
Размеченные_499_Илья,C:\Users\Андрей\Desktop\Хакатон\Размеченные_499_Илья\labels.csv,180,2.25.157462338378550185821790046400986801350/series_001_2_CR/A2507498707 DXA/CR DXA/CR000001.dcm,output/2.25.157462338378550185821790046400986801350/series_001_2_CR/A2507498707 DXA/CR DXA/CR000001.dcm,LEG,,,2026-09-16T18:01:36,1.2.643.5.1.13.13.12.2.77.8252.14100604010411121207140303140506,2.25.157462338378550185821790046400986801350/series_001_2_CR/A2507498707 DXA/CR DXA/CR000001.dcm,C:\Users\Андрей\Desktop\Хакатон\Исследования\2.25.157462338378550185821790046400986801350\series_001_2_CR\A2507498707 DXA\CR DXA\CR000001.dcm,exact_path,csv_relative_path
Размеченные_499_Илья,C:\Users\Андрей\Desktop\Хакатон\Размеченные_499_Илья\labels.csv,181,2.25.157462338378550185821790046400986801350/series_001_2_CR/A2507498707 DXA/CR DXA/CR000002.dcm,output/2.25.157462338378550185821790046400986801350/series_001_2_CR/A2507498707 DXA/CR DXA/CR000002.dcm,SPINE,,,2026-09-16T18:01:38,1.2.643.5.1.13.13.12.2.77.8252.15141103121505150805131303080314,2.25.157462338378550185821790046400986801350/series_001_2_CR/A2507498707 DXA/CR DXA/CR000002.dcm,C:\Users\Андрей\Desktop\Хакатон\Исследования\2.25.157462338378550185821790046400986801350\series_001_2_CR\A2507498707 DXA\CR DXA\CR000002.dcm,exact_path,csv_relative_path
Размеченные_499_Илья,C:\Users\Андрей\Desktop\Хакатон\Размеченные_499_Илья\labels.csv,182,2.25.157462338378550185821790046400986801350/series_001_2_CR/A2507498707 DXA/CR DXA/CR000003.dcm,output/2.25.157462338378550185821790046400986801350/series_001_2_CR/A2507498707 DXA/CR DXA/CR000003.dcm,LEG,,,2026-09-16T18:01:48,1.2.643.5.1.13.13.12.2.77.8252.01041213150709070704090905040703,2.25.157462338378550185821790046400986801350/series_001_2_CR/A2507498707 DXA/CR DXA/CR000003.dcm,C:\Users\Андрей\Desktop\Хакатон\Исследования\2.25.157462338378550185821790046400986801350\series_001_2_CR\A2507498707 DXA\CR DXA\CR000003.dcm,exact_path,csv_relative_path
Размеченные_499_Илья,C:\Users\Андрей\Desktop\Хакатон\Размеченные_499_Илья\labels.csv,183,2.25.157462338378550185821790046400986801350/series_001_2_CR/A2507498707 DXA/CR DXA/CR000004.dcm,output/2.25.157462338378550185821790046400986801350/series_001_2_CR/A2507498707 DXA/CR DXA/CR000004.dcm,LEG,,,2026-09-16T18:01:50,1.2.643.5.1.13.13.12.2.77.8252.01050311070609101401120201090506,2.25.157462338378550185821790046400986801350/series_001_2_CR/A2507498707 DXA/CR DXA/CR000004.dcm,C:\Users\Андрей\Desktop\Хакатон\Исследования\2.25.157462338378550185821790046400986801350\series_001_2_CR\A2507498707 DXA\CR DXA\CR000004.dcm,exact_path,csv_relative_path
Размеченные_499_Илья,C:\Users\Андрей\Desktop\Хакатон\Размеченные_499_Илья\labels.csv,184,2.25.157462338378550185821790046400986801350/series_001_2_CR/A2507498707 DXA/CR DXA/CR000005.dcm,output/2.25.157462338378550185821790046400986801350/series_001_2_CR/A2507498707 DXA/CR DXA/CR000005.dcm,LEG,,,2026-09-16T18:01:51,1.2.643.5.1.13.13.12.2.77.8252.04150901080711131310091006050208,2.25.157462338378550185821790046400986801350/series_001_2_CR/A2507498707 DXA/CR DXA/CR000005.dcm,C:\Users\Андрей\Desktop\Хакатон\Исследования\2.25.157462338378550185821790046400986801350\series_001_2_CR\A2507498707 DXA\CR DXA\CR000005.dcm,exact_path,csv_relative_path
Размеченные_499_Илья,C:\Users\Андрей\Desktop\Хакатон\Размеченные_499_Илья\labels.csv,185,2.25.158197739569377798130962967413133224194/series_002_2_CR/A2504245497 DXA/CR DXA/CR000000.dcm,output/2.25.158197739569377798130962967413133224194/series_002_2_CR/A2504245497 DXA/CR DXA/CR000000.dcm,SPINE,,,2026-09-16T18:01:53,1.2.643.5.1.13.13.12.2.77.8252.09040703010601060814101313081104,2.25.158197739569377798130962967413133224194/series_002_2_CR/A2504245497 DXA/CR DXA/CR000000.dcm,C:\Users\Андрей\Desktop\Хакатон\Исследования\2.25.158197739569377798130962967413133224194\series_002_2_CR\A2504245497 DXA\CR DXA\CR000000.dcm,exact_path,csv_relative_path
Размеченные_499_Илья,C:\Users\Андрей\Desktop\Хакатон\Размеченные_499_Илья\labels.csv,186,2.25.158646777318759504110695916200521633609/series_003_6_CR/A2507266260 DXA/CR DXA/CR000000.dcm,output/2.25.158646777318759504110695916200521633609/series_003_6_CR/A2507266260 DXA/CR DXA/CR000000.dcm,LEG,,,2026-09-16T18:01:55,1.2.643.5.1.13.13.12.2.77.8252.11050703151212091005010115120315,2.25.158646777318759504110695916200521633609/series_003_6_CR/A2507266260 DXA/CR DXA/CR000000.dcm,C:\Users\Андрей\Desktop\Хакатон\Исследования\2.25.158646777318759504110695916200521633609\series_003_6_CR\A2507266260 DXA\CR DXA\CR000000.dcm,exact_path,csv_relative_path
Размеченные_499_Илья,C:\Users\Андрей\Desktop\Хакатон\Размеченные_499_Илья\labels.csv,187,2.25.158646777318759504110695916200521633609/series_003_6_CR/A2507266260 DXA/CR DXA/CR000001.dcm,output/2.25.158646777318759504110695916200521633609/series_003_6_CR/A2507266260 DXA/CR DXA/CR000001.dcm,SPINE,,,2026-09-16T18:01:57,1.2.643.5.1.13.13.12.2.77.8252.08140602091513140007031414030212,2.25.158646777318759504110695916200521633609/series_003_6_CR/A2507266260 DXA/CR DXA/CR000001.dcm,C:\Users\Андрей\Desktop\Хакатон\Исследования\2.25.158646777318759504110695916200521633609\series_003_6_CR\A2507266260 DXA\CR DXA\CR000001.dcm,exact_path,csv_relative_path
Размеченные_499_Илья,C:\Users\Андрей\Desktop\Хакатон\Размеченные_499_Илья\labels.csv,188,2.25.158646777318759504110695916200521633609/series_003_6_CR/A2507266260 DXA/CR DXA/CR000002.dcm,output/2.25.158646777318759504110695916200521633609/series_003_6_CR/A2507266260 DXA/CR DXA/CR000002.dcm,SPINE,,,2026-09-16T18:02:00,1.2.643.5.1.13.13.12.2.77.8252.09070206070204150105120502020002,2.25.158646777318759504110695916200521633609/series_003_6_CR/A2507266260 DXA/CR DXA/CR000002.dcm,C:\Users\Андрей\Desktop\Хакатон\Исследования\2.25.158646777318759504110695916200521633609\series_003_6_CR\A2507266260 DXA\CR DXA\CR000002.dcm,exact_path,csv_relative_path
Размеченные_499_Илья,C:\Users\Андрей\Desktop\Хакатон\Размеченные_499_Илья\labels.csv,189,2.25.158646777318759504110695916200521633609/series_003_6_CR/A2507266260 DXA/CR DXA/CR000003.dcm,output/2.25.158646777318759504110695916200521633609/series_003_6_CR/A2507266260 DXA/CR DXA/CR000003.dcm,LEG,,,2026-09-16T18:02:01,1.2.643.5.1.13.13.12.2.77.8252.03110108081008000413081502071511,2.25.158646777318759504110695916200521633609/series_003_6_CR/A2507266260 DXA/CR DXA/CR000003.dcm,C:\Users\Андрей\Desktop\Хакатон\Исследования\2.25.158646777318759504110695916200521633609\series_003_6_CR\A2507266260 DXA\CR DXA\CR000003.dcm,exact_path,csv_relative_path
Размеченные_499_Илья,C:\Users\Андрей\Desktop\Хакатон\Размеченные_499_Илья\labels.csv,190,2.25.158646777318759504110695916200521633609/series_003_6_CR/A2507266260 DXA/CR DXA/CR000004.dcm,output/2.25.158646777318759504110695916200521633609/series_003_6_CR/A2507266260 DXA/CR DXA/CR000004.dcm,LEG,,,2026-09-16T18:02:03,1.2.643.5.1.13.13.12.2.77.8252.12001515051514100814070205030801,2.25.158646777318759504110695916200521633609/series_003_6_CR/A2507266260 DXA/CR DXA/CR000004.dcm,C:\Users\Андрей\Desktop\Хакатон\Исследования\2.25.158646777318759504110695916200521633609\series_003_6_CR\A2507266260 DXA\CR DXA\CR000004.dcm,exact_path,csv_relative_path
Размеченные_499_Илья,C:\Users\Андрей\Desktop\Хакатон\Размеченные_499_Илья\labels.csv,191,2.25.158646777318759504110695916200521633609/series_003_6_CR/A2507266260 DXA/CR DXA/CR000005.dcm,output/2.25.158646777318759504110695916200521633609/series_003_6_CR/A2507266260 DXA/CR DXA/CR000005.dcm,LEG,,,2026-09-16T18:02:05,1.2.643.5.1.13.13.12.2.77.8252.15131010101502051307000500101007,2.25.158646777318759504110695916200521633609/series_003_6_CR/A2507266260 DXA/CR DXA/CR000005.dcm,C:\Users\Андрей\Desktop\Хакатон\Исследования\2.25.158646777318759504110695916200521633609\series_003_6_CR\A2507266260 DXA\CR DXA\CR000005.dcm,exact_path,csv_relative_path
Размеченные_499_Илья,C:\Users\Андрей\Desktop\Хакатон\Размеченные_499_Илья\labels.csv,192,2.25.158646777318759504110695916200521633609/series_003_6_CR/A2507266260 DXA/CR DXA/CR000006.dcm,output/2.25.158646777318759504110695916200521633609/series_003_6_CR/A2507266260 DXA/CR DXA/CR000006.dcm,LEG,,,2026-09-16T18:02:07,1.2.643.5.1.13.13.12.2.77.8252.04030712110411040711120105080700,2.25.158646777318759504110695916200521633609/series_003_6_CR/A2507266260 DXA/CR DXA/CR000006.dcm,C:\Users\Андрей\Desktop\Хакатон\Исследования\2.25.158646777318759504110695916200521633609\series_003_6_CR\A2507266260 DXA\CR DXA\CR000006.dcm,exact_path,csv_relative_path
Размеченные_499_Илья,C:\Users\Андрей\Desktop\Хакатон\Размеченные_499_Илья\labels.csv,193,2.25.158646777318759504110695916200521633609/series_003_6_CR/A2507266260 DXA/CR DXA/CR000007.dcm,output/2.25.158646777318759504110695916200521633609/series_003_6_CR/A2507266260 DXA/CR DXA/CR000007.dcm,LEG,,,2026-09-16T18:02:09,1.2.643.5.1.13.13.12.2.77.8252.14150106081013050013050511140613,2.25.158646777318759504110695916200521633609/series_003_6_CR/A2507266260 DXA/CR DXA/CR000007.dcm,C:\Users\Андрей\Desktop\Хакатон\Исследования\2.25.158646777318759504110695916200521633609\series_003_6_CR\A2507266260 DXA\CR DXA\CR000007.dcm,exact_path,csv_relative_path
Размеченные_499_Илья,C:\Users\Андрей\Desktop\Хакатон\Размеченные_499_Илья\labels.csv,194,2.25.158646777318759504110695916200521633609/series_003_6_CR/A2507266260 DXA/CR DXA/CR000008.dcm,output/2.25.158646777318759504110695916200521633609/series_003_6_CR/A2507266260 DXA/CR DXA/CR000008.dcm,SPINE,,,2026-09-16T18:02:11,1.2.643.5.1.13.13.12.2.77.8252.01120709131111081211081313110800,2.25.158646777318759504110695916200521633609/series_003_6_CR/A2507266260 DXA/CR DXA/CR000008.dcm,C:\Users\Андрей\Desktop\Хакатон\Исследования\2.25.158646777318759504110695916200521633609\series_003_6_CR\A2507266260 DXA\CR DXA\CR000008.dcm,exact_path,csv_relative_path
Размеченные_499_Илья,C:\Users\Андрей\Desktop\Хакатон\Размеченные_499_Илья\labels.csv,195,2.25.158646777318759504110695916200521633609/series_003_6_CR/A2507266260 DXA/CR DXA/CR000009.dcm,output/2.25.158646777318759504110695916200521633609/series_003_6_CR/A2507266260 DXA/CR DXA/CR000009.dcm,SPINE,,,2026-09-16T18:02:12,1.2.643.5.1.13.13.12.2.77.8252.10080511020009041308131206080209,2.25.158646777318759504110695916200521633609/series_003_6_CR/A2507266260 DXA/CR DXA/CR000009.dcm,C:\Users\Андрей\Desktop\Хакатон\Исследования\2.25.158646777318759504110695916200521633609\series_003_6_CR\A2507266260 DXA\CR DXA\CR000009.dcm,exact_path,csv_relative_path
Размеченные_499_Илья,C:\Users\Андрей\Desktop\Хакатон\Размеченные_499_Илья\labels.csv,196,2.25.158646777318759504110695916200521633609/series_003_6_CR/A2507266260 DXA/CR DXA/CR000010.dcm,output/2.25.158646777318759504110695916200521633609/series_003_6_CR/A2507266260 DXA/CR DXA/CR000010.dcm,LEG,,,2026-09-16T18:02:15,1.2.643.5.1.13.13.12.2.77.8252.13040700151412120600060201031309,2.25.158646777318759504110695916200521633609/series_003_6_CR/A2507266260 DXA/CR DXA/CR000010.dcm,C:\Users\Андрей\Desktop\Хакатон\Исследования\2.25.158646777318759504110695916200521633609\series_003_6_CR\A2507266260 DXA\CR DXA\CR000010.dcm,exact_path,csv_relative_path
Размеченные_499_Илья,C:\Users\Андрей\Desktop\Хакатон\Размеченные_499_Илья\labels.csv,197,2.25.158646777318759504110695916200521633609/series_004_2_CR/A2507266260 DXA/CR DXA/CR000000.dcm,output/2.25.158646777318759504110695916200521633609/series_004_2_CR/A2507266260 DXA/CR DXA/CR000000.dcm,SPINE,,,2026-09-16T18:02:17,1.2.643.5.1.13.13.12.2.77.8252.01101303110802020807060303150105,2.25.158646777318759504110695916200521633609/series_004_2_CR/A2507266260 DXA/CR DXA/CR000000.dcm,C:\Users\Андрей\Desktop\Хакатон\Исследования\2.25.158646777318759504110695916200521633609\series_004_2_CR\A2507266260 DXA\CR DXA\CR000000.dcm,exact_path,csv_relative_path
Размеченные_499_Илья,C:\Users\Андрей\Desktop\Хакатон\Размеченные_499_Илья\labels.csv,198,2.25.158646777318759504110695916200521633609/series_004_2_CR/A2507266260 DXA/CR DXA/CR000001.dcm,output/2.25.158646777318759504110695916200521633609/series_004_2_CR/A2507266260 DXA/CR DXA/CR000001.dcm,LEG,,,2026-09-16T18:02:19,1.2.643.5.1.13.13.12.2.77.8252.07040712050005061000030214131300,2.25.158646777318759504110695916200521633609/series_004_2_CR/A2507266260 DXA/CR DXA/CR000001.dcm,C:\Users\Андрей\Desktop\Хакатон\Исследования\2.25.158646777318759504110695916200521633609\series_004_2_CR\A2507266260 DXA\CR DXA\CR000001.dcm,exact_path,csv_relative_path
Размеченные_499_Илья,C:\Users\Андрей\Desktop\Хакатон\Размеченные_499_Илья\labels.csv,199,2.25.158646777318759504110695916200521633609/series_004_2_CR/A2507266260 DXA/CR DXA/CR000002.dcm,output/2.25.158646777318759504110695916200521633609/series_004_2_CR/A2507266260 DXA/CR DXA/CR000002.dcm,SPINE,,,2026-09-16T18:02:21,1.2.643.5.1.13.13.12.2.77.8252.07100810031004120210110309111304,2.25.158646777318759504110695916200521633609/series_004_2_CR/A2507266260 DXA/CR DXA/CR000002.dcm,C:\Users\Андрей\Desktop\Хакатон\Исследования\2.25.158646777318759504110695916200521633609\series_004_2_CR\A2507266260 DXA\CR DXA\CR000002.dcm,exact_path,csv_relative_path
Размеченные_499_Илья,C:\Users\Андрей\Desktop\Хакатон\Размеченные_499_Илья\labels.csv,200,2.25.158646777318759504110695916200521633609/series_004_2_CR/A2507266260 DXA/CR DXA/CR000003.dcm,output/2.25.158646777318759504110695916200521633609/series_004_2_CR/A2507266260 DXA/CR DXA/CR000003.dcm,LEG,,,2026-09-16T18:02:23,1.2.643.5.1.13.13.12.2.77.8252.07071202031002110807120405030608,2.25.158646777318759504110695916200521633609/series_004_2_CR/A2507266260 DXA/CR DXA/CR000003.dcm,C:\Users\Андрей\Desktop\Хакатон\Исследования\2.25.158646777318759504110695916200521633609\series_004_2_CR\A2507266260 DXA\CR DXA\CR000003.dcm,exact_path,csv_relative_path
Размеченные_499_Илья,C:\Users\Андрей\Desktop\Хакатон\Размеченные_499_Илья\labels.csv,201,2.25.158646777318759504110695916200521633609/series_004_2_CR/A2507266260 DXA/CR DXA/CR000004.dcm,output/2.25.158646777318759504110695916200521633609/series_004_2_CR/A2507266260 DXA/CR DXA/CR000004.dcm,LEG,,,2026-09-16T18:02:25,1.2.643.5.1.13.13.12.2.77.8252.02070215040314000714060301121012,2.25.158646777318759504110695916200521633609/series_004_2_CR/A2507266260 DXA/CR DXA/CR000004.dcm,C:\Users\Андрей\Desktop\Хакатон\Исследования\2.25.158646777318759504110695916200521633609\series_004_2_CR\A2507266260 DXA\CR DXA\CR000004.dcm,exact_path,csv_relative_path
Размеченные_499_Илья,C:\Users\Андрей\Desktop\Хакатон\Размеченные_499_Илья\labels.csv,202,2.25.158646777318759504110695916200521633609/series_004_2_CR/A2507266260 DXA/CR DXA/CR000005.dcm,output/2.25.158646777318759504110695916200521633609/series_004_2_CR/A2507266260 DXA/CR DXA/CR000005.dcm,SPINE,,,2026-09-16T18:02:27,1.2.643.5.1.13.13.12.2.77.8252.14020109130502120101091201060702,2.25.158646777318759504110695916200521633609/series_004_2_CR/A2507266260 DXA/CR DXA/CR000005.dcm,C:\Users\Андрей\Desktop\Хакатон\Исследования\2.25.158646777318759504110695916200521633609\series_004_2_CR\A2507266260 DXA\CR DXA\CR000005.dcm,exact_path,csv_relative_path
Размеченные_499_Илья,C:\Users\Андрей\Desktop\Хакатон\Размеченные_499_Илья\labels.csv,203,2.25.158646777318759504110695916200521633609/series_004_2_CR/A2507266260 DXA/CR DXA/CR000006.dcm,output/2.25.158646777318759504110695916200521633609/series_004_2_CR/A2507266260 DXA/CR DXA/CR000006.dcm,LEG,,,2026-09-16T18:02:28,1.2.643.5.1.13.13.12.2.77.8252.10080501080902141107071310080400,2.25.158646777318759504110695916200521633609/series_004_2_CR/A2507266260 DXA/CR DXA/CR000006.dcm,C:\Users\Андрей\Desktop\Хакатон\Исследования\2.25.158646777318759504110695916200521633609\series_004_2_CR\A2507266260 DXA\CR DXA\CR000006.dcm,exact_path,csv_relative_path
Размеченные_499_Илья,C:\Users\Андрей\Desktop\Хакатон\Размеченные_499_Илья\labels.csv,204,2.25.158646777318759504110695916200521633609/series_004_2_CR/A2507266260 DXA/CR DXA/CR000007.dcm,output/2.25.158646777318759504110695916200521633609/series_004_2_CR/A2507266260 DXA/CR DXA/CR000007.dcm,LEG,,,2026-09-16T18:02:30,1.2.643.5.1.13.13.12.2.77.8252.05110305041311030310151512080811,2.25.158646777318759504110695916200521633609/series_004_2_CR/A2507266260 DXA/CR DXA/CR000007.dcm,C:\Users\Андрей\Desktop\Хакатон\Исследования\2.25.158646777318759504110695916200521633609\series_004_2_CR\A2507266260 DXA\CR DXA\CR000007.dcm,exact_path,csv_relative_path
Размеченные_499_Илья,C:\Users\Андрей\Desktop\Хакатон\Размеченные_499_Илья\labels.csv,205,2.25.158646777318759504110695916200521633609/series_004_2_CR/A2507266260 DXA/CR DXA/CR000008.dcm,output/2.25.158646777318759504110695916200521633609/series_004_2_CR/A2507266260 DXA/CR DXA/CR000008.dcm,SPINE,,,2026-09-16T18:02:32,1.2.643.5.1.13.13.12.2.77.8252.05050408000609040210110603090612,2.25.158646777318759504110695916200521633609/series_004_2_CR/A2507266260 DXA/CR DXA/CR000008.dcm,C:\Users\Андрей\Desktop\Хакатон\Исследования\2.25.158646777318759504110695916200521633609\series_004_2_CR\A2507266260 DXA\CR DXA\CR000008.dcm,exact_path,csv_relative_path
Размеченные_499_Илья,C:\Users\Андрей\Desktop\Хакатон\Размеченные_499_Илья\labels.csv,206,2.25.158646777318759504110695916200521633609/series_004_2_CR/A2507266260 DXA/CR DXA/CR000009.dcm,output/2.25.158646777318759504110695916200521633609/series_004_2_CR/A2507266260 DXA/CR DXA/CR000009.dcm,LEG,,,2026-09-16T18:02:34,1.2.643.5.1.13.13.12.2.77.8252.09030907130311001200011206051201,2.25.158646777318759504110695916200521633609/series_004_2_CR/A2507266260 DXA/CR DXA/CR000009.dcm,C:\Users\Андрей\Desktop\Хакатон\Исследования\2.25.158646777318759504110695916200521633609\series_004_2_CR\A2507266260 DXA\CR DXA\CR000009.dcm,exact_path,csv_relative_path
Размеченные_499_Илья,C:\Users\Андрей\Desktop\Хакатон\Размеченные_499_Илья\labels.csv,207,2.25.158646777318759504110695916200521633609/series_004_2_CR/A2507266260 DXA/CR DXA/CR000010.dcm,output/2.25.158646777318759504110695916200521633609/series_004_2_CR/A2507266260 DXA/CR DXA/CR000010.dcm,LEG,,,2026-09-16T18:02:37,1.2.643.5.1.13.13.12.2.77.8252.14070407100802110204090510100607,2.25.158646777318759504110695916200521633609/series_004_2_CR/A2507266260 DXA/CR DXA/CR000010.dcm,C:\Users\Андрей\Desktop\Хакатон\Исследования\2.25.158646777318759504110695916200521633609\series_004_2_CR\A2507266260 DXA\CR DXA\CR000010.dcm,exact_path,csv_relative_path
Размеченные_499_Илья,C:\Users\Андрей\Desktop\Хакатон\Размеченные_499_Илья\labels.csv,208,2.25.158646777318759504110695916200521633609/series_004_2_CR/A2507266260 DXA/CR DXA/CR000011.dcm,output/2.25.158646777318759504110695916200521633609/series_004_2_CR/A2507266260 DXA/CR DXA/CR000011.dcm,LEG,,,2026-09-16T18:02:39,1.2.643.5.1.13.13.12.2.77.8252.02001101060409110302091107020305,2.25.158646777318759504110695916200521633609/series_004_2_CR/A2507266260 DXA/CR DXA/CR000011.dcm,C:\Users\Андрей\Desktop\Хакатон\Исследования\2.25.158646777318759504110695916200521633609\series_004_2_CR\A2507266260 DXA\CR DXA\CR000011.dcm,exact_path,csv_relative_path
Размеченные_499_Илья,C:\Users\Андрей\Desktop\Хакатон\Размеченные_499_Илья\labels.csv,209,2.25.158646777318759504110695916200521633609/series_004_2_CR/A2507266260 DXA/CR DXA/CR000012.dcm,output/2.25.158646777318759504110695916200521633609/series_004_2_CR/A2507266260 DXA/CR DXA/CR000012.dcm,SPINE,,,2026-09-16T18:03:03,1.2.643.5.1.13.13.12.2.77.8252.02081311121209090807151401120110,2.25.158646777318759504110695916200521633609/series_004_2_CR/A2507266260 DXA/CR DXA/CR000012.dcm,C:\Users\Андрей\Desktop\Хакатон\Исследования\2.25.158646777318759504110695916200521633609\series_004_2_CR\A2507266260 DXA\CR DXA\CR000012.dcm,exact_path,csv_relative_path
Размеченные_499_Илья,C:\Users\Андрей\Desktop\Хакатон\Размеченные_499_Илья\labels.csv,210,2.25.158646777318759504110695916200521633609/series_004_2_CR/A2507266260 DXA/CR DXA/CR000013.dcm,output/2.25.158646777318759504110695916200521633609/series_004_2_CR/A2507266260 DXA/CR DXA/CR000013.dcm,SPINE,,,2026-09-16T18:03:05,1.2.643.5.1.13.13.12.2.77.8252.04021100060501150502031503091205,2.25.158646777318759504110695916200521633609/series_004_2_CR/A2507266260 DXA/CR DXA/CR000013.dcm,C:\Users\Андрей\Desktop\Хакатон\Исследования\2.25.158646777318759504110695916200521633609\series_004_2_CR\A2507266260 DXA\CR DXA\CR000013.dcm,exact_path,csv_relative_path
Размеченные_499_Илья,C:\Users\Андрей\Desktop\Хакатон\Размеченные_499_Илья\labels.csv,211,2.25.158646777318759504110695916200521633609/series_004_2_CR/A2507266260 DXA/CR DXA/CR000014.dcm,output/2.25.158646777318759504110695916200521633609/series_004_2_CR/A2507266260 DXA/CR DXA/CR000014.dcm,LEG,,,2026-09-16T18:03:07,1.2.643.5.1.13.13.12.2.77.8252.08031403081214020202010408050515,2.25.158646777318759504110695916200521633609/series_004_2_CR/A2507266260 DXA/CR DXA/CR000014.dcm,C:\Users\Андрей\Desktop\Хакатон\Исследования\2.25.158646777318759504110695916200521633609\series_004_2_CR\A2507266260 DXA\CR DXA\CR000014.dcm,exact_path,csv_relative_path
Размеченные_499_Илья,C:\Users\Андрей\Desktop\Хакатон\Размеченные_499_Илья\labels.csv,212,2.25.158646777318759504110695916200521633609/series_004_2_CR/A2507266260 DXA/CR DXA/CR000015.dcm,output/2.25.158646777318759504110695916200521633609/series_004_2_CR/A2507266260 DXA/CR DXA/CR000015.dcm,LEG,,,2026-09-16T18:03:10,1.2.643.5.1.13.13.12.2.77.8252.12010614051405051206130410050708,2.25.158646777318759504110695916200521633609/series_004_2_CR/A2507266260 DXA/CR DXA/CR000015.dcm,C:\Users\Андрей\Desktop\Хакатон\Исследования\2.25.158646777318759504110695916200521633609\series_004_2_CR\A2507266260 DXA\CR DXA\CR000015.dcm,exact_path,csv_relative_path
Размеченные_499_Илья,C:\Users\Андрей\Desktop\Хакатон\Размеченные_499_Илья\labels.csv,213,2.25.158646777318759504110695916200521633609/series_004_2_CR/A2507266260 DXA/CR DXA/CR000016.dcm,output/2.25.158646777318759504110695916200521633609/series_004_2_CR/A2507266260 DXA/CR DXA/CR000016.dcm,LEG,,,2026-09-16T18:03:12,1.2.643.5.1.13.13.12.2.77.8252.05131012021403090403150713091114,2.25.158646777318759504110695916200521633609/series_004_2_CR/A2507266260 DXA/CR DXA/CR000016.dcm,C:\Users\Андрей\Desktop\Хакатон\Исследования\2.25.158646777318759504110695916200521633609\series_004_2_CR\A2507266260 DXA\CR DXA\CR000016.dcm,exact_path,csv_relative_path
Размеченные_499_Илья,C:\Users\Андрей\Desktop\Хакатон\Размеченные_499_Илья\labels.csv,214,2.25.158646777318759504110695916200521633609/series_004_2_CR/A2507266260 DXA/CR DXA/CR000017.dcm,output/2.25.158646777318759504110695916200521633609/series_004_2_CR/A2507266260 DXA/CR DXA/CR000017.dcm,LEG,,,2026-09-16T18:03:14,1.2.643.5.1.13.13.12.2.77.8252.11030505061512110108000404010908,2.25.158646777318759504110695916200521633609/series_004_2_CR/A2507266260 DXA/CR DXA/CR000017.dcm,C:\Users\Андрей\Desktop\Хакатон\Исследования\2.25.158646777318759504110695916200521633609\series_004_2_CR\A2507266260 DXA\CR DXA\CR000017.dcm,exact_path,csv_relative_path
Размеченные_499_Илья,C:\Users\Андрей\Desktop\Хакатон\Размеченные_499_Илья\labels.csv,215,2.25.159930383074323525630608416881201447861/series_002_2_CR/A2507139428 DXA/CR DXA/CR000000.dcm,output/2.25.159930383074323525630608416881201447861/series_002_2_CR/A2507139428 DXA/CR DXA/CR000000.dcm,SPINE,,,2026-09-16T18:03:15,1.2.643.5.1.13.13.12.2.77.8252.03050413050004110015050414021412,2.25.159930383074323525630608416881201447861/series_002_2_CR/A2507139428 DXA/CR DXA/CR000000.dcm,C:\Users\Андрей\Desktop\Хакатон\Исследования\2.25.159930383074323525630608416881201447861\series_002_2_CR\A2507139428 DXA\CR DXA\CR000000.dcm,exact_path,csv_relative_path
Размеченные_499_Илья,C:\Users\Андрей\Desktop\Хакатон\Размеченные_499_Илья\labels.csv,216,2.25.164566280810634620154538016595892212884/series_001_2_CR/A2504291878 DXA Exam/CR DXA Images/CR000000.dcm,output/2.25.164566280810634620154538016595892212884/series_001_2_CR/A2504291878 DXA Exam/CR DXA Images/CR000000.dcm,LEG,,,2026-09-16T18:03:18,1.2.643.5.1.13.13.12.2.77.8252.05080909100510090906081209130901,2.25.164566280810634620154538016595892212884/series_001_2_CR/A2504291878 DXA Exam/CR DXA Images/CR000000.dcm,C:\Users\Андрей\Desktop\Хакатон\Исследования\2.25.164566280810634620154538016595892212884\series_001_2_CR\A2504291878 DXA Exam\CR DXA Images\CR000000.dcm,exact_path,csv_relative_path
Размеченные_499_Илья,C:\Users\Андрей\Desktop\Хакатон\Размеченные_499_Илья\labels.csv,217,2.25.164566280810634620154538016595892212884/series_001_2_CR/A2504291878 DXA Exam/CR DXA Images/CR000001.dcm,output/2.25.164566280810634620154538016595892212884/series_001_2_CR/A2504291878 DXA Exam/CR DXA Images/CR000001.dcm,SPINE,,,2026-09-16T18:03:21,1.2.643.5.1.13.13.12.2.77.8252.02030112081401101404040904010405,2.25.164566280810634620154538016595892212884/series_001_2_CR/A2504291878 DXA Exam/CR DXA Images/CR000001.dcm,C:\Users\Андрей\Desktop\Хакатон\Исследования\2.25.164566280810634620154538016595892212884\series_001_2_CR\A2504291878 DXA Exam\CR DXA Images\CR000001.dcm,exact_path,csv_relative_path
Размеченные_499_Илья,C:\Users\Андрей\Desktop\Хакатон\Размеченные_499_Илья\labels.csv,218,2.25.164566280810634620154538016595892212884/series_001_2_CR/A2504291878 DXA Exam/CR DXA Images/CR000002.dcm,output/2.25.164566280810634620154538016595892212884/series_001_2_CR/A2504291878 DXA Exam/CR DXA Images/CR000002.dcm,LEG,,,2026-09-16T18:03:23,1.2.643.5.1.13.13.12.2.77.8252.00071210060602011311010906021407,2.25.164566280810634620154538016595892212884/series_001_2_CR/A2504291878 DXA Exam/CR DXA Images/CR000002.dcm,C:\Users\Андрей\Desktop\Хакатон\Исследования\2.25.164566280810634620154538016595892212884\series_001_2_CR\A2504291878 DXA Exam\CR DXA Images\CR000002.dcm,exact_path,csv_relative_path
Размеченные_499_Илья,C:\Users\Андрей\Desktop\Хакатон\Размеченные_499_Илья\labels.csv,219,2.25.165091430504580219034019815337441064349/series_001_2_CR/A2504415443 DXA/CR DXA/CR000000.dcm,output/2.25.165091430504580219034019815337441064349/series_001_2_CR/A2504415443 DXA/CR DXA/CR000000.dcm,LEG,,,2026-09-16T18:03:25,1.2.643.5.1.13.13.12.2.77.8252.14100208080000030010140812001111,2.25.165091430504580219034019815337441064349/series_001_2_CR/A2504415443 DXA/CR DXA/CR000000.dcm,C:\Users\Андрей\Desktop\Хакатон\Исследования\2.25.165091430504580219034019815337441064349\series_001_2_CR\A2504415443 DXA\CR DXA\CR000000.dcm,exact_path,csv_relative_path
Размеченные_499_Илья,C:\Users\Андрей\Desktop\Хакатон\Размеченные_499_Илья\labels.csv,220,2.25.165091430504580219034019815337441064349/series_001_2_CR/A2504415443 DXA/CR DXA/CR000001.dcm,output/2.25.165091430504580219034019815337441064349/series_001_2_CR/A2504415443 DXA/CR DXA/CR000001.dcm,LEG,,,2026-09-16T18:03:26,1.2.643.5.1.13.13.12.2.77.8252.12140710150813060013011403140807,2.25.165091430504580219034019815337441064349/series_001_2_CR/A2504415443 DXA/CR DXA/CR000001.dcm,C:\Users\Андрей\Desktop\Хакатон\Исследования\2.25.165091430504580219034019815337441064349\series_001_2_CR\A2504415443 DXA\CR DXA\CR000001.dcm,exact_path,csv_relative_path
Размеченные_499_Илья,C:\Users\Андрей\Desktop\Хакатон\Размеченные_499_Илья\labels.csv,221,2.25.165091430504580219034019815337441064349/series_001_2_CR/A2504415443 DXA/CR DXA/CR000002.dcm,output/2.25.165091430504580219034019815337441064349/series_001_2_CR/A2504415443 DXA/CR DXA/CR000002.dcm,SPINE,,,2026-09-16T18:03:28,1.2.643.5.1.13.13.12.2.77.8252.01120104060301100213100004141203,2.25.165091430504580219034019815337441064349/series_001_2_CR/A2504415443 DXA/CR DXA/CR000002.dcm,C:\Users\Андрей\Desktop\Хакатон\Исследования\2.25.165091430504580219034019815337441064349\series_001_2_CR\A2504415443 DXA\CR DXA\CR000002.dcm,exact_path,csv_relative_path
Размеченные_499_Илья,C:\Users\Андрей\Desktop\Хакатон\Размеченные_499_Илья\labels.csv,222,2.25.165091430504580219034019815337441064349/series_001_2_CR/A2504415443 DXA/CR DXA/CR000003.dcm,output/2.25.165091430504580219034019815337441064349/series_001_2_CR/A2504415443 DXA/CR DXA/CR000003.dcm,SPINE,,,2026-09-16T18:03:31,1.2.643.5.1.13.13.12.2.77.8252.03000107141315000207090502080502,2.25.165091430504580219034019815337441064349/series_001_2_CR/A2504415443 DXA/CR DXA/CR000003.dcm,C:\Users\Андрей\Desktop\Хакатон\Исследования\2.25.165091430504580219034019815337441064349\series_001_2_CR\A2504415443 DXA\CR DXA\CR000003.dcm,exact_path,csv_relative_path
Размеченные_499_Илья,C:\Users\Андрей\Desktop\Хакатон\Размеченные_499_Илья\labels.csv,223,2.25.165091430504580219034019815337441064349/series_001_2_CR/A2504415443 DXA/CR DXA/CR000004.dcm,output/2.25.165091430504580219034019815337441064349/series_001_2_CR/A2504415443 DXA/CR DXA/CR000004.dcm,LEG,,,2026-09-16T18:03:32,1.2.643.5.1.13.13.12.2.77.8252.12050607100307101401110010080508,2.25.165091430504580219034019815337441064349/series_001_2_CR/A2504415443 DXA/CR DXA/CR000004.dcm,C:\Users\Андрей\Desktop\Хакатон\Исследования\2.25.165091430504580219034019815337441064349\series_001_2_CR\A2504415443 DXA\CR DXA\CR000004.dcm,exact_path,csv_relative_path
Размеченные_499_Илья,C:\Users\Андрей\Desktop\Хакатон\Размеченные_499_Илья\labels.csv,224,2.25.165091430504580219034019815337441064349/series_001_2_CR/A2504415443 DXA/CR DXA/CR000005.dcm,output/2.25.165091430504580219034019815337441064349/series_001_2_CR/A2504415443 DXA/CR DXA/CR000005.dcm,LEG,,,2026-09-16T18:03:34,1.2.643.5.1.13.13.12.2.77.8252.02080910050503150405130310031107,2.25.165091430504580219034019815337441064349/series_001_2_CR/A2504415443 DXA/CR DXA/CR000005.dcm,C:\Users\Андрей\Desktop\Хакатон\Исследования\2.25.165091430504580219034019815337441064349\series_001_2_CR\A2504415443 DXA\CR DXA\CR000005.dcm,exact_path,csv_relative_path
Размеченные_499_Илья,C:\Users\Андрей\Desktop\Хакатон\Размеченные_499_Илья\labels.csv,225,2.25.165355673991587715046346525964554729786/series_003_3_CR/A2506448267 DXA/CR DXA/CR000000.dcm,output/2.25.165355673991587715046346525964554729786/series_003_3_CR/A2506448267 DXA/CR DXA/CR000000.dcm,LEG,,,2026-09-16T18:03:36,1.2.643.5.1.13.13.12.2.77.8252.03030806061309020808141008071213,2.25.165355673991587715046346525964554729786/series_003_3_CR/A2506448267 DXA/CR DXA/CR000000.dcm,C:\Users\Андрей\Desktop\Хакатон\Исследования\2.25.165355673991587715046346525964554729786\series_003_3_CR\A2506448267 DXA\CR DXA\CR000000.dcm,exact_path,csv_relative_path
Размеченные_499_Илья,C:\Users\Андрей\Desktop\Хакатон\Размеченные_499_Илья\labels.csv,226,2.25.165355673991587715046346525964554729786/series_003_3_CR/A2506448267 DXA/CR DXA/CR000001.dcm,output/2.25.165355673991587715046346525964554729786/series_003_3_CR/A2506448267 DXA/CR DXA/CR000001.dcm,SPINE,,,2026-09-16T18:03:37,1.2.643.5.1.13.13.12.2.77.8252.05130006080703150808130311150104,2.25.165355673991587715046346525964554729786/series_003_3_CR/A2506448267 DXA/CR DXA/CR000001.dcm,C:\Users\Андрей\Desktop\Хакатон\Исследования\2.25.165355673991587715046346525964554729786\series_003_3_CR\A2506448267 DXA\CR DXA\CR000001.dcm,exact_path,csv_relative_path
Размеченные_499_Илья,C:\Users\Андрей\Desktop\Хакатон\Размеченные_499_Илья\labels.csv,227,2.25.167344201679287285499405412654740659745/series_003_2_CR/A2504249537 DXA/CR DXA/CR000000.dcm,output/2.25.167344201679287285499405412654740659745/series_003_2_CR/A2504249537 DXA/CR DXA/CR000000.dcm,LEG,,,2026-09-16T18:03:39,1.2.643.5.1.13.13.12.2.77.8252.05050004021105041108010100020012,2.25.167344201679287285499405412654740659745/series_003_2_CR/A2504249537 DXA/CR DXA/CR000000.dcm,C:\Users\Андрей\Desktop\Хакатон\Исследования\2.25.167344201679287285499405412654740659745\series_003_2_CR\A2504249537 DXA\CR DXA\CR000000.dcm,exact_path,csv_relative_path
Размеченные_499_Илья,C:\Users\Андрей\Desktop\Хакатон\Размеченные_499_Илья\labels.csv,228,2.25.167344201679287285499405412654740659745/series_003_2_CR/A2504249537 DXA/CR DXA/CR000001.dcm,output/2.25.167344201679287285499405412654740659745/series_003_2_CR/A2504249537 DXA/CR DXA/CR000001.dcm,LEG,,,2026-09-16T18:03:41,1.2.643.5.1.13.13.12.2.77.8252.03020203090713120707041512070302,2.25.167344201679287285499405412654740659745/series_003_2_CR/A2504249537 DXA/CR DXA/CR000001.dcm,C:\Users\Андрей\Desktop\Хакатон\Исследования\2.25.167344201679287285499405412654740659745\series_003_2_CR\A2504249537 DXA\CR DXA\CR000001.dcm,exact_path,csv_relative_path
Размеченные_499_Илья,C:\Users\Андрей\Desktop\Хакатон\Размеченные_499_Илья\labels.csv,229,2.25.167344201679287285499405412654740659745/series_003_2_CR/A2504249537 DXA/CR DXA/CR000002.dcm,output/2.25.167344201679287285499405412654740659745/series_003_2_CR/A2504249537 DXA/CR DXA/CR000002.dcm,SPINE,,,2026-09-16T18:03:42,1.2.643.5.1.13.13.12.2.77.8252.06020510071406141308051102110806,2.25.167344201679287285499405412654740659745/series_003_2_CR/A2504249537 DXA/CR DXA/CR000002.dcm,C:\Users\Андрей\Desktop\Хакатон\Исследования\2.25.167344201679287285499405412654740659745\series_003_2_CR\A2504249537 DXA\CR DXA\CR000002.dcm,exact_path,csv_relative_path
Размеченные_499_Илья,C:\Users\Андрей\Desktop\Хакатон\Размеченные_499_Илья\labels.csv,230,2.25.167344201679287285499405412654740659745/series_003_2_CR/A2504249537 DXA/CR DXA/CR000003.dcm,output/2.25.167344201679287285499405412654740659745/series_003_2_CR/A2504249537 DXA/CR DXA/CR000003.dcm,LEG,,,2026-09-16T18:03:44,1.2.643.5.1.13.13.12.2.77.8252.03110714040901011514120512140506,2.25.167344201679287285499405412654740659745/series_003_2_CR/A2504249537 DXA/CR DXA/CR000003.dcm,C:\Users\Андрей\Desktop\Хакатон\Исследования\2.25.167344201679287285499405412654740659745\series_003_2_CR\A2504249537 DXA\CR DXA\CR000003.dcm,exact_path,csv_relative_path
Размеченные_499_Илья,C:\Users\Андрей\Desktop\Хакатон\Размеченные_499_Илья\labels.csv,231,2.25.167344201679287285499405412654740659745/series_003_2_CR/A2504249537 DXA/CR DXA/CR000004.dcm,output/2.25.167344201679287285499405412654740659745/series_003_2_CR/A2504249537 DXA/CR DXA/CR000004.dcm,SPINE,,,2026-09-16T18:03:46,1.2.643.5.1.13.13.12.2.77.8252.04140115150705031110051301090913,2.25.167344201679287285499405412654740659745/series_003_2_CR/A2504249537 DXA/CR DXA/CR000004.dcm,C:\Users\Андрей\Desktop\Хакатон\Исследования\2.25.167344201679287285499405412654740659745\series_003_2_CR\A2504249537 DXA\CR DXA\CR000004.dcm,exact_path,csv_relative_path
Размеченные_499_Илья,C:\Users\Андрей\Desktop\Хакатон\Размеченные_499_Илья\labels.csv,232,2.25.167344201679287285499405412654740659745/series_003_2_CR/A2504249537 DXA/CR DXA/CR000005.dcm,output/2.25.167344201679287285499405412654740659745/series_003_2_CR/A2504249537 DXA/CR DXA/CR000005.dcm,LEG,,,2026-09-16T18:03:48,1.2.643.5.1.13.13.12.2.77.8252.10110808050405011511051303070302,2.25.167344201679287285499405412654740659745/series_003_2_CR/A2504249537 DXA/CR DXA/CR000005.dcm,C:\Users\Андрей\Desktop\Хакатон\Исследования\2.25.167344201679287285499405412654740659745\series_003_2_CR\A2504249537 DXA\CR DXA\CR000005.dcm,exact_path,csv_relative_path
Размеченные_499_Илья,C:\Users\Андрей\Desktop\Хакатон\Размеченные_499_Илья\labels.csv,233,2.25.16773626720107440979805052259711419763/series_004_2_CR/A2507537392 DXA/CR DXA/CR000000.dcm,output/2.25.16773626720107440979805052259711419763/series_004_2_CR/A2507537392 DXA/CR DXA/CR000000.dcm,SPINE,,,2026-09-16T18:03:50,1.2.643.5.1.13.13.12.2.77.8252.09031014151115011007041507060209,2.25.16773626720107440979805052259711419763/series_004_2_CR/A2507537392 DXA/CR DXA/CR000000.dcm,C:\Users\Андрей\Desktop\Хакатон\Исследования\2.25.16773626720107440979805052259711419763\series_004_2_CR\A2507537392 DXA\CR DXA\CR000000.dcm,exact_path,csv_relative_path
Размеченные_499_Илья,C:\Users\Андрей\Desktop\Хакатон\Размеченные_499_Илья\labels.csv,234,2.25.16773626720107440979805052259711419763/series_004_2_CR/A2507537392 DXA/CR DXA/CR000001.dcm,output/2.25.16773626720107440979805052259711419763/series_004_2_CR/A2507537392 DXA/CR DXA/CR000001.dcm,LEG,,,2026-09-16T18:03:52,1.2.643.5.1.13.13.12.2.77.8252.15000110101510080415120006131402,2.25.16773626720107440979805052259711419763/series_004_2_CR/A2507537392 DXA/CR DXA/CR000001.dcm,C:\Users\Андрей\Desktop\Хакатон\Исследования\2.25.16773626720107440979805052259711419763\series_004_2_CR\A2507537392 DXA\CR DXA\CR000001.dcm,exact_path,csv_relative_path
Размеченные_499_Илья,C:\Users\Андрей\Desktop\Хакатон\Размеченные_499_Илья\labels.csv,235,2.25.16773626720107440979805052259711419763/series_004_2_CR/A2507537392 DXA/CR DXA/CR000002.dcm,output/2.25.16773626720107440979805052259711419763/series_004_2_CR/A2507537392 DXA/CR DXA/CR000002.dcm,LEG,,,2026-09-16T18:03:54,1.2.643.5.1.13.13.12.2.77.8252.07111109140703130315001513000701,2.25.16773626720107440979805052259711419763/series_004_2_CR/A2507537392 DXA/CR DXA/CR000002.dcm,C:\Users\Андрей\Desktop\Хакатон\Исследования\2.25.16773626720107440979805052259711419763\series_004_2_CR\A2507537392 DXA\CR DXA\CR000002.dcm,exact_path,csv_relative_path
Размеченные_499_Илья,C:\Users\Андрей\Desktop\Хакатон\Размеченные_499_Илья\labels.csv,236,2.25.16773626720107440979805052259711419763/series_004_2_CR/A2507537392 DXA/CR DXA/CR000003.dcm,output/2.25.16773626720107440979805052259711419763/series_004_2_CR/A2507537392 DXA/CR DXA/CR000003.dcm,SPINE,,,2026-09-16T18:03:56,1.2.643.5.1.13.13.12.2.77.8252.15061506101401070412150108010615,2.25.16773626720107440979805052259711419763/series_004_2_CR/A2507537392 DXA/CR DXA/CR000003.dcm,C:\Users\Андрей\Desktop\Хакатон\Исследования\2.25.16773626720107440979805052259711419763\series_004_2_CR\A2507537392 DXA\CR DXA\CR000003.dcm,exact_path,csv_relative_path
Размеченные_499_Илья,C:\Users\Андрей\Desktop\Хакатон\Размеченные_499_Илья\labels.csv,237,2.25.16773626720107440979805052259711419763/series_004_2_CR/A2507537392 DXA/CR DXA/CR000004.dcm,output/2.25.16773626720107440979805052259711419763/series_004_2_CR/A2507537392 DXA/CR DXA/CR000004.dcm,LEG,,,2026-09-16T18:03:58,1.2.643.5.1.13.13.12.2.77.8252.13040605040810031203041510031012,2.25.16773626720107440979805052259711419763/series_004_2_CR/A2507537392 DXA/CR DXA/CR000004.dcm,C:\Users\Андрей\Desktop\Хакатон\Исследования\2.25.16773626720107440979805052259711419763\series_004_2_CR\A2507537392 DXA\CR DXA\CR000004.dcm,exact_path,csv_relative_path
Размеченные_499_Илья,C:\Users\Андрей\Desktop\Хакатон\Размеченные_499_Илья\labels.csv,238,2.25.16773626720107440979805052259711419763/series_004_2_CR/A2507537392 DXA/CR DXA/CR000005.dcm,output/2.25.16773626720107440979805052259711419763/series_004_2_CR/A2507537392 DXA/CR DXA/CR000005.dcm,LEG,,,2026-09-16T18:04:00,1.2.643.5.1.13.13.12.2.77.8252.02071412140202140114070213030205,2.25.16773626720107440979805052259711419763/series_004_2_CR/A2507537392 DXA/CR DXA/CR000005.dcm,C:\Users\Андрей\Desktop\Хакатон\Исследования\2.25.16773626720107440979805052259711419763\series_004_2_CR\A2507537392 DXA\CR DXA\CR000005.dcm,exact_path,csv_relative_path
Размеченные_499_Илья,C:\Users\Андрей\Desktop\Хакатон\Размеченные_499_Илья\labels.csv,239,2.25.16773626720107440979805052259711419763/series_004_2_CR/A2507537392 DXA/CR DXA/CR000006.dcm,output/2.25.16773626720107440979805052259711419763/series_004_2_CR/A2507537392 DXA/CR DXA/CR000006.dcm,LEG,,,2026-09-16T18:04:02,1.2.643.5.1.13.13.12.2.77.8252.11120907150103150102101200080104,2.25.16773626720107440979805052259711419763/series_004_2_CR/A2507537392 DXA/CR DXA/CR000006.dcm,C:\Users\Андрей\Desktop\Хакатон\Исследования\2.25.16773626720107440979805052259711419763\series_004_2_CR\A2507537392 DXA\CR DXA\CR000006.dcm,exact_path,csv_relative_path
Размеченные_499_Илья,C:\Users\Андрей\Desktop\Хакатон\Размеченные_499_Илья\labels.csv,240,2.25.16773626720107440979805052259711419763/series_004_2_CR/A2507537392 DXA/CR DXA/CR000007.dcm,output/2.25.16773626720107440979805052259711419763/series_004_2_CR/A2507537392 DXA/CR DXA/CR000007.dcm,LEG,,,2026-09-16T18:04:03,1.2.643.5.1.13.13.12.2.77.8252.00120605081302140615061408051413,2.25.16773626720107440979805052259711419763/series_004_2_CR/A2507537392 DXA/CR DXA/CR000007.dcm,C:\Users\Андрей\Desktop\Хакатон\Исследования\2.25.16773626720107440979805052259711419763\series_004_2_CR\A2507537392 DXA\CR DXA\CR000007.dcm,exact_path,csv_relative_path
Размеченные_499_Илья,C:\Users\Андрей\Desktop\Хакатон\Размеченные_499_Илья\labels.csv,241,2.25.16773626720107440979805052259711419763/series_004_2_CR/A2507537392 DXA/CR DXA/CR000008.dcm,output/2.25.16773626720107440979805052259711419763/series_004_2_CR/A2507537392 DXA/CR DXA/CR000008.dcm,LEG,,,2026-09-16T18:04:05,1.2.643.5.1.13.13.12.2.77.8252.13060012130706071508131506061110,2.25.16773626720107440979805052259711419763/series_004_2_CR/A2507537392 DXA/CR DXA/CR000008.dcm,C:\Users\Андрей\Desktop\Хакатон\Исследования\2.25.16773626720107440979805052259711419763\series_004_2_CR\A2507537392 DXA\CR DXA\CR000008.dcm,exact_path,csv_relative_path
Размеченные_499_Илья,C:\Users\Андрей\Desktop\Хакатон\Размеченные_499_Илья\labels.csv,242,2.25.16773626720107440979805052259711419763/series_004_2_CR/A2507537392 DXA/CR DXA/CR000009.dcm,output/2.25.16773626720107440979805052259711419763/series_004_2_CR/A2507537392 DXA/CR DXA/CR000009.dcm,LEG,,,2026-09-16T18:04:06,1.2.643.5.1.13.13.12.2.77.8252.09020303070910070711011409031209,2.25.16773626720107440979805052259711419763/series_004_2_CR/A2507537392 DXA/CR DXA/CR000009.dcm,C:\Users\Андрей\Desktop\Хакатон\Исследования\2.25.16773626720107440979805052259711419763\series_004_2_CR\A2507537392 DXA\CR DXA\CR000009.dcm,exact_path,csv_relative_path
Размеченные_499_Илья,C:\Users\Андрей\Desktop\Хакатон\Размеченные_499_Илья\labels.csv,243,2.25.16773626720107440979805052259711419763/series_004_2_CR/A2507537392 DXA/CR DXA/CR000010.dcm,output/2.25.16773626720107440979805052259711419763/series_004_2_CR/A2507537392 DXA/CR DXA/CR000010.dcm,LEG,,,2026-09-16T18:04:08,1.2.643.5.1.13.13.12.2.77.8252.04101314021103041302071314011203,2.25.16773626720107440979805052259711419763/series_004_2_CR/A2507537392 DXA/CR DXA/CR000010.dcm,C:\Users\Андрей\Desktop\Хакатон\Исследования\2.25.16773626720107440979805052259711419763\series_004_2_CR\A2507537392 DXA\CR DXA\CR000010.dcm,exact_path,csv_relative_path
Размеченные_499_Илья,C:\Users\Андрей\Desktop\Хакатон\Размеченные_499_Илья\labels.csv,244,2.25.16773626720107440979805052259711419763/series_004_2_CR/A2507537392 DXA/CR DXA/CR000011.dcm,output/2.25.16773626720107440979805052259711419763/series_004_2_CR/A2507537392 DXA/CR DXA/CR000011.dcm,SPINE,,,2026-09-16T18:04:11,1.2.643.5.1.13.13.12.2.77.8252.03120113151010021310000801051000,2.25.16773626720107440979805052259711419763/series_004_2_CR/A2507537392 DXA/CR DXA/CR000011.dcm,C:\Users\Андрей\Desktop\Хакатон\Исследования\2.25.16773626720107440979805052259711419763\series_004_2_CR\A2507537392 DXA\CR DXA\CR000011.dcm,exact_path,csv_relative_path
Размеченные_499_Илья,C:\Users\Андрей\Desktop\Хакатон\Размеченные_499_Илья\labels.csv,245,2.25.168317503020329569414190677927680518621/series_004_2_CR/A2507557128 DXA/CR DXA/CR000000.dcm,output/2.25.168317503020329569414190677927680518621/series_004_2_CR/A2507557128 DXA/CR DXA/CR000000.dcm,LEG,,,2026-09-16T18:04:13,1.2.643.5.1.13.13.12.2.77.8252.10050700041001040614050614130103,2.25.168317503020329569414190677927680518621/series_004_2_CR/A2507557128 DXA/CR DXA/CR000000.dcm,C:\Users\Андрей\Desktop\Хакатон\Исследования\2.25.168317503020329569414190677927680518621\series_004_2_CR\A2507557128 DXA\CR DXA\CR000000.dcm,exact_path,csv_relative_path
Размеченные_499_Илья,C:\Users\Андрей\Desktop\Хакатон\Размеченные_499_Илья\labels.csv,246,2.25.168317503020329569414190677927680518621/series_004_2_CR/A2507557128 DXA/CR DXA/CR000001.dcm,output/2.25.168317503020329569414190677927680518621/series_004_2_CR/A2507557128 DXA/CR DXA/CR000001.dcm,LEG,,,2026-09-16T18:04:15,1.2.643.5.1.13.13.12.2.77.8252.04081410150705000907120005030306,2.25.168317503020329569414190677927680518621/series_004_2_CR/A2507557128 DXA/CR DXA/CR000001.dcm,C:\Users\Андрей\Desktop\Хакатон\Исследования\2.25.168317503020329569414190677927680518621\series_004_2_CR\A2507557128 DXA\CR DXA\CR000001.dcm,exact_path,csv_relative_path
Размеченные_499_Илья,C:\Users\Андрей\Desktop\Хакатон\Размеченные_499_Илья\labels.csv,247,2.25.168317503020329569414190677927680518621/series_004_2_CR/A2507557128 DXA/CR DXA/CR000002.dcm,output/2.25.168317503020329569414190677927680518621/series_004_2_CR/A2507557128 DXA/CR DXA/CR000002.dcm,LEG,,,2026-09-16T18:04:17,1.2.643.5.1.13.13.12.2.77.8252.10010207001309070508110212031008,2.25.168317503020329569414190677927680518621/series_004_2_CR/A2507557128 DXA/CR DXA/CR000002.dcm,C:\Users\Андрей\Desktop\Хакатон\Исследования\2.25.168317503020329569414190677927680518621\series_004_2_CR\A2507557128 DXA\CR DXA\CR000002.dcm,exact_path,csv_relative_path
Размеченные_499_Илья,C:\Users\Андрей\Desktop\Хакатон\Размеченные_499_Илья\labels.csv,248,2.25.168317503020329569414190677927680518621/series_004_2_CR/A2507557128 DXA/CR DXA/CR000003.dcm,output/2.25.168317503020329569414190677927680518621/series_004_2_CR/A2507557128 DXA/CR DXA/CR000003.dcm,SPINE,,,2026-09-16T18:04:18,1.2.643.5.1.13.13.12.2.77.8252.08150001020008051511060800070004,2.25.168317503020329569414190677927680518621/series_004_2_CR/A2507557128 DXA/CR DXA/CR000003.dcm,C:\Users\Андрей\Desktop\Хакатон\Исследования\2.25.168317503020329569414190677927680518621\series_004_2_CR\A2507557128 DXA\CR DXA\CR000003.dcm,exact_path,csv_relative_path
Размеченные_499_Илья,C:\Users\Андрей\Desktop\Хакатон\Размеченные_499_Илья\labels.csv,249,2.25.168317503020329569414190677927680518621/series_004_2_CR/A2507557128 DXA/CR DXA/CR000004.dcm,output/2.25.168317503020329569414190677927680518621/series_004_2_CR/A2507557128 DXA/CR DXA/CR000004.dcm,LEG,,,2026-09-16T18:04:20,1.2.643.5.1.13.13.12.2.77.8252.03110002011112060400010906040109,2.25.168317503020329569414190677927680518621/series_004_2_CR/A2507557128 DXA/CR DXA/CR000004.dcm,C:\Users\Андрей\Desktop\Хакатон\Исследования\2.25.168317503020329569414190677927680518621\series_004_2_CR\A2507557128 DXA\CR DXA\CR000004.dcm,exact_path,csv_relative_path
Размеченные_499_Илья,C:\Users\Андрей\Desktop\Хакатон\Размеченные_499_Илья\labels.csv,250,2.25.168317503020329569414190677927680518621/series_004_2_CR/A2507557128 DXA/CR DXA/CR000005.dcm,output/2.25.168317503020329569414190677927680518621/series_004_2_CR/A2507557128 DXA/CR DXA/CR000005.dcm,LEG,,,2026-09-16T18:04:22,1.2.643.5.1.13.13.12.2.77.8252.01130115100005150714080303151110,2.25.168317503020329569414190677927680518621/series_004_2_CR/A2507557128 DXA/CR DXA/CR000005.dcm,C:\Users\Андрей\Desktop\Хакатон\Исследования\2.25.168317503020329569414190677927680518621\series_004_2_CR\A2507557128 DXA\CR DXA\CR000005.dcm,exact_path,csv_relative_path
Размеченные_499_Илья,C:\Users\Андрей\Desktop\Хакатон\Размеченные_499_Илья\labels.csv,251,2.25.168317503020329569414190677927680518621/series_004_2_CR/A2507557128 DXA/CR DXA/CR000006.dcm,output/2.25.168317503020329569414190677927680518621/series_004_2_CR/A2507557128 DXA/CR DXA/CR000006.dcm,SPINE,,,2026-09-16T18:04:23,1.2.643.5.1.13.13.12.2.77.8252.14030405080503070005090010011210,2.25.168317503020329569414190677927680518621/series_004_2_CR/A2507557128 DXA/CR DXA/CR000006.dcm,C:\Users\Андрей\Desktop\Хакатон\Исследования\2.25.168317503020329569414190677927680518621\series_004_2_CR\A2507557128 DXA\CR DXA\CR000006.dcm,exact_path,csv_relative_path
Размеченные_499_Илья,C:\Users\Андрей\Desktop\Хакатон\Размеченные_499_Илья\labels.csv,252,2.25.168317503020329569414190677927680518621/series_004_2_CR/A2507557128 DXA/CR DXA/CR000007.dcm,output/2.25.168317503020329569414190677927680518621/series_004_2_CR/A2507557128 DXA/CR DXA/CR000007.dcm,LEG,,,2026-09-16T18:04:25,1.2.643.5.1.13.13.12.2.77.8252.02031311110004131100010706000003,2.25.168317503020329569414190677927680518621/series_004_2_CR/A2507557128 DXA/CR DXA/CR000007.dcm,C:\Users\Андрей\Desktop\Хакатон\Исследования\2.25.168317503020329569414190677927680518621\series_004_2_CR\A2507557128 DXA\CR DXA\CR000007.dcm,exact_path,csv_relative_path
Размеченные_499_Илья,C:\Users\Андрей\Desktop\Хакатон\Размеченные_499_Илья\labels.csv,253,2.25.168317503020329569414190677927680518621/series_004_2_CR/A2507557128 DXA/CR DXA/CR000008.dcm,output/2.25.168317503020329569414190677927680518621/series_004_2_CR/A2507557128 DXA/CR DXA/CR000008.dcm,LEG,,,2026-09-16T18:04:27,1.2.643.5.1.13.13.12.2.77.8252.14040413080712030012001414011512,2.25.168317503020329569414190677927680518621/series_004_2_CR/A2507557128 DXA/CR DXA/CR000008.dcm,C:\Users\Андрей\Desktop\Хакатон\Исследования\2.25.168317503020329569414190677927680518621\series_004_2_CR\A2507557128 DXA\CR DXA\CR000008.dcm,exact_path,csv_relative_path
Размеченные_499_Илья,C:\Users\Андрей\Desktop\Хакатон\Размеченные_499_Илья\labels.csv,254,2.25.168317503020329569414190677927680518621/series_004_2_CR/A2507557128 DXA/CR DXA/CR000009.dcm,output/2.25.168317503020329569414190677927680518621/series_004_2_CR/A2507557128 DXA/CR DXA/CR000009.dcm,SPINE,,,2026-09-16T18:04:31,1.2.643.5.1.13.13.12.2.77.8252.09111007121406000411060915050407,2.25.168317503020329569414190677927680518621/series_004_2_CR/A2507557128 DXA/CR DXA/CR000009.dcm,C:\Users\Андрей\Desktop\Хакатон\Исследования\2.25.168317503020329569414190677927680518621\series_004_2_CR\A2507557128 DXA\CR DXA\CR000009.dcm,exact_path,csv_relative_path
Размеченные_499_Илья,C:\Users\Андрей\Desktop\Хакатон\Размеченные_499_Илья\labels.csv,255,2.25.168317503020329569414190677927680518621/series_004_2_CR/A2507557128 DXA/CR DXA/CR000010.dcm,output/2.25.168317503020329569414190677927680518621/series_004_2_CR/A2507557128 DXA/CR DXA/CR000010.dcm,LEG,,,2026-09-16T18:04:33,1.2.643.5.1.13.13.12.2.77.8252.06080402070700011103140402140007,2.25.168317503020329569414190677927680518621/series_004_2_CR/A2507557128 DXA/CR DXA/CR000010.dcm,C:\Users\Андрей\Desktop\Хакатон\Исследования\2.25.168317503020329569414190677927680518621\series_004_2_CR\A2507557128 DXA\CR DXA\CR000010.dcm,exact_path,csv_relative_path
Размеченные_499_Илья,C:\Users\Андрей\Desktop\Хакатон\Размеченные_499_Илья\labels.csv,256,2.25.168317503020329569414190677927680518621/series_004_2_CR/A2507557128 DXA/CR DXA/CR000011.dcm,output/2.25.168317503020329569414190677927680518621/series_004_2_CR/A2507557128 DXA/CR DXA/CR000011.dcm,LEG,,,2026-09-16T18:04:35,1.2.643.5.1.13.13.12.2.77.8252.05090510080809140209120604081002,2.25.168317503020329569414190677927680518621/series_004_2_CR/A2507557128 DXA/CR DXA/CR000011.dcm,C:\Users\Андрей\Desktop\Хакатон\Исследования\2.25.168317503020329569414190677927680518621\series_004_2_CR\A2507557128 DXA\CR DXA\CR000011.dcm,exact_path,csv_relative_path
Размеченные_499_Илья,C:\Users\Андрей\Desktop\Хакатон\Размеченные_499_Илья\labels.csv,257,2.25.169242707068684757906797344800977707240/series_003_2_CR/A2507185832 DXA/CR DXA/CR000000.dcm,output/2.25.169242707068684757906797344800977707240/series_003_2_CR/A2507185832 DXA/CR DXA/CR000000.dcm,SPINE,,,2026-09-16T18:04:37,1.2.643.5.1.13.13.12.2.77.8252.03020907090204060013031106111312,2.25.169242707068684757906797344800977707240/series_003_2_CR/A2507185832 DXA/CR DXA/CR000000.dcm,C:\Users\Андрей\Desktop\Хакатон\Исследования\2.25.169242707068684757906797344800977707240\series_003_2_CR\A2507185832 DXA\CR DXA\CR000000.dcm,exact_path,csv_relative_path
Размеченные_499_Илья,C:\Users\Андрей\Desktop\Хакатон\Размеченные_499_Илья\labels.csv,258,2.25.172445998420765569384934552191547932566/series_004_2_CR/A2507368766 DXA/CR DXA/CR000000.dcm,output/2.25.172445998420765569384934552191547932566/series_004_2_CR/A2507368766 DXA/CR DXA/CR000000.dcm,SPINE,,,2026-09-16T18:04:40,1.2.643.5.1.13.13.12.2.77.8252.08131412000401011215150704040610,2.25.172445998420765569384934552191547932566/series_004_2_CR/A2507368766 DXA/CR DXA/CR000000.dcm,C:\Users\Андрей\Desktop\Хакатон\Исследования\2.25.172445998420765569384934552191547932566\series_004_2_CR\A2507368766 DXA\CR DXA\CR000000.dcm,exact_path,csv_relative_path
Размеченные_499_Илья,C:\Users\Андрей\Desktop\Хакатон\Размеченные_499_Илья\labels.csv,259,2.25.172445998420765569384934552191547932566/series_004_2_CR/A2507368766 DXA/CR DXA/CR000001.dcm,output/2.25.172445998420765569384934552191547932566/series_004_2_CR/A2507368766 DXA/CR DXA/CR000001.dcm,LEG,,,2026-09-16T18:04:43,1.2.643.5.1.13.13.12.2.77.8252.05030907080814020708000711150507,2.25.172445998420765569384934552191547932566/series_004_2_CR/A2507368766 DXA/CR DXA/CR000001.dcm,C:\Users\Андрей\Desktop\Хакатон\Исследования\2.25.172445998420765569384934552191547932566\series_004_2_CR\A2507368766 DXA\CR DXA\CR000001.dcm,exact_path,csv_relative_path
Размеченные_499_Илья,C:\Users\Андрей\Desktop\Хакатон\Размеченные_499_Илья\labels.csv,260,2.25.172445998420765569384934552191547932566/series_004_2_CR/A2507368766 DXA/CR DXA/CR000002.dcm,output/2.25.172445998420765569384934552191547932566/series_004_2_CR/A2507368766 DXA/CR DXA/CR000002.dcm,LEG,,,2026-09-16T18:04:45,1.2.643.5.1.13.13.12.2.77.8252.15151313120000020410110702050700,2.25.172445998420765569384934552191547932566/series_004_2_CR/A2507368766 DXA/CR DXA/CR000002.dcm,C:\Users\Андрей\Desktop\Хакатон\Исследования\2.25.172445998420765569384934552191547932566\series_004_2_CR\A2507368766 DXA\CR DXA\CR000002.dcm,exact_path,csv_relative_path
Размеченные_499_Илья,C:\Users\Андрей\Desktop\Хакатон\Размеченные_499_Илья\labels.csv,261,2.25.173731186748227489808861376513577450951/series_002_2_CR/A2507188958 DXA/CR DXA/CR000000.dcm,output/2.25.173731186748227489808861376513577450951/series_002_2_CR/A2507188958 DXA/CR DXA/CR000000.dcm,SPINE,,,2026-09-16T18:04:47,1.2.643.5.1.13.13.12.2.77.8252.01091510011014070612050311031410,2.25.173731186748227489808861376513577450951/series_002_2_CR/A2507188958 DXA/CR DXA/CR000000.dcm,C:\Users\Андрей\Desktop\Хакатон\Исследования\2.25.173731186748227489808861376513577450951\series_002_2_CR\A2507188958 DXA\CR DXA\CR000000.dcm,exact_path,csv_relative_path
Размеченные_499_Илья,C:\Users\Андрей\Desktop\Хакатон\Размеченные_499_Илья\labels.csv,262,2.25.173731186748227489808861376513577450951/series_002_2_CR/A2507188958 DXA/CR DXA/CR000001.dcm,output/2.25.173731186748227489808861376513577450951/series_002_2_CR/A2507188958 DXA/CR DXA/CR000001.dcm,LEG,,,2026-09-16T18:04:48,1.2.643.5.1.13.13.12.2.77.8252.04070212140009090002060410031413,2.25.173731186748227489808861376513577450951/series_002_2_CR/A2507188958 DXA/CR DXA/CR000001.dcm,C:\Users\Андрей\Desktop\Хакатон\Исследования\2.25.173731186748227489808861376513577450951\series_002_2_CR\A2507188958 DXA\CR DXA\CR000001.dcm,exact_path,csv_relative_path
Размеченные_499_Илья,C:\Users\Андрей\Desktop\Хакатон\Размеченные_499_Илья\labels.csv,263,2.25.173753313169335820519632380691065649420/series_003_2_CR/A2504265499 DXA/CR DXA/CR000000.dcm,output/2.25.173753313169335820519632380691065649420/series_003_2_CR/A2504265499 DXA/CR DXA/CR000000.dcm,LEG,,,2026-09-16T18:04:50,1.2.643.5.1.13.13.12.2.77.8252.10100404000008120405081411021306,2.25.173753313169335820519632380691065649420/series_003_2_CR/A2504265499 DXA/CR DXA/CR000000.dcm,C:\Users\Андрей\Desktop\Хакатон\Исследования\2.25.173753313169335820519632380691065649420\series_003_2_CR\A2504265499 DXA\CR DXA\CR000000.dcm,exact_path,csv_relative_path
Размеченные_499_Илья,C:\Users\Андрей\Desktop\Хакатон\Размеченные_499_Илья\labels.csv,264,2.25.173753313169335820519632380691065649420/series_003_2_CR/A2504265499 DXA/CR DXA/CR000001.dcm,output/2.25.173753313169335820519632380691065649420/series_003_2_CR/A2504265499 DXA/CR DXA/CR000001.dcm,LEG,,,2026-09-16T18:04:55,1.2.643.5.1.13.13.12.2.77.8252.04131502110204030305140811061103,2.25.173753313169335820519632380691065649420/series_003_2_CR/A2504265499 DXA/CR DXA/CR000001.dcm,C:\Users\Андрей\Desktop\Хакатон\Исследования\2.25.173753313169335820519632380691065649420\series_003_2_CR\A2504265499 DXA\CR DXA\CR000001.dcm,exact_path,csv_relative_path
Размеченные_499_Илья,C:\Users\Андрей\Desktop\Хакатон\Размеченные_499_Илья\labels.csv,265,2.25.173753313169335820519632380691065649420/series_003_2_CR/A2504265499 DXA/CR DXA/CR000002.dcm,output/2.25.173753313169335820519632380691065649420/series_003_2_CR/A2504265499 DXA/CR DXA/CR000002.dcm,SPINE,,,2026-09-16T18:04:57,1.2.643.5.1.13.13.12.2.77.8252.13001014110608151112110112061114,2.25.173753313169335820519632380691065649420/series_003_2_CR/A2504265499 DXA/CR DXA/CR000002.dcm,C:\Users\Андрей\Desktop\Хакатон\Исследования\2.25.173753313169335820519632380691065649420\series_003_2_CR\A2504265499 DXA\CR DXA\CR000002.dcm,exact_path,csv_relative_path
Размеченные_499_Илья,C:\Users\Андрей\Desktop\Хакатон\Размеченные_499_Илья\labels.csv,266,2.25.173753313169335820519632380691065649420/series_003_2_CR/A2504265499 DXA/CR DXA/CR000003.dcm,output/2.25.173753313169335820519632380691065649420/series_003_2_CR/A2504265499 DXA/CR DXA/CR000003.dcm,LEG,,,2026-09-16T18:04:59,1.2.643.5.1.13.13.12.2.77.8252.04111300031205120703050100121209,2.25.173753313169335820519632380691065649420/series_003_2_CR/A2504265499 DXA/CR DXA/CR000003.dcm,C:\Users\Андрей\Desktop\Хакатон\Исследования\2.25.173753313169335820519632380691065649420\series_003_2_CR\A2504265499 DXA\CR DXA\CR000003.dcm,exact_path,csv_relative_path
Размеченные_499_Илья,C:\Users\Андрей\Desktop\Хакатон\Размеченные_499_Илья\labels.csv,267,2.25.173753313169335820519632380691065649420/series_003_2_CR/A2504265499 DXA/CR DXA/CR000004.dcm,output/2.25.173753313169335820519632380691065649420/series_003_2_CR/A2504265499 DXA/CR DXA/CR000004.dcm,LEG,,,2026-09-16T18:05:02,1.2.643.5.1.13.13.12.2.77.8252.14060111140409011305070812141414,2.25.173753313169335820519632380691065649420/series_003_2_CR/A2504265499 DXA/CR DXA/CR000004.dcm,C:\Users\Андрей\Desktop\Хакатон\Исследования\2.25.173753313169335820519632380691065649420\series_003_2_CR\A2504265499 DXA\CR DXA\CR000004.dcm,exact_path,csv_relative_path
Размеченные_499_Илья,C:\Users\Андрей\Desktop\Хакатон\Размеченные_499_Илья\labels.csv,268,2.25.173753313169335820519632380691065649420/series_003_2_CR/A2504265499 DXA/CR DXA/CR000005.dcm,output/2.25.173753313169335820519632380691065649420/series_003_2_CR/A2504265499 DXA/CR DXA/CR000005.dcm,SPINE,,,2026-09-16T18:05:04,1.2.643.5.1.13.13.12.2.77.8252.15000310101315070007100105150401,2.25.173753313169335820519632380691065649420/series_003_2_CR/A2504265499 DXA/CR DXA/CR000005.dcm,C:\Users\Андрей\Desktop\Хакатон\Исследования\2.25.173753313169335820519632380691065649420\series_003_2_CR\A2504265499 DXA\CR DXA\CR000005.dcm,exact_path,csv_relative_path
Размеченные_499_Илья,C:\Users\Андрей\Desktop\Хакатон\Размеченные_499_Илья\labels.csv,269,2.25.173753313169335820519632380691065649420/series_003_2_CR/A2504265499 DXA/CR DXA/CR000006.dcm,output/2.25.173753313169335820519632380691065649420/series_003_2_CR/A2504265499 DXA/CR DXA/CR000006.dcm,LEG,,,2026-09-16T18:05:05,1.2.643.5.1.13.13.12.2.77.8252.05130004120107120511100914090711,2.25.173753313169335820519632380691065649420/series_003_2_CR/A2504265499 DXA/CR DXA/CR000006.dcm,C:\Users\Андрей\Desktop\Хакатон\Исследования\2.25.173753313169335820519632380691065649420\series_003_2_CR\A2504265499 DXA\CR DXA\CR000006.dcm,exact_path,csv_relative_path
Размеченные_499_Илья,C:\Users\Андрей\Desktop\Хакатон\Размеченные_499_Илья\labels.csv,270,2.25.173753313169335820519632380691065649420/series_003_2_CR/A2504265499 DXA/CR DXA/CR000007.dcm,output/2.25.173753313169335820519632380691065649420/series_003_2_CR/A2504265499 DXA/CR DXA/CR000007.dcm,LEG,,,2026-09-16T18:05:07,1.2.643.5.1.13.13.12.2.77.8252.14100508051012080011140911030615,2.25.173753313169335820519632380691065649420/series_003_2_CR/A2504265499 DXA/CR DXA/CR000007.dcm,C:\Users\Андрей\Desktop\Хакатон\Исследования\2.25.173753313169335820519632380691065649420\series_003_2_CR\A2504265499 DXA\CR DXA\CR000007.dcm,exact_path,csv_relative_path
Размеченные_499_Илья,C:\Users\Андрей\Desktop\Хакатон\Размеченные_499_Илья\labels.csv,271,2.25.173753313169335820519632380691065649420/series_003_2_CR/A2504265499 DXA/CR DXA/CR000008.dcm,output/2.25.173753313169335820519632380691065649420/series_003_2_CR/A2504265499 DXA/CR DXA/CR000008.dcm,SPINE,,,2026-09-16T18:05:09,1.2.643.5.1.13.13.12.2.77.8252.04041008080502040914000415071204,2.25.173753313169335820519632380691065649420/series_003_2_CR/A2504265499 DXA/CR DXA/CR000008.dcm,C:\Users\Андрей\Desktop\Хакатон\Исследования\2.25.173753313169335820519632380691065649420\series_003_2_CR\A2504265499 DXA\CR DXA\CR000008.dcm,exact_path,csv_relative_path
Размеченные_499_Илья,C:\Users\Андрей\Desktop\Хакатон\Размеченные_499_Илья\labels.csv,272,2.25.173753313169335820519632380691065649420/series_003_2_CR/A2504265499 DXA/CR DXA/CR000009.dcm,output/2.25.173753313169335820519632380691065649420/series_003_2_CR/A2504265499 DXA/CR DXA/CR000009.dcm,LEG,,,2026-09-16T18:05:11,1.2.643.5.1.13.13.12.2.77.8252.03020200150014080308080615120500,2.25.173753313169335820519632380691065649420/series_003_2_CR/A2504265499 DXA/CR DXA/CR000009.dcm,C:\Users\Андрей\Desktop\Хакатон\Исследования\2.25.173753313169335820519632380691065649420\series_003_2_CR\A2504265499 DXA\CR DXA\CR000009.dcm,exact_path,csv_relative_path
Размеченные_499_Илья,C:\Users\Андрей\Desktop\Хакатон\Размеченные_499_Илья\labels.csv,273,2.25.173753313169335820519632380691065649420/series_003_2_CR/A2504265499 DXA/CR DXA/CR000010.dcm,output/2.25.173753313169335820519632380691065649420/series_003_2_CR/A2504265499 DXA/CR DXA/CR000010.dcm,LEG,,,2026-09-16T18:05:13,1.2.643.5.1.13.13.12.2.77.8252.13141514150708151311080810050711,2.25.173753313169335820519632380691065649420/series_003_2_CR/A2504265499 DXA/CR DXA/CR000010.dcm,C:\Users\Андрей\Desktop\Хакатон\Исследования\2.25.173753313169335820519632380691065649420\series_003_2_CR\A2504265499 DXA\CR DXA\CR000010.dcm,exact_path,csv_relative_path
Размеченные_499_Илья,C:\Users\Андрей\Desktop\Хакатон\Размеченные_499_Илья\labels.csv,274,2.25.175881661753775295785039265792986971602/series_003_2_CR/A2507266462 DXA/CR DXA/CR000000.dcm,output/2.25.175881661753775295785039265792986971602/series_003_2_CR/A2507266462 DXA/CR DXA/CR000000.dcm,LEG,,,2026-09-16T18:05:14,1.2.643.5.1.13.13.12.2.77.8252.06070803110509120507010310141201,2.25.175881661753775295785039265792986971602/series_003_2_CR/A2507266462 DXA/CR DXA/CR000000.dcm,C:\Users\Андрей\Desktop\Хакатон\Исследования\2.25.175881661753775295785039265792986971602\series_003_2_CR\A2507266462 DXA\CR DXA\CR000000.dcm,exact_path,csv_relative_path
Размеченные_499_Илья,C:\Users\Андрей\Desktop\Хакатон\Размеченные_499_Илья\labels.csv,275,2.25.175881661753775295785039265792986971602/series_003_2_CR/A2507266462 DXA/CR DXA/CR000001.dcm,output/2.25.175881661753775295785039265792986971602/series_003_2_CR/A2507266462 DXA/CR DXA/CR000001.dcm,SPINE,,,2026-09-16T18:05:16,1.2.643.5.1.13.13.12.2.77.8252.14060403060314010506081209070311,2.25.175881661753775295785039265792986971602/series_003_2_CR/A2507266462 DXA/CR DXA/CR000001.dcm,C:\Users\Андрей\Desktop\Хакатон\Исследования\2.25.175881661753775295785039265792986971602\series_003_2_CR\A2507266462 DXA\CR DXA\CR000001.dcm,exact_path,csv_relative_path
Размеченные_499_Илья,C:\Users\Андрей\Desktop\Хакатон\Размеченные_499_Илья\labels.csv,276,2.25.175881661753775295785039265792986971602/series_003_2_CR/A2507266462 DXA/CR DXA/CR000002.dcm,output/2.25.175881661753775295785039265792986971602/series_003_2_CR/A2507266462 DXA/CR DXA/CR000002.dcm,LEG,,,2026-09-16T18:05:18,1.2.643.5.1.13.13.12.2.77.8252.10000603030913050503020611051415,2.25.175881661753775295785039265792986971602/series_003_2_CR/A2507266462 DXA/CR DXA/CR000002.dcm,C:\Users\Андрей\Desktop\Хакатон\Исследования\2.25.175881661753775295785039265792986971602\series_003_2_CR\A2507266462 DXA\CR DXA\CR000002.dcm,exact_path,csv_relative_path
Размеченные_499_Илья,C:\Users\Андрей\Desktop\Хакатон\Размеченные_499_Илья\labels.csv,277,2.25.175881661753775295785039265792986971602/series_003_2_CR/A2507266462 DXA/CR DXA/CR000003.dcm,output/2.25.175881661753775295785039265792986971602/series_003_2_CR/A2507266462 DXA/CR DXA/CR000003.dcm,LEG,,,2026-09-16T18:05:20,1.2.643.5.1.13.13.12.2.77.8252.06110514030914051115040913030103,2.25.175881661753775295785039265792986971602/series_003_2_CR/A2507266462 DXA/CR DXA/CR000003.dcm,C:\Users\Андрей\Desktop\Хакатон\Исследования\2.25.175881661753775295785039265792986971602\series_003_2_CR\A2507266462 DXA\CR DXA\CR000003.dcm,exact_path,csv_relative_path
Размеченные_499_Илья,C:\Users\Андрей\Desktop\Хакатон\Размеченные_499_Илья\labels.csv,278,2.25.175903805423871105435148927871625232853/series_001_2_CR/A2507159447 DXA/CR DXA/CR000000.dcm,output/2.25.175903805423871105435148927871625232853/series_001_2_CR/A2507159447 DXA/CR DXA/CR000000.dcm,SPINE,,,2026-09-16T18:05:26,1.2.643.5.1.13.13.12.2.77.8252.12071204070300150506091512141413,2.25.175903805423871105435148927871625232853/series_001_2_CR/A2507159447 DXA/CR DXA/CR000000.dcm,C:\Users\Андрей\Desktop\Хакатон\Исследования\2.25.175903805423871105435148927871625232853\series_001_2_CR\A2507159447 DXA\CR DXA\CR000000.dcm,exact_path,csv_relative_path
Размеченные_499_Илья,C:\Users\Андрей\Desktop\Хакатон\Размеченные_499_Илья\labels.csv,279,2.25.175903805423871105435148927871625232853/series_001_2_CR/A2507159447 DXA/CR DXA/CR000001.dcm,output/2.25.175903805423871105435148927871625232853/series_001_2_CR/A2507159447 DXA/CR DXA/CR000001.dcm,LEG,,,2026-09-16T18:05:27,1.2.643.5.1.13.13.12.2.77.8252.13151105000600070510031109011109,2.25.175903805423871105435148927871625232853/series_001_2_CR/A2507159447 DXA/CR DXA/CR000001.dcm,C:\Users\Андрей\Desktop\Хакатон\Исследования\2.25.175903805423871105435148927871625232853\series_001_2_CR\A2507159447 DXA\CR DXA\CR000001.dcm,exact_path,csv_relative_path
Размеченные_499_Илья,C:\Users\Андрей\Desktop\Хакатон\Размеченные_499_Илья\labels.csv,280,2.25.175903805423871105435148927871625232853/series_001_2_CR/A2507159447 DXA/CR DXA/CR000002.dcm,output/2.25.175903805423871105435148927871625232853/series_001_2_CR/A2507159447 DXA/CR DXA/CR000002.dcm,LEG,,,2026-09-16T18:05:29,1.2.643.5.1.13.13.12.2.77.8252.15100208060002090813060606131404,2.25.175903805423871105435148927871625232853/series_001_2_CR/A2507159447 DXA/CR DXA/CR000002.dcm,C:\Users\Андрей\Desktop\Хакатон\Исследования\2.25.175903805423871105435148927871625232853\series_001_2_CR\A2507159447 DXA\CR DXA\CR000002.dcm,exact_path,csv_relative_path
Размеченные_499_Илья,C:\Users\Андрей\Desktop\Хакатон\Размеченные_499_Илья\labels.csv,281,2.25.17706555930735581384953296958427669848/series_004_3_CR/A2504146513 DXA/CR DXA/CR000000.dcm,output/2.25.17706555930735581384953296958427669848/series_004_3_CR/A2504146513 DXA/CR DXA/CR000000.dcm,LEG,,,2026-09-16T18:05:30,1.2.643.5.1.13.13.12.2.77.8252.11051514070611150905020505061111,2.25.17706555930735581384953296958427669848/series_004_3_CR/A2504146513 DXA/CR DXA/CR000000.dcm,C:\Users\Андрей\Desktop\Хакатон\Исследования\2.25.17706555930735581384953296958427669848\series_004_3_CR\A2504146513 DXA\CR DXA\CR000000.dcm,exact_path,csv_relative_path
Размеченные_499_Илья,C:\Users\Андрей\Desktop\Хакатон\Размеченные_499_Илья\labels.csv,282,2.25.17706555930735581384953296958427669848/series_004_3_CR/A2504146513 DXA/CR DXA/CR000001.dcm,output/2.25.17706555930735581384953296958427669848/series_004_3_CR/A2504146513 DXA/CR DXA/CR000001.dcm,SPINE,,,2026-09-16T18:05:33,1.2.643.5.1.13.13.12.2.77.8252.03050114141207061001080502130215,2.25.17706555930735581384953296958427669848/series_004_3_CR/A2504146513 DXA/CR DXA/CR000001.dcm,C:\Users\Андрей\Desktop\Хакатон\Исследования\2.25.17706555930735581384953296958427669848\series_004_3_CR\A2504146513 DXA\CR DXA\CR000001.dcm,exact_path,csv_relative_path
Размеченные_499_Илья,C:\Users\Андрей\Desktop\Хакатон\Размеченные_499_Илья\labels.csv,283,2.25.17706555930735581384953296958427669848/series_004_3_CR/A2504146513 DXA/CR DXA/CR000002.dcm,output/2.25.17706555930735581384953296958427669848/series_004_3_CR/A2504146513 DXA/CR DXA/CR000002.dcm,SPINE,,,2026-09-16T18:05:35,1.2.643.5.1.13.13.12.2.77.8252.02140511090200100603110807051014,2.25.17706555930735581384953296958427669848/series_004_3_CR/A2504146513 DXA/CR DXA/CR000002.dcm,C:\Users\Андрей\Desktop\Хакатон\Исследования\2.25.17706555930735581384953296958427669848\series_004_3_CR\A2504146513 DXA\CR DXA\CR000002.dcm,exact_path,csv_relative_path
Размеченные_499_Илья,C:\Users\Андрей\Desktop\Хакатон\Размеченные_499_Илья\labels.csv,284,2.25.17706555930735581384953296958427669848/series_004_3_CR/A2504146513 DXA/CR DXA/CR000003.dcm,output/2.25.17706555930735581384953296958427669848/series_004_3_CR/A2504146513 DXA/CR DXA/CR000003.dcm,LEG,,,2026-09-16T18:05:36,1.2.643.5.1.13.13.12.2.77.8252.08081313070715151208110603030015,2.25.17706555930735581384953296958427669848/series_004_3_CR/A2504146513 DXA/CR DXA/CR000003.dcm,C:\Users\Андрей\Desktop\Хакатон\Исследования\2.25.17706555930735581384953296958427669848\series_004_3_CR\A2504146513 DXA\CR DXA\CR000003.dcm,exact_path,csv_relative_path
Размеченные_499_Илья,C:\Users\Андрей\Desktop\Хакатон\Размеченные_499_Илья\labels.csv,285,2.25.17706555930735581384953296958427669848/series_004_3_CR/A2504146513 DXA/CR DXA/CR000004.dcm,output/2.25.17706555930735581384953296958427669848/series_004_3_CR/A2504146513 DXA/CR DXA/CR000004.dcm,LEG,,,2026-09-16T18:05:38,1.2.643.5.1.13.13.12.2.77.8252.04041511061006011303010701020104,2.25.17706555930735581384953296958427669848/series_004_3_CR/A2504146513 DXA/CR DXA/CR000004.dcm,C:\Users\Андрей\Desktop\Хакатон\Исследования\2.25.17706555930735581384953296958427669848\series_004_3_CR\A2504146513 DXA\CR DXA\CR000004.dcm,exact_path,csv_relative_path
Размеченные_499_Илья,C:\Users\Андрей\Desktop\Хакатон\Размеченные_499_Илья\labels.csv,286,2.25.17706555930735581384953296958427669848/series_004_3_CR/A2504146513 DXA/CR DXA/CR000005.dcm,output/2.25.17706555930735581384953296958427669848/series_004_3_CR/A2504146513 DXA/CR DXA/CR000005.dcm,LEG,,,2026-09-16T18:05:40,1.2.643.5.1.13.13.12.2.77.8252.14111104000112000401050109111415,2.25.17706555930735581384953296958427669848/series_004_3_CR/A2504146513 DXA/CR DXA/CR000005.dcm,C:\Users\Андрей\Desktop\Хакатон\Исследования\2.25.17706555930735581384953296958427669848\series_004_3_CR\A2504146513 DXA\CR DXA\CR000005.dcm,exact_path,csv_relative_path
Размеченные_499_Илья,C:\Users\Андрей\Desktop\Хакатон\Размеченные_499_Илья\labels.csv,287,2.25.177745077805190810016231350557005569203/series_002_2_CR/A2504273759 DXA/CR DXA/CR000000.dcm,output/2.25.177745077805190810016231350557005569203/series_002_2_CR/A2504273759 DXA/CR DXA/CR000000.dcm,LEG,,,2026-09-16T18:05:42,1.2.643.5.1.13.13.12.2.77.8252.04150214121314031409051312111410,2.25.177745077805190810016231350557005569203/series_002_2_CR/A2504273759 DXA/CR DXA/CR000000.dcm,C:\Users\Андрей\Desktop\Хакатон\Исследования\2.25.177745077805190810016231350557005569203\series_002_2_CR\A2504273759 DXA\CR DXA\CR000000.dcm,exact_path,csv_relative_path
Размеченные_499_Илья,C:\Users\Андрей\Desktop\Хакатон\Размеченные_499_Илья\labels.csv,288,2.25.177745077805190810016231350557005569203/series_002_2_CR/A2504273759 DXA/CR DXA/CR000001.dcm,output/2.25.177745077805190810016231350557005569203/series_002_2_CR/A2504273759 DXA/CR DXA/CR000001.dcm,SPINE,,,2026-09-16T18:05:44,1.2.643.5.1.13.13.12.2.77.8252.03031110041309110901030612131412,2.25.177745077805190810016231350557005569203/series_002_2_CR/A2504273759 DXA/CR DXA/CR000001.dcm,C:\Users\Андрей\Desktop\Хакатон\Исследования\2.25.177745077805190810016231350557005569203\series_002_2_CR\A2504273759 DXA\CR DXA\CR000001.dcm,exact_path,csv_relative_path
Размеченные_499_Илья,C:\Users\Андрей\Desktop\Хакатон\Размеченные_499_Илья\labels.csv,289,2.25.177745077805190810016231350557005569203/series_002_2_CR/A2504273759 DXA/CR DXA/CR000002.dcm,output/2.25.177745077805190810016231350557005569203/series_002_2_CR/A2504273759 DXA/CR DXA/CR000002.dcm,SPINE,,,2026-09-16T18:05:46,1.2.643.5.1.13.13.12.2.77.8252.10151201011509101414030411060512,2.25.177745077805190810016231350557005569203/series_002_2_CR/A2504273759 DXA/CR DXA/CR000002.dcm,C:\Users\Андрей\Desktop\Хакатон\Исследования\2.25.177745077805190810016231350557005569203\series_002_2_CR\A2504273759 DXA\CR DXA\CR000002.dcm,exact_path,csv_relative_path
Размеченные_499_Илья,C:\Users\Андрей\Desktop\Хакатон\Размеченные_499_Илья\labels.csv,290,2.25.177745077805190810016231350557005569203/series_002_2_CR/A2504273759 DXA/CR DXA/CR000003.dcm,output/2.25.177745077805190810016231350557005569203/series_002_2_CR/A2504273759 DXA/CR DXA/CR000003.dcm,LEG,,,2026-09-16T18:05:48,1.2.643.5.1.13.13.12.2.77.8252.00141000101506010405040508081209,2.25.177745077805190810016231350557005569203/series_002_2_CR/A2504273759 DXA/CR DXA/CR000003.dcm,C:\Users\Андрей\Desktop\Хакатон\Исследования\2.25.177745077805190810016231350557005569203\series_002_2_CR\A2504273759 DXA\CR DXA\CR000003.dcm,exact_path,csv_relative_path
Размеченные_499_Илья,C:\Users\Андрей\Desktop\Хакатон\Размеченные_499_Илья\labels.csv,291,2.25.177745077805190810016231350557005569203/series_002_2_CR/A2504273759 DXA/CR DXA/CR000004.dcm,output/2.25.177745077805190810016231350557005569203/series_002_2_CR/A2504273759 DXA/CR DXA/CR000004.dcm,LEG,,,2026-09-16T18:05:50,1.2.643.5.1.13.13.12.2.77.8252.06130700140211110505051411010711,2.25.177745077805190810016231350557005569203/series_002_2_CR/A2504273759 DXA/CR DXA/CR000004.dcm,C:\Users\Андрей\Desktop\Хакатон\Исследования\2.25.177745077805190810016231350557005569203\series_002_2_CR\A2504273759 DXA\CR DXA\CR000004.dcm,exact_path,csv_relative_path
Размеченные_499_Илья,C:\Users\Андрей\Desktop\Хакатон\Размеченные_499_Илья\labels.csv,292,2.25.177745077805190810016231350557005569203/series_002_2_CR/A2504273759 DXA/CR DXA/CR000005.dcm,output/2.25.177745077805190810016231350557005569203/series_002_2_CR/A2504273759 DXA/CR DXA/CR000005.dcm,LEG,,,2026-09-16T18:05:51,1.2.643.5.1.13.13.12.2.77.8252.01001108050505090405071008120805,2.25.177745077805190810016231350557005569203/series_002_2_CR/A2504273759 DXA/CR DXA/CR000005.dcm,C:\Users\Андрей\Desktop\Хакатон\Исследования\2.25.177745077805190810016231350557005569203\series_002_2_CR\A2504273759 DXA\CR DXA\CR000005.dcm,exact_path,csv_relative_path
Размеченные_499_Илья,C:\Users\Андрей\Desktop\Хакатон\Размеченные_499_Илья\labels.csv,293,2.25.178533355209696795441380751187185128893/series_003_2_CR/A2507155452 DXA/CR DXA/CR000000.dcm,output/2.25.178533355209696795441380751187185128893/series_003_2_CR/A2507155452 DXA/CR DXA/CR000000.dcm,SPINE,,,2026-09-16T18:05:53,1.2.643.5.1.13.13.12.2.77.8252.14110604050810020100071004090404,2.25.178533355209696795441380751187185128893/series_003_2_CR/A2507155452 DXA/CR DXA/CR000000.dcm,C:\Users\Андрей\Desktop\Хакатон\Исследования\2.25.178533355209696795441380751187185128893\series_003_2_CR\A2507155452 DXA\CR DXA\CR000000.dcm,exact_path,csv_relative_path
Размеченные_499_Илья,C:\Users\Андрей\Desktop\Хакатон\Размеченные_499_Илья\labels.csv,294,2.25.181196659018348153828200695057897449628/series_004_2_CR/A2507370620 DXA/CR DXA/CR000000.dcm,output/2.25.181196659018348153828200695057897449628/series_004_2_CR/A2507370620 DXA/CR DXA/CR000000.dcm,LEG,,,2026-09-16T18:05:54,1.2.643.5.1.13.13.12.2.77.8252.14150808010700150501131415040808,2.25.181196659018348153828200695057897449628/series_004_2_CR/A2507370620 DXA/CR DXA/CR000000.dcm,C:\Users\Андрей\Desktop\Хакатон\Исследования\2.25.181196659018348153828200695057897449628\series_004_2_CR\A2507370620 DXA\CR DXA\CR000000.dcm,exact_path,csv_relative_path
Размеченные_499_Илья,C:\Users\Андрей\Desktop\Хакатон\Размеченные_499_Илья\labels.csv,295,2.25.181196659018348153828200695057897449628/series_004_2_CR/A2507370620 DXA/CR DXA/CR000001.dcm,output/2.25.181196659018348153828200695057897449628/series_004_2_CR/A2507370620 DXA/CR DXA/CR000001.dcm,LEG,,,2026-09-16T18:05:56,1.2.643.5.1.13.13.12.2.77.8252.07040306041313130904140702020908,2.25.181196659018348153828200695057897449628/series_004_2_CR/A2507370620 DXA/CR DXA/CR000001.dcm,C:\Users\Андрей\Desktop\Хакатон\Исследования\2.25.181196659018348153828200695057897449628\series_004_2_CR\A2507370620 DXA\CR DXA\CR000001.dcm,exact_path,csv_relative_path
Размеченные_499_Илья,C:\Users\Андрей\Desktop\Хакатон\Размеченные_499_Илья\labels.csv,296,2.25.181196659018348153828200695057897449628/series_004_2_CR/A2507370620 DXA/CR DXA/CR000002.dcm,output/2.25.181196659018348153828200695057897449628/series_004_2_CR/A2507370620 DXA/CR DXA/CR000002.dcm,SPINE,,,2026-09-16T18:05:58,1.2.643.5.1.13.13.12.2.77.8252.08141015091400020302110912090508,2.25.181196659018348153828200695057897449628/series_004_2_CR/A2507370620 DXA/CR DXA/CR000002.dcm,C:\Users\Андрей\Desktop\Хакатон\Исследования\2.25.181196659018348153828200695057897449628\series_004_2_CR\A2507370620 DXA\CR DXA\CR000002.dcm,exact_path,csv_relative_path
Размеченные_499_Илья,C:\Users\Андрей\Desktop\Хакатон\Размеченные_499_Илья\labels.csv,297,2.25.181196659018348153828200695057897449628/series_004_2_CR/A2507370620 DXA/CR DXA/CR000003.dcm,output/2.25.181196659018348153828200695057897449628/series_004_2_CR/A2507370620 DXA/CR DXA/CR000003.dcm,SPINE,,,2026-09-16T18:06:00,1.2.643.5.1.13.13.12.2.77.8252.07130015011404020601141211131000,2.25.181196659018348153828200695057897449628/series_004_2_CR/A2507370620 DXA/CR DXA/CR000003.dcm,C:\Users\Андрей\Desktop\Хакатон\Исследования\2.25.181196659018348153828200695057897449628\series_004_2_CR\A2507370620 DXA\CR DXA\CR000003.dcm,exact_path,csv_relative_path
Размеченные_499_Илья,C:\Users\Андрей\Desktop\Хакатон\Размеченные_499_Илья\labels.csv,298,2.25.181196659018348153828200695057897449628/series_004_2_CR/A2507370620 DXA/CR DXA/CR000004.dcm,output/2.25.181196659018348153828200695057897449628/series_004_2_CR/A2507370620 DXA/CR DXA/CR000004.dcm,LEG,,,2026-09-16T18:06:02,1.2.643.5.1.13.13.12.2.77.8252.07070209131108100009081313101204,2.25.181196659018348153828200695057897449628/series_004_2_CR/A2507370620 DXA/CR DXA/CR000004.dcm,C:\Users\Андрей\Desktop\Хакатон\Исследования\2.25.181196659018348153828200695057897449628\series_004_2_CR\A2507370620 DXA\CR DXA\CR000004.dcm,exact_path,csv_relative_path
Размеченные_499_Илья,C:\Users\Андрей\Desktop\Хакатон\Размеченные_499_Илья\labels.csv,299,2.25.181196659018348153828200695057897449628/series_004_2_CR/A2507370620 DXA/CR DXA/CR000005.dcm,output/2.25.181196659018348153828200695057897449628/series_004_2_CR/A2507370620 DXA/CR DXA/CR000005.dcm,LEG,,,2026-09-16T18:06:04,1.2.643.5.1.13.13.12.2.77.8252.03001212011504090610110601060006,2.25.181196659018348153828200695057897449628/series_004_2_CR/A2507370620 DXA/CR DXA/CR000005.dcm,C:\Users\Андрей\Desktop\Хакатон\Исследования\2.25.181196659018348153828200695057897449628\series_004_2_CR\A2507370620 DXA\CR DXA\CR000005.dcm,exact_path,csv_relative_path
Размеченные_499_Илья,C:\Users\Андрей\Desktop\Хакатон\Размеченные_499_Илья\labels.csv,300,2.25.181196659018348153828200695057897449628/series_004_2_CR/A2507370620 DXA/CR DXA/CR000006.dcm,output/2.25.181196659018348153828200695057897449628/series_004_2_CR/A2507370620 DXA/CR DXA/CR000006.dcm,LEG,,,2026-09-16T18:06:06,1.2.643.5.1.13.13.12.2.77.8252.11080509070315011108060003120408,2.25.181196659018348153828200695057897449628/series_004_2_CR/A2507370620 DXA/CR DXA/CR000006.dcm,C:\Users\Андрей\Desktop\Хакатон\Исследования\2.25.181196659018348153828200695057897449628\series_004_2_CR\A2507370620 DXA\CR DXA\CR000006.dcm,exact_path,csv_relative_path
Размеченные_499_Илья,C:\Users\Андрей\Desktop\Хакатон\Размеченные_499_Илья\labels.csv,301,2.25.181196659018348153828200695057897449628/series_004_2_CR/A2507370620 DXA/CR DXA/CR000007.dcm,output/2.25.181196659018348153828200695057897449628/series_004_2_CR/A2507370620 DXA/CR DXA/CR000007.dcm,LEG,,,2026-09-16T18:06:10,1.2.643.5.1.13.13.12.2.77.8252.13100414021307020008020611130410,2.25.181196659018348153828200695057897449628/series_004_2_CR/A2507370620 DXA/CR DXA/CR000007.dcm,C:\Users\Андрей\Desktop\Хакатон\Исследования\2.25.181196659018348153828200695057897449628\series_004_2_CR\A2507370620 DXA\CR DXA\CR000007.dcm,exact_path,csv_relative_path
Размеченные_499_Илья,C:\Users\Андрей\Desktop\Хакатон\Размеченные_499_Илья\labels.csv,302,2.25.181196659018348153828200695057897449628/series_004_2_CR/A2507370620 DXA/CR DXA/CR000008.dcm,output/2.25.181196659018348153828200695057897449628/series_004_2_CR/A2507370620 DXA/CR DXA/CR000008.dcm,LEG,,,2026-09-16T18:06:13,1.2.643.5.1.13.13.12.2.77.8252.00010603011503150401111314061209,2.25.181196659018348153828200695057897449628/series_004_2_CR/A2507370620 DXA/CR DXA/CR000008.dcm,C:\Users\Андрей\Desktop\Хакатон\Исследования\2.25.181196659018348153828200695057897449628\series_004_2_CR\A2507370620 DXA\CR DXA\CR000008.dcm,exact_path,csv_relative_path
Размеченные_499_Илья,C:\Users\Андрей\Desktop\Хакатон\Размеченные_499_Илья\labels.csv,303,2.25.181196659018348153828200695057897449628/series_004_2_CR/A2507370620 DXA/CR DXA/CR000009.dcm,output/2.25.181196659018348153828200695057897449628/series_004_2_CR/A2507370620 DXA/CR DXA/CR000009.dcm,LEG,,,2026-09-16T18:06:15,1.2.643.5.1.13.13.12.2.77.8252.08041100070615121300141413020001,2.25.181196659018348153828200695057897449628/series_004_2_CR/A2507370620 DXA/CR DXA/CR000009.dcm,C:\Users\Андрей\Desktop\Хакатон\Исследования\2.25.181196659018348153828200695057897449628\series_004_2_CR\A2507370620 DXA\CR DXA\CR000009.dcm,exact_path,csv_relative_path
Размеченные_499_Илья,C:\Users\Андрей\Desktop\Хакатон\Размеченные_499_Илья\labels.csv,304,2.25.181196659018348153828200695057897449628/series_004_2_CR/A2507370620 DXA/CR DXA/CR000010.dcm,output/2.25.181196659018348153828200695057897449628/series_004_2_CR/A2507370620 DXA/CR DXA/CR000010.dcm,LEG,,,2026-09-16T18:06:17,1.2.643.5.1.13.13.12.2.77.8252.08060613070108000200131403151214,2.25.181196659018348153828200695057897449628/series_004_2_CR/A2507370620 DXA/CR DXA/CR000010.dcm,C:\Users\Андрей\Desktop\Хакатон\Исследования\2.25.181196659018348153828200695057897449628\series_004_2_CR\A2507370620 DXA\CR DXA\CR000010.dcm,exact_path,csv_relative_path
Размеченные_499_Илья,C:\Users\Андрей\Desktop\Хакатон\Размеченные_499_Илья\labels.csv,305,2.25.181196659018348153828200695057897449628/series_004_2_CR/A2507370620 DXA/CR DXA/CR000011.dcm,output/2.25.181196659018348153828200695057897449628/series_004_2_CR/A2507370620 DXA/CR DXA/CR000011.dcm,SPINE,,,2026-09-16T18:06:19,1.2.643.5.1.13.13.12.2.77.8252.15131206051500011310060914011411,2.25.181196659018348153828200695057897449628/series_004_2_CR/A2507370620 DXA/CR DXA/CR000011.dcm,C:\Users\Андрей\Desktop\Хакатон\Исследования\2.25.181196659018348153828200695057897449628\series_004_2_CR\A2507370620 DXA\CR DXA\CR000011.dcm,exact_path,csv_relative_path
Размеченные_499_Илья,C:\Users\Андрей\Desktop\Хакатон\Размеченные_499_Илья\labels.csv,306,2.25.181196659018348153828200695057897449628/series_004_2_CR/A2507370620 DXA/CR DXA/CR000012.dcm,output/2.25.181196659018348153828200695057897449628/series_004_2_CR/A2507370620 DXA/CR DXA/CR000012.dcm,LEG,,,2026-09-16T18:06:20,1.2.643.5.1.13.13.12.2.77.8252.00110402080602151505051001010810,2.25.181196659018348153828200695057897449628/series_004_2_CR/A2507370620 DXA/CR DXA/CR000012.dcm,C:\Users\Андрей\Desktop\Хакатон\Исследования\2.25.181196659018348153828200695057897449628\series_004_2_CR\A2507370620 DXA\CR DXA\CR000012.dcm,exact_path,csv_relative_path
Размеченные_499_Илья,C:\Users\Андрей\Desktop\Хакатон\Размеченные_499_Илья\labels.csv,307,2.25.184198356665635336833172191504278054074/series_004_2_CR/A250788286 DXA/CR DXA/CR000000.dcm,output/2.25.184198356665635336833172191504278054074/series_004_2_CR/A250788286 DXA/CR DXA/CR000000.dcm,SPINE,,,2026-09-16T18:06:22,1.2.643.5.1.13.13.12.2.77.8252.04151306060901060605121400081206,2.25.184198356665635336833172191504278054074/series_004_2_CR/A250788286 DXA/CR DXA/CR000000.dcm,C:\Users\Андрей\Desktop\Хакатон\Исследования\2.25.184198356665635336833172191504278054074\series_004_2_CR\A250788286 DXA\CR DXA\CR000000.dcm,exact_path,csv_relative_path
Размеченные_499_Илья,C:\Users\Андрей\Desktop\Хакатон\Размеченные_499_Илья\labels.csv,308,2.25.184198356665635336833172191504278054074/series_004_2_CR/A250788286 DXA/CR DXA/CR000001.dcm,output/2.25.184198356665635336833172191504278054074/series_004_2_CR/A250788286 DXA/CR DXA/CR000001.dcm,LEG,,,2026-09-16T18:06:23,1.2.643.5.1.13.13.12.2.77.8252.11141409010404080202090702050104,2.25.184198356665635336833172191504278054074/series_004_2_CR/A250788286 DXA/CR DXA/CR000001.dcm,C:\Users\Андрей\Desktop\Хакатон\Исследования\2.25.184198356665635336833172191504278054074\series_004_2_CR\A250788286 DXA\CR DXA\CR000001.dcm,exact_path,csv_relative_path
Размеченные_499_Илья,C:\Users\Андрей\Desktop\Хакатон\Размеченные_499_Илья\labels.csv,309,2.25.184198356665635336833172191504278054074/series_004_2_CR/A250788286 DXA/CR DXA/CR000002.dcm,output/2.25.184198356665635336833172191504278054074/series_004_2_CR/A250788286 DXA/CR DXA/CR000002.dcm,LEG,,,2026-09-16T18:06:25,1.2.643.5.1.13.13.12.2.77.8252.02150805140008141106110606070801,2.25.184198356665635336833172191504278054074/series_004_2_CR/A250788286 DXA/CR DXA/CR000002.dcm,C:\Users\Андрей\Desktop\Хакатон\Исследования\2.25.184198356665635336833172191504278054074\series_004_2_CR\A250788286 DXA\CR DXA\CR000002.dcm,exact_path,csv_relative_path
Размеченные_499_Илья,C:\Users\Андрей\Desktop\Хакатон\Размеченные_499_Илья\labels.csv,310,2.25.186201010600484120326273381077449377115/series_004_2_CR/A250777475 DXA/CR DXA/CR000000.dcm,output/2.25.186201010600484120326273381077449377115/series_004_2_CR/A250777475 DXA/CR DXA/CR000000.dcm,LEG,,,2026-09-16T18:06:26,1.2.643.5.1.13.13.12.2.77.8252.01110601131107041511021510061211,2.25.186201010600484120326273381077449377115/series_004_2_CR/A250777475 DXA/CR DXA/CR000000.dcm,C:\Users\Андрей\Desktop\Хакатон\Исследования\2.25.186201010600484120326273381077449377115\series_004_2_CR\A250777475 DXA\CR DXA\CR000000.dcm,exact_path,csv_relative_path
Размеченные_499_Илья,C:\Users\Андрей\Desktop\Хакатон\Размеченные_499_Илья\labels.csv,311,2.25.186201010600484120326273381077449377115/series_004_2_CR/A250777475 DXA/CR DXA/CR000001.dcm,output/2.25.186201010600484120326273381077449377115/series_004_2_CR/A250777475 DXA/CR DXA/CR000001.dcm,LEG,,,2026-09-16T18:06:28,1.2.643.5.1.13.13.12.2.77.8252.09061504020803021006021501021304,2.25.186201010600484120326273381077449377115/series_004_2_CR/A250777475 DXA/CR DXA/CR000001.dcm,C:\Users\Андрей\Desktop\Хакатон\Исследования\2.25.186201010600484120326273381077449377115\series_004_2_CR\A250777475 DXA\CR DXA\CR000001.dcm,exact_path,csv_relative_path
Размеченные_499_Илья,C:\Users\Андрей\Desktop\Хакатон\Размеченные_499_Илья\labels.csv,312,2.25.186201010600484120326273381077449377115/series_004_2_CR/A250777475 DXA/CR DXA/CR000002.dcm,output/2.25.186201010600484120326273381077449377115/series_004_2_CR/A250777475 DXA/CR DXA/CR000002.dcm,LEG,,,2026-09-16T18:06:30,1.2.643.5.1.13.13.12.2.77.8252.00091315091215060415120908060402,2.25.186201010600484120326273381077449377115/series_004_2_CR/A250777475 DXA/CR DXA/CR000002.dcm,C:\Users\Андрей\Desktop\Хакатон\Исследования\2.25.186201010600484120326273381077449377115\series_004_2_CR\A250777475 DXA\CR DXA\CR000002.dcm,exact_path,csv_relative_path
Размеченные_499_Илья,C:\Users\Андрей\Desktop\Хакатон\Размеченные_499_Илья\labels.csv,313,2.25.186201010600484120326273381077449377115/series_004_2_CR/A250777475 DXA/CR DXA/CR000003.dcm,output/2.25.186201010600484120326273381077449377115/series_004_2_CR/A250777475 DXA/CR DXA/CR000003.dcm,LEG,,,2026-09-16T18:06:32,1.2.643.5.1.13.13.12.2.77.8252.01141302020713050903060503061314,2.25.186201010600484120326273381077449377115/series_004_2_CR/A250777475 DXA/CR DXA/CR000003.dcm,C:\Users\Андрей\Desktop\Хакатон\Исследования\2.25.186201010600484120326273381077449377115\series_004_2_CR\A250777475 DXA\CR DXA\CR000003.dcm,exact_path,csv_relative_path
Размеченные_499_Илья,C:\Users\Андрей\Desktop\Хакатон\Размеченные_499_Илья\labels.csv,314,2.25.186201010600484120326273381077449377115/series_004_2_CR/A250777475 DXA/CR DXA/CR000004.dcm,output/2.25.186201010600484120326273381077449377115/series_004_2_CR/A250777475 DXA/CR DXA/CR000004.dcm,LEG,,,2026-09-16T18:06:33,1.2.643.5.1.13.13.12.2.77.8252.13051209051006081503100907110310,2.25.186201010600484120326273381077449377115/series_004_2_CR/A250777475 DXA/CR DXA/CR000004.dcm,C:\Users\Андрей\Desktop\Хакатон\Исследования\2.25.186201010600484120326273381077449377115\series_004_2_CR\A250777475 DXA\CR DXA\CR000004.dcm,exact_path,csv_relative_path
Размеченные_499_Илья,C:\Users\Андрей\Desktop\Хакатон\Размеченные_499_Илья\labels.csv,315,2.25.186201010600484120326273381077449377115/series_004_2_CR/A250777475 DXA/CR DXA/CR000005.dcm,output/2.25.186201010600484120326273381077449377115/series_004_2_CR/A250777475 DXA/CR DXA/CR000005.dcm,LEG,,,2026-09-16T18:06:34,1.2.643.5.1.13.13.12.2.77.8252.07131015031512050310021202060000,2.25.186201010600484120326273381077449377115/series_004_2_CR/A250777475 DXA/CR DXA/CR000005.dcm,C:\Users\Андрей\Desktop\Хакатон\Исследования\2.25.186201010600484120326273381077449377115\series_004_2_CR\A250777475 DXA\CR DXA\CR000005.dcm,exact_path,csv_relative_path
Размеченные_499_Илья,C:\Users\Андрей\Desktop\Хакатон\Размеченные_499_Илья\labels.csv,316,2.25.186201010600484120326273381077449377115/series_004_2_CR/A250777475 DXA/CR DXA/CR000006.dcm,output/2.25.186201010600484120326273381077449377115/series_004_2_CR/A250777475 DXA/CR DXA/CR000006.dcm,LEG,,,2026-09-16T18:06:36,1.2.643.5.1.13.13.12.2.77.8252.01060001050009070514040213010802,2.25.186201010600484120326273381077449377115/series_004_2_CR/A250777475 DXA/CR DXA/CR000006.dcm,C:\Users\Андрей\Desktop\Хакатон\Исследования\2.25.186201010600484120326273381077449377115\series_004_2_CR\A250777475 DXA\CR DXA\CR000006.dcm,exact_path,csv_relative_path
Размеченные_499_Илья,C:\Users\Андрей\Desktop\Хакатон\Размеченные_499_Илья\labels.csv,317,2.25.186201010600484120326273381077449377115/series_004_2_CR/A250777475 DXA/CR DXA/CR000007.dcm,output/2.25.186201010600484120326273381077449377115/series_004_2_CR/A250777475 DXA/CR DXA/CR000007.dcm,SPINE,,,2026-09-16T18:06:38,1.2.643.5.1.13.13.12.2.77.8252.07140512060315100814061103061308,2.25.186201010600484120326273381077449377115/series_004_2_CR/A250777475 DXA/CR DXA/CR000007.dcm,C:\Users\Андрей\Desktop\Хакатон\Исследования\2.25.186201010600484120326273381077449377115\series_004_2_CR\A250777475 DXA\CR DXA\CR000007.dcm,exact_path,csv_relative_path
Размеченные_499_Илья,C:\Users\Андрей\Desktop\Хакатон\Размеченные_499_Илья\labels.csv,318,2.25.186201010600484120326273381077449377115/series_004_2_CR/A250777475 DXA/CR DXA/CR000008.dcm,output/2.25.186201010600484120326273381077449377115/series_004_2_CR/A250777475 DXA/CR DXA/CR000008.dcm,LEG,,,2026-09-16T18:06:40,1.2.643.5.1.13.13.12.2.77.8252.05080405071204150306061400051307,2.25.186201010600484120326273381077449377115/series_004_2_CR/A250777475 DXA/CR DXA/CR000008.dcm,C:\Users\Андрей\Desktop\Хакатон\Исследования\2.25.186201010600484120326273381077449377115\series_004_2_CR\A250777475 DXA\CR DXA\CR000008.dcm,exact_path,csv_relative_path
Размеченные_499_Илья,C:\Users\Андрей\Desktop\Хакатон\Размеченные_499_Илья\labels.csv,319,2.25.186201010600484120326273381077449377115/series_004_2_CR/A250777475 DXA/CR DXA/CR000009.dcm,output/2.25.186201010600484120326273381077449377115/series_004_2_CR/A250777475 DXA/CR DXA/CR000009.dcm,LEG,,,2026-09-16T18:06:42,1.2.643.5.1.13.13.12.2.77.8252.13020010101411130307011411150509,2.25.186201010600484120326273381077449377115/series_004_2_CR/A250777475 DXA/CR DXA/CR000009.dcm,C:\Users\Андрей\Desktop\Хакатон\Исследования\2.25.186201010600484120326273381077449377115\series_004_2_CR\A250777475 DXA\CR DXA\CR000009.dcm,exact_path,csv_relative_path
Размеченные_499_Илья,C:\Users\Андрей\Desktop\Хакатон\Размеченные_499_Илья\labels.csv,320,2.25.186201010600484120326273381077449377115/series_004_2_CR/A250777475 DXA/CR DXA/CR000010.dcm,output/2.25.186201010600484120326273381077449377115/series_004_2_CR/A250777475 DXA/CR DXA/CR000010.dcm,SPINE,,,2026-09-16T18:06:44,1.2.643.5.1.13.13.12.2.77.8252.07061504011201061005090406100203,2.25.186201010600484120326273381077449377115/series_004_2_CR/A250777475 DXA/CR DXA/CR000010.dcm,C:\Users\Андрей\Desktop\Хакатон\Исследования\2.25.186201010600484120326273381077449377115\series_004_2_CR\A250777475 DXA\CR DXA\CR000010.dcm,exact_path,csv_relative_path
Размеченные_499_Илья,C:\Users\Андрей\Desktop\Хакатон\Размеченные_499_Илья\labels.csv,321,2.25.186201010600484120326273381077449377115/series_004_2_CR/A250777475 DXA/CR DXA/CR000011.dcm,output/2.25.186201010600484120326273381077449377115/series_004_2_CR/A250777475 DXA/CR DXA/CR000011.dcm,SPINE,,,2026-09-16T18:06:46,1.2.643.5.1.13.13.12.2.77.8252.04100315041404021215101114140602,2.25.186201010600484120326273381077449377115/series_004_2_CR/A250777475 DXA/CR DXA/CR000011.dcm,C:\Users\Андрей\Desktop\Хакатон\Исследования\2.25.186201010600484120326273381077449377115\series_004_2_CR\A250777475 DXA\CR DXA\CR000011.dcm,exact_path,csv_relative_path
Размеченные_499_Илья,C:\Users\Андрей\Desktop\Хакатон\Размеченные_499_Илья\labels.csv,322,2.25.190331309633057244929837507901317950031/series_001_2_CR/A250791815 DXA/CR DXA/CR000000.dcm,output/2.25.190331309633057244929837507901317950031/series_001_2_CR/A250791815 DXA/CR DXA/CR000000.dcm,LEG,,,2026-09-16T18:06:47,1.2.643.5.1.13.13.12.2.77.8252.11050911061500091304001000100608,2.25.190331309633057244929837507901317950031/series_001_2_CR/A250791815 DXA/CR DXA/CR000000.dcm,C:\Users\Андрей\Desktop\Хакатон\Исследования\2.25.190331309633057244929837507901317950031\series_001_2_CR\A250791815 DXA\CR DXA\CR000000.dcm,exact_path,csv_relative_path
Размеченные_499_Илья,C:\Users\Андрей\Desktop\Хакатон\Размеченные_499_Илья\labels.csv,323,2.25.190331309633057244929837507901317950031/series_001_2_CR/A250791815 DXA/CR DXA/CR000001.dcm,output/2.25.190331309633057244929837507901317950031/series_001_2_CR/A250791815 DXA/CR DXA/CR000001.dcm,LEG,,,2026-09-16T18:06:49,1.2.643.5.1.13.13.12.2.77.8252.13070805121401080100090313021511,2.25.190331309633057244929837507901317950031/series_001_2_CR/A250791815 DXA/CR DXA/CR000001.dcm,C:\Users\Андрей\Desktop\Хакатон\Исследования\2.25.190331309633057244929837507901317950031\series_001_2_CR\A250791815 DXA\CR DXA\CR000001.dcm,exact_path,csv_relative_path
Размеченные_499_Илья,C:\Users\Андрей\Desktop\Хакатон\Размеченные_499_Илья\labels.csv,324,2.25.190331309633057244929837507901317950031/series_001_2_CR/A250791815 DXA/CR DXA/CR000002.dcm,output/2.25.190331309633057244929837507901317950031/series_001_2_CR/A250791815 DXA/CR DXA/CR000002.dcm,LEG,,,2026-09-16T18:06:51,1.2.643.5.1.13.13.12.2.77.8252.06100709031109071008120605101311,2.25.190331309633057244929837507901317950031/series_001_2_CR/A250791815 DXA/CR DXA/CR000002.dcm,C:\Users\Андрей\Desktop\Хакатон\Исследования\2.25.190331309633057244929837507901317950031\series_001_2_CR\A250791815 DXA\CR DXA\CR000002.dcm,exact_path,csv_relative_path
Размеченные_499_Илья,C:\Users\Андрей\Desktop\Хакатон\Размеченные_499_Илья\labels.csv,325,2.25.190331309633057244929837507901317950031/series_001_2_CR/A250791815 DXA/CR DXA/CR000003.dcm,output/2.25.190331309633057244929837507901317950031/series_001_2_CR/A250791815 DXA/CR DXA/CR000003.dcm,SPINE,,,2026-09-16T18:06:53,1.2.643.5.1.13.13.12.2.77.8252.11100109131006120600020910050910,2.25.190331309633057244929837507901317950031/series_001_2_CR/A250791815 DXA/CR DXA/CR000003.dcm,C:\Users\Андрей\Desktop\Хакатон\Исследования\2.25.190331309633057244929837507901317950031\series_001_2_CR\A250791815 DXA\CR DXA\CR000003.dcm,exact_path,csv_relative_path
Размеченные_499_Илья,C:\Users\Андрей\Desktop\Хакатон\Размеченные_499_Илья\labels.csv,326,2.25.190331309633057244929837507901317950031/series_001_2_CR/A250791815 DXA/CR DXA/CR000004.dcm,output/2.25.190331309633057244929837507901317950031/series_001_2_CR/A250791815 DXA/CR DXA/CR000004.dcm,LEG,,,2026-09-16T18:06:55,1.2.643.5.1.13.13.12.2.77.8252.03000010070307110614031003090302,2.25.190331309633057244929837507901317950031/series_001_2_CR/A250791815 DXA/CR DXA/CR000004.dcm,C:\Users\Андрей\Desktop\Хакатон\Исследования\2.25.190331309633057244929837507901317950031\series_001_2_CR\A250791815 DXA\CR DXA\CR000004.dcm,exact_path,csv_relative_path
Размеченные_499_Илья,C:\Users\Андрей\Desktop\Хакатон\Размеченные_499_Илья\labels.csv,327,2.25.190331309633057244929837507901317950031/series_001_2_CR/A250791815 DXA/CR DXA/CR000005.dcm,output/2.25.190331309633057244929837507901317950031/series_001_2_CR/A250791815 DXA/CR DXA/CR000005.dcm,SPINE,,,2026-09-16T18:06:56,1.2.643.5.1.13.13.12.2.77.8252.02040104021012120313090806030008,2.25.190331309633057244929837507901317950031/series_001_2_CR/A250791815 DXA/CR DXA/CR000005.dcm,C:\Users\Андрей\Desktop\Хакатон\Исследования\2.25.190331309633057244929837507901317950031\series_001_2_CR\A250791815 DXA\CR DXA\CR000005.dcm,exact_path,csv_relative_path
Размеченные_499_Илья,C:\Users\Андрей\Desktop\Хакатон\Размеченные_499_Илья\labels.csv,328,2.25.190331309633057244929837507901317950031/series_001_2_CR/A250791815 DXA/CR DXA/CR000006.dcm,output/2.25.190331309633057244929837507901317950031/series_001_2_CR/A250791815 DXA/CR DXA/CR000006.dcm,LEG,,,2026-09-16T18:06:58,1.2.643.5.1.13.13.12.2.77.8252.03020007121211050710080207000313,2.25.190331309633057244929837507901317950031/series_001_2_CR/A250791815 DXA/CR DXA/CR000006.dcm,C:\Users\Андрей\Desktop\Хакатон\Исследования\2.25.190331309633057244929837507901317950031\series_001_2_CR\A250791815 DXA\CR DXA\CR000006.dcm,exact_path,csv_relative_path
Размеченные_499_Илья,C:\Users\Андрей\Desktop\Хакатон\Размеченные_499_Илья\labels.csv,329,2.25.190331309633057244929837507901317950031/series_001_2_CR/A250791815 DXA/CR DXA/CR000007.dcm,output/2.25.190331309633057244929837507901317950031/series_001_2_CR/A250791815 DXA/CR DXA/CR000007.dcm,LEG,,,2026-09-16T18:06:59,1.2.643.5.1.13.13.12.2.77.8252.10061312041507151308110106051414,2.25.190331309633057244929837507901317950031/series_001_2_CR/A250791815 DXA/CR DXA/CR000007.dcm,C:\Users\Андрей\Desktop\Хакатон\Исследования\2.25.190331309633057244929837507901317950031\series_001_2_CR\A250791815 DXA\CR DXA\CR000007.dcm,exact_path,csv_relative_path
Размеченные_499_Илья,C:\Users\Андрей\Desktop\Хакатон\Размеченные_499_Илья\labels.csv,330,2.25.190331309633057244929837507901317950031/series_001_2_CR/A250791815 DXA/CR DXA/CR000008.dcm,output/2.25.190331309633057244929837507901317950031/series_001_2_CR/A250791815 DXA/CR DXA/CR000008.dcm,SPINE,,,2026-09-16T18:07:01,1.2.643.5.1.13.13.12.2.77.8252.06130501091009001200080400150413,2.25.190331309633057244929837507901317950031/series_001_2_CR/A250791815 DXA/CR DXA/CR000008.dcm,C:\Users\Андрей\Desktop\Хакатон\Исследования\2.25.190331309633057244929837507901317950031\series_001_2_CR\A250791815 DXA\CR DXA\CR000008.dcm,exact_path,csv_relative_path
Размеченные_499_Илья,C:\Users\Андрей\Desktop\Хакатон\Размеченные_499_Илья\labels.csv,331,2.25.190331309633057244929837507901317950031/series_001_2_CR/A250791815 DXA/CR DXA/CR000009.dcm,output/2.25.190331309633057244929837507901317950031/series_001_2_CR/A250791815 DXA/CR DXA/CR000009.dcm,LEG,,,2026-09-16T18:07:02,1.2.643.5.1.13.13.12.2.77.8252.11100404131302060711141306031414,2.25.190331309633057244929837507901317950031/series_001_2_CR/A250791815 DXA/CR DXA/CR000009.dcm,C:\Users\Андрей\Desktop\Хакатон\Исследования\2.25.190331309633057244929837507901317950031\series_001_2_CR\A250791815 DXA\CR DXA\CR000009.dcm,exact_path,csv_relative_path
Размеченные_499_Илья,C:\Users\Андрей\Desktop\Хакатон\Размеченные_499_Илья\labels.csv,332,2.25.190331309633057244929837507901317950031/series_001_2_CR/A250791815 DXA/CR DXA/CR000010.dcm,output/2.25.190331309633057244929837507901317950031/series_001_2_CR/A250791815 DXA/CR DXA/CR000010.dcm,LEG,,,2026-09-16T18:07:04,1.2.643.5.1.13.13.12.2.77.8252.09051315030213060214031014080701,2.25.190331309633057244929837507901317950031/series_001_2_CR/A250791815 DXA/CR DXA/CR000010.dcm,C:\Users\Андрей\Desktop\Хакатон\Исследования\2.25.190331309633057244929837507901317950031\series_001_2_CR\A250791815 DXA\CR DXA\CR000010.dcm,exact_path,csv_relative_path
Размеченные_499_Илья,C:\Users\Андрей\Desktop\Хакатон\Размеченные_499_Илья\labels.csv,333,2.25.190807933410234695931591553323782771995/series_002_3_CR/A250762254 DXA/CR DXA/CR000000.dcm,output/2.25.190807933410234695931591553323782771995/series_002_3_CR/A250762254 DXA/CR DXA/CR000000.dcm,SPINE,,,2026-09-16T18:07:07,1.2.643.5.1.13.13.12.2.77.8252.04000404020304020301120408100801,2.25.190807933410234695931591553323782771995/series_002_3_CR/A250762254 DXA/CR DXA/CR000000.dcm,C:\Users\Андрей\Desktop\Хакатон\Исследования\2.25.190807933410234695931591553323782771995\series_002_3_CR\A250762254 DXA\CR DXA\CR000000.dcm,exact_path,csv_relative_path
Размеченные_499_Илья,C:\Users\Андрей\Desktop\Хакатон\Размеченные_499_Илья\labels.csv,334,2.25.190807933410234695931591553323782771995/series_002_3_CR/A250762254 DXA/CR DXA/CR000001.dcm,output/2.25.190807933410234695931591553323782771995/series_002_3_CR/A250762254 DXA/CR DXA/CR000001.dcm,LEG,,,2026-09-16T18:07:09,1.2.643.5.1.13.13.12.2.77.8252.10101410111513000809081215030802,2.25.190807933410234695931591553323782771995/series_002_3_CR/A250762254 DXA/CR DXA/CR000001.dcm,C:\Users\Андрей\Desktop\Хакатон\Исследования\2.25.190807933410234695931591553323782771995\series_002_3_CR\A250762254 DXA\CR DXA\CR000001.dcm,exact_path,csv_relative_path
Размеченные_499_Илья,C:\Users\Андрей\Desktop\Хакатон\Размеченные_499_Илья\labels.csv,335,2.25.215177279960644564778148238928738915103/series_002_2_CR/A2504147013 DXA/CR DXA/CR000000.dcm,output/2.25.215177279960644564778148238928738915103/series_002_2_CR/A2504147013 DXA/CR DXA/CR000000.dcm,LEG,,,2026-09-16T18:07:11,1.2.643.5.1.13.13.12.2.77.8252.02120211101306000510080011031411,2.25.215177279960644564778148238928738915103/series_002_2_CR/A2504147013 DXA/CR DXA/CR000000.dcm,C:\Users\Андрей\Desktop\Хакатон\Исследования\2.25.215177279960644564778148238928738915103\series_002_2_CR\A2504147013 DXA\CR DXA\CR000000.dcm,exact_path,csv_relative_path
Размеченные_499_Илья,C:\Users\Андрей\Desktop\Хакатон\Размеченные_499_Илья\labels.csv,336,2.25.215177279960644564778148238928738915103/series_002_2_CR/A2504147013 DXA/CR DXA/CR000001.dcm,output/2.25.215177279960644564778148238928738915103/series_002_2_CR/A2504147013 DXA/CR DXA/CR000001.dcm,SPINE,,,2026-09-16T18:07:12,1.2.643.5.1.13.13.12.2.77.8252.05011012001311141515001115080104,2.25.215177279960644564778148238928738915103/series_002_2_CR/A2504147013 DXA/CR DXA/CR000001.dcm,C:\Users\Андрей\Desktop\Хакатон\Исследования\2.25.215177279960644564778148238928738915103\series_002_2_CR\A2504147013 DXA\CR DXA\CR000001.dcm,exact_path,csv_relative_path
Размеченные_499_Илья,C:\Users\Андрей\Desktop\Хакатон\Размеченные_499_Илья\labels.csv,337,2.25.215177279960644564778148238928738915103/series_002_2_CR/A2504147013 DXA/CR DXA/CR000002.dcm,output/2.25.215177279960644564778148238928738915103/series_002_2_CR/A2504147013 DXA/CR DXA/CR000002.dcm,LEG,,,2026-09-16T18:07:14,1.2.643.5.1.13.13.12.2.77.8252.00070615051510041500030210150312,2.25.215177279960644564778148238928738915103/series_002_2_CR/A2504147013 DXA/CR DXA/CR000002.dcm,C:\Users\Андрей\Desktop\Хакатон\Исследования\2.25.215177279960644564778148238928738915103\series_002_2_CR\A2504147013 DXA\CR DXA\CR000002.dcm,exact_path,csv_relative_path
Размеченные_499_Илья,C:\Users\Андрей\Desktop\Хакатон\Размеченные_499_Илья\labels.csv,338,2.25.215177279960644564778148238928738915103/series_002_2_CR/A2504147013 DXA/CR DXA/CR000003.dcm,output/2.25.215177279960644564778148238928738915103/series_002_2_CR/A2504147013 DXA/CR DXA/CR000003.dcm,LEG,,,2026-09-16T18:07:15,1.2.643.5.1.13.13.12.2.77.8252.02080006130815010800091303020804,2.25.215177279960644564778148238928738915103/series_002_2_CR/A2504147013 DXA/CR DXA/CR000003.dcm,C:\Users\Андрей\Desktop\Хакатон\Исследования\2.25.215177279960644564778148238928738915103\series_002_2_CR\A2504147013 DXA\CR DXA\CR000003.dcm,exact_path,csv_relative_path
Размеченные_499_Илья,C:\Users\Андрей\Desktop\Хакатон\Размеченные_499_Илья\labels.csv,339,2.25.215177279960644564778148238928738915103/series_002_2_CR/A2504147013 DXA/CR DXA/CR000004.dcm,output/2.25.215177279960644564778148238928738915103/series_002_2_CR/A2504147013 DXA/CR DXA/CR000004.dcm,SPINE,,,2026-09-16T18:07:16,1.2.643.5.1.13.13.12.2.77.8252.13140203110104081414101201001405,2.25.215177279960644564778148238928738915103/series_002_2_CR/A2504147013 DXA/CR DXA/CR000004.dcm,C:\Users\Андрей\Desktop\Хакатон\Исследования\2.25.215177279960644564778148238928738915103\series_002_2_CR\A2504147013 DXA\CR DXA\CR000004.dcm,exact_path,csv_relative_path
Размеченные_499_Илья,C:\Users\Андрей\Desktop\Хакатон\Размеченные_499_Илья\labels.csv,340,2.25.217397325224876728316360420804118329081/series_002_2_CR/A250474631 DXA/CR DXA/CR000000.dcm,output/2.25.217397325224876728316360420804118329081/series_002_2_CR/A250474631 DXA/CR DXA/CR000000.dcm,LEG,,,2026-09-16T18:07:18,1.2.643.5.1.13.13.12.2.77.8252.02091115080411030312040600000701,2.25.217397325224876728316360420804118329081/series_002_2_CR/A250474631 DXA/CR DXA/CR000000.dcm,C:\Users\Андрей\Desktop\Хакатон\Исследования\2.25.217397325224876728316360420804118329081\series_002_2_CR\A250474631 DXA\CR DXA\CR000000.dcm,exact_path,csv_relative_path
Размеченные_499_Илья,C:\Users\Андрей\Desktop\Хакатон\Размеченные_499_Илья\labels.csv,341,2.25.217397325224876728316360420804118329081/series_002_2_CR/A250474631 DXA/CR DXA/CR000001.dcm,output/2.25.217397325224876728316360420804118329081/series_002_2_CR/A250474631 DXA/CR DXA/CR000001.dcm,LEG,,,2026-09-16T18:07:19,1.2.643.5.1.13.13.12.2.77.8252.10000400041408060608031009090710,2.25.217397325224876728316360420804118329081/series_002_2_CR/A250474631 DXA/CR DXA/CR000001.dcm,C:\Users\Андрей\Desktop\Хакатон\Исследования\2.25.217397325224876728316360420804118329081\series_002_2_CR\A250474631 DXA\CR DXA\CR000001.dcm,exact_path,csv_relative_path
Размеченные_499_Илья,C:\Users\Андрей\Desktop\Хакатон\Размеченные_499_Илья\labels.csv,342,2.25.217397325224876728316360420804118329081/series_002_2_CR/A250474631 DXA/CR DXA/CR000002.dcm,output/2.25.217397325224876728316360420804118329081/series_002_2_CR/A250474631 DXA/CR DXA/CR000002.dcm,SPINE,,,2026-09-16T18:07:21,1.2.643.5.1.13.13.12.2.77.8252.04131001000110131311121304090609,2.25.217397325224876728316360420804118329081/series_002_2_CR/A250474631 DXA/CR DXA/CR000002.dcm,C:\Users\Андрей\Desktop\Хакатон\Исследования\2.25.217397325224876728316360420804118329081\series_002_2_CR\A250474631 DXA\CR DXA\CR000002.dcm,exact_path,csv_relative_path
Размеченные_499_Илья,C:\Users\Андрей\Desktop\Хакатон\Размеченные_499_Илья\labels.csv,343,2.25.217397325224876728316360420804118329081/series_002_2_CR/A250474631 DXA/CR DXA/CR000003.dcm,output/2.25.217397325224876728316360420804118329081/series_002_2_CR/A250474631 DXA/CR DXA/CR000003.dcm,LEG,,,2026-09-16T18:07:22,1.2.643.5.1.13.13.12.2.77.8252.01120903030308120114061013030505,2.25.217397325224876728316360420804118329081/series_002_2_CR/A250474631 DXA/CR DXA/CR000003.dcm,C:\Users\Андрей\Desktop\Хакатон\Исследования\2.25.217397325224876728316360420804118329081\series_002_2_CR\A250474631 DXA\CR DXA\CR000003.dcm,exact_path,csv_relative_path
Размеченные_499_Илья,C:\Users\Андрей\Desktop\Хакатон\Размеченные_499_Илья\labels.csv,344,2.25.217397325224876728316360420804118329081/series_002_2_CR/A250474631 DXA/CR DXA/CR000004.dcm,output/2.25.217397325224876728316360420804118329081/series_002_2_CR/A250474631 DXA/CR DXA/CR000004.dcm,SPINE,,,2026-09-16T18:07:23,1.2.643.5.1.13.13.12.2.77.8252.03000813041512141007100304081206,2.25.217397325224876728316360420804118329081/series_002_2_CR/A250474631 DXA/CR DXA/CR000004.dcm,C:\Users\Андрей\Desktop\Хакатон\Исследования\2.25.217397325224876728316360420804118329081\series_002_2_CR\A250474631 DXA\CR DXA\CR000004.dcm,exact_path,csv_relative_path
Размеченные_499_Илья,C:\Users\Андрей\Desktop\Хакатон\Размеченные_499_Илья\labels.csv,345,2.25.217397325224876728316360420804118329081/series_002_2_CR/A250474631 DXA/CR DXA/CR000005.dcm,output/2.25.217397325224876728316360420804118329081/series_002_2_CR/A250474631 DXA/CR DXA/CR000005.dcm,SPINE,,,2026-09-16T18:07:26,1.2.643.5.1.13.13.12.2.77.8252.13021514070905140715121507140313,2.25.217397325224876728316360420804118329081/series_002_2_CR/A250474631 DXA/CR DXA/CR000005.dcm,C:\Users\Андрей\Desktop\Хакатон\Исследования\2.25.217397325224876728316360420804118329081\series_002_2_CR\A250474631 DXA\CR DXA\CR000005.dcm,exact_path,csv_relative_path
Размеченные_499_Илья,C:\Users\Андрей\Desktop\Хакатон\Размеченные_499_Илья\labels.csv,346,2.25.217397325224876728316360420804118329081/series_002_2_CR/A250474631 DXA/CR DXA/CR000006.dcm,output/2.25.217397325224876728316360420804118329081/series_002_2_CR/A250474631 DXA/CR DXA/CR000006.dcm,LEG,,,2026-09-16T18:07:27,1.2.643.5.1.13.13.12.2.77.8252.08100408121001020706011402110914,2.25.217397325224876728316360420804118329081/series_002_2_CR/A250474631 DXA/CR DXA/CR000006.dcm,C:\Users\Андрей\Desktop\Хакатон\Исследования\2.25.217397325224876728316360420804118329081\series_002_2_CR\A250474631 DXA\CR DXA\CR000006.dcm,exact_path,csv_relative_path
Размеченные_499_Илья,C:\Users\Андрей\Desktop\Хакатон\Размеченные_499_Илья\labels.csv,347,2.25.217397325224876728316360420804118329081/series_002_2_CR/A250474631 DXA/CR DXA/CR000007.dcm,output/2.25.217397325224876728316360420804118329081/series_002_2_CR/A250474631 DXA/CR DXA/CR000007.dcm,LEG,,,2026-09-16T18:07:29,1.2.643.5.1.13.13.12.2.77.8252.15101108070415081206070914081510,2.25.217397325224876728316360420804118329081/series_002_2_CR/A250474631 DXA/CR DXA/CR000007.dcm,C:\Users\Андрей\Desktop\Хакатон\Исследования\2.25.217397325224876728316360420804118329081\series_002_2_CR\A250474631 DXA\CR DXA\CR000007.dcm,exact_path,csv_relative_path
Размеченные_499_Илья,C:\Users\Андрей\Desktop\Хакатон\Размеченные_499_Илья\labels.csv,348,2.25.217397325224876728316360420804118329081/series_002_2_CR/A250474631 DXA/CR DXA/CR000008.dcm,output/2.25.217397325224876728316360420804118329081/series_002_2_CR/A250474631 DXA/CR DXA/CR000008.dcm,LEG,,,2026-09-16T18:07:31,1.2.643.5.1.13.13.12.2.77.8252.14010614131006141014100714050813,2.25.217397325224876728316360420804118329081/series_002_2_CR/A250474631 DXA/CR DXA/CR000008.dcm,C:\Users\Андрей\Desktop\Хакатон\Исследования\2.25.217397325224876728316360420804118329081\series_002_2_CR\A250474631 DXA\CR DXA\CR000008.dcm,exact_path,csv_relative_path
Размеченные_499_Илья,C:\Users\Андрей\Desktop\Хакатон\Размеченные_499_Илья\labels.csv,349,2.25.217397325224876728316360420804118329081/series_002_2_CR/A250474631 DXA/CR DXA/CR000009.dcm,output/2.25.217397325224876728316360420804118329081/series_002_2_CR/A250474631 DXA/CR DXA/CR000009.dcm,LEG,,,2026-09-16T18:07:33,1.2.643.5.1.13.13.12.2.77.8252.07081006110204030410140712110010,2.25.217397325224876728316360420804118329081/series_002_2_CR/A250474631 DXA/CR DXA/CR000009.dcm,C:\Users\Андрей\Desktop\Хакатон\Исследования\2.25.217397325224876728316360420804118329081\series_002_2_CR\A250474631 DXA\CR DXA\CR000009.dcm,exact_path,csv_relative_path
Размеченные_499_Илья,C:\Users\Андрей\Desktop\Хакатон\Размеченные_499_Илья\labels.csv,350,2.25.217397325224876728316360420804118329081/series_002_2_CR/A250474631 DXA/CR DXA/CR000010.dcm,output/2.25.217397325224876728316360420804118329081/series_002_2_CR/A250474631 DXA/CR DXA/CR000010.dcm,LEG,,,2026-09-16T18:07:34,1.2.643.5.1.13.13.12.2.77.8252.03030902090804040112070613130312,2.25.217397325224876728316360420804118329081/series_002_2_CR/A250474631 DXA/CR DXA/CR000010.dcm,C:\Users\Андрей\Desktop\Хакатон\Исследования\2.25.217397325224876728316360420804118329081\series_002_2_CR\A250474631 DXA\CR DXA\CR000010.dcm,exact_path,csv_relative_path
Размеченные_499_Илья,C:\Users\Андрей\Desktop\Хакатон\Размеченные_499_Илья\labels.csv,351,2.25.220866240977467582196609708837940253840/series_001_2_CR/A2504258893 DXA/CR DXA/CR000000.dcm,output/2.25.220866240977467582196609708837940253840/series_001_2_CR/A2504258893 DXA/CR DXA/CR000000.dcm,SPINE,,,2026-09-16T18:07:35,1.2.643.5.1.13.13.12.2.77.8252.03010603150012061509030005111300,2.25.220866240977467582196609708837940253840/series_001_2_CR/A2504258893 DXA/CR DXA/CR000000.dcm,C:\Users\Андрей\Desktop\Хакатон\Исследования\2.25.220866240977467582196609708837940253840\series_001_2_CR\A2504258893 DXA\CR DXA\CR000000.dcm,exact_path,csv_relative_path
Размеченные_499_Илья,C:\Users\Андрей\Desktop\Хакатон\Размеченные_499_Илья\labels.csv,352,2.25.234651502352368356456298825489565282446/series_002_2_CR/A2504307193 DXA/CR DXA/CR000000.dcm,output/2.25.234651502352368356456298825489565282446/series_002_2_CR/A2504307193 DXA/CR DXA/CR000000.dcm,LEG,,,2026-09-16T18:07:37,1.2.643.5.1.13.13.12.2.77.8252.02051208030605070510050510081213,2.25.234651502352368356456298825489565282446/series_002_2_CR/A2504307193 DXA/CR DXA/CR000000.dcm,C:\Users\Андрей\Desktop\Хакатон\Исследования\2.25.234651502352368356456298825489565282446\series_002_2_CR\A2504307193 DXA\CR DXA\CR000000.dcm,exact_path,csv_relative_path
Размеченные_499_Илья,C:\Users\Андрей\Desktop\Хакатон\Размеченные_499_Илья\labels.csv,353,2.25.234651502352368356456298825489565282446/series_002_2_CR/A2504307193 DXA/CR DXA/CR000001.dcm,output/2.25.234651502352368356456298825489565282446/series_002_2_CR/A2504307193 DXA/CR DXA/CR000001.dcm,LEG,,,2026-09-16T18:07:38,1.2.643.5.1.13.13.12.2.77.8252.05090510140315010003130007000910,2.25.234651502352368356456298825489565282446/series_002_2_CR/A2504307193 DXA/CR DXA/CR000001.dcm,C:\Users\Андрей\Desktop\Хакатон\Исследования\2.25.234651502352368356456298825489565282446\series_002_2_CR\A2504307193 DXA\CR DXA\CR000001.dcm,exact_path,csv_relative_path
Размеченные_499_Илья,C:\Users\Андрей\Desktop\Хакатон\Размеченные_499_Илья\labels.csv,354,2.25.234651502352368356456298825489565282446/series_002_2_CR/A2504307193 DXA/CR DXA/CR000002.dcm,output/2.25.234651502352368356456298825489565282446/series_002_2_CR/A2504307193 DXA/CR DXA/CR000002.dcm,SPINE,,,2026-09-16T18:07:40,1.2.643.5.1.13.13.12.2.77.8252.09031307051100020212010511060414,2.25.234651502352368356456298825489565282446/series_002_2_CR/A2504307193 DXA/CR DXA/CR000002.dcm,C:\Users\Андрей\Desktop\Хакатон\Исследования\2.25.234651502352368356456298825489565282446\series_002_2_CR\A2504307193 DXA\CR DXA\CR000002.dcm,exact_path,csv_relative_path
Размеченные_499_Илья,C:\Users\Андрей\Desktop\Хакатон\Размеченные_499_Илья\labels.csv,355,2.25.234651502352368356456298825489565282446/series_002_2_CR/A2504307193 DXA/CR DXA/CR000003.dcm,output/2.25.234651502352368356456298825489565282446/series_002_2_CR/A2504307193 DXA/CR DXA/CR000003.dcm,LEG,,,2026-09-16T18:07:44,1.2.643.5.1.13.13.12.2.77.8252.09140613011500120102030800080807,2.25.234651502352368356456298825489565282446/series_002_2_CR/A2504307193 DXA/CR DXA/CR000003.dcm,C:\Users\Андрей\Desktop\Хакатон\Исследования\2.25.234651502352368356456298825489565282446\series_002_2_CR\A2504307193 DXA\CR DXA\CR000003.dcm,exact_path,csv_relative_path
Размеченные_499_Илья,C:\Users\Андрей\Desktop\Хакатон\Размеченные_499_Илья\labels.csv,356,2.25.234651502352368356456298825489565282446/series_002_2_CR/A2504307193 DXA/CR DXA/CR000004.dcm,output/2.25.234651502352368356456298825489565282446/series_002_2_CR/A2504307193 DXA/CR DXA/CR000004.dcm,LEG,,,2026-09-16T18:07:45,1.2.643.5.1.13.13.12.2.77.8252.09061112071413071402070608030006,2.25.234651502352368356456298825489565282446/series_002_2_CR/A2504307193 DXA/CR DXA/CR000004.dcm,C:\Users\Андрей\Desktop\Хакатон\Исследования\2.25.234651502352368356456298825489565282446\series_002_2_CR\A2504307193 DXA\CR DXA\CR000004.dcm,exact_path,csv_relative_path
Размеченные_499_Илья,C:\Users\Андрей\Desktop\Хакатон\Размеченные_499_Илья\labels.csv,357,2.25.234651502352368356456298825489565282446/series_002_2_CR/A2504307193 DXA/CR DXA/CR000005.dcm,output/2.25.234651502352368356456298825489565282446/series_002_2_CR/A2504307193 DXA/CR DXA/CR000005.dcm,LEG,,,2026-09-16T18:07:47,1.2.643.5.1.13.13.12.2.77.8252.14111506040710041211031511080401,2.25.234651502352368356456298825489565282446/series_002_2_CR/A2504307193 DXA/CR DXA/CR000005.dcm,C:\Users\Андрей\Desktop\Хакатон\Исследования\2.25.234651502352368356456298825489565282446\series_002_2_CR\A2504307193 DXA\CR DXA\CR000005.dcm,exact_path,csv_relative_path
Размеченные_499_Илья,C:\Users\Андрей\Desktop\Хакатон\Размеченные_499_Илья\labels.csv,358,2.25.234651502352368356456298825489565282446/series_002_2_CR/A2504307193 DXA/CR DXA/CR000006.dcm,output/2.25.234651502352368356456298825489565282446/series_002_2_CR/A2504307193 DXA/CR DXA/CR000006.dcm,SPINE,,,2026-09-16T18:07:49,1.2.643.5.1.13.13.12.2.77.8252.10051211011505050506141504040101,2.25.234651502352368356456298825489565282446/series_002_2_CR/A2504307193 DXA/CR DXA/CR000006.dcm,C:\Users\Андрей\Desktop\Хакатон\Исследования\2.25.234651502352368356456298825489565282446\series_002_2_CR\A2504307193 DXA\CR DXA\CR000006.dcm,exact_path,csv_relative_path
Размеченные_499_Илья,C:\Users\Андрей\Desktop\Хакатон\Размеченные_499_Илья\labels.csv,359,2.25.234651502352368356456298825489565282446/series_002_2_CR/A2504307193 DXA/CR DXA/CR000007.dcm,output/2.25.234651502352368356456298825489565282446/series_002_2_CR/A2504307193 DXA/CR DXA/CR000007.dcm,LEG,,,2026-09-16T18:07:55,1.2.643.5.1.13.13.12.2.77.8252.15100402090103120615100706141310,2.25.234651502352368356456298825489565282446/series_002_2_CR/A2504307193 DXA/CR DXA/CR000007.dcm,C:\Users\Андрей\Desktop\Хакатон\Исследования\2.25.234651502352368356456298825489565282446\series_002_2_CR\A2504307193 DXA\CR DXA\CR000007.dcm,exact_path,csv_relative_path
Размеченные_499_Илья,C:\Users\Андрей\Desktop\Хакатон\Размеченные_499_Илья\labels.csv,360,2.25.234651502352368356456298825489565282446/series_002_2_CR/A2504307193 DXA/CR DXA/CR000008.dcm,output/2.25.234651502352368356456298825489565282446/series_002_2_CR/A2504307193 DXA/CR DXA/CR000008.dcm,SPINE,,,2026-09-16T18:07:56,1.2.643.5.1.13.13.12.2.77.8252.10021305031009110615021114111114,2.25.234651502352368356456298825489565282446/series_002_2_CR/A2504307193 DXA/CR DXA/CR000008.dcm,C:\Users\Андрей\Desktop\Хакатон\Исследования\2.25.234651502352368356456298825489565282446\series_002_2_CR\A2504307193 DXA\CR DXA\CR000008.dcm,exact_path,csv_relative_path
Размеченные_499_Илья,C:\Users\Андрей\Desktop\Хакатон\Размеченные_499_Илья\labels.csv,361,2.25.234651502352368356456298825489565282446/series_002_2_CR/A2504307193 DXA/CR DXA/CR000009.dcm,output/2.25.234651502352368356456298825489565282446/series_002_2_CR/A2504307193 DXA/CR DXA/CR000009.dcm,LEG,,,2026-09-16T18:08:00,1.2.643.5.1.13.13.12.2.77.8252.09110410141103030507060004110108,2.25.234651502352368356456298825489565282446/series_002_2_CR/A2504307193 DXA/CR DXA/CR000009.dcm,C:\Users\Андрей\Desktop\Хакатон\Исследования\2.25.234651502352368356456298825489565282446\series_002_2_CR\A2504307193 DXA\CR DXA\CR000009.dcm,exact_path,csv_relative_path
Размеченные_499_Илья,C:\Users\Андрей\Desktop\Хакатон\Размеченные_499_Илья\labels.csv,362,2.25.234651502352368356456298825489565282446/series_002_2_CR/A2504307193 DXA/CR DXA/CR000010.dcm,output/2.25.234651502352368356456298825489565282446/series_002_2_CR/A2504307193 DXA/CR DXA/CR000010.dcm,LEG,,,2026-09-16T18:08:02,1.2.643.5.1.13.13.12.2.77.8252.15060200100906151411000112060511,2.25.234651502352368356456298825489565282446/series_002_2_CR/A2504307193 DXA/CR DXA/CR000010.dcm,C:\Users\Андрей\Desktop\Хакатон\Исследования\2.25.234651502352368356456298825489565282446\series_002_2_CR\A2504307193 DXA\CR DXA\CR000010.dcm,exact_path,csv_relative_path
Размеченные_499_Илья,C:\Users\Андрей\Desktop\Хакатон\Размеченные_499_Илья\labels.csv,363,2.25.247714038039430659432048101646401574824/series_002_2_CR/A2504238024 DXA Exam/CR DXA Images/CR000000.dcm,output/2.25.247714038039430659432048101646401574824/series_002_2_CR/A2504238024 DXA Exam/CR DXA Images/CR000000.dcm,LEG,,,2026-09-16T18:08:04,1.2.643.5.1.13.13.12.2.77.8252.06051510010614000404080600020603,2.25.247714038039430659432048101646401574824/series_002_2_CR/A2504238024 DXA Exam/CR DXA Images/CR000000.dcm,C:\Users\Андрей\Desktop\Хакатон\Исследования\2.25.247714038039430659432048101646401574824\series_002_2_CR\A2504238024 DXA Exam\CR DXA Images\CR000000.dcm,exact_path,csv_relative_path
Размеченные_499_Илья,C:\Users\Андрей\Desktop\Хакатон\Размеченные_499_Илья\labels.csv,364,2.25.247714038039430659432048101646401574824/series_002_2_CR/A2504238024 DXA Exam/CR DXA Images/CR000001.dcm,output/2.25.247714038039430659432048101646401574824/series_002_2_CR/A2504238024 DXA Exam/CR DXA Images/CR000001.dcm,LEG,,,2026-09-16T18:08:06,1.2.643.5.1.13.13.12.2.77.8252.13110800060502010303101404091303,2.25.247714038039430659432048101646401574824/series_002_2_CR/A2504238024 DXA Exam/CR DXA Images/CR000001.dcm,C:\Users\Андрей\Desktop\Хакатон\Исследования\2.25.247714038039430659432048101646401574824\series_002_2_CR\A2504238024 DXA Exam\CR DXA Images\CR000001.dcm,exact_path,csv_relative_path
Размеченные_499_Илья,C:\Users\Андрей\Desktop\Хакатон\Размеченные_499_Илья\labels.csv,365,2.25.247714038039430659432048101646401574824/series_002_2_CR/A2504238024 DXA Exam/CR DXA Images/CR000002.dcm,output/2.25.247714038039430659432048101646401574824/series_002_2_CR/A2504238024 DXA Exam/CR DXA Images/CR000002.dcm,SPINE,,,2026-09-16T18:08:07,1.2.643.5.1.13.13.12.2.77.8252.06030210110500061108030910090908,2.25.247714038039430659432048101646401574824/series_002_2_CR/A2504238024 DXA Exam/CR DXA Images/CR000002.dcm,C:\Users\Андрей\Desktop\Хакатон\Исследования\2.25.247714038039430659432048101646401574824\series_002_2_CR\A2504238024 DXA Exam\CR DXA Images\CR000002.dcm,exact_path,csv_relative_path
Размеченные_499_Илья,C:\Users\Андрей\Desktop\Хакатон\Размеченные_499_Илья\labels.csv,366,2.25.269648774413746842548908998641183395622/series_001_2_CR/A2504393664 DXA/CR DXA/CR000000.dcm,output/2.25.269648774413746842548908998641183395622/series_001_2_CR/A2504393664 DXA/CR DXA/CR000000.dcm,LEG,,,2026-09-16T18:08:09,1.2.643.5.1.13.13.12.2.77.8252.12031014110715041000030602140501,2.25.269648774413746842548908998641183395622/series_001_2_CR/A2504393664 DXA/CR DXA/CR000000.dcm,C:\Users\Андрей\Desktop\Хакатон\Исследования\2.25.269648774413746842548908998641183395622\series_001_2_CR\A2504393664 DXA\CR DXA\CR000000.dcm,exact_path,csv_relative_path
Размеченные_499_Илья,C:\Users\Андрей\Desktop\Хакатон\Размеченные_499_Илья\labels.csv,367,2.25.269648774413746842548908998641183395622/series_001_2_CR/A2504393664 DXA/CR DXA/CR000001.dcm,output/2.25.269648774413746842548908998641183395622/series_001_2_CR/A2504393664 DXA/CR DXA/CR000001.dcm,SPINE,,,2026-09-16T18:08:11,1.2.643.5.1.13.13.12.2.77.8252.02001209000515050108060411111311,2.25.269648774413746842548908998641183395622/series_001_2_CR/A2504393664 DXA/CR DXA/CR000001.dcm,C:\Users\Андрей\Desktop\Хакатон\Исследования\2.25.269648774413746842548908998641183395622\series_001_2_CR\A2504393664 DXA\CR DXA\CR000001.dcm,exact_path,csv_relative_path
Размеченные_499_Илья,C:\Users\Андрей\Desktop\Хакатон\Размеченные_499_Илья\labels.csv,368,2.25.269648774413746842548908998641183395622/series_001_2_CR/A2504393664 DXA/CR DXA/CR000002.dcm,output/2.25.269648774413746842548908998641183395622/series_001_2_CR/A2504393664 DXA/CR DXA/CR000002.dcm,LEG,,,2026-09-16T18:08:12,1.2.643.5.1.13.13.12.2.77.8252.12130902030702050210110604020115,2.25.269648774413746842548908998641183395622/series_001_2_CR/A2504393664 DXA/CR DXA/CR000002.dcm,C:\Users\Андрей\Desktop\Хакатон\Исследования\2.25.269648774413746842548908998641183395622\series_001_2_CR\A2504393664 DXA\CR DXA\CR000002.dcm,exact_path,csv_relative_path
Размеченные_499_Илья,C:\Users\Андрей\Desktop\Хакатон\Размеченные_499_Илья\labels.csv,369,2.25.269742577365511543488820993979123763373/series_003_2_CR/A250477751 DXA/CR DXA/CR000000.dcm,output/2.25.269742577365511543488820993979123763373/series_003_2_CR/A250477751 DXA/CR DXA/CR000000.dcm,SPINE,,,2026-09-16T18:08:14,1.2.643.5.1.13.13.12.2.77.8252.11081308031311040302130506061304,2.25.269742577365511543488820993979123763373/series_003_2_CR/A250477751 DXA/CR DXA/CR000000.dcm,C:\Users\Андрей\Desktop\Хакатон\Исследования\2.25.269742577365511543488820993979123763373\series_003_2_CR\A250477751 DXA\CR DXA\CR000000.dcm,exact_path,csv_relative_path
Размеченные_499_Илья,C:\Users\Андрей\Desktop\Хакатон\Размеченные_499_Илья\labels.csv,370,2.25.272690031744216183651627058502316132741/series_002_2_CR/A2504373414 DXA/CR DXA/CR000000.dcm,output/2.25.272690031744216183651627058502316132741/series_002_2_CR/A2504373414 DXA/CR DXA/CR000000.dcm,LEG,,,2026-09-16T18:08:16,1.2.643.5.1.13.13.12.2.77.8252.01011201030601080312040805131303,2.25.272690031744216183651627058502316132741/series_002_2_CR/A2504373414 DXA/CR DXA/CR000000.dcm,C:\Users\Андрей\Desktop\Хакатон\Исследования\2.25.272690031744216183651627058502316132741\series_002_2_CR\A2504373414 DXA\CR DXA\CR000000.dcm,exact_path,csv_relative_path
Размеченные_499_Илья,C:\Users\Андрей\Desktop\Хакатон\Размеченные_499_Илья\labels.csv,371,2.25.272690031744216183651627058502316132741/series_002_2_CR/A2504373414 DXA/CR DXA/CR000001.dcm,output/2.25.272690031744216183651627058502316132741/series_002_2_CR/A2504373414 DXA/CR DXA/CR000001.dcm,SPINE,,,2026-09-16T18:08:17,1.2.643.5.1.13.13.12.2.77.8252.06030606140315081407041104141012,2.25.272690031744216183651627058502316132741/series_002_2_CR/A2504373414 DXA/CR DXA/CR000001.dcm,C:\Users\Андрей\Desktop\Хакатон\Исследования\2.25.272690031744216183651627058502316132741\series_002_2_CR\A2504373414 DXA\CR DXA\CR000001.dcm,exact_path,csv_relative_path
Размеченные_499_Илья,C:\Users\Андрей\Desktop\Хакатон\Размеченные_499_Илья\labels.csv,372,2.25.272690031744216183651627058502316132741/series_002_2_CR/A2504373414 DXA/CR DXA/CR000002.dcm,output/2.25.272690031744216183651627058502316132741/series_002_2_CR/A2504373414 DXA/CR DXA/CR000002.dcm,LEG,,,2026-09-16T18:08:20,1.2.643.5.1.13.13.12.2.77.8252.15091411140404110408151008030010,2.25.272690031744216183651627058502316132741/series_002_2_CR/A2504373414 DXA/CR DXA/CR000002.dcm,C:\Users\Андрей\Desktop\Хакатон\Исследования\2.25.272690031744216183651627058502316132741\series_002_2_CR\A2504373414 DXA\CR DXA\CR000002.dcm,exact_path,csv_relative_path
Размеченные_499_Илья,C:\Users\Андрей\Desktop\Хакатон\Размеченные_499_Илья\labels.csv,373,2.25.272690031744216183651627058502316132741/series_002_2_CR/A2504373414 DXA/CR DXA/CR000003.dcm,output/2.25.272690031744216183651627058502316132741/series_002_2_CR/A2504373414 DXA/CR DXA/CR000003.dcm,LEG,,,2026-09-16T18:08:21,1.2.643.5.1.13.13.12.2.77.8252.12111114061412150313141006121511,2.25.272690031744216183651627058502316132741/series_002_2_CR/A2504373414 DXA/CR DXA/CR000003.dcm,C:\Users\Андрей\Desktop\Хакатон\Исследования\2.25.272690031744216183651627058502316132741\series_002_2_CR\A2504373414 DXA\CR DXA\CR000003.dcm,exact_path,csv_relative_path
Размеченные_499_Илья,C:\Users\Андрей\Desktop\Хакатон\Размеченные_499_Илья\labels.csv,374,2.25.272690031744216183651627058502316132741/series_002_2_CR/A2504373414 DXA/CR DXA/CR000004.dcm,output/2.25.272690031744216183651627058502316132741/series_002_2_CR/A2504373414 DXA/CR DXA/CR000004.dcm,LEG,,,2026-09-16T18:08:22,1.2.643.5.1.13.13.12.2.77.8252.11001315081502000300100815110411,2.25.272690031744216183651627058502316132741/series_002_2_CR/A2504373414 DXA/CR DXA/CR000004.dcm,C:\Users\Андрей\Desktop\Хакатон\Исследования\2.25.272690031744216183651627058502316132741\series_002_2_CR\A2504373414 DXA\CR DXA\CR000004.dcm,exact_path,csv_relative_path
Размеченные_499_Илья,C:\Users\Андрей\Desktop\Хакатон\Размеченные_499_Илья\labels.csv,375,2.25.272690031744216183651627058502316132741/series_002_2_CR/A2504373414 DXA/CR DXA/CR000005.dcm,output/2.25.272690031744216183651627058502316132741/series_002_2_CR/A2504373414 DXA/CR DXA/CR000005.dcm,LEG,,,2026-09-16T18:08:24,1.2.643.5.1.13.13.12.2.77.8252.05061403001014150211070209121100,2.25.272690031744216183651627058502316132741/series_002_2_CR/A2504373414 DXA/CR DXA/CR000005.dcm,C:\Users\Андрей\Desktop\Хакатон\Исследования\2.25.272690031744216183651627058502316132741\series_002_2_CR\A2504373414 DXA\CR DXA\CR000005.dcm,exact_path,csv_relative_path
Размеченные_499_Илья,C:\Users\Андрей\Desktop\Хакатон\Размеченные_499_Илья\labels.csv,376,2.25.272690031744216183651627058502316132741/series_002_2_CR/A2504373414 DXA/CR DXA/CR000006.dcm,output/2.25.272690031744216183651627058502316132741/series_002_2_CR/A2504373414 DXA/CR DXA/CR000006.dcm,SPINE,,,2026-09-16T18:08:26,1.2.643.5.1.13.13.12.2.77.8252.07020101080211090714060800071015,2.25.272690031744216183651627058502316132741/series_002_2_CR/A2504373414 DXA/CR DXA/CR000006.dcm,C:\Users\Андрей\Desktop\Хакатон\Исследования\2.25.272690031744216183651627058502316132741\series_002_2_CR\A2504373414 DXA\CR DXA\CR000006.dcm,exact_path,csv_relative_path
Размеченные_499_Илья,C:\Users\Андрей\Desktop\Хакатон\Размеченные_499_Илья\labels.csv,377,2.25.272690031744216183651627058502316132741/series_002_2_CR/A2504373414 DXA/CR DXA/CR000007.dcm,output/2.25.272690031744216183651627058502316132741/series_002_2_CR/A2504373414 DXA/CR DXA/CR000007.dcm,LEG,,,2026-09-16T18:08:27,1.2.643.5.1.13.13.12.2.77.8252.10090104061310110414150206150115,2.25.272690031744216183651627058502316132741/series_002_2_CR/A2504373414 DXA/CR DXA/CR000007.dcm,C:\Users\Андрей\Desktop\Хакатон\Исследования\2.25.272690031744216183651627058502316132741\series_002_2_CR\A2504373414 DXA\CR DXA\CR000007.dcm,exact_path,csv_relative_path
Размеченные_499_Илья,C:\Users\Андрей\Desktop\Хакатон\Размеченные_499_Илья\labels.csv,378,2.25.272690031744216183651627058502316132741/series_002_2_CR/A2504373414 DXA/CR DXA/CR000008.dcm,output/2.25.272690031744216183651627058502316132741/series_002_2_CR/A2504373414 DXA/CR DXA/CR000008.dcm,LEG,,,2026-09-16T18:08:29,1.2.643.5.1.13.13.12.2.77.8252.03130108120702021004141402130400,2.25.272690031744216183651627058502316132741/series_002_2_CR/A2504373414 DXA/CR DXA/CR000008.dcm,C:\Users\Андрей\Desktop\Хакатон\Исследования\2.25.272690031744216183651627058502316132741\series_002_2_CR\A2504373414 DXA\CR DXA\CR000008.dcm,exact_path,csv_relative_path
Размеченные_499_Илья,C:\Users\Андрей\Desktop\Хакатон\Размеченные_499_Илья\labels.csv,379,2.25.272690031744216183651627058502316132741/series_002_2_CR/A2504373414 DXA/CR DXA/CR000009.dcm,output/2.25.272690031744216183651627058502316132741/series_002_2_CR/A2504373414 DXA/CR DXA/CR000009.dcm,SPINE,,,2026-09-16T18:08:30,1.2.643.5.1.13.13.12.2.77.8252.05090009071111050211130101070710,2.25.272690031744216183651627058502316132741/series_002_2_CR/A2504373414 DXA/CR DXA/CR000009.dcm,C:\Users\Андрей\Desktop\Хакатон\Исследования\2.25.272690031744216183651627058502316132741\series_002_2_CR\A2504373414 DXA\CR DXA\CR000009.dcm,exact_path,csv_relative_path
Размеченные_499_Илья,C:\Users\Андрей\Desktop\Хакатон\Размеченные_499_Илья\labels.csv,380,2.25.272690031744216183651627058502316132741/series_002_2_CR/A2504373414 DXA/CR DXA/CR000010.dcm,output/2.25.272690031744216183651627058502316132741/series_002_2_CR/A2504373414 DXA/CR DXA/CR000010.dcm,LEG,,,2026-09-16T18:08:32,1.2.643.5.1.13.13.12.2.77.8252.06121304010102150202081301011406,2.25.272690031744216183651627058502316132741/series_002_2_CR/A2504373414 DXA/CR DXA/CR000010.dcm,C:\Users\Андрей\Desktop\Хакатон\Исследования\2.25.272690031744216183651627058502316132741\series_002_2_CR\A2504373414 DXA\CR DXA\CR000010.dcm,exact_path,csv_relative_path
Размеченные_499_Илья,C:\Users\Андрей\Desktop\Хакатон\Размеченные_499_Илья\labels.csv,381,2.25.276415754443998872860614500027519740375/series_002_2_CR/A2504387089 DXA/CR DXA/CR000000.dcm,output/2.25.276415754443998872860614500027519740375/series_002_2_CR/A2504387089 DXA/CR DXA/CR000000.dcm,SPINE,,,2026-09-16T18:08:34,1.2.643.5.1.13.13.12.2.77.8252.13000009090006001202001212051006,2.25.276415754443998872860614500027519740375/series_002_2_CR/A2504387089 DXA/CR DXA/CR000000.dcm,C:\Users\Андрей\Desktop\Хакатон\Исследования\2.25.276415754443998872860614500027519740375\series_002_2_CR\A2504387089 DXA\CR DXA\CR000000.dcm,exact_path,csv_relative_path
Размеченные_499_Илья,C:\Users\Андрей\Desktop\Хакатон\Размеченные_499_Илья\labels.csv,382,2.25.276415754443998872860614500027519740375/series_002_2_CR/A2504387089 DXA/CR DXA/CR000001.dcm,output/2.25.276415754443998872860614500027519740375/series_002_2_CR/A2504387089 DXA/CR DXA/CR000001.dcm,SPINE,,,2026-09-16T18:08:35,1.2.643.5.1.13.13.12.2.77.8252.00080112010710030607090609070409,2.25.276415754443998872860614500027519740375/series_002_2_CR/A2504387089 DXA/CR DXA/CR000001.dcm,C:\Users\Андрей\Desktop\Хакатон\Исследования\2.25.276415754443998872860614500027519740375\series_002_2_CR\A2504387089 DXA\CR DXA\CR000001.dcm,exact_path,csv_relative_path
Размеченные_499_Илья,C:\Users\Андрей\Desktop\Хакатон\Размеченные_499_Илья\labels.csv,383,2.25.276415754443998872860614500027519740375/series_002_2_CR/A2504387089 DXA/CR DXA/CR000002.dcm,output/2.25.276415754443998872860614500027519740375/series_002_2_CR/A2504387089 DXA/CR DXA/CR000002.dcm,LEG,,,2026-09-16T18:08:36,1.2.643.5.1.13.13.12.2.77.8252.01080011050715071510151108031409,2.25.276415754443998872860614500027519740375/series_002_2_CR/A2504387089 DXA/CR DXA/CR000002.dcm,C:\Users\Андрей\Desktop\Хакатон\Исследования\2.25.276415754443998872860614500027519740375\series_002_2_CR\A2504387089 DXA\CR DXA\CR000002.dcm,exact_path,csv_relative_path
Размеченные_499_Илья,C:\Users\Андрей\Desktop\Хакатон\Размеченные_499_Илья\labels.csv,384,2.25.276415754443998872860614500027519740375/series_002_2_CR/A2504387089 DXA/CR DXA/CR000003.dcm,output/2.25.276415754443998872860614500027519740375/series_002_2_CR/A2504387089 DXA/CR DXA/CR000003.dcm,LEG,,,2026-09-16T18:08:38,1.2.643.5.1.13.13.12.2.77.8252.12100615051100140712150704150801,2.25.276415754443998872860614500027519740375/series_002_2_CR/A2504387089 DXA/CR DXA/CR000003.dcm,C:\Users\Андрей\Desktop\Хакатон\Исследования\2.25.276415754443998872860614500027519740375\series_002_2_CR\A2504387089 DXA\CR DXA\CR000003.dcm,exact_path,csv_relative_path
Размеченные_499_Илья,C:\Users\Андрей\Desktop\Хакатон\Размеченные_499_Илья\labels.csv,385,2.25.276415754443998872860614500027519740375/series_002_2_CR/A2504387089 DXA/CR DXA/CR000004.dcm,output/2.25.276415754443998872860614500027519740375/series_002_2_CR/A2504387089 DXA/CR DXA/CR000004.dcm,LEG,,,2026-09-16T18:08:40,1.2.643.5.1.13.13.12.2.77.8252.06120002061108140400041203121102,2.25.276415754443998872860614500027519740375/series_002_2_CR/A2504387089 DXA/CR DXA/CR000004.dcm,C:\Users\Андрей\Desktop\Хакатон\Исследования\2.25.276415754443998872860614500027519740375\series_002_2_CR\A2504387089 DXA\CR DXA\CR000004.dcm,exact_path,csv_relative_path
Размеченные_499_Илья,C:\Users\Андрей\Desktop\Хакатон\Размеченные_499_Илья\labels.csv,386,2.25.276415754443998872860614500027519740375/series_002_2_CR/A2504387089 DXA/CR DXA/CR000005.dcm,output/2.25.276415754443998872860614500027519740375/series_002_2_CR/A2504387089 DXA/CR DXA/CR000005.dcm,LEG,,,2026-09-16T18:08:41,1.2.643.5.1.13.13.12.2.77.8252.15130815100101091501031008111015,2.25.276415754443998872860614500027519740375/series_002_2_CR/A2504387089 DXA/CR DXA/CR000005.dcm,C:\Users\Андрей\Desktop\Хакатон\Исследования\2.25.276415754443998872860614500027519740375\series_002_2_CR\A2504387089 DXA\CR DXA\CR000005.dcm,exact_path,csv_relative_path
Размеченные_499_Илья,C:\Users\Андрей\Desktop\Хакатон\Размеченные_499_Илья\labels.csv,387,2.25.277752758923974029595977676354128739670/series_002_2_CR/A2504223752 DXA/CR DXA/CR000000.dcm,output/2.25.277752758923974029595977676354128739670/series_002_2_CR/A2504223752 DXA/CR DXA/CR000000.dcm,LEG,,,2026-09-16T18:08:43,1.2.643.5.1.13.13.12.2.77.8252.11140100091110050501140207060912,2.25.277752758923974029595977676354128739670/series_002_2_CR/A2504223752 DXA/CR DXA/CR000000.dcm,C:\Users\Андрей\Desktop\Хакатон\Исследования\2.25.277752758923974029595977676354128739670\series_002_2_CR\A2504223752 DXA\CR DXA\CR000000.dcm,exact_path,csv_relative_path
Размеченные_499_Илья,C:\Users\Андрей\Desktop\Хакатон\Размеченные_499_Илья\labels.csv,388,2.25.277752758923974029595977676354128739670/series_002_2_CR/A2504223752 DXA/CR DXA/CR000001.dcm,output/2.25.277752758923974029595977676354128739670/series_002_2_CR/A2504223752 DXA/CR DXA/CR000001.dcm,LEG,,,2026-09-16T18:08:45,1.2.643.5.1.13.13.12.2.77.8252.05010011080903070300131415001403,2.25.277752758923974029595977676354128739670/series_002_2_CR/A2504223752 DXA/CR DXA/CR000001.dcm,C:\Users\Андрей\Desktop\Хакатон\Исследования\2.25.277752758923974029595977676354128739670\series_002_2_CR\A2504223752 DXA\CR DXA\CR000001.dcm,exact_path,csv_relative_path
Размеченные_499_Илья,C:\Users\Андрей\Desktop\Хакатон\Размеченные_499_Илья\labels.csv,389,2.25.277752758923974029595977676354128739670/series_002_2_CR/A2504223752 DXA/CR DXA/CR000002.dcm,output/2.25.277752758923974029595977676354128739670/series_002_2_CR/A2504223752 DXA/CR DXA/CR000002.dcm,LEG,,,2026-09-16T18:08:46,1.2.643.5.1.13.13.12.2.77.8252.09010705011309010307011213150407,2.25.277752758923974029595977676354128739670/series_002_2_CR/A2504223752 DXA/CR DXA/CR000002.dcm,C:\Users\Андрей\Desktop\Хакатон\Исследования\2.25.277752758923974029595977676354128739670\series_002_2_CR\A2504223752 DXA\CR DXA\CR000002.dcm,exact_path,csv_relative_path
Размеченные_499_Илья,C:\Users\Андрей\Desktop\Хакатон\Размеченные_499_Илья\labels.csv,390,2.25.277752758923974029595977676354128739670/series_002_2_CR/A2504223752 DXA/CR DXA/CR000003.dcm,output/2.25.277752758923974029595977676354128739670/series_002_2_CR/A2504223752 DXA/CR DXA/CR000003.dcm,LEG,,,2026-09-16T18:08:48,1.2.643.5.1.13.13.12.2.77.8252.05101415070003100803120514081507,2.25.277752758923974029595977676354128739670/series_002_2_CR/A2504223752 DXA/CR DXA/CR000003.dcm,C:\Users\Андрей\Desktop\Хакатон\Исследования\2.25.277752758923974029595977676354128739670\series_002_2_CR\A2504223752 DXA\CR DXA\CR000003.dcm,exact_path,csv_relative_path
Размеченные_499_Илья,C:\Users\Андрей\Desktop\Хакатон\Размеченные_499_Илья\labels.csv,391,2.25.277752758923974029595977676354128739670/series_002_2_CR/A2504223752 DXA/CR DXA/CR000004.dcm,output/2.25.277752758923974029595977676354128739670/series_002_2_CR/A2504223752 DXA/CR DXA/CR000004.dcm,SPINE,,,2026-09-16T18:08:51,1.2.643.5.1.13.13.12.2.77.8252.07090609050707040704081509101500,2.25.277752758923974029595977676354128739670/series_002_2_CR/A2504223752 DXA/CR DXA/CR000004.dcm,C:\Users\Андрей\Desktop\Хакатон\Исследования\2.25.277752758923974029595977676354128739670\series_002_2_CR\A2504223752 DXA\CR DXA\CR000004.dcm,exact_path,csv_relative_path
Размеченные_499_Илья,C:\Users\Андрей\Desktop\Хакатон\Размеченные_499_Илья\labels.csv,392,2.25.277752758923974029595977676354128739670/series_002_2_CR/A2504223752 DXA/CR DXA/CR000005.dcm,output/2.25.277752758923974029595977676354128739670/series_002_2_CR/A2504223752 DXA/CR DXA/CR000005.dcm,SPINE,,,2026-09-16T18:08:52,1.2.643.5.1.13.13.12.2.77.8252.15080302090100001214141305071301,2.25.277752758923974029595977676354128739670/series_002_2_CR/A2504223752 DXA/CR DXA/CR000005.dcm,C:\Users\Андрей\Desktop\Хакатон\Исследования\2.25.277752758923974029595977676354128739670\series_002_2_CR\A2504223752 DXA\CR DXA\CR000005.dcm,exact_path,csv_relative_path
Размеченные_499_Илья,C:\Users\Андрей\Desktop\Хакатон\Размеченные_499_Илья\labels.csv,393,2.25.286999464611662854355201599068538813496/series_003_2_CR/A2504223477 DXA/CR DXA/CR000000.dcm,output/2.25.286999464611662854355201599068538813496/series_003_2_CR/A2504223477 DXA/CR DXA/CR000000.dcm,LEG,,,2026-09-16T18:08:54,1.2.643.5.1.13.13.12.2.77.8252.11091010090201121300090614051311,2.25.286999464611662854355201599068538813496/series_003_2_CR/A2504223477 DXA/CR DXA/CR000000.dcm,C:\Users\Андрей\Desktop\Хакатон\Исследования\2.25.286999464611662854355201599068538813496\series_003_2_CR\A2504223477 DXA\CR DXA\CR000000.dcm,exact_path,csv_relative_path
Размеченные_499_Илья,C:\Users\Андрей\Desktop\Хакатон\Размеченные_499_Илья\labels.csv,394,2.25.286999464611662854355201599068538813496/series_003_2_CR/A2504223477 DXA/CR DXA/CR000001.dcm,output/2.25.286999464611662854355201599068538813496/series_003_2_CR/A2504223477 DXA/CR DXA/CR000001.dcm,SPINE,,,2026-09-16T18:08:56,1.2.643.5.1.13.13.12.2.77.8252.02141512030209141106060309030501,2.25.286999464611662854355201599068538813496/series_003_2_CR/A2504223477 DXA/CR DXA/CR000001.dcm,C:\Users\Андрей\Desktop\Хакатон\Исследования\2.25.286999464611662854355201599068538813496\series_003_2_CR\A2504223477 DXA\CR DXA\CR000001.dcm,exact_path,csv_relative_path
Размеченные_499_Илья,C:\Users\Андрей\Desktop\Хакатон\Размеченные_499_Илья\labels.csv,395,2.25.286999464611662854355201599068538813496/series_003_2_CR/A2504223477 DXA/CR DXA/CR000002.dcm,output/2.25.286999464611662854355201599068538813496/series_003_2_CR/A2504223477 DXA/CR DXA/CR000002.dcm,LEG,,,2026-09-16T18:08:57,1.2.643.5.1.13.13.12.2.77.8252.15080906090913051107110915140103,2.25.286999464611662854355201599068538813496/series_003_2_CR/A2504223477 DXA/CR DXA/CR000002.dcm,C:\Users\Андрей\Desktop\Хакатон\Исследования\2.25.286999464611662854355201599068538813496\series_003_2_CR\A2504223477 DXA\CR DXA\CR000002.dcm,exact_path,csv_relative_path
Размеченные_499_Илья,C:\Users\Андрей\Desktop\Хакатон\Размеченные_499_Илья\labels.csv,396,2.25.286999464611662854355201599068538813496/series_003_2_CR/A2504223477 DXA/CR DXA/CR000003.dcm,output/2.25.286999464611662854355201599068538813496/series_003_2_CR/A2504223477 DXA/CR DXA/CR000003.dcm,LEG,,,2026-09-16T18:08:59,1.2.643.5.1.13.13.12.2.77.8252.02060612071110031306070811070605,2.25.286999464611662854355201599068538813496/series_003_2_CR/A2504223477 DXA/CR DXA/CR000003.dcm,C:\Users\Андрей\Desktop\Хакатон\Исследования\2.25.286999464611662854355201599068538813496\series_003_2_CR\A2504223477 DXA\CR DXA\CR000003.dcm,exact_path,csv_relative_path
Размеченные_499_Илья,C:\Users\Андрей\Desktop\Хакатон\Размеченные_499_Илья\labels.csv,397,2.25.286999464611662854355201599068538813496/series_003_2_CR/A2504223477 DXA/CR DXA/CR000004.dcm,output/2.25.286999464611662854355201599068538813496/series_003_2_CR/A2504223477 DXA/CR DXA/CR000004.dcm,SPINE,,,2026-09-16T18:09:03,1.2.643.5.1.13.13.12.2.77.8252.08001013010106001102020015031109,2.25.286999464611662854355201599068538813496/series_003_2_CR/A2504223477 DXA/CR DXA/CR000004.dcm,C:\Users\Андрей\Desktop\Хакатон\Исследования\2.25.286999464611662854355201599068538813496\series_003_2_CR\A2504223477 DXA\CR DXA\CR000004.dcm,exact_path,csv_relative_path
Размеченные_499_Илья,C:\Users\Андрей\Desktop\Хакатон\Размеченные_499_Илья\labels.csv,398,2.25.286999464611662854355201599068538813496/series_003_2_CR/A2504223477 DXA/CR DXA/CR000005.dcm,output/2.25.286999464611662854355201599068538813496/series_003_2_CR/A2504223477 DXA/CR DXA/CR000005.dcm,LEG,,,2026-09-16T18:09:05,1.2.643.5.1.13.13.12.2.77.8252.11130511020109141404120604130811,2.25.286999464611662854355201599068538813496/series_003_2_CR/A2504223477 DXA/CR DXA/CR000005.dcm,C:\Users\Андрей\Desktop\Хакатон\Исследования\2.25.286999464611662854355201599068538813496\series_003_2_CR\A2504223477 DXA\CR DXA\CR000005.dcm,exact_path,csv_relative_path
Размеченные_499_Илья,C:\Users\Андрей\Desktop\Хакатон\Размеченные_499_Илья\labels.csv,399,2.25.29638026465755240167985424461715024381/series_004_3_CR/A2504115579 DXA/CR DXA/CR000000.dcm,output/2.25.29638026465755240167985424461715024381/series_004_3_CR/A2504115579 DXA/CR DXA/CR000000.dcm,LEG,,,2026-09-16T18:09:09,1.2.643.5.1.13.13.12.2.77.8252.09040806151211060704090912150608,2.25.29638026465755240167985424461715024381/series_004_3_CR/A2504115579 DXA/CR DXA/CR000000.dcm,C:\Users\Андрей\Desktop\Хакатон\Исследования\2.25.29638026465755240167985424461715024381\series_004_3_CR\A2504115579 DXA\CR DXA\CR000000.dcm,exact_path,csv_relative_path
Размеченные_499_Илья,C:\Users\Андрей\Desktop\Хакатон\Размеченные_499_Илья\labels.csv,400,2.25.29638026465755240167985424461715024381/series_004_3_CR/A2504115579 DXA/CR DXA/CR000001.dcm,output/2.25.29638026465755240167985424461715024381/series_004_3_CR/A2504115579 DXA/CR DXA/CR000001.dcm,SPINE,,,2026-09-16T18:09:11,1.2.643.5.1.13.13.12.2.77.8252.12021011000615031102060001101203,2.25.29638026465755240167985424461715024381/series_004_3_CR/A2504115579 DXA/CR DXA/CR000001.dcm,C:\Users\Андрей\Desktop\Хакатон\Исследования\2.25.29638026465755240167985424461715024381\series_004_3_CR\A2504115579 DXA\CR DXA\CR000001.dcm,exact_path,csv_relative_path
Размеченные_499_Илья,C:\Users\Андрей\Desktop\Хакатон\Размеченные_499_Илья\labels.csv,401,2.25.29638026465755240167985424461715024381/series_004_3_CR/A2504115579 DXA/CR DXA/CR000002.dcm,output/2.25.29638026465755240167985424461715024381/series_004_3_CR/A2504115579 DXA/CR DXA/CR000002.dcm,LEG,,,2026-09-16T18:09:12,1.2.643.5.1.13.13.12.2.77.8252.11100504100006050214040402081303,2.25.29638026465755240167985424461715024381/series_004_3_CR/A2504115579 DXA/CR DXA/CR000002.dcm,C:\Users\Андрей\Desktop\Хакатон\Исследования\2.25.29638026465755240167985424461715024381\series_004_3_CR\A2504115579 DXA\CR DXA\CR000002.dcm,exact_path,csv_relative_path
Размеченные_499_Илья,C:\Users\Андрей\Desktop\Хакатон\Размеченные_499_Илья\labels.csv,402,2.25.29638026465755240167985424461715024381/series_004_3_CR/A2504115579 DXA/CR DXA/CR000003.dcm,output/2.25.29638026465755240167985424461715024381/series_004_3_CR/A2504115579 DXA/CR DXA/CR000003.dcm,LEG,,,2026-09-16T18:09:14,1.2.643.5.1.13.13.12.2.77.8252.12090901030412121214030908040015,2.25.29638026465755240167985424461715024381/series_004_3_CR/A2504115579 DXA/CR DXA/CR000003.dcm,C:\Users\Андрей\Desktop\Хакатон\Исследования\2.25.29638026465755240167985424461715024381\series_004_3_CR\A2504115579 DXA\CR DXA\CR000003.dcm,exact_path,csv_relative_path
Размеченные_499_Илья,C:\Users\Андрей\Desktop\Хакатон\Размеченные_499_Илья\labels.csv,403,2.25.306921081709806079165809721263236241032/series_002_2_CR/A2504381177 DXA/CR DXA/CR000000.dcm,output/2.25.306921081709806079165809721263236241032/series_002_2_CR/A2504381177 DXA/CR DXA/CR000000.dcm,SPINE,,,2026-09-16T18:09:16,1.2.643.5.1.13.13.12.2.77.8252.05140704131104071313121101000313,2.25.306921081709806079165809721263236241032/series_002_2_CR/A2504381177 DXA/CR DXA/CR000000.dcm,C:\Users\Андрей\Desktop\Хакатон\Исследования\2.25.306921081709806079165809721263236241032\series_002_2_CR\A2504381177 DXA\CR DXA\CR000000.dcm,exact_path,csv_relative_path
Размеченные_499_Илья,C:\Users\Андрей\Desktop\Хакатон\Размеченные_499_Илья\labels.csv,404,2.25.307021710202910067378603383388989711646/series_004_2_CR/A2504110565 DXA/CR DXA/CR000000.dcm,output/2.25.307021710202910067378603383388989711646/series_004_2_CR/A2504110565 DXA/CR DXA/CR000000.dcm,SPINE,,,2026-09-16T18:09:18,1.2.643.5.1.13.13.12.2.77.8252.10011315050807060809100706050011,2.25.307021710202910067378603383388989711646/series_004_2_CR/A2504110565 DXA/CR DXA/CR000000.dcm,C:\Users\Андрей\Desktop\Хакатон\Исследования\2.25.307021710202910067378603383388989711646\series_004_2_CR\A2504110565 DXA\CR DXA\CR000000.dcm,exact_path,csv_relative_path
Размеченные_499_Илья,C:\Users\Андрей\Desktop\Хакатон\Размеченные_499_Илья\labels.csv,405,2.25.307021710202910067378603383388989711646/series_004_2_CR/A2504110565 DXA/CR DXA/CR000001.dcm,output/2.25.307021710202910067378603383388989711646/series_004_2_CR/A2504110565 DXA/CR DXA/CR000001.dcm,LEG,,,2026-09-16T18:09:19,1.2.643.5.1.13.13.12.2.77.8252.12090115120005000603040515131409,2.25.307021710202910067378603383388989711646/series_004_2_CR/A2504110565 DXA/CR DXA/CR000001.dcm,C:\Users\Андрей\Desktop\Хакатон\Исследования\2.25.307021710202910067378603383388989711646\series_004_2_CR\A2504110565 DXA\CR DXA\CR000001.dcm,exact_path,csv_relative_path
Размеченные_499_Илья,C:\Users\Андрей\Desktop\Хакатон\Размеченные_499_Илья\labels.csv,406,2.25.307021710202910067378603383388989711646/series_004_2_CR/A2504110565 DXA/CR DXA/CR000002.dcm,output/2.25.307021710202910067378603383388989711646/series_004_2_CR/A2504110565 DXA/CR DXA/CR000002.dcm,LEG,,,2026-09-16T18:09:21,1.2.643.5.1.13.13.12.2.77.8252.04030803131507080109070101120910,2.25.307021710202910067378603383388989711646/series_004_2_CR/A2504110565 DXA/CR DXA/CR000002.dcm,C:\Users\Андрей\Desktop\Хакатон\Исследования\2.25.307021710202910067378603383388989711646\series_004_2_CR\A2504110565 DXA\CR DXA\CR000002.dcm,exact_path,csv_relative_path
Размеченные_499_Илья,C:\Users\Андрей\Desktop\Хакатон\Размеченные_499_Илья\labels.csv,407,2.25.307021710202910067378603383388989711646/series_004_2_CR/A2504110565 DXA/CR DXA/CR000003.dcm,output/2.25.307021710202910067378603383388989711646/series_004_2_CR/A2504110565 DXA/CR DXA/CR000003.dcm,LEG,,,2026-09-16T18:09:22,1.2.643.5.1.13.13.12.2.77.8252.08080707141115140509110700030200,2.25.307021710202910067378603383388989711646/series_004_2_CR/A2504110565 DXA/CR DXA/CR000003.dcm,C:\Users\Андрей\Desktop\Хакатон\Исследования\2.25.307021710202910067378603383388989711646\series_004_2_CR\A2504110565 DXA\CR DXA\CR000003.dcm,exact_path,csv_relative_path
Размеченные_499_Илья,C:\Users\Андрей\Desktop\Хакатон\Размеченные_499_Илья\labels.csv,408,2.25.307021710202910067378603383388989711646/series_004_2_CR/A2504110565 DXA/CR DXA/CR000004.dcm,output/2.25.307021710202910067378603383388989711646/series_004_2_CR/A2504110565 DXA/CR DXA/CR000004.dcm,LEG,,,2026-09-16T18:09:25,1.2.643.5.1.13.13.12.2.77.8252.09020610121102091006070609000414,2.25.307021710202910067378603383388989711646/series_004_2_CR/A2504110565 DXA/CR DXA/CR000004.dcm,C:\Users\Андрей\Desktop\Хакатон\Исследования\2.25.307021710202910067378603383388989711646\series_004_2_CR\A2504110565 DXA\CR DXA\CR000004.dcm,exact_path,csv_relative_path
Размеченные_499_Илья,C:\Users\Андрей\Desktop\Хакатон\Размеченные_499_Илья\labels.csv,409,2.25.307021710202910067378603383388989711646/series_004_2_CR/A2504110565 DXA/CR DXA/CR000005.dcm,output/2.25.307021710202910067378603383388989711646/series_004_2_CR/A2504110565 DXA/CR DXA/CR000005.dcm,LEG,,,2026-09-16T18:09:26,1.2.643.5.1.13.13.12.2.77.8252.09141210051000000105030213061514,2.25.307021710202910067378603383388989711646/series_004_2_CR/A2504110565 DXA/CR DXA/CR000005.dcm,C:\Users\Андрей\Desktop\Хакатон\Исследования\2.25.307021710202910067378603383388989711646\series_004_2_CR\A2504110565 DXA\CR DXA\CR000005.dcm,exact_path,csv_relative_path
Размеченные_499_Илья,C:\Users\Андрей\Desktop\Хакатон\Размеченные_499_Илья\labels.csv,410,2.25.307021710202910067378603383388989711646/series_004_2_CR/A2504110565 DXA/CR DXA/CR000006.dcm,output/2.25.307021710202910067378603383388989711646/series_004_2_CR/A2504110565 DXA/CR DXA/CR000006.dcm,LEG,,,2026-09-16T18:09:28,1.2.643.5.1.13.13.12.2.77.8252.10030011090613091008080403130712,2.25.307021710202910067378603383388989711646/series_004_2_CR/A2504110565 DXA/CR DXA/CR000006.dcm,C:\Users\Андрей\Desktop\Хакатон\Исследования\2.25.307021710202910067378603383388989711646\series_004_2_CR\A2504110565 DXA\CR DXA\CR000006.dcm,exact_path,csv_relative_path
Размеченные_499_Илья,C:\Users\Андрей\Desktop\Хакатон\Размеченные_499_Илья\labels.csv,411,2.25.307021710202910067378603383388989711646/series_004_2_CR/A2504110565 DXA/CR DXA/CR000007.dcm,output/2.25.307021710202910067378603383388989711646/series_004_2_CR/A2504110565 DXA/CR DXA/CR000007.dcm,LEG,,,2026-09-16T18:09:30,1.2.643.5.1.13.13.12.2.77.8252.10091201060313121514040903111108,2.25.307021710202910067378603383388989711646/series_004_2_CR/A2504110565 DXA/CR DXA/CR000007.dcm,C:\Users\Андрей\Desktop\Хакатон\Исследования\2.25.307021710202910067378603383388989711646\series_004_2_CR\A2504110565 DXA\CR DXA\CR000007.dcm,exact_path,csv_relative_path
Размеченные_499_Илья,C:\Users\Андрей\Desktop\Хакатон\Размеченные_499_Илья\labels.csv,412,2.25.307021710202910067378603383388989711646/series_004_2_CR/A2504110565 DXA/CR DXA/CR000008.dcm,output/2.25.307021710202910067378603383388989711646/series_004_2_CR/A2504110565 DXA/CR DXA/CR000008.dcm,LEG,,,2026-09-16T18:09:31,1.2.643.5.1.13.13.12.2.77.8252.08061203141300041506070501101310,2.25.307021710202910067378603383388989711646/series_004_2_CR/A2504110565 DXA/CR DXA/CR000008.dcm,C:\Users\Андрей\Desktop\Хакатон\Исследования\2.25.307021710202910067378603383388989711646\series_004_2_CR\A2504110565 DXA\CR DXA\CR000008.dcm,exact_path,csv_relative_path
Размеченные_499_Илья,C:\Users\Андрей\Desktop\Хакатон\Размеченные_499_Илья\labels.csv,413,2.25.307021710202910067378603383388989711646/series_004_2_CR/A2504110565 DXA/CR DXA/CR000009.dcm,output/2.25.307021710202910067378603383388989711646/series_004_2_CR/A2504110565 DXA/CR DXA/CR000009.dcm,LEG,,,2026-09-16T18:09:33,1.2.643.5.1.13.13.12.2.77.8252.01080203060404010906011511140504,2.25.307021710202910067378603383388989711646/series_004_2_CR/A2504110565 DXA/CR DXA/CR000009.dcm,C:\Users\Андрей\Desktop\Хакатон\Исследования\2.25.307021710202910067378603383388989711646\series_004_2_CR\A2504110565 DXA\CR DXA\CR000009.dcm,exact_path,csv_relative_path
Размеченные_499_Илья,C:\Users\Андрей\Desktop\Хакатон\Размеченные_499_Илья\labels.csv,414,2.25.307021710202910067378603383388989711646/series_004_2_CR/A2504110565 DXA/CR DXA/CR000010.dcm,output/2.25.307021710202910067378603383388989711646/series_004_2_CR/A2504110565 DXA/CR DXA/CR000010.dcm,SPINE,,,2026-09-16T18:09:35,1.2.643.5.1.13.13.12.2.77.8252.02020610071014010106090300080911,2.25.307021710202910067378603383388989711646/series_004_2_CR/A2504110565 DXA/CR DXA/CR000010.dcm,C:\Users\Андрей\Desktop\Хакатон\Исследования\2.25.307021710202910067378603383388989711646\series_004_2_CR\A2504110565 DXA\CR DXA\CR000010.dcm,exact_path,csv_relative_path
Размеченные_499_Илья,C:\Users\Андрей\Desktop\Хакатон\Размеченные_499_Илья\labels.csv,415,2.25.307021710202910067378603383388989711646/series_004_2_CR/A2504110565 DXA/CR DXA/CR000011.dcm,output/2.25.307021710202910067378603383388989711646/series_004_2_CR/A2504110565 DXA/CR DXA/CR000011.dcm,SPINE,,,2026-09-16T18:09:36,1.2.643.5.1.13.13.12.2.77.8252.00041503151008120109091101041101,2.25.307021710202910067378603383388989711646/series_004_2_CR/A2504110565 DXA/CR DXA/CR000011.dcm,C:\Users\Андрей\Desktop\Хакатон\Исследования\2.25.307021710202910067378603383388989711646\series_004_2_CR\A2504110565 DXA\CR DXA\CR000011.dcm,exact_path,csv_relative_path
Размеченные_499_Илья,C:\Users\Андрей\Desktop\Хакатон\Размеченные_499_Илья\labels.csv,416,2.25.309085571913348252136520206003694446566/series_002_2_CR/A2504116267 DXA/CR DXA/CR000000.dcm,output/2.25.309085571913348252136520206003694446566/series_002_2_CR/A2504116267 DXA/CR DXA/CR000000.dcm,SPINE,,,2026-09-16T18:09:39,1.2.643.5.1.13.13.12.2.77.8252.03121103130007121510030803050514,2.25.309085571913348252136520206003694446566/series_002_2_CR/A2504116267 DXA/CR DXA/CR000000.dcm,C:\Users\Андрей\Desktop\Хакатон\Исследования\2.25.309085571913348252136520206003694446566\series_002_2_CR\A2504116267 DXA\CR DXA\CR000000.dcm,exact_path,csv_relative_path
Размеченные_499_Илья,C:\Users\Андрей\Desktop\Хакатон\Размеченные_499_Илья\labels.csv,417,2.25.309085571913348252136520206003694446566/series_002_2_CR/A2504116267 DXA/CR DXA/CR000001.dcm,output/2.25.309085571913348252136520206003694446566/series_002_2_CR/A2504116267 DXA/CR DXA/CR000001.dcm,LEG,,,2026-09-16T18:09:41,1.2.643.5.1.13.13.12.2.77.8252.07070904150315000704031208001011,2.25.309085571913348252136520206003694446566/series_002_2_CR/A2504116267 DXA/CR DXA/CR000001.dcm,C:\Users\Андрей\Desktop\Хакатон\Исследования\2.25.309085571913348252136520206003694446566\series_002_2_CR\A2504116267 DXA\CR DXA\CR000001.dcm,exact_path,csv_relative_path
Размеченные_499_Илья,C:\Users\Андрей\Desktop\Хакатон\Размеченные_499_Илья\labels.csv,418,2.25.309085571913348252136520206003694446566/series_002_2_CR/A2504116267 DXA/CR DXA/CR000002.dcm,output/2.25.309085571913348252136520206003694446566/series_002_2_CR/A2504116267 DXA/CR DXA/CR000002.dcm,LEG,,,2026-09-16T18:09:42,1.2.643.5.1.13.13.12.2.77.8252.09030700121011131209150303151015,2.25.309085571913348252136520206003694446566/series_002_2_CR/A2504116267 DXA/CR DXA/CR000002.dcm,C:\Users\Андрей\Desktop\Хакатон\Исследования\2.25.309085571913348252136520206003694446566\series_002_2_CR\A2504116267 DXA\CR DXA\CR000002.dcm,exact_path,csv_relative_path
Размеченные_499_Илья,C:\Users\Андрей\Desktop\Хакатон\Размеченные_499_Илья\labels.csv,419,2.25.314147167453134440746270747484612743945/series_002_2_CR/A2504224780 DXA/CR DXA/CR000000.dcm,output/2.25.314147167453134440746270747484612743945/series_002_2_CR/A2504224780 DXA/CR DXA/CR000000.dcm,LEG,,,2026-09-16T18:09:44,1.2.643.5.1.13.13.12.2.77.8252.02000306061002040514101500000812,2.25.314147167453134440746270747484612743945/series_002_2_CR/A2504224780 DXA/CR DXA/CR000000.dcm,C:\Users\Андрей\Desktop\Хакатон\Исследования\2.25.314147167453134440746270747484612743945\series_002_2_CR\A2504224780 DXA\CR DXA\CR000000.dcm,exact_path,csv_relative_path
Размеченные_499_Илья,C:\Users\Андрей\Desktop\Хакатон\Размеченные_499_Илья\labels.csv,420,2.25.314147167453134440746270747484612743945/series_002_2_CR/A2504224780 DXA/CR DXA/CR000001.dcm,output/2.25.314147167453134440746270747484612743945/series_002_2_CR/A2504224780 DXA/CR DXA/CR000001.dcm,LEG,,,2026-09-16T18:09:45,1.2.643.5.1.13.13.12.2.77.8252.01130904120915050401031210031001,2.25.314147167453134440746270747484612743945/series_002_2_CR/A2504224780 DXA/CR DXA/CR000001.dcm,C:\Users\Андрей\Desktop\Хакатон\Исследования\2.25.314147167453134440746270747484612743945\series_002_2_CR\A2504224780 DXA\CR DXA\CR000001.dcm,exact_path,csv_relative_path
Размеченные_499_Илья,C:\Users\Андрей\Desktop\Хакатон\Размеченные_499_Илья\labels.csv,421,2.25.314147167453134440746270747484612743945/series_002_2_CR/A2504224780 DXA/CR DXA/CR000002.dcm,output/2.25.314147167453134440746270747484612743945/series_002_2_CR/A2504224780 DXA/CR DXA/CR000002.dcm,SPINE,,,2026-09-16T18:09:47,1.2.643.5.1.13.13.12.2.77.8252.02120204101515130306021007150210,2.25.314147167453134440746270747484612743945/series_002_2_CR/A2504224780 DXA/CR DXA/CR000002.dcm,C:\Users\Андрей\Desktop\Хакатон\Исследования\2.25.314147167453134440746270747484612743945\series_002_2_CR\A2504224780 DXA\CR DXA\CR000002.dcm,exact_path,csv_relative_path
Размеченные_499_Илья,C:\Users\Андрей\Desktop\Хакатон\Размеченные_499_Илья\labels.csv,422,2.25.322202456901330781765399791024580391565/series_002_2_CR/A2504350020 DXA/CR DXA/CR000000.dcm,output/2.25.322202456901330781765399791024580391565/series_002_2_CR/A2504350020 DXA/CR DXA/CR000000.dcm,SPINE,,,2026-09-16T18:09:48,1.2.643.5.1.13.13.12.2.77.8252.06061007030610120805010913100711,2.25.322202456901330781765399791024580391565/series_002_2_CR/A2504350020 DXA/CR DXA/CR000000.dcm,C:\Users\Андрей\Desktop\Хакатон\Исследования\2.25.322202456901330781765399791024580391565\series_002_2_CR\A2504350020 DXA\CR DXA\CR000000.dcm,exact_path,csv_relative_path
Размеченные_499_Илья,C:\Users\Андрей\Desktop\Хакатон\Размеченные_499_Илья\labels.csv,423,2.25.338439598607961312040815816824093323492/series_002_2_CR/A2504147124 DXA/CR DXA/CR000000.dcm,output/2.25.338439598607961312040815816824093323492/series_002_2_CR/A2504147124 DXA/CR DXA/CR000000.dcm,SPINE,,,2026-09-16T18:09:50,1.2.643.5.1.13.13.12.2.77.8252.13110108131113110013070512051310,2.25.338439598607961312040815816824093323492/series_002_2_CR/A2504147124 DXA/CR DXA/CR000000.dcm,C:\Users\Андрей\Desktop\Хакатон\Исследования\2.25.338439598607961312040815816824093323492\series_002_2_CR\A2504147124 DXA\CR DXA\CR000000.dcm,exact_path,csv_relative_path
Размеченные_499_Илья,C:\Users\Андрей\Desktop\Хакатон\Размеченные_499_Илья\labels.csv,424,2.25.339027809107632348165171236474821772940/series_001_2_CR/A2504349642 DXA/CR DXA/CR000000.dcm,output/2.25.339027809107632348165171236474821772940/series_001_2_CR/A2504349642 DXA/CR DXA/CR000000.dcm,LEG,,,2026-09-16T18:09:52,1.2.643.5.1.13.13.12.2.77.8252.05111003151314100612100700031506,2.25.339027809107632348165171236474821772940/series_001_2_CR/A2504349642 DXA/CR DXA/CR000000.dcm,C:\Users\Андрей\Desktop\Хакатон\Исследования\2.25.339027809107632348165171236474821772940\series_001_2_CR\A2504349642 DXA\CR DXA\CR000000.dcm,exact_path,csv_relative_path
Размеченные_499_Илья,C:\Users\Андрей\Desktop\Хакатон\Размеченные_499_Илья\labels.csv,425,2.25.339027809107632348165171236474821772940/series_001_2_CR/A2504349642 DXA/CR DXA/CR000001.dcm,output/2.25.339027809107632348165171236474821772940/series_001_2_CR/A2504349642 DXA/CR DXA/CR000001.dcm,SPINE,,,2026-09-16T18:09:55,1.2.643.5.1.13.13.12.2.77.8252.04091012040015061107090014081504,2.25.339027809107632348165171236474821772940/series_001_2_CR/A2504349642 DXA/CR DXA/CR000001.dcm,C:\Users\Андрей\Desktop\Хакатон\Исследования\2.25.339027809107632348165171236474821772940\series_001_2_CR\A2504349642 DXA\CR DXA\CR000001.dcm,exact_path,csv_relative_path
Размеченные_499_Илья,C:\Users\Андрей\Desktop\Хакатон\Размеченные_499_Илья\labels.csv,426,2.25.339027809107632348165171236474821772940/series_001_2_CR/A2504349642 DXA/CR DXA/CR000002.dcm,output/2.25.339027809107632348165171236474821772940/series_001_2_CR/A2504349642 DXA/CR DXA/CR000002.dcm,LEG,,,2026-09-16T18:09:57,1.2.643.5.1.13.13.12.2.77.8252.11010912010413080807030107050600,2.25.339027809107632348165171236474821772940/series_001_2_CR/A2504349642 DXA/CR DXA/CR000002.dcm,C:\Users\Андрей\Desktop\Хакатон\Исследования\2.25.339027809107632348165171236474821772940\series_001_2_CR\A2504349642 DXA\CR DXA\CR000002.dcm,exact_path,csv_relative_path
Размеченные_499_Илья,C:\Users\Андрей\Desktop\Хакатон\Размеченные_499_Илья\labels.csv,427,2.25.339027809107632348165171236474821772940/series_001_2_CR/A2504349642 DXA/CR DXA/CR000003.dcm,output/2.25.339027809107632348165171236474821772940/series_001_2_CR/A2504349642 DXA/CR DXA/CR000003.dcm,LEG,,,2026-09-16T18:09:58,1.2.643.5.1.13.13.12.2.77.8252.02060903061507111201080601150903,2.25.339027809107632348165171236474821772940/series_001_2_CR/A2504349642 DXA/CR DXA/CR000003.dcm,C:\Users\Андрей\Desktop\Хакатон\Исследования\2.25.339027809107632348165171236474821772940\series_001_2_CR\A2504349642 DXA\CR DXA\CR000003.dcm,exact_path,csv_relative_path
Размеченные_499_Илья,C:\Users\Андрей\Desktop\Хакатон\Размеченные_499_Илья\labels.csv,428,2.25.339027809107632348165171236474821772940/series_001_2_CR/A2504349642 DXA/CR DXA/CR000004.dcm,output/2.25.339027809107632348165171236474821772940/series_001_2_CR/A2504349642 DXA/CR DXA/CR000004.dcm,SPINE,,,2026-09-16T18:10:00,1.2.643.5.1.13.13.12.2.77.8252.09100506150509030310111310041309,2.25.339027809107632348165171236474821772940/series_001_2_CR/A2504349642 DXA/CR DXA/CR000004.dcm,C:\Users\Андрей\Desktop\Хакатон\Исследования\2.25.339027809107632348165171236474821772940\series_001_2_CR\A2504349642 DXA\CR DXA\CR000004.dcm,exact_path,csv_relative_path
Размеченные_499_Илья,C:\Users\Андрей\Desktop\Хакатон\Размеченные_499_Илья\labels.csv,429,2.25.339027809107632348165171236474821772940/series_001_2_CR/A2504349642 DXA/CR DXA/CR000005.dcm,output/2.25.339027809107632348165171236474821772940/series_001_2_CR/A2504349642 DXA/CR DXA/CR000005.dcm,LEG,,,2026-09-16T18:10:02,1.2.643.5.1.13.13.12.2.77.8252.02080414020805070003121215081311,2.25.339027809107632348165171236474821772940/series_001_2_CR/A2504349642 DXA/CR DXA/CR000005.dcm,C:\Users\Андрей\Desktop\Хакатон\Исследования\2.25.339027809107632348165171236474821772940\series_001_2_CR\A2504349642 DXA\CR DXA\CR000005.dcm,exact_path,csv_relative_path
Размеченные_499_Илья,C:\Users\Андрей\Desktop\Хакатон\Размеченные_499_Илья\labels.csv,430,2.25.340839477910528898406207279980417945/series_001_2_CR/A2504224555 DXA Exam/CR DXA Images/CR000000.dcm,output/2.25.340839477910528898406207279980417945/series_001_2_CR/A2504224555 DXA Exam/CR DXA Images/CR000000.dcm,LEG,,,2026-09-16T18:10:04,1.2.643.5.1.13.13.12.2.77.8252.14120712151005010200040708001308,2.25.340839477910528898406207279980417945/series_001_2_CR/A2504224555 DXA Exam/CR DXA Images/CR000000.dcm,C:\Users\Андрей\Desktop\Хакатон\Исследования\2.25.340839477910528898406207279980417945\series_001_2_CR\A2504224555 DXA Exam\CR DXA Images\CR000000.dcm,exact_path,csv_relative_path
Размеченные_499_Илья,C:\Users\Андрей\Desktop\Хакатон\Размеченные_499_Илья\labels.csv,431,2.25.340839477910528898406207279980417945/series_001_2_CR/A2504224555 DXA Exam/CR DXA Images/CR000001.dcm,output/2.25.340839477910528898406207279980417945/series_001_2_CR/A2504224555 DXA Exam/CR DXA Images/CR000001.dcm,LEG,,,2026-09-16T18:10:06,1.2.643.5.1.13.13.12.2.77.8252.05030701101012140702110704000714,2.25.340839477910528898406207279980417945/series_001_2_CR/A2504224555 DXA Exam/CR DXA Images/CR000001.dcm,C:\Users\Андрей\Desktop\Хакатон\Исследования\2.25.340839477910528898406207279980417945\series_001_2_CR\A2504224555 DXA Exam\CR DXA Images\CR000001.dcm,exact_path,csv_relative_path
Размеченные_499_Илья,C:\Users\Андрей\Desktop\Хакатон\Размеченные_499_Илья\labels.csv,432,2.25.340839477910528898406207279980417945/series_001_2_CR/A2504224555 DXA Exam/CR DXA Images/CR000002.dcm,output/2.25.340839477910528898406207279980417945/series_001_2_CR/A2504224555 DXA Exam/CR DXA Images/CR000002.dcm,SPINE,,,2026-09-16T18:10:07,1.2.643.5.1.13.13.12.2.77.8252.12111312010203070900101115051015,2.25.340839477910528898406207279980417945/series_001_2_CR/A2504224555 DXA Exam/CR DXA Images/CR000002.dcm,C:\Users\Андрей\Desktop\Хакатон\Исследования\2.25.340839477910528898406207279980417945\series_001_2_CR\A2504224555 DXA Exam\CR DXA Images\CR000002.dcm,exact_path,csv_relative_path
Размеченные_499_Илья,C:\Users\Андрей\Desktop\Хакатон\Размеченные_499_Илья\labels.csv,433,2.25.37515662379281069436632838996073181551/series_001_2_CR/A2504329840 DXA/CR DXA/CR000000.dcm,output/2.25.37515662379281069436632838996073181551/series_001_2_CR/A2504329840 DXA/CR DXA/CR000000.dcm,SPINE,,,2026-09-16T18:10:09,1.2.643.5.1.13.13.12.2.77.8252.05001409080504151204111500000514,2.25.37515662379281069436632838996073181551/series_001_2_CR/A2504329840 DXA/CR DXA/CR000000.dcm,C:\Users\Андрей\Desktop\Хакатон\Исследования\2.25.37515662379281069436632838996073181551\series_001_2_CR\A2504329840 DXA\CR DXA\CR000000.dcm,exact_path,csv_relative_path
Размеченные_499_Илья,C:\Users\Андрей\Desktop\Хакатон\Размеченные_499_Илья\labels.csv,434,2.25.37515662379281069436632838996073181551/series_001_2_CR/A2504329840 DXA/CR DXA/CR000001.dcm,output/2.25.37515662379281069436632838996073181551/series_001_2_CR/A2504329840 DXA/CR DXA/CR000001.dcm,LEG,,,2026-09-16T18:10:10,1.2.643.5.1.13.13.12.2.77.8252.12090208061115110101131315120813,2.25.37515662379281069436632838996073181551/series_001_2_CR/A2504329840 DXA/CR DXA/CR000001.dcm,C:\Users\Андрей\Desktop\Хакатон\Исследования\2.25.37515662379281069436632838996073181551\series_001_2_CR\A2504329840 DXA\CR DXA\CR000001.dcm,exact_path,csv_relative_path
Размеченные_499_Илья,C:\Users\Андрей\Desktop\Хакатон\Размеченные_499_Илья\labels.csv,435,2.25.37515662379281069436632838996073181551/series_001_2_CR/A2504329840 DXA/CR DXA/CR000002.dcm,output/2.25.37515662379281069436632838996073181551/series_001_2_CR/A2504329840 DXA/CR DXA/CR000002.dcm,LEG,,,2026-09-16T18:10:12,1.2.643.5.1.13.13.12.2.77.8252.08110803070615141513021414111001,2.25.37515662379281069436632838996073181551/series_001_2_CR/A2504329840 DXA/CR DXA/CR000002.dcm,C:\Users\Андрей\Desktop\Хакатон\Исследования\2.25.37515662379281069436632838996073181551\series_001_2_CR\A2504329840 DXA\CR DXA\CR000002.dcm,exact_path,csv_relative_path
Размеченные_499_Илья,C:\Users\Андрей\Desktop\Хакатон\Размеченные_499_Илья\labels.csv,436,2.25.39068163399801173920284179500049527111/series_002_2_CR/A2504195842 DXA/CR DXA/CR000000.dcm,output/2.25.39068163399801173920284179500049527111/series_002_2_CR/A2504195842 DXA/CR DXA/CR000000.dcm,LEG,,,2026-09-16T18:10:14,1.2.643.5.1.13.13.12.2.77.8252.00030605020706130003080307080701,2.25.39068163399801173920284179500049527111/series_002_2_CR/A2504195842 DXA/CR DXA/CR000000.dcm,C:\Users\Андрей\Desktop\Хакатон\Исследования\2.25.39068163399801173920284179500049527111\series_002_2_CR\A2504195842 DXA\CR DXA\CR000000.dcm,exact_path,csv_relative_path
Размеченные_499_Илья,C:\Users\Андрей\Desktop\Хакатон\Размеченные_499_Илья\labels.csv,437,2.25.39068163399801173920284179500049527111/series_002_2_CR/A2504195842 DXA/CR DXA/CR000001.dcm,output/2.25.39068163399801173920284179500049527111/series_002_2_CR/A2504195842 DXA/CR DXA/CR000001.dcm,LEG,,,2026-09-16T18:10:16,1.2.643.5.1.13.13.12.2.77.8252.07150610130411050211021514011106,2.25.39068163399801173920284179500049527111/series_002_2_CR/A2504195842 DXA/CR DXA/CR000001.dcm,C:\Users\Андрей\Desktop\Хакатон\Исследования\2.25.39068163399801173920284179500049527111\series_002_2_CR\A2504195842 DXA\CR DXA\CR000001.dcm,exact_path,csv_relative_path
Размеченные_499_Илья,C:\Users\Андрей\Desktop\Хакатон\Размеченные_499_Илья\labels.csv,438,2.25.39068163399801173920284179500049527111/series_002_2_CR/A2504195842 DXA/CR DXA/CR000002.dcm,output/2.25.39068163399801173920284179500049527111/series_002_2_CR/A2504195842 DXA/CR DXA/CR000002.dcm,SPINE,,,2026-09-16T18:10:17,1.2.643.5.1.13.13.12.2.77.8252.15141302131508150312140605060212,2.25.39068163399801173920284179500049527111/series_002_2_CR/A2504195842 DXA/CR DXA/CR000002.dcm,C:\Users\Андрей\Desktop\Хакатон\Исследования\2.25.39068163399801173920284179500049527111\series_002_2_CR\A2504195842 DXA\CR DXA\CR000002.dcm,exact_path,csv_relative_path
Размеченные_499_Илья,C:\Users\Андрей\Desktop\Хакатон\Размеченные_499_Илья\labels.csv,439,2.25.48906424954135283790354958243772558962/series_001_2_CR/A2504185596 DXA Exam/CR DXA Images/CR000000.dcm,output/2.25.48906424954135283790354958243772558962/series_001_2_CR/A2504185596 DXA Exam/CR DXA Images/CR000000.dcm,LEG,,,2026-09-16T18:10:19,1.2.643.5.1.13.13.12.2.77.8252.06080100090802110008000311010501,2.25.48906424954135283790354958243772558962/series_001_2_CR/A2504185596 DXA Exam/CR DXA Images/CR000000.dcm,C:\Users\Андрей\Desktop\Хакатон\Исследования\2.25.48906424954135283790354958243772558962\series_001_2_CR\A2504185596 DXA Exam\CR DXA Images\CR000000.dcm,exact_path,csv_relative_path
Размеченные_499_Илья,C:\Users\Андрей\Desktop\Хакатон\Размеченные_499_Илья\labels.csv,440,2.25.48906424954135283790354958243772558962/series_001_2_CR/A2504185596 DXA Exam/CR DXA Images/CR000001.dcm,output/2.25.48906424954135283790354958243772558962/series_001_2_CR/A2504185596 DXA Exam/CR DXA Images/CR000001.dcm,LEG,,,2026-09-16T18:10:21,1.2.643.5.1.13.13.12.2.77.8252.03010404051000131408111209140108,2.25.48906424954135283790354958243772558962/series_001_2_CR/A2504185596 DXA Exam/CR DXA Images/CR000001.dcm,C:\Users\Андрей\Desktop\Хакатон\Исследования\2.25.48906424954135283790354958243772558962\series_001_2_CR\A2504185596 DXA Exam\CR DXA Images\CR000001.dcm,exact_path,csv_relative_path
Размеченные_499_Илья,C:\Users\Андрей\Desktop\Хакатон\Размеченные_499_Илья\labels.csv,441,2.25.48906424954135283790354958243772558962/series_001_2_CR/A2504185596 DXA Exam/CR DXA Images/CR000002.dcm,output/2.25.48906424954135283790354958243772558962/series_001_2_CR/A2504185596 DXA Exam/CR DXA Images/CR000002.dcm,SPINE,,,2026-09-16T18:10:22,1.2.643.5.1.13.13.12.2.77.8252.02031401091510001200041308031003,2.25.48906424954135283790354958243772558962/series_001_2_CR/A2504185596 DXA Exam/CR DXA Images/CR000002.dcm,C:\Users\Андрей\Desktop\Хакатон\Исследования\2.25.48906424954135283790354958243772558962\series_001_2_CR\A2504185596 DXA Exam\CR DXA Images\CR000002.dcm,exact_path,csv_relative_path
Размеченные_499_Илья,C:\Users\Андрей\Desktop\Хакатон\Размеченные_499_Илья\labels.csv,442,2.25.52532476139575422857225834315571570912/series_001_2_CR/A2504247961 DXA/CR DXA/CR000000.dcm,output/2.25.52532476139575422857225834315571570912/series_001_2_CR/A2504247961 DXA/CR DXA/CR000000.dcm,SPINE,,,2026-09-16T18:10:24,1.2.643.5.1.13.13.12.2.77.8252.07120809010109050202061111011110,2.25.52532476139575422857225834315571570912/series_001_2_CR/A2504247961 DXA/CR DXA/CR000000.dcm,C:\Users\Андрей\Desktop\Хакатон\Исследования\2.25.52532476139575422857225834315571570912\series_001_2_CR\A2504247961 DXA\CR DXA\CR000000.dcm,exact_path,csv_relative_path
Размеченные_499_Илья,C:\Users\Андрей\Desktop\Хакатон\Размеченные_499_Илья\labels.csv,443,2.25.52982400970721161435951723390541696819/series_001_2_CR/A2504331065 DXA/CR DXA/CR000000.dcm,output/2.25.52982400970721161435951723390541696819/series_001_2_CR/A2504331065 DXA/CR DXA/CR000000.dcm,LEG,,,2026-09-16T18:10:26,1.2.643.5.1.13.13.12.2.77.8252.07081506021006111207090213090701,2.25.52982400970721161435951723390541696819/series_001_2_CR/A2504331065 DXA/CR DXA/CR000000.dcm,C:\Users\Андрей\Desktop\Хакатон\Исследования\2.25.52982400970721161435951723390541696819\series_001_2_CR\A2504331065 DXA\CR DXA\CR000000.dcm,exact_path,csv_relative_path
Размеченные_499_Илья,C:\Users\Андрей\Desktop\Хакатон\Размеченные_499_Илья\labels.csv,444,2.25.52982400970721161435951723390541696819/series_001_2_CR/A2504331065 DXA/CR DXA/CR000001.dcm,output/2.25.52982400970721161435951723390541696819/series_001_2_CR/A2504331065 DXA/CR DXA/CR000001.dcm,LEG,,,2026-09-16T18:10:28,1.2.643.5.1.13.13.12.2.77.8252.06001210040802120801060507001509,2.25.52982400970721161435951723390541696819/series_001_2_CR/A2504331065 DXA/CR DXA/CR000001.dcm,C:\Users\Андрей\Desktop\Хакатон\Исследования\2.25.52982400970721161435951723390541696819\series_001_2_CR\A2504331065 DXA\CR DXA\CR000001.dcm,exact_path,csv_relative_path
Размеченные_499_Илья,C:\Users\Андрей\Desktop\Хакатон\Размеченные_499_Илья\labels.csv,445,2.25.52982400970721161435951723390541696819/series_001_2_CR/A2504331065 DXA/CR DXA/CR000002.dcm,output/2.25.52982400970721161435951723390541696819/series_001_2_CR/A2504331065 DXA/CR DXA/CR000002.dcm,SPINE,,,2026-09-16T18:10:30,1.2.643.5.1.13.13.12.2.77.8252.02030504060005060505040905021305,2.25.52982400970721161435951723390541696819/series_001_2_CR/A2504331065 DXA/CR DXA/CR000002.dcm,C:\Users\Андрей\Desktop\Хакатон\Исследования\2.25.52982400970721161435951723390541696819\series_001_2_CR\A2504331065 DXA\CR DXA\CR000002.dcm,exact_path,csv_relative_path
Размеченные_499_Илья,C:\Users\Андрей\Desktop\Хакатон\Размеченные_499_Илья\labels.csv,446,2.25.52982400970721161435951723390541696819/series_001_2_CR/A2504331065 DXA/CR DXA/CR000003.dcm,output/2.25.52982400970721161435951723390541696819/series_001_2_CR/A2504331065 DXA/CR DXA/CR000003.dcm,LEG,,,2026-09-16T18:10:31,1.2.643.5.1.13.13.12.2.77.8252.15141212090108110812010201000904,2.25.52982400970721161435951723390541696819/series_001_2_CR/A2504331065 DXA/CR DXA/CR000003.dcm,C:\Users\Андрей\Desktop\Хакатон\Исследования\2.25.52982400970721161435951723390541696819\series_001_2_CR\A2504331065 DXA\CR DXA\CR000003.dcm,exact_path,csv_relative_path
Размеченные_499_Илья,C:\Users\Андрей\Desktop\Хакатон\Размеченные_499_Илья\labels.csv,447,2.25.52982400970721161435951723390541696819/series_001_2_CR/A2504331065 DXA/CR DXA/CR000004.dcm,output/2.25.52982400970721161435951723390541696819/series_001_2_CR/A2504331065 DXA/CR DXA/CR000004.dcm,SPINE,,,2026-09-16T18:10:33,1.2.643.5.1.13.13.12.2.77.8252.06130007090800051113070612071205,2.25.52982400970721161435951723390541696819/series_001_2_CR/A2504331065 DXA/CR DXA/CR000004.dcm,C:\Users\Андрей\Desktop\Хакатон\Исследования\2.25.52982400970721161435951723390541696819\series_001_2_CR\A2504331065 DXA\CR DXA\CR000004.dcm,exact_path,csv_relative_path
Размеченные_499_Илья,C:\Users\Андрей\Desktop\Хакатон\Размеченные_499_Илья\labels.csv,448,2.25.52982400970721161435951723390541696819/series_001_2_CR/A2504331065 DXA/CR DXA/CR000005.dcm,output/2.25.52982400970721161435951723390541696819/series_001_2_CR/A2504331065 DXA/CR DXA/CR000005.dcm,LEG,,,2026-09-16T18:10:34,1.2.643.5.1.13.13.12.2.77.8252.13060812000809140915061004151307,2.25.52982400970721161435951723390541696819/series_001_2_CR/A2504331065 DXA/CR DXA/CR000005.dcm,C:\Users\Андрей\Desktop\Хакатон\Исследования\2.25.52982400970721161435951723390541696819\series_001_2_CR\A2504331065 DXA\CR DXA\CR000005.dcm,exact_path,csv_relative_path
Размеченные_499_Илья,C:\Users\Андрей\Desktop\Хакатон\Размеченные_499_Илья\labels.csv,449,2.25.52982400970721161435951723390541696819/series_001_2_CR/A2504331065 DXA/CR DXA/CR000006.dcm,output/2.25.52982400970721161435951723390541696819/series_001_2_CR/A2504331065 DXA/CR DXA/CR000006.dcm,LEG,,,2026-09-16T18:10:36,1.2.643.5.1.13.13.12.2.77.8252.14150614130710030701101012031106,2.25.52982400970721161435951723390541696819/series_001_2_CR/A2504331065 DXA/CR DXA/CR000006.dcm,C:\Users\Андрей\Desktop\Хакатон\Исследования\2.25.52982400970721161435951723390541696819\series_001_2_CR\A2504331065 DXA\CR DXA\CR000006.dcm,exact_path,csv_relative_path
Размеченные_499_Илья,C:\Users\Андрей\Desktop\Хакатон\Размеченные_499_Илья\labels.csv,450,2.25.52982400970721161435951723390541696819/series_001_2_CR/A2504331065 DXA/CR DXA/CR000007.dcm,output/2.25.52982400970721161435951723390541696819/series_001_2_CR/A2504331065 DXA/CR DXA/CR000007.dcm,LEG,,,2026-09-16T18:10:37,1.2.643.5.1.13.13.12.2.77.8252.10071506040807070913151311141504,2.25.52982400970721161435951723390541696819/series_001_2_CR/A2504331065 DXA/CR DXA/CR000007.dcm,C:\Users\Андрей\Desktop\Хакатон\Исследования\2.25.52982400970721161435951723390541696819\series_001_2_CR\A2504331065 DXA\CR DXA\CR000007.dcm,exact_path,csv_relative_path
Размеченные_499_Илья,C:\Users\Андрей\Desktop\Хакатон\Размеченные_499_Илья\labels.csv,451,2.25.54396839637320114639948764487283877793/series_003_2_CR/A2504111090 DXA/CR DXA/CR000000.dcm,output/2.25.54396839637320114639948764487283877793/series_003_2_CR/A2504111090 DXA/CR DXA/CR000000.dcm,SPINE,,,2026-09-16T18:10:39,1.2.643.5.1.13.13.12.2.77.8252.02060605151213121009151302130207,2.25.54396839637320114639948764487283877793/series_003_2_CR/A2504111090 DXA/CR DXA/CR000000.dcm,C:\Users\Андрей\Desktop\Хакатон\Исследования\2.25.54396839637320114639948764487283877793\series_003_2_CR\A2504111090 DXA\CR DXA\CR000000.dcm,exact_path,csv_relative_path
Размеченные_499_Илья,C:\Users\Андрей\Desktop\Хакатон\Размеченные_499_Илья\labels.csv,452,2.25.59542620917302828428419211045951914336/series_001_2_CR/A2504303391 DXA/CR DXA/CR000000.dcm,output/2.25.59542620917302828428419211045951914336/series_001_2_CR/A2504303391 DXA/CR DXA/CR000000.dcm,SPINE,,,2026-09-16T18:10:41,1.2.643.5.1.13.13.12.2.77.8252.07101010011513020401030213080905,2.25.59542620917302828428419211045951914336/series_001_2_CR/A2504303391 DXA/CR DXA/CR000000.dcm,C:\Users\Андрей\Desktop\Хакатон\Исследования\2.25.59542620917302828428419211045951914336\series_001_2_CR\A2504303391 DXA\CR DXA\CR000000.dcm,exact_path,csv_relative_path
Размеченные_499_Илья,C:\Users\Андрей\Desktop\Хакатон\Размеченные_499_Илья\labels.csv,453,2.25.65954778282254353457041255543338557112/series_004_3_CR/A2504246289 DXA/CR DXA/CR000000.dcm,output/2.25.65954778282254353457041255543338557112/series_004_3_CR/A2504246289 DXA/CR DXA/CR000000.dcm,LEG,,,2026-09-16T18:10:43,1.2.643.5.1.13.13.12.2.77.8252.11130315030911081202140406010814,2.25.65954778282254353457041255543338557112/series_004_3_CR/A2504246289 DXA/CR DXA/CR000000.dcm,C:\Users\Андрей\Desktop\Хакатон\Исследования\2.25.65954778282254353457041255543338557112\series_004_3_CR\A2504246289 DXA\CR DXA\CR000000.dcm,exact_path,csv_relative_path
Размеченные_499_Илья,C:\Users\Андрей\Desktop\Хакатон\Размеченные_499_Илья\labels.csv,454,2.25.65954778282254353457041255543338557112/series_004_3_CR/A2504246289 DXA/CR DXA/CR000001.dcm,output/2.25.65954778282254353457041255543338557112/series_004_3_CR/A2504246289 DXA/CR DXA/CR000001.dcm,LEG,,,2026-09-16T18:10:46,1.2.643.5.1.13.13.12.2.77.8252.10000615050107010300151404090301,2.25.65954778282254353457041255543338557112/series_004_3_CR/A2504246289 DXA/CR DXA/CR000001.dcm,C:\Users\Андрей\Desktop\Хакатон\Исследования\2.25.65954778282254353457041255543338557112\series_004_3_CR\A2504246289 DXA\CR DXA\CR000001.dcm,exact_path,csv_relative_path
Размеченные_499_Илья,C:\Users\Андрей\Desktop\Хакатон\Размеченные_499_Илья\labels.csv,455,2.25.65954778282254353457041255543338557112/series_004_3_CR/A2504246289 DXA/CR DXA/CR000002.dcm,output/2.25.65954778282254353457041255543338557112/series_004_3_CR/A2504246289 DXA/CR DXA/CR000002.dcm,SPINE,,,2026-09-16T18:10:48,1.2.643.5.1.13.13.12.2.77.8252.05111111030105140803060510040613,2.25.65954778282254353457041255543338557112/series_004_3_CR/A2504246289 DXA/CR DXA/CR000002.dcm,C:\Users\Андрей\Desktop\Хакатон\Исследования\2.25.65954778282254353457041255543338557112\series_004_3_CR\A2504246289 DXA\CR DXA\CR000002.dcm,exact_path,csv_relative_path
Размеченные_499_Илья,C:\Users\Андрей\Desktop\Хакатон\Размеченные_499_Илья\labels.csv,456,2.25.66397484472966116002950503539482860450/series_001_2_CR/A2504194637 DXA/CR DXA/CR000000.dcm,output/2.25.66397484472966116002950503539482860450/series_001_2_CR/A2504194637 DXA/CR DXA/CR000000.dcm,LEG,,,2026-09-16T18:10:50,1.2.643.5.1.13.13.12.2.77.8252.02091011000006010704070004091411,2.25.66397484472966116002950503539482860450/series_001_2_CR/A2504194637 DXA/CR DXA/CR000000.dcm,C:\Users\Андрей\Desktop\Хакатон\Исследования\2.25.66397484472966116002950503539482860450\series_001_2_CR\A2504194637 DXA\CR DXA\CR000000.dcm,exact_path,csv_relative_path
Размеченные_499_Илья,C:\Users\Андрей\Desktop\Хакатон\Размеченные_499_Илья\labels.csv,457,2.25.66397484472966116002950503539482860450/series_001_2_CR/A2504194637 DXA/CR DXA/CR000001.dcm,output/2.25.66397484472966116002950503539482860450/series_001_2_CR/A2504194637 DXA/CR DXA/CR000001.dcm,LEG,,,2026-09-16T18:10:52,1.2.643.5.1.13.13.12.2.77.8252.08151215001015040112061102060812,2.25.66397484472966116002950503539482860450/series_001_2_CR/A2504194637 DXA/CR DXA/CR000001.dcm,C:\Users\Андрей\Desktop\Хакатон\Исследования\2.25.66397484472966116002950503539482860450\series_001_2_CR\A2504194637 DXA\CR DXA\CR000001.dcm,exact_path,csv_relative_path
Размеченные_499_Илья,C:\Users\Андрей\Desktop\Хакатон\Размеченные_499_Илья\labels.csv,458,2.25.66397484472966116002950503539482860450/series_001_2_CR/A2504194637 DXA/CR DXA/CR000002.dcm,output/2.25.66397484472966116002950503539482860450/series_001_2_CR/A2504194637 DXA/CR DXA/CR000002.dcm,LEG,,,2026-09-16T18:10:54,1.2.643.5.1.13.13.12.2.77.8252.03111115071204110106020413091215,2.25.66397484472966116002950503539482860450/series_001_2_CR/A2504194637 DXA/CR DXA/CR000002.dcm,C:\Users\Андрей\Desktop\Хакатон\Исследования\2.25.66397484472966116002950503539482860450\series_001_2_CR\A2504194637 DXA\CR DXA\CR000002.dcm,exact_path,csv_relative_path
Размеченные_499_Илья,C:\Users\Андрей\Desktop\Хакатон\Размеченные_499_Илья\labels.csv,459,2.25.66397484472966116002950503539482860450/series_001_2_CR/A2504194637 DXA/CR DXA/CR000003.dcm,output/2.25.66397484472966116002950503539482860450/series_001_2_CR/A2504194637 DXA/CR DXA/CR000003.dcm,LEG,,,2026-09-16T18:10:56,1.2.643.5.1.13.13.12.2.77.8252.08021214010408050013070405100802,2.25.66397484472966116002950503539482860450/series_001_2_CR/A2504194637 DXA/CR DXA/CR000003.dcm,C:\Users\Андрей\Desktop\Хакатон\Исследования\2.25.66397484472966116002950503539482860450\series_001_2_CR\A2504194637 DXA\CR DXA\CR000003.dcm,exact_path,csv_relative_path
Размеченные_499_Илья,C:\Users\Андрей\Desktop\Хакатон\Размеченные_499_Илья\labels.csv,460,2.25.66397484472966116002950503539482860450/series_001_2_CR/A2504194637 DXA/CR DXA/CR000004.dcm,output/2.25.66397484472966116002950503539482860450/series_001_2_CR/A2504194637 DXA/CR DXA/CR000004.dcm,SPINE,,,2026-09-16T18:10:57,1.2.643.5.1.13.13.12.2.77.8252.01011407000709010910090115010000,2.25.66397484472966116002950503539482860450/series_001_2_CR/A2504194637 DXA/CR DXA/CR000004.dcm,C:\Users\Андрей\Desktop\Хакатон\Исследования\2.25.66397484472966116002950503539482860450\series_001_2_CR\A2504194637 DXA\CR DXA\CR000004.dcm,exact_path,csv_relative_path
Размеченные_499_Илья,C:\Users\Андрей\Desktop\Хакатон\Размеченные_499_Илья\labels.csv,461,2.25.66397484472966116002950503539482860450/series_001_2_CR/A2504194637 DXA/CR DXA/CR000005.dcm,output/2.25.66397484472966116002950503539482860450/series_001_2_CR/A2504194637 DXA/CR DXA/CR000005.dcm,LEG,,,2026-09-16T18:10:59,1.2.643.5.1.13.13.12.2.77.8252.15121501030904011113060500050403,2.25.66397484472966116002950503539482860450/series_001_2_CR/A2504194637 DXA/CR DXA/CR000005.dcm,C:\Users\Андрей\Desktop\Хакатон\Исследования\2.25.66397484472966116002950503539482860450\series_001_2_CR\A2504194637 DXA\CR DXA\CR000005.dcm,exact_path,csv_relative_path
Размеченные_499_Илья,C:\Users\Андрей\Desktop\Хакатон\Размеченные_499_Илья\labels.csv,462,2.25.66397484472966116002950503539482860450/series_001_2_CR/A2504194637 DXA/CR DXA/CR000006.dcm,output/2.25.66397484472966116002950503539482860450/series_001_2_CR/A2504194637 DXA/CR DXA/CR000006.dcm,LEG,,,2026-09-16T18:11:01,1.2.643.5.1.13.13.12.2.77.8252.10040310131315131311011115051512,2.25.66397484472966116002950503539482860450/series_001_2_CR/A2504194637 DXA/CR DXA/CR000006.dcm,C:\Users\Андрей\Desktop\Хакатон\Исследования\2.25.66397484472966116002950503539482860450\series_001_2_CR\A2504194637 DXA\CR DXA\CR000006.dcm,exact_path,csv_relative_path
Размеченные_499_Илья,C:\Users\Андрей\Desktop\Хакатон\Размеченные_499_Илья\labels.csv,463,2.25.66397484472966116002950503539482860450/series_001_2_CR/A2504194637 DXA/CR DXA/CR000007.dcm,output/2.25.66397484472966116002950503539482860450/series_001_2_CR/A2504194637 DXA/CR DXA/CR000007.dcm,LEG,,,2026-09-16T18:11:03,1.2.643.5.1.13.13.12.2.77.8252.13130501101110040009090201091209,2.25.66397484472966116002950503539482860450/series_001_2_CR/A2504194637 DXA/CR DXA/CR000007.dcm,C:\Users\Андрей\Desktop\Хакатон\Исследования\2.25.66397484472966116002950503539482860450\series_001_2_CR\A2504194637 DXA\CR DXA\CR000007.dcm,exact_path,csv_relative_path
Размеченные_499_Илья,C:\Users\Андрей\Desktop\Хакатон\Размеченные_499_Илья\labels.csv,464,2.25.66397484472966116002950503539482860450/series_001_2_CR/A2504194637 DXA/CR DXA/CR000008.dcm,output/2.25.66397484472966116002950503539482860450/series_001_2_CR/A2504194637 DXA/CR DXA/CR000008.dcm,SPINE,,,2026-09-16T18:11:05,1.2.643.5.1.13.13.12.2.77.8252.15080405040711111211130015010914,2.25.66397484472966116002950503539482860450/series_001_2_CR/A2504194637 DXA/CR DXA/CR000008.dcm,C:\Users\Андрей\Desktop\Хакатон\Исследования\2.25.66397484472966116002950503539482860450\series_001_2_CR\A2504194637 DXA\CR DXA\CR000008.dcm,exact_path,csv_relative_path
Размеченные_499_Илья,C:\Users\Андрей\Desktop\Хакатон\Размеченные_499_Илья\labels.csv,465,2.25.66397484472966116002950503539482860450/series_001_2_CR/A2504194637 DXA/CR DXA/CR000009.dcm,output/2.25.66397484472966116002950503539482860450/series_001_2_CR/A2504194637 DXA/CR DXA/CR000009.dcm,SPINE,,,2026-09-16T18:11:06,1.2.643.5.1.13.13.12.2.77.8252.00121200081108110912041503010000,2.25.66397484472966116002950503539482860450/series_001_2_CR/A2504194637 DXA/CR DXA/CR000009.dcm,C:\Users\Андрей\Desktop\Хакатон\Исследования\2.25.66397484472966116002950503539482860450\series_001_2_CR\A2504194637 DXA\CR DXA\CR000009.dcm,exact_path,csv_relative_path
Размеченные_499_Илья,C:\Users\Андрей\Desktop\Хакатон\Размеченные_499_Илья\labels.csv,466,2.25.66397484472966116002950503539482860450/series_001_2_CR/A2504194637 DXA/CR DXA/CR000010.dcm,output/2.25.66397484472966116002950503539482860450/series_001_2_CR/A2504194637 DXA/CR DXA/CR000010.dcm,LEG,,,2026-09-16T18:11:09,1.2.643.5.1.13.13.12.2.77.8252.10080308141508151114100414150301,2.25.66397484472966116002950503539482860450/series_001_2_CR/A2504194637 DXA/CR DXA/CR000010.dcm,C:\Users\Андрей\Desktop\Хакатон\Исследования\2.25.66397484472966116002950503539482860450\series_001_2_CR\A2504194637 DXA\CR DXA\CR000010.dcm,exact_path,csv_relative_path
Размеченные_499_Илья,C:\Users\Андрей\Desktop\Хакатон\Размеченные_499_Илья\labels.csv,467,2.25.73070100851377917031356937075051545239/series_002_2_CR/A2504239110 DXA/CR DXA/CR000000.dcm,output/2.25.73070100851377917031356937075051545239/series_002_2_CR/A2504239110 DXA/CR DXA/CR000000.dcm,LEG,,,2026-09-16T18:11:11,1.2.643.5.1.13.13.12.2.77.8252.00031305050707070014000611130907,2.25.73070100851377917031356937075051545239/series_002_2_CR/A2504239110 DXA/CR DXA/CR000000.dcm,C:\Users\Андрей\Desktop\Хакатон\Исследования\2.25.73070100851377917031356937075051545239\series_002_2_CR\A2504239110 DXA\CR DXA\CR000000.dcm,exact_path,csv_relative_path
Размеченные_499_Илья,C:\Users\Андрей\Desktop\Хакатон\Размеченные_499_Илья\labels.csv,468,2.25.73070100851377917031356937075051545239/series_002_2_CR/A2504239110 DXA/CR DXA/CR000001.dcm,output/2.25.73070100851377917031356937075051545239/series_002_2_CR/A2504239110 DXA/CR DXA/CR000001.dcm,LEG,,,2026-09-16T18:11:12,1.2.643.5.1.13.13.12.2.77.8252.09110310111109140609041514031010,2.25.73070100851377917031356937075051545239/series_002_2_CR/A2504239110 DXA/CR DXA/CR000001.dcm,C:\Users\Андрей\Desktop\Хакатон\Исследования\2.25.73070100851377917031356937075051545239\series_002_2_CR\A2504239110 DXA\CR DXA\CR000001.dcm,exact_path,csv_relative_path
Размеченные_499_Илья,C:\Users\Андрей\Desktop\Хакатон\Размеченные_499_Илья\labels.csv,469,2.25.73070100851377917031356937075051545239/series_002_2_CR/A2504239110 DXA/CR DXA/CR000002.dcm,output/2.25.73070100851377917031356937075051545239/series_002_2_CR/A2504239110 DXA/CR DXA/CR000002.dcm,SPINE,,,2026-09-16T18:11:15,1.2.643.5.1.13.13.12.2.77.8252.03041015000108071402071509131313,2.25.73070100851377917031356937075051545239/series_002_2_CR/A2504239110 DXA/CR DXA/CR000002.dcm,C:\Users\Андрей\Desktop\Хакатон\Исследования\2.25.73070100851377917031356937075051545239\series_002_2_CR\A2504239110 DXA\CR DXA\CR000002.dcm,exact_path,csv_relative_path
Размеченные_499_Илья,C:\Users\Андрей\Desktop\Хакатон\Размеченные_499_Илья\labels.csv,470,2.25.73070100851377917031356937075051545239/series_002_2_CR/A2504239110 DXA/CR DXA/CR000003.dcm,output/2.25.73070100851377917031356937075051545239/series_002_2_CR/A2504239110 DXA/CR DXA/CR000003.dcm,SPINE,,,2026-09-16T18:11:26,1.2.643.5.1.13.13.12.2.77.8252.07150604010711031305090702140107,2.25.73070100851377917031356937075051545239/series_002_2_CR/A2504239110 DXA/CR DXA/CR000003.dcm,C:\Users\Андрей\Desktop\Хакатон\Исследования\2.25.73070100851377917031356937075051545239\series_002_2_CR\A2504239110 DXA\CR DXA\CR000003.dcm,exact_path,csv_relative_path
Размеченные_499_Илья,C:\Users\Андрей\Desktop\Хакатон\Размеченные_499_Илья\labels.csv,471,2.25.73070100851377917031356937075051545239/series_002_2_CR/A2504239110 DXA/CR DXA/CR000004.dcm,output/2.25.73070100851377917031356937075051545239/series_002_2_CR/A2504239110 DXA/CR DXA/CR000004.dcm,LEG,,,2026-09-16T18:11:29,1.2.643.5.1.13.13.12.2.77.8252.13090506040311041500070413151313,2.25.73070100851377917031356937075051545239/series_002_2_CR/A2504239110 DXA/CR DXA/CR000004.dcm,C:\Users\Андрей\Desktop\Хакатон\Исследования\2.25.73070100851377917031356937075051545239\series_002_2_CR\A2504239110 DXA\CR DXA\CR000004.dcm,exact_path,csv_relative_path
Размеченные_499_Илья,C:\Users\Андрей\Desktop\Хакатон\Размеченные_499_Илья\labels.csv,472,2.25.73070100851377917031356937075051545239/series_002_2_CR/A2504239110 DXA/CR DXA/CR000005.dcm,output/2.25.73070100851377917031356937075051545239/series_002_2_CR/A2504239110 DXA/CR DXA/CR000005.dcm,LEG,,,2026-09-16T18:11:37,1.2.643.5.1.13.13.12.2.77.8252.12110509121413070408000802041201,2.25.73070100851377917031356937075051545239/series_002_2_CR/A2504239110 DXA/CR DXA/CR000005.dcm,C:\Users\Андрей\Desktop\Хакатон\Исследования\2.25.73070100851377917031356937075051545239\series_002_2_CR\A2504239110 DXA\CR DXA\CR000005.dcm,exact_path,csv_relative_path
Размеченные_499_Илья,C:\Users\Андрей\Desktop\Хакатон\Размеченные_499_Илья\labels.csv,473,2.25.76710355977373089612172037086913478687/series_002_3_CR/A2504104830 DXA/CR DXA/CR000000.dcm,output/2.25.76710355977373089612172037086913478687/series_002_3_CR/A2504104830 DXA/CR DXA/CR000000.dcm,LEG,,,2026-09-16T18:11:38,1.2.643.5.1.13.13.12.2.77.8252.14130302090906050506100315000611,2.25.76710355977373089612172037086913478687/series_002_3_CR/A2504104830 DXA/CR DXA/CR000000.dcm,C:\Users\Андрей\Desktop\Хакатон\Исследования\2.25.76710355977373089612172037086913478687\series_002_3_CR\A2504104830 DXA\CR DXA\CR000000.dcm,exact_path,csv_relative_path
Размеченные_499_Илья,C:\Users\Андрей\Desktop\Хакатон\Размеченные_499_Илья\labels.csv,474,2.25.76710355977373089612172037086913478687/series_002_3_CR/A2504104830 DXA/CR DXA/CR000001.dcm,output/2.25.76710355977373089612172037086913478687/series_002_3_CR/A2504104830 DXA/CR DXA/CR000001.dcm,SPINE,,,2026-09-16T18:11:41,1.2.643.5.1.13.13.12.2.77.8252.06151311061015011100110511080701,2.25.76710355977373089612172037086913478687/series_002_3_CR/A2504104830 DXA/CR DXA/CR000001.dcm,C:\Users\Андрей\Desktop\Хакатон\Исследования\2.25.76710355977373089612172037086913478687\series_002_3_CR\A2504104830 DXA\CR DXA\CR000001.dcm,exact_path,csv_relative_path
Размеченные_499_Илья,C:\Users\Андрей\Desktop\Хакатон\Размеченные_499_Илья\labels.csv,475,2.25.76710355977373089612172037086913478687/series_002_3_CR/A2504104830 DXA/CR DXA/CR000002.dcm,output/2.25.76710355977373089612172037086913478687/series_002_3_CR/A2504104830 DXA/CR DXA/CR000002.dcm,LEG,,,2026-09-16T18:11:42,1.2.643.5.1.13.13.12.2.77.8252.02050808061207030811150709091509,2.25.76710355977373089612172037086913478687/series_002_3_CR/A2504104830 DXA/CR DXA/CR000002.dcm,C:\Users\Андрей\Desktop\Хакатон\Исследования\2.25.76710355977373089612172037086913478687\series_002_3_CR\A2504104830 DXA\CR DXA\CR000002.dcm,exact_path,csv_relative_path
Размеченные_499_Илья,C:\Users\Андрей\Desktop\Хакатон\Размеченные_499_Илья\labels.csv,476,2.25.78999454687125053757525542837745968726/series_004_3_CR/A2504222617 DXA/CR DXA/CR000000.dcm,output/2.25.78999454687125053757525542837745968726/series_004_3_CR/A2504222617 DXA/CR DXA/CR000000.dcm,LEG,,,2026-09-16T18:11:44,1.2.643.5.1.13.13.12.2.77.8252.05120913001500151408091003040415,2.25.78999454687125053757525542837745968726/series_004_3_CR/A2504222617 DXA/CR DXA/CR000000.dcm,C:\Users\Андрей\Desktop\Хакатон\Исследования\2.25.78999454687125053757525542837745968726\series_004_3_CR\A2504222617 DXA\CR DXA\CR000000.dcm,exact_path,csv_relative_path
Размеченные_499_Илья,C:\Users\Андрей\Desktop\Хакатон\Размеченные_499_Илья\labels.csv,477,2.25.78999454687125053757525542837745968726/series_004_3_CR/A2504222617 DXA/CR DXA/CR000001.dcm,output/2.25.78999454687125053757525542837745968726/series_004_3_CR/A2504222617 DXA/CR DXA/CR000001.dcm,LEG,,,2026-09-16T18:11:46,1.2.643.5.1.13.13.12.2.77.8252.07150713040501120002001009141410,2.25.78999454687125053757525542837745968726/series_004_3_CR/A2504222617 DXA/CR DXA/CR000001.dcm,C:\Users\Андрей\Desktop\Хакатон\Исследования\2.25.78999454687125053757525542837745968726\series_004_3_CR\A2504222617 DXA\CR DXA\CR000001.dcm,exact_path,csv_relative_path
Размеченные_499_Илья,C:\Users\Андрей\Desktop\Хакатон\Размеченные_499_Илья\labels.csv,478,2.25.78999454687125053757525542837745968726/series_004_3_CR/A2504222617 DXA/CR DXA/CR000002.dcm,output/2.25.78999454687125053757525542837745968726/series_004_3_CR/A2504222617 DXA/CR DXA/CR000002.dcm,SPINE,,,2026-09-16T18:11:48,1.2.643.5.1.13.13.12.2.77.8252.11011500050713141305050211140308,2.25.78999454687125053757525542837745968726/series_004_3_CR/A2504222617 DXA/CR DXA/CR000002.dcm,C:\Users\Андрей\Desktop\Хакатон\Исследования\2.25.78999454687125053757525542837745968726\series_004_3_CR\A2504222617 DXA\CR DXA\CR000002.dcm,exact_path,csv_relative_path
Размеченные_499_Илья,C:\Users\Андрей\Desktop\Хакатон\Размеченные_499_Илья\labels.csv,479,2.25.82912555346523716720160717883917565880/series_002_2_CR/A2504149480 DXA/CR DXA/CR000000.dcm,output/2.25.82912555346523716720160717883917565880/series_002_2_CR/A2504149480 DXA/CR DXA/CR000000.dcm,LEG,,,2026-09-16T18:11:49,1.2.643.5.1.13.13.12.2.77.8252.15121403061107000609060400100413,2.25.82912555346523716720160717883917565880/series_002_2_CR/A2504149480 DXA/CR DXA/CR000000.dcm,C:\Users\Андрей\Desktop\Хакатон\Исследования\2.25.82912555346523716720160717883917565880\series_002_2_CR\A2504149480 DXA\CR DXA\CR000000.dcm,exact_path,csv_relative_path
Размеченные_499_Илья,C:\Users\Андрей\Desktop\Хакатон\Размеченные_499_Илья\labels.csv,480,2.25.82912555346523716720160717883917565880/series_002_2_CR/A2504149480 DXA/CR DXA/CR000001.dcm,output/2.25.82912555346523716720160717883917565880/series_002_2_CR/A2504149480 DXA/CR DXA/CR000001.dcm,SPINE,,,2026-09-16T18:11:54,1.2.643.5.1.13.13.12.2.77.8252.14111212050609060202121515040103,2.25.82912555346523716720160717883917565880/series_002_2_CR/A2504149480 DXA/CR DXA/CR000001.dcm,C:\Users\Андрей\Desktop\Хакатон\Исследования\2.25.82912555346523716720160717883917565880\series_002_2_CR\A2504149480 DXA\CR DXA\CR000001.dcm,exact_path,csv_relative_path
Размеченные_499_Илья,C:\Users\Андрей\Desktop\Хакатон\Размеченные_499_Илья\labels.csv,481,2.25.82912555346523716720160717883917565880/series_002_2_CR/A2504149480 DXA/CR DXA/CR000002.dcm,output/2.25.82912555346523716720160717883917565880/series_002_2_CR/A2504149480 DXA/CR DXA/CR000002.dcm,LEG,,,2026-09-16T18:11:55,1.2.643.5.1.13.13.12.2.77.8252.07130510130614040904060413131200,2.25.82912555346523716720160717883917565880/series_002_2_CR/A2504149480 DXA/CR DXA/CR000002.dcm,C:\Users\Андрей\Desktop\Хакатон\Исследования\2.25.82912555346523716720160717883917565880\series_002_2_CR\A2504149480 DXA\CR DXA\CR000002.dcm,exact_path,csv_relative_path
Размеченные_499_Илья,C:\Users\Андрей\Desktop\Хакатон\Размеченные_499_Илья\labels.csv,482,2.25.82912555346523716720160717883917565880/series_002_2_CR/A2504149480 DXA/CR DXA/CR000003.dcm,output/2.25.82912555346523716720160717883917565880/series_002_2_CR/A2504149480 DXA/CR DXA/CR000003.dcm,LEG,,,2026-09-16T18:11:57,1.2.643.5.1.13.13.12.2.77.8252.06060810060308150905140912050013,2.25.82912555346523716720160717883917565880/series_002_2_CR/A2504149480 DXA/CR DXA/CR000003.dcm,C:\Users\Андрей\Desktop\Хакатон\Исследования\2.25.82912555346523716720160717883917565880\series_002_2_CR\A2504149480 DXA\CR DXA\CR000003.dcm,exact_path,csv_relative_path
Размеченные_499_Илья,C:\Users\Андрей\Desktop\Хакатон\Размеченные_499_Илья\labels.csv,483,2.25.82912555346523716720160717883917565880/series_002_2_CR/A2504149480 DXA/CR DXA/CR000004.dcm,output/2.25.82912555346523716720160717883917565880/series_002_2_CR/A2504149480 DXA/CR DXA/CR000004.dcm,LEG,,,2026-09-16T18:11:59,1.2.643.5.1.13.13.12.2.77.8252.13130903011502030304101506090814,2.25.82912555346523716720160717883917565880/series_002_2_CR/A2504149480 DXA/CR DXA/CR000004.dcm,C:\Users\Андрей\Desktop\Хакатон\Исследования\2.25.82912555346523716720160717883917565880\series_002_2_CR\A2504149480 DXA\CR DXA\CR000004.dcm,exact_path,csv_relative_path
Размеченные_499_Илья,C:\Users\Андрей\Desktop\Хакатон\Размеченные_499_Илья\labels.csv,484,2.25.82912555346523716720160717883917565880/series_002_2_CR/A2504149480 DXA/CR DXA/CR000005.dcm,output/2.25.82912555346523716720160717883917565880/series_002_2_CR/A2504149480 DXA/CR DXA/CR000005.dcm,SPINE,,,2026-09-16T18:12:01,1.2.643.5.1.13.13.12.2.77.8252.15001111061311011106030303001309,2.25.82912555346523716720160717883917565880/series_002_2_CR/A2504149480 DXA/CR DXA/CR000005.dcm,C:\Users\Андрей\Desktop\Хакатон\Исследования\2.25.82912555346523716720160717883917565880\series_002_2_CR\A2504149480 DXA\CR DXA\CR000005.dcm,exact_path,csv_relative_path
Размеченные_499_Илья,C:\Users\Андрей\Desktop\Хакатон\Размеченные_499_Илья\labels.csv,485,2.25.87718478011637131470224319788530286374/series_002_2_CR/A2504337993 DXA/CR DXA/CR000000.dcm,output/2.25.87718478011637131470224319788530286374/series_002_2_CR/A2504337993 DXA/CR DXA/CR000000.dcm,SPINE,,,2026-09-16T18:12:02,1.2.643.5.1.13.13.12.2.77.8252.10041006131411151513070104110809,2.25.87718478011637131470224319788530286374/series_002_2_CR/A2504337993 DXA/CR DXA/CR000000.dcm,C:\Users\Андрей\Desktop\Хакатон\Исследования\2.25.87718478011637131470224319788530286374\series_002_2_CR\A2504337993 DXA\CR DXA\CR000000.dcm,exact_path,csv_relative_path
Размеченные_499_Илья,C:\Users\Андрей\Desktop\Хакатон\Размеченные_499_Илья\labels.csv,486,2.25.87869906212286587478854831452123526595/series_002_2_CR/A250419699 DXA/CR DXA/CR000000.dcm,output/2.25.87869906212286587478854831452123526595/series_002_2_CR/A250419699 DXA/CR DXA/CR000000.dcm,LEG,,,2026-09-16T18:12:06,1.2.643.5.1.13.13.12.2.77.8252.06111209081313111015020309051508,2.25.87869906212286587478854831452123526595/series_002_2_CR/A250419699 DXA/CR DXA/CR000000.dcm,C:\Users\Андрей\Desktop\Хакатон\Исследования\2.25.87869906212286587478854831452123526595\series_002_2_CR\A250419699 DXA\CR DXA\CR000000.dcm,exact_path,csv_relative_path
Размеченные_499_Илья,C:\Users\Андрей\Desktop\Хакатон\Размеченные_499_Илья\labels.csv,487,2.25.87869906212286587478854831452123526595/series_002_2_CR/A250419699 DXA/CR DXA/CR000001.dcm,output/2.25.87869906212286587478854831452123526595/series_002_2_CR/A250419699 DXA/CR DXA/CR000001.dcm,SPINE,,,2026-09-16T18:12:08,1.2.643.5.1.13.13.12.2.77.8252.04050904100201141507070306131511,2.25.87869906212286587478854831452123526595/series_002_2_CR/A250419699 DXA/CR DXA/CR000001.dcm,C:\Users\Андрей\Desktop\Хакатон\Исследования\2.25.87869906212286587478854831452123526595\series_002_2_CR\A250419699 DXA\CR DXA\CR000001.dcm,exact_path,csv_relative_path
Размеченные_499_Илья,C:\Users\Андрей\Desktop\Хакатон\Размеченные_499_Илья\labels.csv,488,2.25.87869906212286587478854831452123526595/series_002_2_CR/A250419699 DXA/CR DXA/CR000002.dcm,output/2.25.87869906212286587478854831452123526595/series_002_2_CR/A250419699 DXA/CR DXA/CR000002.dcm,LEG,,,2026-09-16T18:12:11,1.2.643.5.1.13.13.12.2.77.8252.15101115041306031303150405131115,2.25.87869906212286587478854831452123526595/series_002_2_CR/A250419699 DXA/CR DXA/CR000002.dcm,C:\Users\Андрей\Desktop\Хакатон\Исследования\2.25.87869906212286587478854831452123526595\series_002_2_CR\A250419699 DXA\CR DXA\CR000002.dcm,exact_path,csv_relative_path
Размеченные_499_Илья,C:\Users\Андрей\Desktop\Хакатон\Размеченные_499_Илья\labels.csv,489,2.25.91981043841368764114007975581101713077/series_003_2_CR/A250496619 DXA/CR DXA/CR000000.dcm,output/2.25.91981043841368764114007975581101713077/series_003_2_CR/A250496619 DXA/CR DXA/CR000000.dcm,LEG,,,2026-09-16T18:12:12,1.2.643.5.1.13.13.12.2.77.8252.08061201060114131102110802141411,2.25.91981043841368764114007975581101713077/series_003_2_CR/A250496619 DXA/CR DXA/CR000000.dcm,C:\Users\Андрей\Desktop\Хакатон\Исследования\2.25.91981043841368764114007975581101713077\series_003_2_CR\A250496619 DXA\CR DXA\CR000000.dcm,exact_path,csv_relative_path
Размеченные_499_Илья,C:\Users\Андрей\Desktop\Хакатон\Размеченные_499_Илья\labels.csv,490,2.25.91981043841368764114007975581101713077/series_003_2_CR/A250496619 DXA/CR DXA/CR000001.dcm,output/2.25.91981043841368764114007975581101713077/series_003_2_CR/A250496619 DXA/CR DXA/CR000001.dcm,LEG,,,2026-09-16T18:12:14,1.2.643.5.1.13.13.12.2.77.8252.04141409090807040100020211061514,2.25.91981043841368764114007975581101713077/series_003_2_CR/A250496619 DXA/CR DXA/CR000001.dcm,C:\Users\Андрей\Desktop\Хакатон\Исследования\2.25.91981043841368764114007975581101713077\series_003_2_CR\A250496619 DXA\CR DXA\CR000001.dcm,exact_path,csv_relative_path
Размеченные_499_Илья,C:\Users\Андрей\Desktop\Хакатон\Размеченные_499_Илья\labels.csv,491,2.25.91981043841368764114007975581101713077/series_003_2_CR/A250496619 DXA/CR DXA/CR000002.dcm,output/2.25.91981043841368764114007975581101713077/series_003_2_CR/A250496619 DXA/CR DXA/CR000002.dcm,LEG,,,2026-09-16T18:12:16,1.2.643.5.1.13.13.12.2.77.8252.04000607141411061507120106050309,2.25.91981043841368764114007975581101713077/series_003_2_CR/A250496619 DXA/CR DXA/CR000002.dcm,C:\Users\Андрей\Desktop\Хакатон\Исследования\2.25.91981043841368764114007975581101713077\series_003_2_CR\A250496619 DXA\CR DXA\CR000002.dcm,exact_path,csv_relative_path
Размеченные_499_Илья,C:\Users\Андрей\Desktop\Хакатон\Размеченные_499_Илья\labels.csv,492,2.25.91981043841368764114007975581101713077/series_003_2_CR/A250496619 DXA/CR DXA/CR000003.dcm,output/2.25.91981043841368764114007975581101713077/series_003_2_CR/A250496619 DXA/CR DXA/CR000003.dcm,LEG,,,2026-09-16T18:12:18,1.2.643.5.1.13.13.12.2.77.8252.03130309141409040708100214070815,2.25.91981043841368764114007975581101713077/series_003_2_CR/A250496619 DXA/CR DXA/CR000003.dcm,C:\Users\Андрей\Desktop\Хакатон\Исследования\2.25.91981043841368764114007975581101713077\series_003_2_CR\A250496619 DXA\CR DXA\CR000003.dcm,exact_path,csv_relative_path
Размеченные_499_Илья,C:\Users\Андрей\Desktop\Хакатон\Размеченные_499_Илья\labels.csv,493,2.25.91981043841368764114007975581101713077/series_003_2_CR/A250496619 DXA/CR DXA/CR000004.dcm,output/2.25.91981043841368764114007975581101713077/series_003_2_CR/A250496619 DXA/CR DXA/CR000004.dcm,SPINE,,,2026-09-16T18:12:19,1.2.643.5.1.13.13.12.2.77.8252.07021003040810040809000711080701,2.25.91981043841368764114007975581101713077/series_003_2_CR/A250496619 DXA/CR DXA/CR000004.dcm,C:\Users\Андрей\Desktop\Хакатон\Исследования\2.25.91981043841368764114007975581101713077\series_003_2_CR\A250496619 DXA\CR DXA\CR000004.dcm,exact_path,csv_relative_path
Размеченные_499_Илья,C:\Users\Андрей\Desktop\Хакатон\Размеченные_499_Илья\labels.csv,494,2.25.91981043841368764114007975581101713077/series_003_2_CR/A250496619 DXA/CR DXA/CR000005.dcm,output/2.25.91981043841368764114007975581101713077/series_003_2_CR/A250496619 DXA/CR DXA/CR000005.dcm,LEG,,,2026-09-16T18:12:21,1.2.643.5.1.13.13.12.2.77.8252.04111101091200130111070203120509,2.25.91981043841368764114007975581101713077/series_003_2_CR/A250496619 DXA/CR DXA/CR000005.dcm,C:\Users\Андрей\Desktop\Хакатон\Исследования\2.25.91981043841368764114007975581101713077\series_003_2_CR\A250496619 DXA\CR DXA\CR000005.dcm,exact_path,csv_relative_path
Размеченные_499_Илья,C:\Users\Андрей\Desktop\Хакатон\Размеченные_499_Илья\labels.csv,495,2.25.91981043841368764114007975581101713077/series_003_2_CR/A250496619 DXA/CR DXA/CR000006.dcm,output/2.25.91981043841368764114007975581101713077/series_003_2_CR/A250496619 DXA/CR DXA/CR000006.dcm,LEG,,,2026-09-16T18:12:23,1.2.643.5.1.13.13.12.2.77.8252.04141300131506141004121211120710,2.25.91981043841368764114007975581101713077/series_003_2_CR/A250496619 DXA/CR DXA/CR000006.dcm,C:\Users\Андрей\Desktop\Хакатон\Исследования\2.25.91981043841368764114007975581101713077\series_003_2_CR\A250496619 DXA\CR DXA\CR000006.dcm,exact_path,csv_relative_path
Размеченные_499_Илья,C:\Users\Андрей\Desktop\Хакатон\Размеченные_499_Илья\labels.csv,496,2.25.91981043841368764114007975581101713077/series_003_2_CR/A250496619 DXA/CR DXA/CR000007.dcm,output/2.25.91981043841368764114007975581101713077/series_003_2_CR/A250496619 DXA/CR DXA/CR000007.dcm,LEG,,,2026-09-16T18:12:24,1.2.643.5.1.13.13.12.2.77.8252.09031306140406050914091115001515,2.25.91981043841368764114007975581101713077/series_003_2_CR/A250496619 DXA/CR DXA/CR000007.dcm,C:\Users\Андрей\Desktop\Хакатон\Исследования\2.25.91981043841368764114007975581101713077\series_003_2_CR\A250496619 DXA\CR DXA\CR000007.dcm,exact_path,csv_relative_path
Размеченные_499_Илья,C:\Users\Андрей\Desktop\Хакатон\Размеченные_499_Илья\labels.csv,497,2.25.91981043841368764114007975581101713077/series_003_2_CR/A250496619 DXA/CR DXA/CR000008.dcm,output/2.25.91981043841368764114007975581101713077/series_003_2_CR/A250496619 DXA/CR DXA/CR000008.dcm,LEG,,,2026-09-16T18:12:26,1.2.643.5.1.13.13.12.2.77.8252.03070910041410130909021014090904,2.25.91981043841368764114007975581101713077/series_003_2_CR/A250496619 DXA/CR DXA/CR000008.dcm,C:\Users\Андрей\Desktop\Хакатон\Исследования\2.25.91981043841368764114007975581101713077\series_003_2_CR\A250496619 DXA\CR DXA\CR000008.dcm,exact_path,csv_relative_path
Размеченные_499_Илья,C:\Users\Андрей\Desktop\Хакатон\Размеченные_499_Илья\labels.csv,498,2.25.91981043841368764114007975581101713077/series_003_2_CR/A250496619 DXA/CR DXA/CR000009.dcm,output/2.25.91981043841368764114007975581101713077/series_003_2_CR/A250496619 DXA/CR DXA/CR000009.dcm,SPINE,,,2026-09-16T18:12:27,1.2.643.5.1.13.13.12.2.77.8252.01031400050508070812091015000904,2.25.91981043841368764114007975581101713077/series_003_2_CR/A250496619 DXA/CR DXA/CR000009.dcm,C:\Users\Андрей\Desktop\Хакатон\Исследования\2.25.91981043841368764114007975581101713077\series_003_2_CR\A250496619 DXA\CR DXA\CR000009.dcm,exact_path,csv_relative_path
Размеченные_499_Илья,C:\Users\Андрей\Desktop\Хакатон\Размеченные_499_Илья\labels.csv,499,2.25.91981043841368764114007975581101713077/series_003_2_CR/A250496619 DXA/CR DXA/CR000010.dcm,output/2.25.91981043841368764114007975581101713077/series_003_2_CR/A250496619 DXA/CR DXA/CR000010.dcm,SPINE,,,2026-09-16T18:12:29,1.2.643.5.1.13.13.12.2.77.8252.07120905081404061009060805020905,2.25.91981043841368764114007975581101713077/series_003_2_CR/A250496619 DXA/CR DXA/CR000010.dcm,C:\Users\Андрей\Desktop\Хакатон\Исследования\2.25.91981043841368764114007975581101713077\series_003_2_CR\A250496619 DXA\CR DXA\CR000010.dcm,exact_path,csv_relative_path
Размеченные_499_Илья,C:\Users\Андрей\Desktop\Хакатон\Размеченные_499_Илья\labels.csv,500,2.25.91981043841368764114007975581101713077/series_003_2_CR/A250496619 DXA/CR DXA/CR000011.dcm,output/2.25.91981043841368764114007975581101713077/series_003_2_CR/A250496619 DXA/CR DXA/CR000011.dcm,LEG,,,2026-09-16T18:12:35,1.2.643.5.1.13.13.12.2.77.8252.07130502151014041012130400130108,2.25.91981043841368764114007975581101713077/series_003_2_CR/A250496619 DXA/CR DXA/CR000011.dcm,C:\Users\Андрей\Desktop\Хакатон\Исследования\2.25.91981043841368764114007975581101713077\series_003_2_CR\A250496619 DXA\CR DXA\CR000011.dcm,exact_path,csv_relative_path
Размеченные_old,C:\Users\Андрей\Desktop\Хакатон\Размеченные_old\labels.csv,2,1.2.840.113619.2.110.512719.20250403090444/series_004_3_CR/DXA/CR DXA/CR000000.dcm,output/1.2.840.113619.2.110.512719.20250403090444/series_004_3_CR/DXA/CR DXA/CR000000.dcm,UNKNOWN,,,2026-09-16T15:45:52,1.2.643.5.1.13.13.12.2.77.8252.14031015091008031013040205110915,1.2.840.113619.2.110.512719.20250403090444/series_004_3_CR/DXA/CR DXA/CR000000.dcm,C:\Users\Андрей\Desktop\Хакатон\Исследования\1.2.840.113619.2.110.512719.20250403090444\series_004_3_CR\DXA\CR DXA\CR000000.dcm,exact_path,csv_relative_path
Размеченные_old,C:\Users\Андрей\Desktop\Хакатон\Размеченные_old\labels.csv,3,1.2.840.113619.2.110.512719.20250403090444/series_004_3_CR/DXA/CR DXA/CR000001.dcm,output/1.2.840.113619.2.110.512719.20250403090444/series_004_3_CR/DXA/CR DXA/CR000001.dcm,UNKNOWN,,,2026-09-16T15:45:52,1.2.643.5.1.13.13.12.2.77.8252.03030811151201151502050615010000,1.2.840.113619.2.110.512719.20250403090444/series_004_3_CR/DXA/CR DXA/CR000001.dcm,C:\Users\Андрей\Desktop\Хакатон\Исследования\1.2.840.113619.2.110.512719.20250403090444\series_004_3_CR\DXA\CR DXA\CR000001.dcm,exact_path,csv_relative_path
Размеченные_old,C:\Users\Андрей\Desktop\Хакатон\Размеченные_old\labels.csv,4,1.2.840.113619.2.110.512719.20250403090444/series_004_3_CR/DXA/CR DXA/CR000002.dcm,output/1.2.840.113619.2.110.512719.20250403090444/series_004_3_CR/DXA/CR DXA/CR000002.dcm,UNKNOWN,,,2026-09-16T15:45:53,1.2.643.5.1.13.13.12.2.77.8252.06000812101106141213041404150112,1.2.840.113619.2.110.512719.20250403090444/series_004_3_CR/DXA/CR DXA/CR000002.dcm,C:\Users\Андрей\Desktop\Хакатон\Исследования\1.2.840.113619.2.110.512719.20250403090444\series_004_3_CR\DXA\CR DXA\CR000002.dcm,exact_path,csv_relative_path
