path,tag,name,keyword,VR,private,value,count
"FileMeta/(0002,0000)","(0002,0000)",File Meta Information Group Length,FileMetaInformationGroupLength,UL,False,206,499
"FileMeta/(0002,0001)","(0002,0001)",File Meta Information Version,FileMetaInformationVersion,OB,False,<bytes len=2 sha1=3f29546453678b855931c174a97d6c0894b8f546>,499
"FileMeta/(0002,0002)","(0002,0002)",Media Storage SOP Class UID,MediaStorageSOPClassUID,UI,False,1.2.840.10008.5.1.4.1.1.1,499
"FileMeta/(0002,0003)","(0002,0003)",Media Storage SOP Instance UID,MediaStorageSOPInstanceUID,UI,False,1.2.643.5.1.13.13.12.2.77.8252.14031015091008031013040205110915,1
"FileMeta/(0002,0003)","(0002,0003)",Media Storage SOP Instance UID,MediaStorageSOPInstanceUID,UI,False,1.2.643.5.1.13.13.12.2.77.8252.03030811151201151502050615010000,1
"FileMeta/(0002,0003)","(0002,0003)",Media Storage SOP Instance UID,MediaStorageSOPInstanceUID,UI,False,1.2.643.5.1.13.13.12.2.77.8252.06000812101106141213041404150112,1
"FileMeta/(0002,0003)","(0002,0003)",Media Storage SOP Instance UID,MediaStorageSOPInstanceUID,UI,False,1.2.643.5.1.13.13.12.2.77.8252.10130209021503050013090302090705,1
"FileMeta/(0002,0003)","(0002,0003)",Media Storage SOP Instance UID,MediaStorageSOPInstanceUID,UI,False,1.2.643.5.1.13.13.12.2.77.8252.13011105091309080008130511041109,1
"FileMeta/(0002,0003)","(0002,0003)",Media Storage SOP Instance UID,MediaStorageSOPInstanceUID,UI,False,1.2.643.5.1.13.13.12.2.77.8252.04131215000514000414051510091103,1
"FileMeta/(0002,0003)","(0002,0003)",Media Storage SOP Instance UID,MediaStorageSOPInstanceUID,UI,False,1.2.643.5.1.13.13.12.2.77.8252.06140010030611061314081200121305,1
"FileMeta/(0002,0003)","(0002,0003)",Media Storage SOP Instance UID,MediaStorageSOPInstanceUID,UI,False,1.2.643.5.1.13.13.12.2.77.8252.09050515110402090102050206010406,1
"FileMeta/(0002,0003)","(0002,0003)",Media Storage SOP Instance UID,MediaStorageSOPInstanceUID,UI,False,1.2.643.5.1.13.13.12.2.77.8252.09040712010609120601031410140610,1
"FileMeta/(0002,0003)","(0002,0003)",Media Storage SOP Instance UID,MediaStorageSOPInstanceUID,UI,False,1.2.643.5.1.13.13.12.2.77.8252.07120303070106110214090814060908,1
"FileMeta/(0002,0003)","(0002,0003)",Media Storage SOP Instance UID,MediaStorageSOPInstanceUID,UI,False,1.2.643.5.1.13.13.12.2.77.8252.14060811030909110008140112131212,1
"FileMeta/(0002,0003)","(0002,0003)",Media Storage SOP Instance UID,MediaStorageSOPInstanceUID,UI,False,1.2.643.5.1.13.13.12.2.77.8252.06111207031100151513000412070105,1
"FileMeta/(0002,0003)","(0002,0003)",Media Storage SOP Instance UID,MediaStorageSOPInstanceUID,UI,False,1.2.643.5.1.13.13.12.2.77.8252.07140808121311040315101301051200,1
"FileMeta/(0002,0003)","(0002,0003)",Media Storage SOP Instance UID,MediaStorageSOPInstanceUID,UI,False,1.2.643.5.1.13.13.12.2.77.8252.10011302120900111505101501141402,1
"FileMeta/(0002,0003)","(0002,0003)",Media Storage SOP Instance UID,MediaStorageSOPInstanceUID,UI,False,1.2.643.5.1.13.13.12.2.77.8252.03030413031313090107050002151508,1
"FileMeta/(0002,0003)","(0002,0003)",Media Storage SOP Instance UID,MediaStorageSOPInstanceUID,UI,False,1.2.643.5.1.13.13.12.2.77.8252.13101207101114060008151413130115,1
"FileMeta/(0002,0003)","(0002,0003)",Media Storage SOP Instance UID,MediaStorageSOPInstanceUID,UI,False,1.2.643.5.1.13.13.12.2.77.8252.07150612000412081110110102150004,1
"FileMeta/(0002,0003)","(0002,0003)",Media Storage SOP Instance UID,MediaStorageSOPInstanceUID,UI,False,1.2.643.5.1.13.13.12.2.77.8252.08010006000103071201020606001302,1
"FileMeta/(0002,0003)","(0002,0003)",Media Storage SOP Instance UID,MediaStorageSOPInstanceUID,UI,False,1.2.643.5.1.13.13.12.2.77.8252.07000215121313030213041009101409,1
"FileMeta/(0002,0003)","(0002,0003)",Media Storage SOP Instance UID,MediaStorageSOPInstanceUID,UI,False,1.2.643.5.1.13.13.12.2.77.8252.14131410040814100713070401091213,1
"FileMeta/(0002,0003)","(0002,0003)",Media Storage SOP Instance UID,MediaStorageSOPInstanceUID,UI,False,1.2.643.5.1.13.13.12.2.77.8252.03081500040505121009070211080902,1
"FileMeta/(0002,0003)","(0002,0003)",Media Storage SOP Instance UID,MediaStorageSOPInstanceUID,UI,False,1.2.643.5.1.13.13.12.2.77.8252.01140903011212140408111315130511,1
"FileMeta/(0002,0003)","(0002,0003)",Media Storage SOP Instance UID,MediaStorageSOPInstanceUID,UI,False,1.2.643.5.1.13.13.12.2.77.8252.10030113050111051002020402141304,1
"FileMeta/(0002,0003)","(0002,0003)",Media Storage SOP Instance UID,MediaStorageSOPInstanceUID,UI,False,1.2.643.5.1.13.13.12.2.77.8252.10100907120107030904131503081506,1
"FileMeta/(0002,0003)","(0002,0003)",Media Storage SOP Instance UID,MediaStorageSOPInstanceUID,UI,False,1.2.643.5.1.13.13.12.2.77.8252.11020107010405070800051206110610,1
"FileMeta/(0002,0003)","(0002,0003)",Media Storage SOP Instance UID,MediaStorageSOPInstanceUID,UI,False,1.2.643.5.1.13.13.12.2.77.8252.07001207050006000600091513060701,1
"FileMeta/(0002,0003)","(0002,0003)",Media Storage SOP Instance UID,MediaStorageSOPInstanceUID,UI,False,1.2.643.5.1.13.13.12.2.77.8252.10091111150614140108020903000009,1
"FileMeta/(0002,0003)","(0002,0003)",Media Storage SOP Instance UID,MediaStorageSOPInstanceUID,UI,False,1.2.643.5.1.13.13.12.2.77.8252.10140807011010031112140700150015,1
"FileMeta/(0002,0003)","(0002,0003)",Media Storage SOP Instance UID,MediaStorageSOPInstanceUID,UI,False,1.2.643.5.1.13.13.12.2.77.8252.11011413051206050400150606100110,1
"FileMeta/(0002,0003)","(0002,0003)",Media Storage SOP Instance UID,MediaStorageSOPInstanceUID,UI,False,1.2.643.5.1.13.13.12.2.77.8252.06050309100102041203101101110913,1
"FileMeta/(0002,0003)","(0002,0003)",Media Storage SOP Instance UID,MediaStorageSOPInstanceUID,UI,False,1.2.643.5.1.13.13.12.2.77.8252.15031208100010080909150509041308,1
"FileMeta/(0002,0003)","(0002,0003)",Media Storage SOP Instance UID,MediaStorageSOPInstanceUID,UI,False,1.2.643.5.1.13.13.12.2.77.8252.12051209130410130502141403101414,1
"FileMeta/(0002,0003)","(0002,0003)",Media Storage SOP Instance UID,MediaStorageSOPInstanceUID,UI,False,1.2.643.5.1.13.13.12.2.77.8252.08120904010605130814050710080508,1
"FileMeta/(0002,0003)","(0002,0003)",Media Storage SOP Instance UID,MediaStorageSOPInstanceUID,UI,False,1.2.643.5.1.13.13.12.2.77.8252.00071307071102020311080215100104,1
"FileMeta/(0002,0003)","(0002,0003)",Media Storage SOP Instance UID,MediaStorageSOPInstanceUID,UI,False,1.2.643.5.1.13.13.12.2.77.8252.12021012060504060503030002061208,1
"FileMeta/(0002,0003)","(0002,0003)",Media Storage SOP Instance UID,MediaStorageSOPInstanceUID,UI,False,1.2.643.5.1.13.13.12.2.77.8252.11131406091213131205130612021414,1
"FileMeta/(0002,0003)","(0002,0003)",Media Storage SOP Instance UID,MediaStorageSOPInstanceUID,UI,False,1.2.643.5.1.13.13.12.2.77.8252.14130208070502001411050502150202,1
"FileMeta/(0002,0003)","(0002,0003)",Media Storage SOP Instance UID,MediaStorageSOPInstanceUID,UI,False,1.2.643.5.1.13.13.12.2.77.8252.11120508121303130402081303070008,1
"FileMeta/(0002,0003)","(0002,0003)",Media Storage SOP Instance UID,MediaStorageSOPInstanceUID,UI,False,1.2.643.5.1.13.13.12.2.77.8252.03090510061307040702090411010105,1
"FileMeta/(0002,0003)","(0002,0003)",Media Storage SOP Instance UID,MediaStorageSOPInstanceUID,UI,False,1.2.643.5.1.13.13.12.2.77.8252.14031513011512070711151413071213,1
"FileMeta/(0002,0003)","(0002,0003)",Media Storage SOP Instance UID,MediaStorageSOPInstanceUID,UI,False,1.2.643.5.1.13.13.12.2.77.8252.07121414121104070401050315140813,1
"FileMeta/(0002,0003)","(0002,0003)",Media Storage SOP Instance UID,MediaStorageSOPInstanceUID,UI,False,1.2.643.5.1.13.13.12.2.77.8252.11051001091403121310010813110103,1
"FileMeta/(0002,0003)","(0002,0003)",Media Storage SOP Instance UID,MediaStorageSOPInstanceUID,UI,False,1.2.643.5.1.13.13.12.2.77.8252.12051512011202090502051206130907,1
"FileMeta/(0002,0003)","(0002,0003)",Media Storage SOP Instance UID,MediaStorageSOPInstanceUID,UI,False,1.2.643.5.1.13.13.12.2.77.8252.08110803080105090710150006100300,1
"FileMeta/(0002,0003)","(0002,0003)",Media Storage SOP Instance UID,MediaStorageSOPInstanceUID,UI,False,1.2.643.5.1.13.13.12.2.77.8252.13030903151515081500090603041412,1
"FileMeta/(0002,0003)","(0002,0003)",Media Storage SOP Instance UID,MediaStorageSOPInstanceUID,UI,False,1.2.643.5.1.13.13.12.2.77.8252.08101400121500101415120401040211,1
"FileMeta/(0002,0003)","(0002,0003)",Media Storage SOP Instance UID,MediaStorageSOPInstanceUID,UI,False,1.2.643.5.1.13.13.12.2.77.8252.15090515141309140806011408041204,1
"FileMeta/(0002,0003)","(0002,0003)",Media Storage SOP Instance UID,MediaStorageSOPInstanceUID,UI,False,1.2.643.5.1.13.13.12.2.77.8252.03150400010605060115070904121304,1
"FileMeta/(0002,0003)","(0002,0003)",Media Storage SOP Instance UID,MediaStorageSOPInstanceUID,UI,False,1.2.643.5.1.13.13.12.2.77.8252.15050814070214050107040604101305,1
"FileMeta/(0002,0003)","(0002,0003)",Media Storage SOP Instance UID,MediaStorageSOPInstanceUID,UI,False,1.2.643.5.1.13.13.12.2.77.8252.00111415140915030904140513150113,1
"FileMeta/(0002,0003)","(0002,0003)",Media Storage SOP Instance UID,MediaStorageSOPInstanceUID,UI,False,1.2.643.5.1.13.13.12.2.77.8252.08111114040702130902010708100700,1
"FileMeta/(0002,0003)","(0002,0003)",Media Storage SOP Instance UID,MediaStorageSOPInstanceUID,UI,False,1.2.643.5.1.13.13.12.2.77.8252.10001500010311100907131007040004,1
"FileMeta/(0002,0003)","(0002,0003)",Media Storage SOP Instance UID,MediaStorageSOPInstanceUID,UI,False,1.2.643.5.1.13.13.12.2.77.8252.11151502000914000710090013020813,1
"FileMeta/(0002,0003)","(0002,0003)",Media Storage SOP Instance UID,MediaStorageSOPInstanceUID,UI,False,1.2.643.5.1.13.13.12.2.77.8252.10141411130204150513090803110213,1
"FileMeta/(0002,0003)","(0002,0003)",Media Storage SOP Instance UID,MediaStorageSOPInstanceUID,UI,False,1.2.643.5.1.13.13.12.2.77.8252.09060814101015050208090100150206,1
"FileMeta/(0002,0003)","(0002,0003)",Media Storage SOP Instance UID,MediaStorageSOPInstanceUID,UI,False,1.2.643.5.1.13.13.12.2.77.8252.11060402050912131204000502001414,1
"FileMeta/(0002,0003)","(0002,0003)",Media Storage SOP Instance UID,MediaStorageSOPInstanceUID,UI,False,1.2.643.5.1.13.13.12.2.77.8252.04051301070809101001111312060114,1
"FileMeta/(0002,0003)","(0002,0003)",Media Storage SOP Instance UID,MediaStorageSOPInstanceUID,UI,False,1.2.643.5.1.13.13.12.2.77.8252.08050414010100010110100910070904,1
"FileMeta/(0002,0003)","(0002,0003)",Media Storage SOP Instance UID,MediaStorageSOPInstanceUID,UI,False,1.2.643.5.1.13.13.12.2.77.8252.13011301091003020814061203020304,1
"FileMeta/(0002,0003)","(0002,0003)",Media Storage SOP Instance UID,MediaStorageSOPInstanceUID,UI,False,1.2.643.5.1.13.13.12.2.77.8252.01010713081306120510130101121412,1
"FileMeta/(0002,0003)","(0002,0003)",Media Storage SOP Instance UID,MediaStorageSOPInstanceUID,UI,False,1.2.643.5.1.13.13.12.2.77.8252.05150512091506110304120408070606,1
"FileMeta/(0002,0003)","(0002,0003)",Media Storage SOP Instance UID,MediaStorageSOPInstanceUID,UI,False,1.2.643.5.1.13.13.12.2.77.8252.02101009080308000015051512140806,1
"FileMeta/(0002,0003)","(0002,0003)",Media Storage SOP Instance UID,MediaStorageSOPInstanceUID,UI,False,1.2.643.5.1.13.13.12.2.77.8252.02091106060004131215091000000909,1
"FileMeta/(0002,0003)","(0002,0003)",Media Storage SOP Instance UID,MediaStorageSOPInstanceUID,UI,False,1.2.643.5.1.13.13.12.2.77.8252.15060100040008041103060904131005,1
"FileMeta/(0002,0003)","(0002,0003)",Media Storage SOP Instance UID,MediaStorageSOPInstanceUID,UI,False,1.2.643.5.1.13.13.12.2.77.8252.03040807040905131500140112021404,1
"FileMeta/(0002,0003)","(0002,0003)",Media Storage SOP Instance UID,MediaStorageSOPInstanceUID,UI,False,1.2.643.5.1.13.13.12.2.77.8252.11100905091110000105111305090709,1
"FileMeta/(0002,0003)","(0002,0003)",Media Storage SOP Instance UID,MediaStorageSOPInstanceUID,UI,False,1.2.643.5.1.13.13.12.2.77.8252.09071502150602001009041214040315,1
"FileMeta/(0002,0003)","(0002,0003)",Media Storage SOP Instance UID,MediaStorageSOPInstanceUID,UI,False,1.2.643.5.1.13.13.12.2.77.8252.12031311070507060813050800031313,1
"FileMeta/(0002,0003)","(0002,0003)",Media Storage SOP Instance UID,MediaStorageSOPInstanceUID,UI,False,1.2.643.5.1.13.13.12.2.77.8252.04131510070001011107040403071102,1
"FileMeta/(0002,0003)","(0002,0003)",Media Storage SOP Instance UID,MediaStorageSOPInstanceUID,UI,False,1.2.643.5.1.13.13.12.2.77.8252.08050506060410091114110412130504,1
"FileMeta/(0002,0003)","(0002,0003)",Media Storage SOP Instance UID,MediaStorageSOPInstanceUID,UI,False,1.2.643.5.1.13.13.12.2.77.8252.10081312010805021201100507060411,1
"FileMeta/(0002,0003)","(0002,0003)",Media Storage SOP Instance UID,MediaStorageSOPInstanceUID,UI,False,1.2.643.5.1.13.13.12.2.77.8252.06141210040207130507130606070312,1
"FileMeta/(0002,0003)","(0002,0003)",Media Storage SOP Instance UID,MediaStorageSOPInstanceUID,UI,False,1.2.643.5.1.13.13.12.2.77.8252.08121504041301080101130415050611,1
"FileMeta/(0002,0003)","(0002,0003)",Media Storage SOP Instance UID,MediaStorageSOPInstanceUID,UI,False,1.2.643.5.1.13.13.12.2.77.8252.10031005061115110908060312000307,1
"FileMeta/(0002,0003)","(0002,0003)",Media Storage SOP Instance UID,MediaStorageSOPInstanceUID,UI,False,1.2.643.5.1.13.13.12.2.77.8252.11151304101402090112060913070605,1
"FileMeta/(0002,0003)","(0002,0003)",Media Storage SOP Instance UID,MediaStorageSOPInstanceUID,UI,False,1.2.643.5.1.13.13.12.2.77.8252.13130511100900071404010502130909,1
"FileMeta/(0002,0003)","(0002,0003)",Media Storage SOP Instance UID,MediaStorageSOPInstanceUID,UI,False,1.2.643.5.1.13.13.12.2.77.8252.10040807011312021210130513011200,1
"FileMeta/(0002,0003)","(0002,0003)",Media Storage SOP Instance UID,MediaStorageSOPInstanceUID,UI,False,1.2.643.5.1.13.13.12.2.77.8252.03120008051300001208141011101302,1
"FileMeta/(0002,0003)","(0002,0003)",Media Storage SOP Instance UID,MediaStorageSOPInstanceUID,UI,False,1.2.643.5.1.13.13.12.2.77.8252.01070801081413060013111012010201,1
"FileMeta/(0002,0003)","(0002,0003)",Media Storage SOP Instance UID,MediaStorageSOPInstanceUID,UI,False,1.2.643.5.1.13.13.12.2.77.8252.14080500031007021314121106040303,1
"FileMeta/(0002,0003)","(0002,0003)",Media Storage SOP Instance UID,MediaStorageSOPInstanceUID,UI,False,1.2.643.5.1.13.13.12.2.77.8252.03020502031409151006020306090105,1
"FileMeta/(0002,0003)","(0002,0003)",Media Storage SOP Instance UID,MediaStorageSOPInstanceUID,UI,False,1.2.643.5.1.13.13.12.2.77.8252.07111115111305011108141412010801,1
"FileMeta/(0002,0003)","(0002,0003)",Media Storage SOP Instance UID,MediaStorageSOPInstanceUID,UI,False,1.2.643.5.1.13.13.12.2.77.8252.02011409120209130807021302101100,1
"FileMeta/(0002,0003)","(0002,0003)",Media Storage SOP Instance UID,MediaStorageSOPInstanceUID,UI,False,1.2.643.5.1.13.13.12.2.77.8252.07050602130910101513020700010509,1
"FileMeta/(0002,0003)","(0002,0003)",Media Storage SOP Instance UID,MediaStorageSOPInstanceUID,UI,False,1.2.643.5.1.13.13.12.2.77.8252.02030508140000071310150302011113,1
"FileMeta/(0002,0003)","(0002,0003)",Media Storage SOP Instance UID,MediaStorageSOPInstanceUID,UI,False,1.2.643.5.1.13.13.12.2.77.8252.09070705131210061514041509120513,1
"FileMeta/(0002,0003)","(0002,0003)",Media Storage SOP Instance UID,MediaStorageSOPInstanceUID,UI,False,1.2.643.5.1.13.13.12.2.77.8252.09150805131402040209060509150410,1
"FileMeta/(0002,0003)","(0002,0003)",Media Storage SOP Instance UID,MediaStorageSOPInstanceUID,UI,False,1.2.643.5.1.13.13.12.2.77.8252.11000605051111050207041006140905,1
"FileMeta/(0002,0003)","(0002,0003)",Media Storage SOP Instance UID,MediaStorageSOPInstanceUID,UI,False,1.2.643.5.1.13.13.12.2.77.8252.09060004140611120111091509030603,1
"FileMeta/(0002,0003)","(0002,0003)",Media Storage SOP Instance UID,MediaStorageSOPInstanceUID,UI,False,1.2.643.5.1.13.13.12.2.77.8252.02111507100612121000021204080801,1
"FileMeta/(0002,0003)","(0002,0003)",Media Storage SOP Instance UID,MediaStorageSOPInstanceUID,UI,False,1.2.643.5.1.13.13.12.2.77.8252.04071014120313000711051010091409,1
"FileMeta/(0002,0003)","(0002,0003)",Media Storage SOP Instance UID,MediaStorageSOPInstanceUID,UI,False,1.2.643.5.1.13.13.12.2.77.8252.12120911020011140507050515090906,1
"FileMeta/(0002,0003)","(0002,0003)",Media Storage SOP Instance UID,MediaStorageSOPInstanceUID,UI,False,1.2.643.5.1.13.13.12.2.77.8252.00131503020212110600101502020700,1
"FileMeta/(0002,0003)","(0002,0003)",Media Storage SOP Instance UID,MediaStorageSOPInstanceUID,UI,False,1.2.643.5.1.13.13.12.2.77.8252.12051101030200021506031210090702,1
"FileMeta/(0002,0003)","(0002,0003)",Media Storage SOP Instance UID,MediaStorageSOPInstanceUID,UI,False,1.2.643.5.1.13.13.12.2.77.8252.05100110120015150515030506140402,1
"FileMeta/(0002,0003)","(0002,0003)",Media Storage SOP Instance UID,MediaStorageSOPInstanceUID,UI,False,1.2.643.5.1.13.13.12.2.77.8252.06081211090913150712130913130401,1
"FileMeta/(0002,0003)","(0002,0003)",Media Storage SOP Instance UID,MediaStorageSOPInstanceUID,UI,False,1.2.643.5.1.13.13.12.2.77.8252.13151303131009131214000609090104,1
"FileMeta/(0002,0003)","(0002,0003)",Media Storage SOP Instance UID,MediaStorageSOPInstanceUID,UI,False,1.2.643.5.1.13.13.12.2.77.8252.15080409060108110106110204020115,1
"FileMeta/(0002,0003)","(0002,0003)",Media Storage SOP Instance UID,MediaStorageSOPInstanceUID,UI,False,1.2.643.5.1.13.13.12.2.77.8252.06120903051105150112061201080014,1
"FileMeta/(0002,0003)","(0002,0003)",Media Storage SOP Instance UID,MediaStorageSOPInstanceUID,UI,False,1.2.643.5.1.13.13.12.2.77.8252.05020106091400040809110708040301,1
"FileMeta/(0002,0003)","(0002,0003)",Media Storage SOP Instance UID,MediaStorageSOPInstanceUID,UI,False,1.2.643.5.1.13.13.12.2.77.8252.15140601101305061400021505010802,1
"FileMeta/(0002,0003)","(0002,0003)",Media Storage SOP Instance UID,MediaStorageSOPInstanceUID,UI,False,1.2.643.5.1.13.13.12.2.77.8252.07151108041411120004040810151209,1
"FileMeta/(0002,0003)","(0002,0003)",Media Storage SOP Instance UID,MediaStorageSOPInstanceUID,UI,False,1.2.643.5.1.13.13.12.2.77.8252.02090003020511130407030106110206,1
"FileMeta/(0002,0003)","(0002,0003)",Media Storage SOP Instance UID,MediaStorageSOPInstanceUID,UI,False,1.2.643.5.1.13.13.12.2.77.8252.04080409110008071309041404000111,1
"FileMeta/(0002,0003)","(0002,0003)",Media Storage SOP Instance UID,MediaStorageSOPInstanceUID,UI,False,1.2.643.5.1.13.13.12.2.77.8252.11150104101400000200001411070008,1
"FileMeta/(0002,0003)","(0002,0003)",Media Storage SOP Instance UID,MediaStorageSOPInstanceUID,UI,False,1.2.643.5.1.13.13.12.2.77.8252.00090714091003060206031503010409,1
"FileMeta/(0002,0003)","(0002,0003)",Media Storage SOP Instance UID,MediaStorageSOPInstanceUID,UI,False,1.2.643.5.1.13.13.12.2.77.8252.13150808100913111314080101030008,1
"FileMeta/(0002,0003)","(0002,0003)",Media Storage SOP Instance UID,MediaStorageSOPInstanceUID,UI,False,1.2.643.5.1.13.13.12.2.77.8252.11020707081006150000011408140609,1
"FileMeta/(0002,0003)","(0002,0003)",Media Storage SOP Instance UID,MediaStorageSOPInstanceUID,UI,False,1.2.643.5.1.13.13.12.2.77.8252.10001304041304060303041004101403,1
"FileMeta/(0002,0003)","(0002,0003)",Media Storage SOP Instance UID,MediaStorageSOPInstanceUID,UI,False,1.2.643.5.1.13.13.12.2.77.8252.12151114030903000211100702060009,1
"FileMeta/(0002,0003)","(0002,0003)",Media Storage SOP Instance UID,MediaStorageSOPInstanceUID,UI,False,1.2.643.5.1.13.13.12.2.77.8252.02031303080313100507120501150506,1
"FileMeta/(0002,0003)","(0002,0003)",Media Storage SOP Instance UID,MediaStorageSOPInstanceUID,UI,False,1.2.643.5.1.13.13.12.2.77.8252.06150706081207041203070111090707,1
"FileMeta/(0002,0003)","(0002,0003)",Media Storage SOP Instance UID,MediaStorageSOPInstanceUID,UI,False,1.2.643.5.1.13.13.12.2.77.8252.06150108111302000413130014070915,1
"FileMeta/(0002,0003)","(0002,0003)",Media Storage SOP Instance UID,MediaStorageSOPInstanceUID,UI,False,1.2.643.5.1.13.13.12.2.77.8252.07031408150101110505001201030207,1
"FileMeta/(0002,0003)","(0002,0003)",Media Storage SOP Instance UID,MediaStorageSOPInstanceUID,UI,False,1.2.643.5.1.13.13.12.2.77.8252.14070208080209001506081402060503,1
"FileMeta/(0002,0003)","(0002,0003)",Media Storage SOP Instance UID,MediaStorageSOPInstanceUID,UI,False,1.2.643.5.1.13.13.12.2.77.8252.04040803080402061202041005000304,1
"FileMeta/(0002,0003)","(0002,0003)",Media Storage SOP Instance UID,MediaStorageSOPInstanceUID,UI,False,1.2.643.5.1.13.13.12.2.77.8252.13090607110001000310151006050113,1
"FileMeta/(0002,0003)","(0002,0003)",Media Storage SOP Instance UID,MediaStorageSOPInstanceUID,UI,False,1.2.643.5.1.13.13.12.2.77.8252.14121200111500000012151207021305,1
"FileMeta/(0002,0003)","(0002,0003)",Media Storage SOP Instance UID,MediaStorageSOPInstanceUID,UI,False,1.2.643.5.1.13.13.12.2.77.8252.04060811050000140014040410080212,1
"FileMeta/(0002,0003)","(0002,0003)",Media Storage SOP Instance UID,MediaStorageSOPInstanceUID,UI,False,1.2.643.5.1.13.13.12.2.77.8252.12060607091105150404131215110908,1
"FileMeta/(0002,0003)","(0002,0003)",Media Storage SOP Instance UID,MediaStorageSOPInstanceUID,UI,False,1.2.643.5.1.13.13.12.2.77.8252.09030712140506070904071003000708,1
"FileMeta/(0002,0003)","(0002,0003)",Media Storage SOP Instance UID,MediaStorageSOPInstanceUID,UI,False,1.2.643.5.1.13.13.12.2.77.8252.02050314081501100100131400110412,1
"FileMeta/(0002,0003)","(0002,0003)",Media Storage SOP Instance UID,MediaStorageSOPInstanceUID,UI,False,1.2.643.5.1.13.13.12.2.77.8252.14140312010015010504081306061203,1
"FileMeta/(0002,0003)","(0002,0003)",Media Storage SOP Instance UID,MediaStorageSOPInstanceUID,UI,False,1.2.643.5.1.13.13.12.2.77.8252.03131510081105080011060404010511,1
"FileMeta/(0002,0003)","(0002,0003)",Media Storage SOP Instance UID,MediaStorageSOPInstanceUID,UI,False,1.2.643.5.1.13.13.12.2.77.8252.05060902130204131205041207051405,1
"FileMeta/(0002,0003)","(0002,0003)",Media Storage SOP Instance UID,MediaStorageSOPInstanceUID,UI,False,1.2.643.5.1.13.13.12.2.77.8252.01100509051301061200120505020711,1
"FileMeta/(0002,0003)","(0002,0003)",Media Storage SOP Instance UID,MediaStorageSOPInstanceUID,UI,False,1.2.643.5.1.13.13.12.2.77.8252.02030711120805150008090200030710,1
"FileMeta/(0002,0003)","(0002,0003)",Media Storage SOP Instance UID,MediaStorageSOPInstanceUID,UI,False,1.2.643.5.1.13.13.12.2.77.8252.05100908130706051511060907050202,1
"FileMeta/(0002,0003)","(0002,0003)",Media Storage SOP Instance UID,MediaStorageSOPInstanceUID,UI,False,1.2.643.5.1.13.13.12.2.77.8252.07080813110202150000000512100700,1
"FileMeta/(0002,0003)","(0002,0003)",Media Storage SOP Instance UID,MediaStorageSOPInstanceUID,UI,False,1.2.643.5.1.13.13.12.2.77.8252.04081012050615111107130109120010,1
"FileMeta/(0002,0003)","(0002,0003)",Media Storage SOP Instance UID,MediaStorageSOPInstanceUID,UI,False,1.2.643.5.1.13.13.12.2.77.8252.02081511091502140105000012140914,1
"FileMeta/(0002,0003)","(0002,0003)",Media Storage SOP Instance UID,MediaStorageSOPInstanceUID,UI,False,1.2.643.5.1.13.13.12.2.77.8252.01100715050305071000110707040014,1
"FileMeta/(0002,0003)","(0002,0003)",Media Storage SOP Instance UID,MediaStorageSOPInstanceUID,UI,False,1.2.643.5.1.13.13.12.2.77.8252.05030004000114011306070703000900,1
"FileMeta/(0002,0003)","(0002,0003)",Media Storage SOP Instance UID,MediaStorageSOPInstanceUID,UI,False,1.2.643.5.1.13.13.12.2.77.8252.14070202101304120203120502100808,1
"FileMeta/(0002,0003)","(0002,0003)",Media Storage SOP Instance UID,MediaStorageSOPInstanceUID,UI,False,1.2.643.5.1.13.13.12.2.77.8252.03000804151513141409051310151514,1
"FileMeta/(0002,0003)","(0002,0003)",Media Storage SOP Instance UID,MediaStorageSOPInstanceUID,UI,False,1.2.643.5.1.13.13.12.2.77.8252.10050606131001041108060208080404,1
"FileMeta/(0002,0003)","(0002,0003)",Media Storage SOP Instance UID,MediaStorageSOPInstanceUID,UI,False,1.2.643.5.1.13.13.12.2.77.8252.13110302070015120304051003100511,1
"FileMeta/(0002,0003)","(0002,0003)",Media Storage SOP Instance UID,MediaStorageSOPInstanceUID,UI,False,1.2.643.5.1.13.13.12.2.77.8252.14021109030605071205090308080911,1
"FileMeta/(0002,0003)","(0002,0003)",Media Storage SOP Instance UID,MediaStorageSOPInstanceUID,UI,False,1.2.643.5.1.13.13.12.2.77.8252.02000707141211070603071400111001,1
"FileMeta/(0002,0003)","(0002,0003)",Media Storage SOP Instance UID,MediaStorageSOPInstanceUID,UI,False,1.2.643.5.1.13.13.12.2.77.8252.12001403040706100907100308030007,1
"FileMeta/(0002,0003)","(0002,0003)",Media Storage SOP Instance UID,MediaStorageSOPInstanceUID,UI,False,1.2.643.5.1.13.13.12.2.77.8252.03150209000513130305020013101408,1
"FileMeta/(0002,0003)","(0002,0003)",Media Storage SOP Instance UID,MediaStorageSOPInstanceUID,UI,False,1.2.643.5.1.13.13.12.2.77.8252.08060612000510000609001512070103,1
"FileMeta/(0002,0003)","(0002,0003)",Media Storage SOP Instance UID,MediaStorageSOPInstanceUID,UI,False,1.2.643.5.1.13.13.12.2.77.8252.06130104100900080002100912090901,1
"FileMeta/(0002,0003)","(0002,0003)",Media Storage SOP Instance UID,MediaStorageSOPInstanceUID,UI,False,1.2.643.5.1.13.13.12.2.77.8252.09091111090903031309150614110215,1
"FileMeta/(0002,0003)","(0002,0003)",Media Storage SOP Instance UID,MediaStorageSOPInstanceUID,UI,False,1.2.643.5.1.13.13.12.2.77.8252.07040802010906150312000007110303,1
"FileMeta/(0002,0003)","(0002,0003)",Media Storage SOP Instance UID,MediaStorageSOPInstanceUID,UI,False,1.2.643.5.1.13.13.12.2.77.8252.07051313070907070603030815070904,1
"FileMeta/(0002,0003)","(0002,0003)",Media Storage SOP Instance UID,MediaStorageSOPInstanceUID,UI,False,1.2.643.5.1.13.13.12.2.77.8252.06120514140811101106020900110711,1
"FileMeta/(0002,0003)","(0002,0003)",Media Storage SOP Instance UID,MediaStorageSOPInstanceUID,UI,False,1.2.643.5.1.13.13.12.2.77.8252.07071507091013150605060411110414,1
"FileMeta/(0002,0003)","(0002,0003)",Media Storage SOP Instance UID,MediaStorageSOPInstanceUID,UI,False,1.2.643.5.1.13.13.12.2.77.8252.09130714090405151215050914040809,1
"FileMeta/(0002,0003)","(0002,0003)",Media Storage SOP Instance UID,MediaStorageSOPInstanceUID,UI,False,1.2.643.5.1.13.13.12.2.77.8252.09091502110711081102050610090100,1
"FileMeta/(0002,0003)","(0002,0003)",Media Storage SOP Instance UID,MediaStorageSOPInstanceUID,UI,False,1.2.643.5.1.13.13.12.2.77.8252.02061505000012091414020201140711,1
"FileMeta/(0002,0003)","(0002,0003)",Media Storage SOP Instance UID,MediaStorageSOPInstanceUID,UI,False,1.2.643.5.1.13.13.12.2.77.8252.12020806150405080200131300151004,1
"FileMeta/(0002,0003)","(0002,0003)",Media Storage SOP Instance UID,MediaStorageSOPInstanceUID,UI,False,1.2.643.5.1.13.13.12.2.77.8252.04040506120312070613131201100500,1
"FileMeta/(0002,0003)","(0002,0003)",Media Storage SOP Instance UID,MediaStorageSOPInstanceUID,UI,False,1.2.643.5.1.13.13.12.2.77.8252.04130713101511140710050408091506,1
"FileMeta/(0002,0003)","(0002,0003)",Media Storage SOP Instance UID,MediaStorageSOPInstanceUID,UI,False,1.2.643.5.1.13.13.12.2.77.8252.11080103090607140209131008021505,1
"FileMeta/(0002,0003)","(0002,0003)",Media Storage SOP Instance UID,MediaStorageSOPInstanceUID,UI,False,1.2.643.5.1.13.13.12.2.77.8252.05041404051513101304111210060012,1
"FileMeta/(0002,0003)","(0002,0003)",Media Storage SOP Instance UID,MediaStorageSOPInstanceUID,UI,False,1.2.643.5.1.13.13.12.2.77.8252.10050703151214090610040504130101,1
"FileMeta/(0002,0003)","(0002,0003)",Media Storage SOP Instance UID,MediaStorageSOPInstanceUID,UI,False,1.2.643.5.1.13.13.12.2.77.8252.01020015070311140900060907010202,1
"FileMeta/(0002,0003)","(0002,0003)",Media Storage SOP Instance UID,MediaStorageSOPInstanceUID,UI,False,1.2.643.5.1.13.13.12.2.77.8252.11001008080504080903151311021305,1
"FileMeta/(0002,0003)","(0002,0003)",Media Storage SOP Instance UID,MediaStorageSOPInstanceUID,UI,False,1.2.643.5.1.13.13.12.2.77.8252.10070914150303091307080902000612,1
"FileMeta/(0002,0003)","(0002,0003)",Media Storage SOP Instance UID,MediaStorageSOPInstanceUID,UI,False,1.2.643.5.1.13.13.12.2.77.8252.04001402031200081204010009090110,1
"FileMeta/(0002,0003)","(0002,0003)",Media Storage SOP Instance UID,MediaStorageSOPInstanceUID,UI,False,1.2.643.5.1.13.13.12.2.77.8252.07090311111312140315080706100515,1
"FileMeta/(0002,0003)","(0002,0003)",Media Storage SOP Instance UID,MediaStorageSOPInstanceUID,UI,False,1.2.643.5.1.13.13.12.2.77.8252.14151108130201081305130506031009,1
"FileMeta/(0002,0003)","(0002,0003)",Media Storage SOP Instance UID,MediaStorageSOPInstanceUID,UI,False,1.2.643.5.1.13.13.12.2.77.8252.14051207080309081314081508110108,1
"FileMeta/(0002,0003)","(0002,0003)",Media Storage SOP Instance UID,MediaStorageSOPInstanceUID,UI,False,1.2.643.5.1.13.13.12.2.77.8252.00010208150107110206110212130810,1
"FileMeta/(0002,0003)","(0002,0003)",Media Storage SOP Instance UID,MediaStorageSOPInstanceUID,UI,False,1.2.643.5.1.13.13.12.2.77.8252.09011413060403000011030100010009,1
"FileMeta/(0002,0003)","(0002,0003)",Media Storage SOP Instance UID,MediaStorageSOPInstanceUID,UI,False,1.2.643.5.1.13.13.12.2.77.8252.08030713030704060311150311011102,1
"FileMeta/(0002,0003)","(0002,0003)",Media Storage SOP Instance UID,MediaStorageSOPInstanceUID,UI,False,1.2.643.5.1.13.13.12.2.77.8252.05051104100602100505120514140315,1
"FileMeta/(0002,0003)","(0002,0003)",Media Storage SOP Instance UID,MediaStorageSOPInstanceUID,UI,False,1.2.643.5.1.13.13.12.2.77.8252.02120313110611140813031405011300,1
"FileMeta/(0002,0003)","(0002,0003)",Media Storage SOP Instance UID,MediaStorageSOPInstanceUID,UI,False,1.2.643.5.1.13.13.12.2.77.8252.01081107130715100908030700130001,1
"FileMeta/(0002,0003)","(0002,0003)",Media Storage SOP Instance UID,MediaStorageSOPInstanceUID,UI,False,1.2.643.5.1.13.13.12.2.77.8252.02031105000207140511130815071303,1
"FileMeta/(0002,0003)","(0002,0003)",Media Storage SOP Instance UID,MediaStorageSOPInstanceUID,UI,False,1.2.643.5.1.13.13.12.2.77.8252.12101514000107101207120412120213,1
"FileMeta/(0002,0003)","(0002,0003)",Media Storage SOP Instance UID,MediaStorageSOPInstanceUID,UI,False,1.2.643.5.1.13.13.12.2.77.8252.05051100060005040907000403081502,1
"FileMeta/(0002,0003)","(0002,0003)",Media Storage SOP Instance UID,MediaStorageSOPInstanceUID,UI,False,1.2.643.5.1.13.13.12.2.77.8252.10040508121311001415130412050515,1
"FileMeta/(0002,0003)","(0002,0003)",Media Storage SOP Instance UID,MediaStorageSOPInstanceUID,UI,False,1.2.643.5.1.13.13.12.2.77.8252.12071112070710000412111310090807,1
"FileMeta/(0002,0003)","(0002,0003)",Media Storage SOP Instance UID,MediaStorageSOPInstanceUID,UI,False,1.2.643.5.1.13.13.12.2.77.8252.05071102020515091408100612011404,1
"FileMeta/(0002,0003)","(0002,0003)",Media Storage SOP Instance UID,MediaStorageSOPInstanceUID,UI,False,1.2.643.5.1.13.13.12.2.77.8252.06010215090214010805091400020206,1
"FileMeta/(0002,0003)","(0002,0003)",Media Storage SOP Instance UID,MediaStorageSOPInstanceUID,UI,False,1.2.643.5.1.13.13.12.2.77.8252.15011410150513090204040606151204,1
"FileMeta/(0002,0003)","(0002,0003)",Media Storage SOP Instance UID,MediaStorageSOPInstanceUID,UI,False,1.2.643.5.1.13.13.12.2.77.8252.14100604010411121207140303140506,1
"FileMeta/(0002,0003)","(0002,0003)",Media Storage SOP Instance UID,MediaStorageSOPInstanceUID,UI,False,1.2.643.5.1.13.13.12.2.77.8252.15141103121505150805131303080314,1
"FileMeta/(0002,0003)","(0002,0003)",Media Storage SOP Instance UID,MediaStorageSOPInstanceUID,UI,False,1.2.643.5.1.13.13.12.2.77.8252.01041213150709070704090905040703,1
"FileMeta/(0002,0003)","(0002,0003)",Media Storage SOP Instance UID,MediaStorageSOPInstanceUID,UI,False,1.2.643.5.1.13.13.12.2.77.8252.01050311070609101401120201090506,1
"FileMeta/(0002,0003)","(0002,0003)",Media Storage SOP Instance UID,MediaStorageSOPInstanceUID,UI,False,1.2.643.5.1.13.13.12.2.77.8252.04150901080711131310091006050208,1
"FileMeta/(0002,0003)","(0002,0003)",Media Storage SOP Instance UID,MediaStorageSOPInstanceUID,UI,False,1.2.643.5.1.13.13.12.2.77.8252.09040703010601060814101313081104,1
"FileMeta/(0002,0003)","(0002,0003)",Media Storage SOP Instance UID,MediaStorageSOPInstanceUID,UI,False,1.2.643.5.1.13.13.12.2.77.8252.11050703151212091005010115120315,1
"FileMeta/(0002,0003)","(0002,0003)",Media Storage SOP Instance UID,MediaStorageSOPInstanceUID,UI,False,1.2.643.5.1.13.13.12.2.77.8252.08140602091513140007031414030212,1
"FileMeta/(0002,0003)","(0002,0003)",Media Storage SOP Instance UID,MediaStorageSOPInstanceUID,UI,False,1.2.643.5.1.13.13.12.2.77.8252.09070206070204150105120502020002,1
"FileMeta/(0002,0003)","(0002,0003)",Media Storage SOP Instance UID,MediaStorageSOPInstanceUID,UI,False,1.2.643.5.1.13.13.12.2.77.8252.03110108081008000413081502071511,1
"FileMeta/(0002,0003)","(0002,0003)",Media Storage SOP Instance UID,MediaStorageSOPInstanceUID,UI,False,1.2.643.5.1.13.13.12.2.77.8252.12001515051514100814070205030801,1
"FileMeta/(0002,0003)","(0002,0003)",Media Storage SOP Instance UID,MediaStorageSOPInstanceUID,UI,False,1.2.643.5.1.13.13.12.2.77.8252.15131010101502051307000500101007,1
"FileMeta/(0002,0003)","(0002,0003)",Media Storage SOP Instance UID,MediaStorageSOPInstanceUID,UI,False,1.2.643.5.1.13.13.12.2.77.8252.04030712110411040711120105080700,1
"FileMeta/(0002,0003)","(0002,0003)",Media Storage SOP Instance UID,MediaStorageSOPInstanceUID,UI,False,1.2.643.5.1.13.13.12.2.77.8252.14150106081013050013050511140613,1
"FileMeta/(0002,0003)","(0002,0003)",Media Storage SOP Instance UID,MediaStorageSOPInstanceUID,UI,False,1.2.643.5.1.13.13.12.2.77.8252.01120709131111081211081313110800,1
"FileMeta/(0002,0003)","(0002,0003)",Media Storage SOP Instance UID,MediaStorageSOPInstanceUID,UI,False,1.2.643.5.1.13.13.12.2.77.8252.10080511020009041308131206080209,1
"FileMeta/(0002,0003)","(0002,0003)",Media Storage SOP Instance UID,MediaStorageSOPInstanceUID,UI,False,1.2.643.5.1.13.13.12.2.77.8252.13040700151412120600060201031309,1
"FileMeta/(0002,0003)","(0002,0003)",Media Storage SOP Instance UID,MediaStorageSOPInstanceUID,UI,False,1.2.643.5.1.13.13.12.2.77.8252.01101303110802020807060303150105,1
"FileMeta/(0002,0003)","(0002,0003)",Media Storage SOP Instance UID,MediaStorageSOPInstanceUID,UI,False,1.2.643.5.1.13.13.12.2.77.8252.07040712050005061000030214131300,1
"FileMeta/(0002,0003)","(0002,0003)",Media Storage SOP Instance UID,MediaStorageSOPInstanceUID,UI,False,1.2.643.5.1.13.13.12.2.77.8252.07100810031004120210110309111304,1
"FileMeta/(0002,0003)","(0002,0003)",Media Storage SOP Instance UID,MediaStorageSOPInstanceUID,UI,False,1.2.643.5.1.13.13.12.2.77.8252.07071202031002110807120405030608,1
"FileMeta/(0002,0003)","(0002,0003)",Media Storage SOP Instance UID,MediaStorageSOPInstanceUID,UI,False,1.2.643.5.1.13.13.12.2.77.8252.02070215040314000714060301121012,1
"FileMeta/(0002,0003)","(0002,0003)",Media Storage SOP Instance UID,MediaStorageSOPInstanceUID,UI,False,1.2.643.5.1.13.13.12.2.77.8252.14020109130502120101091201060702,1
"FileMeta/(0002,0003)","(0002,0003)",Media Storage SOP Instance UID,MediaStorageSOPInstanceUID,UI,False,1.2.643.5.1.13.13.12.2.77.8252.10080501080902141107071310080400,1
"FileMeta/(0002,0003)","(0002,0003)",Media Storage SOP Instance UID,MediaStorageSOPInstanceUID,UI,False,1.2.643.5.1.13.13.12.2.77.8252.05110305041311030310151512080811,1
"FileMeta/(0002,0003)","(0002,0003)",Media Storage SOP Instance UID,MediaStorageSOPInstanceUID,UI,False,1.2.643.5.1.13.13.12.2.77.8252.05050408000609040210110603090612,1
"FileMeta/(0002,0003)","(0002,0003)",Media Storage SOP Instance UID,MediaStorageSOPInstanceUID,UI,False,1.2.643.5.1.13.13.12.2.77.8252.09030907130311001200011206051201,1
"FileMeta/(0002,0003)","(0002,0003)",Media Storage SOP Instance UID,MediaStorageSOPInstanceUID,UI,False,1.2.643.5.1.13.13.12.2.77.8252.14070407100802110204090510100607,1
"FileMeta/(0002,0003)","(0002,0003)",Media Storage SOP Instance UID,MediaStorageSOPInstanceUID,UI,False,1.2.643.5.1.13.13.12.2.77.8252.02001101060409110302091107020305,1
"FileMeta/(0002,0003)","(0002,0003)",Media Storage SOP Instance UID,MediaStorageSOPInstanceUID,UI,False,1.2.643.5.1.13.13.12.2.77.8252.02081311121209090807151401120110,1
"FileMeta/(0002,0003)","(0002,0003)",Media Storage SOP Instance UID,MediaStorageSOPInstanceUID,UI,False,1.2.643.5.1.13.13.12.2.77.8252.04021100060501150502031503091205,1
"FileMeta/(0002,0003)","(0002,0003)",Media Storage SOP Instance UID,MediaStorageSOPInstanceUID,UI,False,1.2.643.5.1.13.13.12.2.77.8252.08031403081214020202010408050515,1
"FileMeta/(0002,0003)","(0002,0003)",Media Storage SOP Instance UID,MediaStorageSOPInstanceUID,UI,False,1.2.643.5.1.13.13.12.2.77.8252.12010614051405051206130410050708,1
"FileMeta/(0002,0003)","(0002,0003)",Media Storage SOP Instance UID,MediaStorageSOPInstanceUID,UI,False,1.2.643.5.1.13.13.12.2.77.8252.05131012021403090403150713091114,1
"FileMeta/(0002,0003)","(0002,0003)",Media Storage SOP Instance UID,MediaStorageSOPInstanceUID,UI,False,1.2.643.5.1.13.13.12.2.77.8252.11030505061512110108000404010908,1
"FileMeta/(0002,0003)","(0002,0003)",Media Storage SOP Instance UID,MediaStorageSOPInstanceUID,UI,False,1.2.643.5.1.13.13.12.2.77.8252.03050413050004110015050414021412,1
"FileMeta/(0002,0003)","(0002,0003)",Media Storage SOP Instance UID,MediaStorageSOPInstanceUID,UI,False,1.2.643.5.1.13.13.12.2.77.8252.05080909100510090906081209130901,1
"FileMeta/(0002,0003)","(0002,0003)",Media Storage SOP Instance UID,MediaStorageSOPInstanceUID,UI,False,1.2.643.5.1.13.13.12.2.77.8252.02030112081401101404040904010405,1
"FileMeta/(0002,0003)","(0002,0003)",Media Storage SOP Instance UID,MediaStorageSOPInstanceUID,UI,False,1.2.643.5.1.13.13.12.2.77.8252.00071210060602011311010906021407,1
"FileMeta/(0002,0003)","(0002,0003)",Media Storage SOP Instance UID,MediaStorageSOPInstanceUID,UI,False,1.2.643.5.1.13.13.12.2.77.8252.14100208080000030010140812001111,1
"FileMeta/(0002,0003)","(0002,0003)",Media Storage SOP Instance UID,MediaStorageSOPInstanceUID,UI,False,1.2.643.5.1.13.13.12.2.77.8252.12140710150813060013011403140807,1
"FileMeta/(0002,0003)","(0002,0003)",Media Storage SOP Instance UID,MediaStorageSOPInstanceUID,UI,False,1.2.643.5.1.13.13.12.2.77.8252.01120104060301100213100004141203,1
"FileMeta/(0002,0003)","(0002,0003)",Media Storage SOP Instance UID,MediaStorageSOPInstanceUID,UI,False,1.2.643.5.1.13.13.12.2.77.8252.03000107141315000207090502080502,1
"FileMeta/(0002,0003)","(0002,0003)",Media Storage SOP Instance UID,MediaStorageSOPInstanceUID,UI,False,1.2.643.5.1.13.13.12.2.77.8252.12050607100307101401110010080508,1
"FileMeta/(0002,0003)","(0002,0003)",Media Storage SOP Instance UID,MediaStorageSOPInstanceUID,UI,False,1.2.643.5.1.13.13.12.2.77.8252.02080910050503150405130310031107,1
"FileMeta/(0002,0003)","(0002,0003)",Media Storage SOP Instance UID,MediaStorageSOPInstanceUID,UI,False,1.2.643.5.1.13.13.12.2.77.8252.03030806061309020808141008071213,1
"FileMeta/(0002,0003)","(0002,0003)",Media Storage SOP Instance UID,MediaStorageSOPInstanceUID,UI,False,1.2.643.5.1.13.13.12.2.77.8252.05130006080703150808130311150104,1
"FileMeta/(0002,0003)","(0002,0003)",Media Storage SOP Instance UID,MediaStorageSOPInstanceUID,UI,False,1.2.643.5.1.13.13.12.2.77.8252.05050004021105041108010100020012,1
"FileMeta/(0002,0003)","(0002,0003)",Media Storage SOP Instance UID,MediaStorageSOPInstanceUID,UI,False,1.2.643.5.1.13.13.12.2.77.8252.03020203090713120707041512070302,1
"FileMeta/(0002,0003)","(0002,0003)",Media Storage SOP Instance UID,MediaStorageSOPInstanceUID,UI,False,1.2.643.5.1.13.13.12.2.77.8252.06020510071406141308051102110806,1
"FileMeta/(0002,0003)","(0002,0003)",Media Storage SOP Instance UID,MediaStorageSOPInstanceUID,UI,False,1.2.643.5.1.13.13.12.2.77.8252.03110714040901011514120512140506,1
"FileMeta/(0002,0003)","(0002,0003)",Media Storage SOP Instance UID,MediaStorageSOPInstanceUID,UI,False,1.2.643.5.1.13.13.12.2.77.8252.04140115150705031110051301090913,1
"FileMeta/(0002,0003)","(0002,0003)",Media Storage SOP Instance UID,MediaStorageSOPInstanceUID,UI,False,1.2.643.5.1.13.13.12.2.77.8252.10110808050405011511051303070302,1
"FileMeta/(0002,0003)","(0002,0003)",Media Storage SOP Instance UID,MediaStorageSOPInstanceUID,UI,False,1.2.643.5.1.13.13.12.2.77.8252.09031014151115011007041507060209,1
"FileMeta/(0002,0003)","(0002,0003)",Media Storage SOP Instance UID,MediaStorageSOPInstanceUID,UI,False,1.2.643.5.1.13.13.12.2.77.8252.15000110101510080415120006131402,1
"FileMeta/(0002,0003)","(0002,0003)",Media Storage SOP Instance UID,MediaStorageSOPInstanceUID,UI,False,1.2.643.5.1.13.13.12.2.77.8252.07111109140703130315001513000701,1
"FileMeta/(0002,0003)","(0002,0003)",Media Storage SOP Instance UID,MediaStorageSOPInstanceUID,UI,False,1.2.643.5.1.13.13.12.2.77.8252.15061506101401070412150108010615,1
"FileMeta/(0002,0003)","(0002,0003)",Media Storage SOP Instance UID,MediaStorageSOPInstanceUID,UI,False,1.2.643.5.1.13.13.12.2.77.8252.13040605040810031203041510031012,1
"FileMeta/(0002,0003)","(0002,0003)",Media Storage SOP Instance UID,MediaStorageSOPInstanceUID,UI,False,1.2.643.5.1.13.13.12.2.77.8252.02071412140202140114070213030205,1
"FileMeta/(0002,0003)","(0002,0003)",Media Storage SOP Instance UID,MediaStorageSOPInstanceUID,UI,False,1.2.643.5.1.13.13.12.2.77.8252.11120907150103150102101200080104,1
"FileMeta/(0002,0003)","(0002,0003)",Media Storage SOP Instance UID,MediaStorageSOPInstanceUID,UI,False,1.2.643.5.1.13.13.12.2.77.8252.00120605081302140615061408051413,1
"FileMeta/(0002,0003)","(0002,0003)",Media Storage SOP Instance UID,MediaStorageSOPInstanceUID,UI,False,1.2.643.5.1.13.13.12.2.77.8252.13060012130706071508131506061110,1
"FileMeta/(0002,0003)","(0002,0003)",Media Storage SOP Instance UID,MediaStorageSOPInstanceUID,UI,False,1.2.643.5.1.13.13.12.2.77.8252.09020303070910070711011409031209,1
"FileMeta/(0002,0003)","(0002,0003)",Media Storage SOP Instance UID,MediaStorageSOPInstanceUID,UI,False,1.2.643.5.1.13.13.12.2.77.8252.04101314021103041302071314011203,1
"FileMeta/(0002,0003)","(0002,0003)",Media Storage SOP Instance UID,MediaStorageSOPInstanceUID,UI,False,1.2.643.5.1.13.13.12.2.77.8252.03120113151010021310000801051000,1
"FileMeta/(0002,0003)","(0002,0003)",Media Storage SOP Instance UID,MediaStorageSOPInstanceUID,UI,False,1.2.643.5.1.13.13.12.2.77.8252.10050700041001040614050614130103,1
"FileMeta/(0002,0003)","(0002,0003)",Media Storage SOP Instance UID,MediaStorageSOPInstanceUID,UI,False,1.2.643.5.1.13.13.12.2.77.8252.04081410150705000907120005030306,1
"FileMeta/(0002,0003)","(0002,0003)",Media Storage SOP Instance UID,MediaStorageSOPInstanceUID,UI,False,1.2.643.5.1.13.13.12.2.77.8252.10010207001309070508110212031008,1
"FileMeta/(0002,0003)","(0002,0003)",Media Storage SOP Instance UID,MediaStorageSOPInstanceUID,UI,False,1.2.643.5.1.13.13.12.2.77.8252.08150001020008051511060800070004,1
"FileMeta/(0002,0003)","(0002,0003)",Media Storage SOP Instance UID,MediaStorageSOPInstanceUID,UI,False,1.2.643.5.1.13.13.12.2.77.8252.03110002011112060400010906040109,1
"FileMeta/(0002,0003)","(0002,0003)",Media Storage SOP Instance UID,MediaStorageSOPInstanceUID,UI,False,1.2.643.5.1.13.13.12.2.77.8252.01130115100005150714080303151110,1
"FileMeta/(0002,0003)","(0002,0003)",Media Storage SOP Instance UID,MediaStorageSOPInstanceUID,UI,False,1.2.643.5.1.13.13.12.2.77.8252.14030405080503070005090010011210,1
"FileMeta/(0002,0003)","(0002,0003)",Media Storage SOP Instance UID,MediaStorageSOPInstanceUID,UI,False,1.2.643.5.1.13.13.12.2.77.8252.02031311110004131100010706000003,1
"FileMeta/(0002,0003)","(0002,0003)",Media Storage SOP Instance UID,MediaStorageSOPInstanceUID,UI,False,1.2.643.5.1.13.13.12.2.77.8252.14040413080712030012001414011512,1
"FileMeta/(0002,0003)","(0002,0003)",Media Storage SOP Instance UID,MediaStorageSOPInstanceUID,UI,False,1.2.643.5.1.13.13.12.2.77.8252.09111007121406000411060915050407,1
"FileMeta/(0002,0003)","(0002,0003)",Media Storage SOP Instance UID,MediaStorageSOPInstanceUID,UI,False,1.2.643.5.1.13.13.12.2.77.8252.06080402070700011103140402140007,1
"FileMeta/(0002,0003)","(0002,0003)",Media Storage SOP Instance UID,MediaStorageSOPInstanceUID,UI,False,1.2.643.5.1.13.13.12.2.77.8252.05090510080809140209120604081002,1
"FileMeta/(0002,0003)","(0002,0003)",Media Storage SOP Instance UID,MediaStorageSOPInstanceUID,UI,False,1.2.643.5.1.13.13.12.2.77.8252.03020907090204060013031106111312,1
"FileMeta/(0002,0003)","(0002,0003)",Media Storage SOP Instance UID,MediaStorageSOPInstanceUID,UI,False,1.2.643.5.1.13.13.12.2.77.8252.08131412000401011215150704040610,1
"FileMeta/(0002,0003)","(0002,0003)",Media Storage SOP Instance UID,MediaStorageSOPInstanceUID,UI,False,1.2.643.5.1.13.13.12.2.77.8252.05030907080814020708000711150507,1
"FileMeta/(0002,0003)","(0002,0003)",Media Storage SOP Instance UID,MediaStorageSOPInstanceUID,UI,False,1.2.643.5.1.13.13.12.2.77.8252.15151313120000020410110702050700,1
"FileMeta/(0002,0003)","(0002,0003)",Media Storage SOP Instance UID,MediaStorageSOPInstanceUID,UI,False,1.2.643.5.1.13.13.12.2.77.8252.01091510011014070612050311031410,1
"FileMeta/(0002,0003)","(0002,0003)",Media Storage SOP Instance UID,MediaStorageSOPInstanceUID,UI,False,1.2.643.5.1.13.13.12.2.77.8252.04070212140009090002060410031413,1
"FileMeta/(0002,0003)","(0002,0003)",Media Storage SOP Instance UID,MediaStorageSOPInstanceUID,UI,False,1.2.643.5.1.13.13.12.2.77.8252.10100404000008120405081411021306,1
"FileMeta/(0002,0003)","(0002,0003)",Media Storage SOP Instance UID,MediaStorageSOPInstanceUID,UI,False,1.2.643.5.1.13.13.12.2.77.8252.04131502110204030305140811061103,1
"FileMeta/(0002,0003)","(0002,0003)",Media Storage SOP Instance UID,MediaStorageSOPInstanceUID,UI,False,1.2.643.5.1.13.13.12.2.77.8252.13001014110608151112110112061114,1
"FileMeta/(0002,0003)","(0002,0003)",Media Storage SOP Instance UID,MediaStorageSOPInstanceUID,UI,False,1.2.643.5.1.13.13.12.2.77.8252.04111300031205120703050100121209,1
"FileMeta/(0002,0003)","(0002,0003)",Media Storage SOP Instance UID,MediaStorageSOPInstanceUID,UI,False,1.2.643.5.1.13.13.12.2.77.8252.14060111140409011305070812141414,1
"FileMeta/(0002,0003)","(0002,0003)",Media Storage SOP Instance UID,MediaStorageSOPInstanceUID,UI,False,1.2.643.5.1.13.13.12.2.77.8252.15000310101315070007100105150401,1
"FileMeta/(0002,0003)","(0002,0003)",Media Storage SOP Instance UID,MediaStorageSOPInstanceUID,UI,False,1.2.643.5.1.13.13.12.2.77.8252.05130004120107120511100914090711,1
"FileMeta/(0002,0003)","(0002,0003)",Media Storage SOP Instance UID,MediaStorageSOPInstanceUID,UI,False,1.2.643.5.1.13.13.12.2.77.8252.14100508051012080011140911030615,1
"FileMeta/(0002,0003)","(0002,0003)",Media Storage SOP Instance UID,MediaStorageSOPInstanceUID,UI,False,1.2.643.5.1.13.13.12.2.77.8252.04041008080502040914000415071204,1
"FileMeta/(0002,0003)","(0002,0003)",Media Storage SOP Instance UID,MediaStorageSOPInstanceUID,UI,False,1.2.643.5.1.13.13.12.2.77.8252.03020200150014080308080615120500,1
"FileMeta/(0002,0003)","(0002,0003)",Media Storage SOP Instance UID,MediaStorageSOPInstanceUID,UI,False,1.2.643.5.1.13.13.12.2.77.8252.13141514150708151311080810050711,1
"FileMeta/(0002,0003)","(0002,0003)",Media Storage SOP Instance UID,MediaStorageSOPInstanceUID,UI,False,1.2.643.5.1.13.13.12.2.77.8252.06070803110509120507010310141201,1
"FileMeta/(0002,0003)","(0002,0003)",Media Storage SOP Instance UID,MediaStorageSOPInstanceUID,UI,False,1.2.643.5.1.13.13.12.2.77.8252.14060403060314010506081209070311,1
"FileMeta/(0002,0003)","(0002,0003)",Media Storage SOP Instance UID,MediaStorageSOPInstanceUID,UI,False,1.2.643.5.1.13.13.12.2.77.8252.10000603030913050503020611051415,1
"FileMeta/(0002,0003)","(0002,0003)",Media Storage SOP Instance UID,MediaStorageSOPInstanceUID,UI,False,1.2.643.5.1.13.13.12.2.77.8252.06110514030914051115040913030103,1
"FileMeta/(0002,0003)","(0002,0003)",Media Storage SOP Instance UID,MediaStorageSOPInstanceUID,UI,False,1.2.643.5.1.13.13.12.2.77.8252.12071204070300150506091512141413,1
"FileMeta/(0002,0003)","(0002,0003)",Media Storage SOP Instance UID,MediaStorageSOPInstanceUID,UI,False,1.2.643.5.1.13.13.12.2.77.8252.13151105000600070510031109011109,1
"FileMeta/(0002,0003)","(0002,0003)",Media Storage SOP Instance UID,MediaStorageSOPInstanceUID,UI,False,1.2.643.5.1.13.13.12.2.77.8252.15100208060002090813060606131404,1
"FileMeta/(0002,0003)","(0002,0003)",Media Storage SOP Instance UID,MediaStorageSOPInstanceUID,UI,False,1.2.643.5.1.13.13.12.2.77.8252.11051514070611150905020505061111,1
"FileMeta/(0002,0003)","(0002,0003)",Media Storage SOP Instance UID,MediaStorageSOPInstanceUID,UI,False,1.2.643.5.1.13.13.12.2.77.8252.03050114141207061001080502130215,1
"FileMeta/(0002,0003)","(0002,0003)",Media Storage SOP Instance UID,MediaStorageSOPInstanceUID,UI,False,1.2.643.5.1.13.13.12.2.77.8252.02140511090200100603110807051014,1
"FileMeta/(0002,0003)","(0002,0003)",Media Storage SOP Instance UID,MediaStorageSOPInstanceUID,UI,False,1.2.643.5.1.13.13.12.2.77.8252.08081313070715151208110603030015,1
"FileMeta/(0002,0003)","(0002,0003)",Media Storage SOP Instance UID,MediaStorageSOPInstanceUID,UI,False,1.2.643.5.1.13.13.12.2.77.8252.04041511061006011303010701020104,1
"FileMeta/(0002,0003)","(0002,0003)",Media Storage SOP Instance UID,MediaStorageSOPInstanceUID,UI,False,1.2.643.5.1.13.13.12.2.77.8252.14111104000112000401050109111415,1
"FileMeta/(0002,0003)","(0002,0003)",Media Storage SOP Instance UID,MediaStorageSOPInstanceUID,UI,False,1.2.643.5.1.13.13.12.2.77.8252.04150214121314031409051312111410,1
"FileMeta/(0002,0003)","(0002,0003)",Media Storage SOP Instance UID,MediaStorageSOPInstanceUID,UI,False,1.2.643.5.1.13.13.12.2.77.8252.03031110041309110901030612131412,1
"FileMeta/(0002,0003)","(0002,0003)",Media Storage SOP Instance UID,MediaStorageSOPInstanceUID,UI,False,1.2.643.5.1.13.13.12.2.77.8252.10151201011509101414030411060512,1
"FileMeta/(0002,0003)","(0002,0003)",Media Storage SOP Instance UID,MediaStorageSOPInstanceUID,UI,False,1.2.643.5.1.13.13.12.2.77.8252.00141000101506010405040508081209,1
"FileMeta/(0002,0003)","(0002,0003)",Media Storage SOP Instance UID,MediaStorageSOPInstanceUID,UI,False,1.2.643.5.1.13.13.12.2.77.8252.06130700140211110505051411010711,1
"FileMeta/(0002,0003)","(0002,0003)",Media Storage SOP Instance UID,MediaStorageSOPInstanceUID,UI,False,1.2.643.5.1.13.13.12.2.77.8252.01001108050505090405071008120805,1
"FileMeta/(0002,0003)","(0002,0003)",Media Storage SOP Instance UID,MediaStorageSOPInstanceUID,UI,False,1.2.643.5.1.13.13.12.2.77.8252.14110604050810020100071004090404,1
"FileMeta/(0002,0003)","(0002,0003)",Media Storage SOP Instance UID,MediaStorageSOPInstanceUID,UI,False,1.2.643.5.1.13.13.12.2.77.8252.14150808010700150501131415040808,1
"FileMeta/(0002,0003)","(0002,0003)",Media Storage SOP Instance UID,MediaStorageSOPInstanceUID,UI,False,1.2.643.5.1.13.13.12.2.77.8252.07040306041313130904140702020908,1
"FileMeta/(0002,0003)","(0002,0003)",Media Storage SOP Instance UID,MediaStorageSOPInstanceUID,UI,False,1.2.643.5.1.13.13.12.2.77.8252.08141015091400020302110912090508,1
"FileMeta/(0002,0003)","(0002,0003)",Media Storage SOP Instance UID,MediaStorageSOPInstanceUID,UI,False,1.2.643.5.1.13.13.12.2.77.8252.07130015011404020601141211131000,1
"FileMeta/(0002,0003)","(0002,0003)",Media Storage SOP Instance UID,MediaStorageSOPInstanceUID,UI,False,1.2.643.5.1.13.13.12.2.77.8252.07070209131108100009081313101204,1
"FileMeta/(0002,0003)","(0002,0003)",Media Storage SOP Instance UID,MediaStorageSOPInstanceUID,UI,False,1.2.643.5.1.13.13.12.2.77.8252.03001212011504090610110601060006,1
"FileMeta/(0002,0003)","(0002,0003)",Media Storage SOP Instance UID,MediaStorageSOPInstanceUID,UI,False,1.2.643.5.1.13.13.12.2.77.8252.11080509070315011108060003120408,1
"FileMeta/(0002,0003)","(0002,0003)",Media Storage SOP Instance UID,MediaStorageSOPInstanceUID,UI,False,1.2.643.5.1.13.13.12.2.77.8252.13100414021307020008020611130410,1
"FileMeta/(0002,0003)","(0002,0003)",Media Storage SOP Instance UID,MediaStorageSOPInstanceUID,UI,False,1.2.643.5.1.13.13.12.2.77.8252.00010603011503150401111314061209,1
"FileMeta/(0002,0003)","(0002,0003)",Media Storage SOP Instance UID,MediaStorageSOPInstanceUID,UI,False,1.2.643.5.1.13.13.12.2.77.8252.08041100070615121300141413020001,1
"FileMeta/(0002,0003)","(0002,0003)",Media Storage SOP Instance UID,MediaStorageSOPInstanceUID,UI,False,1.2.643.5.1.13.13.12.2.77.8252.08060613070108000200131403151214,1
"FileMeta/(0002,0003)","(0002,0003)",Media Storage SOP Instance UID,MediaStorageSOPInstanceUID,UI,False,1.2.643.5.1.13.13.12.2.77.8252.15131206051500011310060914011411,1
"FileMeta/(0002,0003)","(0002,0003)",Media Storage SOP Instance UID,MediaStorageSOPInstanceUID,UI,False,1.2.643.5.1.13.13.12.2.77.8252.00110402080602151505051001010810,1
"FileMeta/(0002,0003)","(0002,0003)",Media Storage SOP Instance UID,MediaStorageSOPInstanceUID,UI,False,1.2.643.5.1.13.13.12.2.77.8252.04151306060901060605121400081206,1
"FileMeta/(0002,0003)","(0002,0003)",Media Storage SOP Instance UID,MediaStorageSOPInstanceUID,UI,False,1.2.643.5.1.13.13.12.2.77.8252.11141409010404080202090702050104,1
"FileMeta/(0002,0003)","(0002,0003)",Media Storage SOP Instance UID,MediaStorageSOPInstanceUID,UI,False,1.2.643.5.1.13.13.12.2.77.8252.02150805140008141106110606070801,1
"FileMeta/(0002,0003)","(0002,0003)",Media Storage SOP Instance UID,MediaStorageSOPInstanceUID,UI,False,1.2.643.5.1.13.13.12.2.77.8252.01110601131107041511021510061211,1
"FileMeta/(0002,0003)","(0002,0003)",Media Storage SOP Instance UID,MediaStorageSOPInstanceUID,UI,False,1.2.643.5.1.13.13.12.2.77.8252.09061504020803021006021501021304,1
"FileMeta/(0002,0003)","(0002,0003)",Media Storage SOP Instance UID,MediaStorageSOPInstanceUID,UI,False,1.2.643.5.1.13.13.12.2.77.8252.00091315091215060415120908060402,1
"FileMeta/(0002,0003)","(0002,0003)",Media Storage SOP Instance UID,MediaStorageSOPInstanceUID,UI,False,1.2.643.5.1.13.13.12.2.77.8252.01141302020713050903060503061314,1
"FileMeta/(0002,0003)","(0002,0003)",Media Storage SOP Instance UID,MediaStorageSOPInstanceUID,UI,False,1.2.643.5.1.13.13.12.2.77.8252.13051209051006081503100907110310,1
"FileMeta/(0002,0003)","(0002,0003)",Media Storage SOP Instance UID,MediaStorageSOPInstanceUID,UI,False,1.2.643.5.1.13.13.12.2.77.8252.07131015031512050310021202060000,1
"FileMeta/(0002,0003)","(0002,0003)",Media Storage SOP Instance UID,MediaStorageSOPInstanceUID,UI,False,1.2.643.5.1.13.13.12.2.77.8252.01060001050009070514040213010802,1
"FileMeta/(0002,0003)","(0002,0003)",Media Storage SOP Instance UID,MediaStorageSOPInstanceUID,UI,False,1.2.643.5.1.13.13.12.2.77.8252.07140512060315100814061103061308,1
"FileMeta/(0002,0003)","(0002,0003)",Media Storage SOP Instance UID,MediaStorageSOPInstanceUID,UI,False,1.2.643.5.1.13.13.12.2.77.8252.05080405071204150306061400051307,1
"FileMeta/(0002,0003)","(0002,0003)",Media Storage SOP Instance UID,MediaStorageSOPInstanceUID,UI,False,1.2.643.5.1.13.13.12.2.77.8252.13020010101411130307011411150509,1
"FileMeta/(0002,0003)","(0002,0003)",Media Storage SOP Instance UID,MediaStorageSOPInstanceUID,UI,False,1.2.643.5.1.13.13.12.2.77.8252.07061504011201061005090406100203,1
"FileMeta/(0002,0003)","(0002,0003)",Media Storage SOP Instance UID,MediaStorageSOPInstanceUID,UI,False,1.2.643.5.1.13.13.12.2.77.8252.04100315041404021215101114140602,1
"FileMeta/(0002,0003)","(0002,0003)",Media Storage SOP Instance UID,MediaStorageSOPInstanceUID,UI,False,1.2.643.5.1.13.13.12.2.77.8252.11050911061500091304001000100608,1
"FileMeta/(0002,0003)","(0002,0003)",Media Storage SOP Instance UID,MediaStorageSOPInstanceUID,UI,False,1.2.643.5.1.13.13.12.2.77.8252.13070805121401080100090313021511,1
"FileMeta/(0002,0003)","(0002,0003)",Media Storage SOP Instance UID,MediaStorageSOPInstanceUID,UI,False,1.2.643.5.1.13.13.12.2.77.8252.06100709031109071008120605101311,1
"FileMeta/(0002,0003)","(0002,0003)",Media Storage SOP Instance UID,MediaStorageSOPInstanceUID,UI,False,1.2.643.5.1.13.13.12.2.77.8252.11100109131006120600020910050910,1
"FileMeta/(0002,0003)","(0002,0003)",Media Storage SOP Instance UID,MediaStorageSOPInstanceUID,UI,False,1.2.643.5.1.13.13.12.2.77.8252.03000010070307110614031003090302,1
"FileMeta/(0002,0003)","(0002,0003)",Media Storage SOP Instance UID,MediaStorageSOPInstanceUID,UI,False,1.2.643.5.1.13.13.12.2.77.8252.02040104021012120313090806030008,1
"FileMeta/(0002,0003)","(0002,0003)",Media Storage SOP Instance UID,MediaStorageSOPInstanceUID,UI,False,1.2.643.5.1.13.13.12.2.77.8252.03020007121211050710080207000313,1
"FileMeta/(0002,0003)","(0002,0003)",Media Storage SOP Instance UID,MediaStorageSOPInstanceUID,UI,False,1.2.643.5.1.13.13.12.2.77.8252.10061312041507151308110106051414,1
"FileMeta/(0002,0003)","(0002,0003)",Media Storage SOP Instance UID,MediaStorageSOPInstanceUID,UI,False,1.2.643.5.1.13.13.12.2.77.8252.06130501091009001200080400150413,1
"FileMeta/(0002,0003)","(0002,0003)",Media Storage SOP Instance UID,MediaStorageSOPInstanceUID,UI,False,1.2.643.5.1.13.13.12.2.77.8252.11100404131302060711141306031414,1
"FileMeta/(0002,0003)","(0002,0003)",Media Storage SOP Instance UID,MediaStorageSOPInstanceUID,UI,False,1.2.643.5.1.13.13.12.2.77.8252.09051315030213060214031014080701,1
"FileMeta/(0002,0003)","(0002,0003)",Media Storage SOP Instance UID,MediaStorageSOPInstanceUID,UI,False,1.2.643.5.1.13.13.12.2.77.8252.04000404020304020301120408100801,1
"FileMeta/(0002,0003)","(0002,0003)",Media Storage SOP Instance UID,MediaStorageSOPInstanceUID,UI,False,1.2.643.5.1.13.13.12.2.77.8252.10101410111513000809081215030802,1
"FileMeta/(0002,0003)","(0002,0003)",Media Storage SOP Instance UID,MediaStorageSOPInstanceUID,UI,False,1.2.643.5.1.13.13.12.2.77.8252.02120211101306000510080011031411,1
"FileMeta/(0002,0003)","(0002,0003)",Media Storage SOP Instance UID,MediaStorageSOPInstanceUID,UI,False,1.2.643.5.1.13.13.12.2.77.8252.05011012001311141515001115080104,1
"FileMeta/(0002,0003)","(0002,0003)",Media Storage SOP Instance UID,MediaStorageSOPInstanceUID,UI,False,1.2.643.5.1.13.13.12.2.77.8252.00070615051510041500030210150312,1
"FileMeta/(0002,0003)","(0002,0003)",Media Storage SOP Instance UID,MediaStorageSOPInstanceUID,UI,False,1.2.643.5.1.13.13.12.2.77.8252.02080006130815010800091303020804,1
"FileMeta/(0002,0003)","(0002,0003)",Media Storage SOP Instance UID,MediaStorageSOPInstanceUID,UI,False,1.2.643.5.1.13.13.12.2.77.8252.13140203110104081414101201001405,1
"FileMeta/(0002,0003)","(0002,0003)",Media Storage SOP Instance UID,MediaStorageSOPInstanceUID,UI,False,1.2.643.5.1.13.13.12.2.77.8252.02091115080411030312040600000701,1
"FileMeta/(0002,0003)","(0002,0003)",Media Storage SOP Instance UID,MediaStorageSOPInstanceUID,UI,False,1.2.643.5.1.13.13.12.2.77.8252.10000400041408060608031009090710,1
"FileMeta/(0002,0003)","(0002,0003)",Media Storage SOP Instance UID,MediaStorageSOPInstanceUID,UI,False,1.2.643.5.1.13.13.12.2.77.8252.04131001000110131311121304090609,1
"FileMeta/(0002,0003)","(0002,0003)",Media Storage SOP Instance UID,MediaStorageSOPInstanceUID,UI,False,1.2.643.5.1.13.13.12.2.77.8252.01120903030308120114061013030505,1
"FileMeta/(0002,0003)","(0002,0003)",Media Storage SOP Instance UID,MediaStorageSOPInstanceUID,UI,False,1.2.643.5.1.13.13.12.2.77.8252.03000813041512141007100304081206,1
"FileMeta/(0002,0003)","(0002,0003)",Media Storage SOP Instance UID,MediaStorageSOPInstanceUID,UI,False,1.2.643.5.1.13.13.12.2.77.8252.13021514070905140715121507140313,1
"FileMeta/(0002,0003)","(0002,0003)",Media Storage SOP Instance UID,MediaStorageSOPInstanceUID,UI,False,1.2.643.5.1.13.13.12.2.77.8252.08100408121001020706011402110914,1
"FileMeta/(0002,0003)","(0002,0003)",Media Storage SOP Instance UID,MediaStorageSOPInstanceUID,UI,False,1.2.643.5.1.13.13.12.2.77.8252.15101108070415081206070914081510,1
"FileMeta/(0002,0003)","(0002,0003)",Media Storage SOP Instance UID,MediaStorageSOPInstanceUID,UI,False,1.2.643.5.1.13.13.12.2.77.8252.14010614131006141014100714050813,1
"FileMeta/(0002,0003)","(0002,0003)",Media Storage SOP Instance UID,MediaStorageSOPInstanceUID,UI,False,1.2.643.5.1.13.13.12.2.77.8252.07081006110204030410140712110010,1
"FileMeta/(0002,0003)","(0002,0003)",Media Storage SOP Instance UID,MediaStorageSOPInstanceUID,UI,False,1.2.643.5.1.13.13.12.2.77.8252.03030902090804040112070613130312,1
"FileMeta/(0002,0003)","(0002,0003)",Media Storage SOP Instance UID,MediaStorageSOPInstanceUID,UI,False,1.2.643.5.1.13.13.12.2.77.8252.03010603150012061509030005111300,1
"FileMeta/(0002,0003)","(0002,0003)",Media Storage SOP Instance UID,MediaStorageSOPInstanceUID,UI,False,1.2.643.5.1.13.13.12.2.77.8252.02051208030605070510050510081213,1
"FileMeta/(0002,0003)","(0002,0003)",Media Storage SOP Instance UID,MediaStorageSOPInstanceUID,UI,False,1.2.643.5.1.13.13.12.2.77.8252.05090510140315010003130007000910,1
"FileMeta/(0002,0003)","(0002,0003)",Media Storage SOP Instance UID,MediaStorageSOPInstanceUID,UI,False,1.2.643.5.1.13.13.12.2.77.8252.09031307051100020212010511060414,1
"FileMeta/(0002,0003)","(0002,0003)",Media Storage SOP Instance UID,MediaStorageSOPInstanceUID,UI,False,1.2.643.5.1.13.13.12.2.77.8252.09140613011500120102030800080807,1
"FileMeta/(0002,0003)","(0002,0003)",Media Storage SOP Instance UID,MediaStorageSOPInstanceUID,UI,False,1.2.643.5.1.13.13.12.2.77.8252.09061112071413071402070608030006,1
"FileMeta/(0002,0003)","(0002,0003)",Media Storage SOP Instance UID,MediaStorageSOPInstanceUID,UI,False,1.2.643.5.1.13.13.12.2.77.8252.14111506040710041211031511080401,1
"FileMeta/(0002,0003)","(0002,0003)",Media Storage SOP Instance UID,MediaStorageSOPInstanceUID,UI,False,1.2.643.5.1.13.13.12.2.77.8252.10051211011505050506141504040101,1
"FileMeta/(0002,0003)","(0002,0003)",Media Storage SOP Instance UID,MediaStorageSOPInstanceUID,UI,False,1.2.643.5.1.13.13.12.2.77.8252.15100402090103120615100706141310,1
"FileMeta/(0002,0003)","(0002,0003)",Media Storage SOP Instance UID,MediaStorageSOPInstanceUID,UI,False,1.2.643.5.1.13.13.12.2.77.8252.10021305031009110615021114111114,1
"FileMeta/(0002,0003)","(0002,0003)",Media Storage SOP Instance UID,MediaStorageSOPInstanceUID,UI,False,1.2.643.5.1.13.13.12.2.77.8252.09110410141103030507060004110108,1
"FileMeta/(0002,0003)","(0002,0003)",Media Storage SOP Instance UID,MediaStorageSOPInstanceUID,UI,False,1.2.643.5.1.13.13.12.2.77.8252.15060200100906151411000112060511,1
"FileMeta/(0002,0003)","(0002,0003)",Media Storage SOP Instance UID,MediaStorageSOPInstanceUID,UI,False,1.2.643.5.1.13.13.12.2.77.8252.06051510010614000404080600020603,1
"FileMeta/(0002,0003)","(0002,0003)",Media Storage SOP Instance UID,MediaStorageSOPInstanceUID,UI,False,1.2.643.5.1.13.13.12.2.77.8252.13110800060502010303101404091303,1
"FileMeta/(0002,0003)","(0002,0003)",Media Storage SOP Instance UID,MediaStorageSOPInstanceUID,UI,False,1.2.643.5.1.13.13.12.2.77.8252.06030210110500061108030910090908,1
"FileMeta/(0002,0003)","(0002,0003)",Media Storage SOP Instance UID,MediaStorageSOPInstanceUID,UI,False,1.2.643.5.1.13.13.12.2.77.8252.12031014110715041000030602140501,1
"FileMeta/(0002,0003)","(0002,0003)",Media Storage SOP Instance UID,MediaStorageSOPInstanceUID,UI,False,1.2.643.5.1.13.13.12.2.77.8252.02001209000515050108060411111311,1
"FileMeta/(0002,0003)","(0002,0003)",Media Storage SOP Instance UID,MediaStorageSOPInstanceUID,UI,False,1.2.643.5.1.13.13.12.2.77.8252.12130902030702050210110604020115,1
"FileMeta/(0002,0003)","(0002,0003)",Media Storage SOP Instance UID,MediaStorageSOPInstanceUID,UI,False,1.2.643.5.1.13.13.12.2.77.8252.11081308031311040302130506061304,1
"FileMeta/(0002,0003)","(0002,0003)",Media Storage SOP Instance UID,MediaStorageSOPInstanceUID,UI,False,1.2.643.5.1.13.13.12.2.77.8252.01011201030601080312040805131303,1
"FileMeta/(0002,0003)","(0002,0003)",Media Storage SOP Instance UID,MediaStorageSOPInstanceUID,UI,False,1.2.643.5.1.13.13.12.2.77.8252.06030606140315081407041104141012,1
"FileMeta/(0002,0003)","(0002,0003)",Media Storage SOP Instance UID,MediaStorageSOPInstanceUID,UI,False,1.2.643.5.1.13.13.12.2.77.8252.15091411140404110408151008030010,1
"FileMeta/(0002,0003)","(0002,0003)",Media Storage SOP Instance UID,MediaStorageSOPInstanceUID,UI,False,1.2.643.5.1.13.13.12.2.77.8252.12111114061412150313141006121511,1
"FileMeta/(0002,0003)","(0002,0003)",Media Storage SOP Instance UID,MediaStorageSOPInstanceUID,UI,False,1.2.643.5.1.13.13.12.2.77.8252.11001315081502000300100815110411,1
"FileMeta/(0002,0003)","(0002,0003)",Media Storage SOP Instance UID,MediaStorageSOPInstanceUID,UI,False,1.2.643.5.1.13.13.12.2.77.8252.05061403001014150211070209121100,1
"FileMeta/(0002,0003)","(0002,0003)",Media Storage SOP Instance UID,MediaStorageSOPInstanceUID,UI,False,1.2.643.5.1.13.13.12.2.77.8252.07020101080211090714060800071015,1
"FileMeta/(0002,0003)","(0002,0003)",Media Storage SOP Instance UID,MediaStorageSOPInstanceUID,UI,False,1.2.643.5.1.13.13.12.2.77.8252.10090104061310110414150206150115,1
"FileMeta/(0002,0003)","(0002,0003)",Media Storage SOP Instance UID,MediaStorageSOPInstanceUID,UI,False,1.2.643.5.1.13.13.12.2.77.8252.03130108120702021004141402130400,1
"FileMeta/(0002,0003)","(0002,0003)",Media Storage SOP Instance UID,MediaStorageSOPInstanceUID,UI,False,1.2.643.5.1.13.13.12.2.77.8252.05090009071111050211130101070710,1
"FileMeta/(0002,0003)","(0002,0003)",Media Storage SOP Instance UID,MediaStorageSOPInstanceUID,UI,False,1.2.643.5.1.13.13.12.2.77.8252.06121304010102150202081301011406,1
"FileMeta/(0002,0003)","(0002,0003)",Media Storage SOP Instance UID,MediaStorageSOPInstanceUID,UI,False,1.2.643.5.1.13.13.12.2.77.8252.13000009090006001202001212051006,1
"FileMeta/(0002,0003)","(0002,0003)",Media Storage SOP Instance UID,MediaStorageSOPInstanceUID,UI,False,1.2.643.5.1.13.13.12.2.77.8252.00080112010710030607090609070409,1
"FileMeta/(0002,0003)","(0002,0003)",Media Storage SOP Instance UID,MediaStorageSOPInstanceUID,UI,False,1.2.643.5.1.13.13.12.2.77.8252.01080011050715071510151108031409,1
"FileMeta/(0002,0003)","(0002,0003)",Media Storage SOP Instance UID,MediaStorageSOPInstanceUID,UI,False,1.2.643.5.1.13.13.12.2.77.8252.12100615051100140712150704150801,1
"FileMeta/(0002,0003)","(0002,0003)",Media Storage SOP Instance UID,MediaStorageSOPInstanceUID,UI,False,1.2.643.5.1.13.13.12.2.77.8252.06120002061108140400041203121102,1
"FileMeta/(0002,0003)","(0002,0003)",Media Storage SOP Instance UID,MediaStorageSOPInstanceUID,UI,False,1.2.643.5.1.13.13.12.2.77.8252.15130815100101091501031008111015,1
"FileMeta/(0002,0003)","(0002,0003)",Media Storage SOP Instance UID,MediaStorageSOPInstanceUID,UI,False,1.2.643.5.1.13.13.12.2.77.8252.11140100091110050501140207060912,1
"FileMeta/(0002,0003)","(0002,0003)",Media Storage SOP Instance UID,MediaStorageSOPInstanceUID,UI,False,1.2.643.5.1.13.13.12.2.77.8252.05010011080903070300131415001403,1
"FileMeta/(0002,0003)","(0002,0003)",Media Storage SOP Instance UID,MediaStorageSOPInstanceUID,UI,False,1.2.643.5.1.13.13.12.2.77.8252.09010705011309010307011213150407,1
"FileMeta/(0002,0003)","(0002,0003)",Media Storage SOP Instance UID,MediaStorageSOPInstanceUID,UI,False,1.2.643.5.1.13.13.12.2.77.8252.05101415070003100803120514081507,1
"FileMeta/(0002,0003)","(0002,0003)",Media Storage SOP Instance UID,MediaStorageSOPInstanceUID,UI,False,1.2.643.5.1.13.13.12.2.77.8252.07090609050707040704081509101500,1
"FileMeta/(0002,0003)","(0002,0003)",Media Storage SOP Instance UID,MediaStorageSOPInstanceUID,UI,False,1.2.643.5.1.13.13.12.2.77.8252.15080302090100001214141305071301,1
"FileMeta/(0002,0003)","(0002,0003)",Media Storage SOP Instance UID,MediaStorageSOPInstanceUID,UI,False,1.2.643.5.1.13.13.12.2.77.8252.11091010090201121300090614051311,1
"FileMeta/(0002,0003)","(0002,0003)",Media Storage SOP Instance UID,MediaStorageSOPInstanceUID,UI,False,1.2.643.5.1.13.13.12.2.77.8252.02141512030209141106060309030501,1
"FileMeta/(0002,0003)","(0002,0003)",Media Storage SOP Instance UID,MediaStorageSOPInstanceUID,UI,False,1.2.643.5.1.13.13.12.2.77.8252.15080906090913051107110915140103,1
"FileMeta/(0002,0003)","(0002,0003)",Media Storage SOP Instance UID,MediaStorageSOPInstanceUID,UI,False,1.2.643.5.1.13.13.12.2.77.8252.02060612071110031306070811070605,1
"FileMeta/(0002,0003)","(0002,0003)",Media Storage SOP Instance UID,MediaStorageSOPInstanceUID,UI,False,1.2.643.5.1.13.13.12.2.77.8252.08001013010106001102020015031109,1
"FileMeta/(0002,0003)","(0002,0003)",Media Storage SOP Instance UID,MediaStorageSOPInstanceUID,UI,False,1.2.643.5.1.13.13.12.2.77.8252.11130511020109141404120604130811,1
"FileMeta/(0002,0003)","(0002,0003)",Media Storage SOP Instance UID,MediaStorageSOPInstanceUID,UI,False,1.2.643.5.1.13.13.12.2.77.8252.09040806151211060704090912150608,1
"FileMeta/(0002,0003)","(0002,0003)",Media Storage SOP Instance UID,MediaStorageSOPInstanceUID,UI,False,1.2.643.5.1.13.13.12.2.77.8252.12021011000615031102060001101203,1
"FileMeta/(0002,0003)","(0002,0003)",Media Storage SOP Instance UID,MediaStorageSOPInstanceUID,UI,False,1.2.643.5.1.13.13.12.2.77.8252.11100504100006050214040402081303,1
"FileMeta/(0002,0003)","(0002,0003)",Media Storage SOP Instance UID,MediaStorageSOPInstanceUID,UI,False,1.2.643.5.1.13.13.12.2.77.8252.12090901030412121214030908040015,1
"FileMeta/(0002,0003)","(0002,0003)",Media Storage SOP Instance UID,MediaStorageSOPInstanceUID,UI,False,1.2.643.5.1.13.13.12.2.77.8252.05140704131104071313121101000313,1
"FileMeta/(0002,0003)","(0002,0003)",Media Storage SOP Instance UID,MediaStorageSOPInstanceUID,UI,False,1.2.643.5.1.13.13.12.2.77.8252.10011315050807060809100706050011,1
"FileMeta/(0002,0003)","(0002,0003)",Media Storage SOP Instance UID,MediaStorageSOPInstanceUID,UI,False,1.2.643.5.1.13.13.12.2.77.8252.12090115120005000603040515131409,1
"FileMeta/(0002,0003)","(0002,0003)",Media Storage SOP Instance UID,MediaStorageSOPInstanceUID,UI,False,1.2.643.5.1.13.13.12.2.77.8252.04030803131507080109070101120910,1
"FileMeta/(0002,0003)","(0002,0003)",Media Storage SOP Instance UID,MediaStorageSOPInstanceUID,UI,False,1.2.643.5.1.13.13.12.2.77.8252.08080707141115140509110700030200,1
"FileMeta/(0002,0003)","(0002,0003)",Media Storage SOP Instance UID,MediaStorageSOPInstanceUID,UI,False,1.2.643.5.1.13.13.12.2.77.8252.09020610121102091006070609000414,1
"FileMeta/(0002,0003)","(0002,0003)",Media Storage SOP Instance UID,MediaStorageSOPInstanceUID,UI,False,1.2.643.5.1.13.13.12.2.77.8252.09141210051000000105030213061514,1
"FileMeta/(0002,0003)","(0002,0003)",Media Storage SOP Instance UID,MediaStorageSOPInstanceUID,UI,False,1.2.643.5.1.13.13.12.2.77.8252.10030011090613091008080403130712,1
"FileMeta/(0002,0003)","(0002,0003)",Media Storage SOP Instance UID,MediaStorageSOPInstanceUID,UI,False,1.2.643.5.1.13.13.12.2.77.8252.10091201060313121514040903111108,1
"FileMeta/(0002,0003)","(0002,0003)",Media Storage SOP Instance UID,MediaStorageSOPInstanceUID,UI,False,1.2.643.5.1.13.13.12.2.77.8252.08061203141300041506070501101310,1
"FileMeta/(0002,0003)","(0002,0003)",Media Storage SOP Instance UID,MediaStorageSOPInstanceUID,UI,False,1.2.643.5.1.13.13.12.2.77.8252.01080203060404010906011511140504,1
"FileMeta/(0002,0003)","(0002,0003)",Media Storage SOP Instance UID,MediaStorageSOPInstanceUID,UI,False,1.2.643.5.1.13.13.12.2.77.8252.02020610071014010106090300080911,1
"FileMeta/(0002,0003)","(0002,0003)",Media Storage SOP Instance UID,MediaStorageSOPInstanceUID,UI,False,1.2.643.5.1.13.13.12.2.77.8252.00041503151008120109091101041101,1
"FileMeta/(0002,0003)","(0002,0003)",Media Storage SOP Instance UID,MediaStorageSOPInstanceUID,UI,False,1.2.643.5.1.13.13.12.2.77.8252.03121103130007121510030803050514,1
"FileMeta/(0002,0003)","(0002,0003)",Media Storage SOP Instance UID,MediaStorageSOPInstanceUID,UI,False,1.2.643.5.1.13.13.12.2.77.8252.07070904150315000704031208001011,1
"FileMeta/(0002,0003)","(0002,0003)",Media Storage SOP Instance UID,MediaStorageSOPInstanceUID,UI,False,1.2.643.5.1.13.13.12.2.77.8252.09030700121011131209150303151015,1
"FileMeta/(0002,0003)","(0002,0003)",Media Storage SOP Instance UID,MediaStorageSOPInstanceUID,UI,False,1.2.643.5.1.13.13.12.2.77.8252.02000306061002040514101500000812,1
"FileMeta/(0002,0003)","(0002,0003)",Media Storage SOP Instance UID,MediaStorageSOPInstanceUID,UI,False,1.2.643.5.1.13.13.12.2.77.8252.01130904120915050401031210031001,1
"FileMeta/(0002,0003)","(0002,0003)",Media Storage SOP Instance UID,MediaStorageSOPInstanceUID,UI,False,1.2.643.5.1.13.13.12.2.77.8252.02120204101515130306021007150210,1
"FileMeta/(0002,0003)","(0002,0003)",Media Storage SOP Instance UID,MediaStorageSOPInstanceUID,UI,False,1.2.643.5.1.13.13.12.2.77.8252.06061007030610120805010913100711,1
"FileMeta/(0002,0003)","(0002,0003)",Media Storage SOP Instance UID,MediaStorageSOPInstanceUID,UI,False,1.2.643.5.1.13.13.12.2.77.8252.13110108131113110013070512051310,1
"FileMeta/(0002,0003)","(0002,0003)",Media Storage SOP Instance UID,MediaStorageSOPInstanceUID,UI,False,1.2.643.5.1.13.13.12.2.77.8252.05111003151314100612100700031506,1
"FileMeta/(0002,0003)","(0002,0003)",Media Storage SOP Instance UID,MediaStorageSOPInstanceUID,UI,False,1.2.643.5.1.13.13.12.2.77.8252.04091012040015061107090014081504,1
"FileMeta/(0002,0003)","(0002,0003)",Media Storage SOP Instance UID,MediaStorageSOPInstanceUID,UI,False,1.2.643.5.1.13.13.12.2.77.8252.11010912010413080807030107050600,1
"FileMeta/(0002,0003)","(0002,0003)",Media Storage SOP Instance UID,MediaStorageSOPInstanceUID,UI,False,1.2.643.5.1.13.13.12.2.77.8252.02060903061507111201080601150903,1
"FileMeta/(0002,0003)","(0002,0003)",Media Storage SOP Instance UID,MediaStorageSOPInstanceUID,UI,False,1.2.643.5.1.13.13.12.2.77.8252.09100506150509030310111310041309,1
"FileMeta/(0002,0003)","(0002,0003)",Media Storage SOP Instance UID,MediaStorageSOPInstanceUID,UI,False,1.2.643.5.1.13.13.12.2.77.8252.02080414020805070003121215081311,1
"FileMeta/(0002,0003)","(0002,0003)",Media Storage SOP Instance UID,MediaStorageSOPInstanceUID,UI,False,1.2.643.5.1.13.13.12.2.77.8252.14120712151005010200040708001308,1
"FileMeta/(0002,0003)","(0002,0003)",Media Storage SOP Instance UID,MediaStorageSOPInstanceUID,UI,False,1.2.643.5.1.13.13.12.2.77.8252.05030701101012140702110704000714,1
"FileMeta/(0002,0003)","(0002,0003)",Media Storage SOP Instance UID,MediaStorageSOPInstanceUID,UI,False,1.2.643.5.1.13.13.12.2.77.8252.12111312010203070900101115051015,1
"FileMeta/(0002,0003)","(0002,0003)",Media Storage SOP Instance UID,MediaStorageSOPInstanceUID,UI,False,1.2.643.5.1.13.13.12.2.77.8252.05001409080504151204111500000514,1
"FileMeta/(0002,0003)","(0002,0003)",Media Storage SOP Instance UID,MediaStorageSOPInstanceUID,UI,False,1.2.643.5.1.13.13.12.2.77.8252.12090208061115110101131315120813,1
"FileMeta/(0002,0003)","(0002,0003)",Media Storage SOP Instance UID,MediaStorageSOPInstanceUID,UI,False,1.2.643.5.1.13.13.12.2.77.8252.08110803070615141513021414111001,1
"FileMeta/(0002,0003)","(0002,0003)",Media Storage SOP Instance UID,MediaStorageSOPInstanceUID,UI,False,1.2.643.5.1.13.13.12.2.77.8252.00030605020706130003080307080701,1
"FileMeta/(0002,0003)","(0002,0003)",Media Storage SOP Instance UID,MediaStorageSOPInstanceUID,UI,False,1.2.643.5.1.13.13.12.2.77.8252.07150610130411050211021514011106,1
"FileMeta/(0002,0003)","(0002,0003)",Media Storage SOP Instance UID,MediaStorageSOPInstanceUID,UI,False,1.2.643.5.1.13.13.12.2.77.8252.15141302131508150312140605060212,1
"FileMeta/(0002,0003)","(0002,0003)",Media Storage SOP Instance UID,MediaStorageSOPInstanceUID,UI,False,1.2.643.5.1.13.13.12.2.77.8252.06080100090802110008000311010501,1
"FileMeta/(0002,0003)","(0002,0003)",Media Storage SOP Instance UID,MediaStorageSOPInstanceUID,UI,False,1.2.643.5.1.13.13.12.2.77.8252.03010404051000131408111209140108,1
"FileMeta/(0002,0003)","(0002,0003)",Media Storage SOP Instance UID,MediaStorageSOPInstanceUID,UI,False,1.2.643.5.1.13.13.12.2.77.8252.02031401091510001200041308031003,1
"FileMeta/(0002,0003)","(0002,0003)",Media Storage SOP Instance UID,MediaStorageSOPInstanceUID,UI,False,1.2.643.5.1.13.13.12.2.77.8252.07120809010109050202061111011110,1
"FileMeta/(0002,0003)","(0002,0003)",Media Storage SOP Instance UID,MediaStorageSOPInstanceUID,UI,False,1.2.643.5.1.13.13.12.2.77.8252.07081506021006111207090213090701,1
"FileMeta/(0002,0003)","(0002,0003)",Media Storage SOP Instance UID,MediaStorageSOPInstanceUID,UI,False,1.2.643.5.1.13.13.12.2.77.8252.06001210040802120801060507001509,1
"FileMeta/(0002,0003)","(0002,0003)",Media Storage SOP Instance UID,MediaStorageSOPInstanceUID,UI,False,1.2.643.5.1.13.13.12.2.77.8252.02030504060005060505040905021305,1
"FileMeta/(0002,0003)","(0002,0003)",Media Storage SOP Instance UID,MediaStorageSOPInstanceUID,UI,False,1.2.643.5.1.13.13.12.2.77.8252.15141212090108110812010201000904,1
"FileMeta/(0002,0003)","(0002,0003)",Media Storage SOP Instance UID,MediaStorageSOPInstanceUID,UI,False,1.2.643.5.1.13.13.12.2.77.8252.06130007090800051113070612071205,1
"FileMeta/(0002,0003)","(0002,0003)",Media Storage SOP Instance UID,MediaStorageSOPInstanceUID,UI,False,1.2.643.5.1.13.13.12.2.77.8252.13060812000809140915061004151307,1
"FileMeta/(0002,0003)","(0002,0003)",Media Storage SOP Instance UID,MediaStorageSOPInstanceUID,UI,False,1.2.643.5.1.13.13.12.2.77.8252.14150614130710030701101012031106,1
"FileMeta/(0002,0003)","(0002,0003)",Media Storage SOP Instance UID,MediaStorageSOPInstanceUID,UI,False,1.2.643.5.1.13.13.12.2.77.8252.10071506040807070913151311141504,1
"FileMeta/(0002,0003)","(0002,0003)",Media Storage SOP Instance UID,MediaStorageSOPInstanceUID,UI,False,1.2.643.5.1.13.13.12.2.77.8252.02060605151213121009151302130207,1
"FileMeta/(0002,0003)","(0002,0003)",Media Storage SOP Instance UID,MediaStorageSOPInstanceUID,UI,False,1.2.643.5.1.13.13.12.2.77.8252.07101010011513020401030213080905,1
"FileMeta/(0002,0003)","(0002,0003)",Media Storage SOP Instance UID,MediaStorageSOPInstanceUID,UI,False,1.2.643.5.1.13.13.12.2.77.8252.11130315030911081202140406010814,1
"FileMeta/(0002,0003)","(0002,0003)",Media Storage SOP Instance UID,MediaStorageSOPInstanceUID,UI,False,1.2.643.5.1.13.13.12.2.77.8252.10000615050107010300151404090301,1
"FileMeta/(0002,0003)","(0002,0003)",Media Storage SOP Instance UID,MediaStorageSOPInstanceUID,UI,False,1.2.643.5.1.13.13.12.2.77.8252.05111111030105140803060510040613,1
"FileMeta/(0002,0003)","(0002,0003)",Media Storage SOP Instance UID,MediaStorageSOPInstanceUID,UI,False,1.2.643.5.1.13.13.12.2.77.8252.02091011000006010704070004091411,1
"FileMeta/(0002,0003)","(0002,0003)",Media Storage SOP Instance UID,MediaStorageSOPInstanceUID,UI,False,1.2.643.5.1.13.13.12.2.77.8252.08151215001015040112061102060812,1
"FileMeta/(0002,0003)","(0002,0003)",Media Storage SOP Instance UID,MediaStorageSOPInstanceUID,UI,False,1.2.643.5.1.13.13.12.2.77.8252.03111115071204110106020413091215,1
"FileMeta/(0002,0003)","(0002,0003)",Media Storage SOP Instance UID,MediaStorageSOPInstanceUID,UI,False,1.2.643.5.1.13.13.12.2.77.8252.08021214010408050013070405100802,1
"FileMeta/(0002,0003)","(0002,0003)",Media Storage SOP Instance UID,MediaStorageSOPInstanceUID,UI,False,1.2.643.5.1.13.13.12.2.77.8252.01011407000709010910090115010000,1
"FileMeta/(0002,0003)","(0002,0003)",Media Storage SOP Instance UID,MediaStorageSOPInstanceUID,UI,False,1.2.643.5.1.13.13.12.2.77.8252.15121501030904011113060500050403,1
"FileMeta/(0002,0003)","(0002,0003)",Media Storage SOP Instance UID,MediaStorageSOPInstanceUID,UI,False,1.2.643.5.1.13.13.12.2.77.8252.10040310131315131311011115051512,1
"FileMeta/(0002,0003)","(0002,0003)",Media Storage SOP Instance UID,MediaStorageSOPInstanceUID,UI,False,1.2.643.5.1.13.13.12.2.77.8252.13130501101110040009090201091209,1
"FileMeta/(0002,0003)","(0002,0003)",Media Storage SOP Instance UID,MediaStorageSOPInstanceUID,UI,False,1.2.643.5.1.13.13.12.2.77.8252.15080405040711111211130015010914,1
"FileMeta/(0002,0003)","(0002,0003)",Media Storage SOP Instance UID,MediaStorageSOPInstanceUID,UI,False,1.2.643.5.1.13.13.12.2.77.8252.00121200081108110912041503010000,1
"FileMeta/(0002,0003)","(0002,0003)",Media Storage SOP Instance UID,MediaStorageSOPInstanceUID,UI,False,1.2.643.5.1.13.13.12.2.77.8252.10080308141508151114100414150301,1
"FileMeta/(0002,0003)","(0002,0003)",Media Storage SOP Instance UID,MediaStorageSOPInstanceUID,UI,False,1.2.643.5.1.13.13.12.2.77.8252.00031305050707070014000611130907,1
"FileMeta/(0002,0003)","(0002,0003)",Media Storage SOP Instance UID,MediaStorageSOPInstanceUID,UI,False,1.2.643.5.1.13.13.12.2.77.8252.09110310111109140609041514031010,1
"FileMeta/(0002,0003)","(0002,0003)",Media Storage SOP Instance UID,MediaStorageSOPInstanceUID,UI,False,1.2.643.5.1.13.13.12.2.77.8252.03041015000108071402071509131313,1
"FileMeta/(0002,0003)","(0002,0003)",Media Storage SOP Instance UID,MediaStorageSOPInstanceUID,UI,False,1.2.643.5.1.13.13.12.2.77.8252.07150604010711031305090702140107,1
"FileMeta/(0002,0003)","(0002,0003)",Media Storage SOP Instance UID,MediaStorageSOPInstanceUID,UI,False,1.2.643.5.1.13.13.12.2.77.8252.13090506040311041500070413151313,1
"FileMeta/(0002,0003)","(0002,0003)",Media Storage SOP Instance UID,MediaStorageSOPInstanceUID,UI,False,1.2.643.5.1.13.13.12.2.77.8252.12110509121413070408000802041201,1
"FileMeta/(0002,0003)","(0002,0003)",Media Storage SOP Instance UID,MediaStorageSOPInstanceUID,UI,False,1.2.643.5.1.13.13.12.2.77.8252.14130302090906050506100315000611,1
"FileMeta/(0002,0003)","(0002,0003)",Media Storage SOP Instance UID,MediaStorageSOPInstanceUID,UI,False,1.2.643.5.1.13.13.12.2.77.8252.06151311061015011100110511080701,1
"FileMeta/(0002,0003)","(0002,0003)",Media Storage SOP Instance UID,MediaStorageSOPInstanceUID,UI,False,1.2.643.5.1.13.13.12.2.77.8252.02050808061207030811150709091509,1
"FileMeta/(0002,0003)","(0002,0003)",Media Storage SOP Instance UID,MediaStorageSOPInstanceUID,UI,False,1.2.643.5.1.13.13.12.2.77.8252.05120913001500151408091003040415,1
"FileMeta/(0002,0003)","(0002,0003)",Media Storage SOP Instance UID,MediaStorageSOPInstanceUID,UI,False,1.2.643.5.1.13.13.12.2.77.8252.07150713040501120002001009141410,1
"FileMeta/(0002,0003)","(0002,0003)",Media Storage SOP Instance UID,MediaStorageSOPInstanceUID,UI,False,1.2.643.5.1.13.13.12.2.77.8252.11011500050713141305050211140308,1
"FileMeta/(0002,0003)","(0002,0003)",Media Storage SOP Instance UID,MediaStorageSOPInstanceUID,UI,False,1.2.643.5.1.13.13.12.2.77.8252.15121403061107000609060400100413,1
"FileMeta/(0002,0003)","(0002,0003)",Media Storage SOP Instance UID,MediaStorageSOPInstanceUID,UI,False,1.2.643.5.1.13.13.12.2.77.8252.14111212050609060202121515040103,1
"FileMeta/(0002,0003)","(0002,0003)",Media Storage SOP Instance UID,MediaStorageSOPInstanceUID,UI,False,1.2.643.5.1.13.13.12.2.77.8252.07130510130614040904060413131200,1
"FileMeta/(0002,0003)","(0002,0003)",Media Storage SOP Instance UID,MediaStorageSOPInstanceUID,UI,False,1.2.643.5.1.13.13.12.2.77.8252.06060810060308150905140912050013,1
"FileMeta/(0002,0003)","(0002,0003)",Media Storage SOP Instance UID,MediaStorageSOPInstanceUID,UI,False,1.2.643.5.1.13.13.12.2.77.8252.13130903011502030304101506090814,1
"FileMeta/(0002,0003)","(0002,0003)",Media Storage SOP Instance UID,MediaStorageSOPInstanceUID,UI,False,1.2.643.5.1.13.13.12.2.77.8252.15001111061311011106030303001309,1
"FileMeta/(0002,0003)","(0002,0003)",Media Storage SOP Instance UID,MediaStorageSOPInstanceUID,UI,False,1.2.643.5.1.13.13.12.2.77.8252.10041006131411151513070104110809,1
"FileMeta/(0002,0003)","(0002,0003)",Media Storage SOP Instance UID,MediaStorageSOPInstanceUID,UI,False,1.2.643.5.1.13.13.12.2.77.8252.06111209081313111015020309051508,1
"FileMeta/(0002,0003)","(0002,0003)",Media Storage SOP Instance UID,MediaStorageSOPInstanceUID,UI,False,1.2.643.5.1.13.13.12.2.77.8252.04050904100201141507070306131511,1
"FileMeta/(0002,0003)","(0002,0003)",Media Storage SOP Instance UID,MediaStorageSOPInstanceUID,UI,False,1.2.643.5.1.13.13.12.2.77.8252.15101115041306031303150405131115,1
"FileMeta/(0002,0003)","(0002,0003)",Media Storage SOP Instance UID,MediaStorageSOPInstanceUID,UI,False,1.2.643.5.1.13.13.12.2.77.8252.08061201060114131102110802141411,1
"FileMeta/(0002,0003)","(0002,0003)",Media Storage SOP Instance UID,MediaStorageSOPInstanceUID,UI,False,1.2.643.5.1.13.13.12.2.77.8252.04141409090807040100020211061514,1
"FileMeta/(0002,0003)","(0002,0003)",Media Storage SOP Instance UID,MediaStorageSOPInstanceUID,UI,False,1.2.643.5.1.13.13.12.2.77.8252.04000607141411061507120106050309,1
"FileMeta/(0002,0003)","(0002,0003)",Media Storage SOP Instance UID,MediaStorageSOPInstanceUID,UI,False,1.2.643.5.1.13.13.12.2.77.8252.03130309141409040708100214070815,1
"FileMeta/(0002,0003)","(0002,0003)",Media Storage SOP Instance UID,MediaStorageSOPInstanceUID,UI,False,1.2.643.5.1.13.13.12.2.77.8252.07021003040810040809000711080701,1
"FileMeta/(0002,0003)","(0002,0003)",Media Storage SOP Instance UID,MediaStorageSOPInstanceUID,UI,False,1.2.643.5.1.13.13.12.2.77.8252.04111101091200130111070203120509,1
"FileMeta/(0002,0003)","(0002,0003)",Media Storage SOP Instance UID,MediaStorageSOPInstanceUID,UI,False,1.2.643.5.1.13.13.12.2.77.8252.04141300131506141004121211120710,1
"FileMeta/(0002,0003)","(0002,0003)",Media Storage SOP Instance UID,MediaStorageSOPInstanceUID,UI,False,1.2.643.5.1.13.13.12.2.77.8252.09031306140406050914091115001515,1
"FileMeta/(0002,0003)","(0002,0003)",Media Storage SOP Instance UID,MediaStorageSOPInstanceUID,UI,False,1.2.643.5.1.13.13.12.2.77.8252.03070910041410130909021014090904,1
"FileMeta/(0002,0003)","(0002,0003)",Media Storage SOP Instance UID,MediaStorageSOPInstanceUID,UI,False,1.2.643.5.1.13.13.12.2.77.8252.01031400050508070812091015000904,1
"FileMeta/(0002,0003)","(0002,0003)",Media Storage SOP Instance UID,MediaStorageSOPInstanceUID,UI,False,1.2.643.5.1.13.13.12.2.77.8252.07120905081404061009060805020905,1
"FileMeta/(0002,0003)","(0002,0003)",Media Storage SOP Instance UID,MediaStorageSOPInstanceUID,UI,False,1.2.643.5.1.13.13.12.2.77.8252.07130502151014041012130400130108,1
"FileMeta/(0002,0010)","(0002,0010)",Transfer Syntax UID,TransferSyntaxUID,UI,False,1.2.840.10008.1.2,499
"FileMeta/(0002,0012)","(0002,0012)",Implementation Class UID,ImplementationClassUID,UI,False,1.2.276.0.7230010.3.0.3.6.8,499
"FileMeta/(0002,0013)","(0002,0013)",Implementation Version Name,ImplementationVersionName,SH,False,OFFIS_DCMTK_368,499
"Dataset/(0008,0005)","(0008,0005)",Specific Character Set,SpecificCharacterSet,CS,False,ISO_IR 144,481
"Dataset/(0008,0005)","(0008,0005)",Specific Character Set,SpecificCharacterSet,CS,False,ISO_IR 100,18
"Dataset/(0008,0016)","(0008,0016)",SOP Class UID,SOPClassUID,UI,False,1.2.840.10008.5.1.4.1.1.1,499
"Dataset/(0008,0018)","(0008,0018)",SOP Instance UID,SOPInstanceUID,UI,False,1.2.643.5.1.13.13.12.2.77.8252.14031015091008031013040205110915,1
"Dataset/(0008,0018)","(0008,0018)",SOP Instance UID,SOPInstanceUID,UI,False,1.2.643.5.1.13.13.12.2.77.8252.03030811151201151502050615010000,1
"Dataset/(0008,0018)","(0008,0018)",SOP Instance UID,SOPInstanceUID,UI,False,1.2.643.5.1.13.13.12.2.77.8252.06000812101106141213041404150112,1
"Dataset/(0008,0018)","(0008,0018)",SOP Instance UID,SOPInstanceUID,UI,False,1.2.643.5.1.13.13.12.2.77.8252.10130209021503050013090302090705,1
"Dataset/(0008,0018)","(0008,0018)",SOP Instance UID,SOPInstanceUID,UI,False,1.2.643.5.1.13.13.12.2.77.8252.13011105091309080008130511041109,1
"Dataset/(0008,0018)","(0008,0018)",SOP Instance UID,SOPInstanceUID,UI,False,1.2.643.5.1.13.13.12.2.77.8252.04131215000514000414051510091103,1
"Dataset/(0008,0018)","(0008,0018)",SOP Instance UID,SOPInstanceUID,UI,False,1.2.643.5.1.13.13.12.2.77.8252.06140010030611061314081200121305,1
"Dataset/(0008,0018)","(0008,0018)",SOP Instance UID,SOPInstanceUID,UI,False,1.2.643.5.1.13.13.12.2.77.8252.09050515110402090102050206010406,1
"Dataset/(0008,0018)","(0008,0018)",SOP Instance UID,SOPInstanceUID,UI,False,1.2.643.5.1.13.13.12.2.77.8252.09040712010609120601031410140610,1
"Dataset/(0008,0018)","(0008,0018)",SOP Instance UID,SOPInstanceUID,UI,False,1.2.643.5.1.13.13.12.2.77.8252.07120303070106110214090814060908,1
"Dataset/(0008,0018)","(0008,0018)",SOP Instance UID,SOPInstanceUID,UI,False,1.2.643.5.1.13.13.12.2.77.8252.14060811030909110008140112131212,1
"Dataset/(0008,0018)","(0008,0018)",SOP Instance UID,SOPInstanceUID,UI,False,1.2.643.5.1.13.13.12.2.77.8252.06111207031100151513000412070105,1
"Dataset/(0008,0018)","(0008,0018)",SOP Instance UID,SOPInstanceUID,UI,False,1.2.643.5.1.13.13.12.2.77.8252.07140808121311040315101301051200,1
"Dataset/(0008,0018)","(0008,0018)",SOP Instance UID,SOPInstanceUID,UI,False,1.2.643.5.1.13.13.12.2.77.8252.10011302120900111505101501141402,1
"Dataset/(0008,0018)","(0008,0018)",SOP Instance UID,SOPInstanceUID,UI,False,1.2.643.5.1.13.13.12.2.77.8252.03030413031313090107050002151508,1
"Dataset/(0008,0018)","(0008,0018)",SOP Instance UID,SOPInstanceUID,UI,False,1.2.643.5.1.13.13.12.2.77.8252.13101207101114060008151413130115,1
"Dataset/(0008,0018)","(0008,0018)",SOP Instance UID,SOPInstanceUID,UI,False,1.2.643.5.1.13.13.12.2.77.8252.07150612000412081110110102150004,1
"Dataset/(0008,0018)","(0008,0018)",SOP Instance UID,SOPInstanceUID,UI,False,1.2.643.5.1.13.13.12.2.77.8252.08010006000103071201020606001302,1
"Dataset/(0008,0018)","(0008,0018)",SOP Instance UID,SOPInstanceUID,UI,False,1.2.643.5.1.13.13.12.2.77.8252.07000215121313030213041009101409,1
"Dataset/(0008,0018)","(0008,0018)",SOP Instance UID,SOPInstanceUID,UI,False,1.2.643.5.1.13.13.12.2.77.8252.14131410040814100713070401091213,1
"Dataset/(0008,0018)","(0008,0018)",SOP Instance UID,SOPInstanceUID,UI,False,1.2.643.5.1.13.13.12.2.77.8252.03081500040505121009070211080902,1
"Dataset/(0008,0018)","(0008,0018)",SOP Instance UID,SOPInstanceUID,UI,False,1.2.643.5.1.13.13.12.2.77.8252.01140903011212140408111315130511,1
"Dataset/(0008,0018)","(0008,0018)",SOP Instance UID,SOPInstanceUID,UI,False,1.2.643.5.1.13.13.12.2.77.8252.10030113050111051002020402141304,1
"Dataset/(0008,0018)","(0008,0018)",SOP Instance UID,SOPInstanceUID,UI,False,1.2.643.5.1.13.13.12.2.77.8252.10100907120107030904131503081506,1
"Dataset/(0008,0018)","(0008,0018)",SOP Instance UID,SOPInstanceUID,UI,False,1.2.643.5.1.13.13.12.2.77.8252.11020107010405070800051206110610,1
"Dataset/(0008,0018)","(0008,0018)",SOP Instance UID,SOPInstanceUID,UI,False,1.2.643.5.1.13.13.12.2.77.8252.07001207050006000600091513060701,1
"Dataset/(0008,0018)","(0008,0018)",SOP Instance UID,SOPInstanceUID,UI,False,1.2.643.5.1.13.13.12.2.77.8252.10091111150614140108020903000009,1
"Dataset/(0008,0018)","(0008,0018)",SOP Instance UID,SOPInstanceUID,UI,False,1.2.643.5.1.13.13.12.2.77.8252.10140807011010031112140700150015,1
"Dataset/(0008,0018)","(0008,0018)",SOP Instance UID,SOPInstanceUID,UI,False,1.2.643.5.1.13.13.12.2.77.8252.11011413051206050400150606100110,1
"Dataset/(0008,0018)","(0008,0018)",SOP Instance UID,SOPInstanceUID,UI,False,1.2.643.5.1.13.13.12.2.77.8252.06050309100102041203101101110913,1
"Dataset/(0008,0018)","(0008,0018)",SOP Instance UID,SOPInstanceUID,UI,False,1.2.643.5.1.13.13.12.2.77.8252.15031208100010080909150509041308,1
"Dataset/(0008,0018)","(0008,0018)",SOP Instance UID,SOPInstanceUID,UI,False,1.2.643.5.1.13.13.12.2.77.8252.12051209130410130502141403101414,1
"Dataset/(0008,0018)","(0008,0018)",SOP Instance UID,SOPInstanceUID,UI,False,1.2.643.5.1.13.13.12.2.77.8252.08120904010605130814050710080508,1
"Dataset/(0008,0018)","(0008,0018)",SOP Instance UID,SOPInstanceUID,UI,False,1.2.643.5.1.13.13.12.2.77.8252.00071307071102020311080215100104,1
"Dataset/(0008,0018)","(0008,0018)",SOP Instance UID,SOPInstanceUID,UI,False,1.2.643.5.1.13.13.12.2.77.8252.12021012060504060503030002061208,1
"Dataset/(0008,0018)","(0008,0018)",SOP Instance UID,SOPInstanceUID,UI,False,1.2.643.5.1.13.13.12.2.77.8252.11131406091213131205130612021414,1
"Dataset/(0008,0018)","(0008,0018)",SOP Instance UID,SOPInstanceUID,UI,False,1.2.643.5.1.13.13.12.2.77.8252.14130208070502001411050502150202,1
"Dataset/(0008,0018)","(0008,0018)",SOP Instance UID,SOPInstanceUID,UI,False,1.2.643.5.1.13.13.12.2.77.8252.11120508121303130402081303070008,1
"Dataset/(0008,0018)","(0008,0018)",SOP Instance UID,SOPInstanceUID,UI,False,1.2.643.5.1.13.13.12.2.77.8252.03090510061307040702090411010105,1
"Dataset/(0008,0018)","(0008,0018)",SOP Instance UID,SOPInstanceUID,UI,False,1.2.643.5.1.13.13.12.2.77.8252.14031513011512070711151413071213,1
"Dataset/(0008,0018)","(0008,0018)",SOP Instance UID,SOPInstanceUID,UI,False,1.2.643.5.1.13.13.12.2.77.8252.07121414121104070401050315140813,1
"Dataset/(0008,0018)","(0008,0018)",SOP Instance UID,SOPInstanceUID,UI,False,1.2.643.5.1.13.13.12.2.77.8252.11051001091403121310010813110103,1
"Dataset/(0008,0018)","(0008,0018)",SOP Instance UID,SOPInstanceUID,UI,False,1.2.643.5.1.13.13.12.2.77.8252.12051512011202090502051206130907,1
"Dataset/(0008,0018)","(0008,0018)",SOP Instance UID,SOPInstanceUID,UI,False,1.2.643.5.1.13.13.12.2.77.8252.08110803080105090710150006100300,1
"Dataset/(0008,0018)","(0008,0018)",SOP Instance UID,SOPInstanceUID,UI,False,1.2.643.5.1.13.13.12.2.77.8252.13030903151515081500090603041412,1
"Dataset/(0008,0018)","(0008,0018)",SOP Instance UID,SOPInstanceUID,UI,False,1.2.643.5.1.13.13.12.2.77.8252.08101400121500101415120401040211,1
"Dataset/(0008,0018)","(0008,0018)",SOP Instance UID,SOPInstanceUID,UI,False,1.2.643.5.1.13.13.12.2.77.8252.15090515141309140806011408041204,1
"Dataset/(0008,0018)","(0008,0018)",SOP Instance UID,SOPInstanceUID,UI,False,1.2.643.5.1.13.13.12.2.77.8252.03150400010605060115070904121304,1
"Dataset/(0008,0018)","(0008,0018)",SOP Instance UID,SOPInstanceUID,UI,False,1.2.643.5.1.13.13.12.2.77.8252.15050814070214050107040604101305,1
"Dataset/(0008,0018)","(0008,0018)",SOP Instance UID,SOPInstanceUID,UI,False,1.2.643.5.1.13.13.12.2.77.8252.00111415140915030904140513150113,1
"Dataset/(0008,0018)","(0008,0018)",SOP Instance UID,SOPInstanceUID,UI,False,1.2.643.5.1.13.13.12.2.77.8252.08111114040702130902010708100700,1
"Dataset/(0008,0018)","(0008,0018)",SOP Instance UID,SOPInstanceUID,UI,False,1.2.643.5.1.13.13.12.2.77.8252.10001500010311100907131007040004,1
"Dataset/(0008,0018)","(0008,0018)",SOP Instance UID,SOPInstanceUID,UI,False,1.2.643.5.1.13.13.12.2.77.8252.11151502000914000710090013020813,1
"Dataset/(0008,0018)","(0008,0018)",SOP Instance UID,SOPInstanceUID,UI,False,1.2.643.5.1.13.13.12.2.77.8252.10141411130204150513090803110213,1
"Dataset/(0008,0018)","(0008,0018)",SOP Instance UID,SOPInstanceUID,UI,False,1.2.643.5.1.13.13.12.2.77.8252.09060814101015050208090100150206,1
"Dataset/(0008,0018)","(0008,0018)",SOP Instance UID,SOPInstanceUID,UI,False,1.2.643.5.1.13.13.12.2.77.8252.11060402050912131204000502001414,1
"Dataset/(0008,0018)","(0008,0018)",SOP Instance UID,SOPInstanceUID,UI,False,1.2.643.5.1.13.13.12.2.77.8252.04051301070809101001111312060114,1
"Dataset/(0008,0018)","(0008,0018)",SOP Instance UID,SOPInstanceUID,UI,False,1.2.643.5.1.13.13.12.2.77.8252.08050414010100010110100910070904,1
"Dataset/(0008,0018)","(0008,0018)",SOP Instance UID,SOPInstanceUID,UI,False,1.2.643.5.1.13.13.12.2.77.8252.13011301091003020814061203020304,1
"Dataset/(0008,0018)","(0008,0018)",SOP Instance UID,SOPInstanceUID,UI,False,1.2.643.5.1.13.13.12.2.77.8252.01010713081306120510130101121412,1
"Dataset/(0008,0018)","(0008,0018)",SOP Instance UID,SOPInstanceUID,UI,False,1.2.643.5.1.13.13.12.2.77.8252.05150512091506110304120408070606,1
"Dataset/(0008,0018)","(0008,0018)",SOP Instance UID,SOPInstanceUID,UI,False,1.2.643.5.1.13.13.12.2.77.8252.02101009080308000015051512140806,1
"Dataset/(0008,0018)","(0008,0018)",SOP Instance UID,SOPInstanceUID,UI,False,1.2.643.5.1.13.13.12.2.77.8252.02091106060004131215091000000909,1
"Dataset/(0008,0018)","(0008,0018)",SOP Instance UID,SOPInstanceUID,UI,False,1.2.643.5.1.13.13.12.2.77.8252.15060100040008041103060904131005,1
"Dataset/(0008,0018)","(0008,0018)",SOP Instance UID,SOPInstanceUID,UI,False,1.2.643.5.1.13.13.12.2.77.8252.03040807040905131500140112021404,1
"Dataset/(0008,0018)","(0008,0018)",SOP Instance UID,SOPInstanceUID,UI,False,1.2.643.5.1.13.13.12.2.77.8252.11100905091110000105111305090709,1
"Dataset/(0008,0018)","(0008,0018)",SOP Instance UID,SOPInstanceUID,UI,False,1.2.643.5.1.13.13.12.2.77.8252.09071502150602001009041214040315,1
"Dataset/(0008,0018)","(0008,0018)",SOP Instance UID,SOPInstanceUID,UI,False,1.2.643.5.1.13.13.12.2.77.8252.12031311070507060813050800031313,1
"Dataset/(0008,0018)","(0008,0018)",SOP Instance UID,SOPInstanceUID,UI,False,1.2.643.5.1.13.13.12.2.77.8252.04131510070001011107040403071102,1
"Dataset/(0008,0018)","(0008,0018)",SOP Instance UID,SOPInstanceUID,UI,False,1.2.643.5.1.13.13.12.2.77.8252.08050506060410091114110412130504,1
"Dataset/(0008,0018)","(0008,0018)",SOP Instance UID,SOPInstanceUID,UI,False,1.2.643.5.1.13.13.12.2.77.8252.10081312010805021201100507060411,1
"Dataset/(0008,0018)","(0008,0018)",SOP Instance UID,SOPInstanceUID,UI,False,1.2.643.5.1.13.13.12.2.77.8252.06141210040207130507130606070312,1
"Dataset/(0008,0018)","(0008,0018)",SOP Instance UID,SOPInstanceUID,UI,False,1.2.643.5.1.13.13.12.2.77.8252.08121504041301080101130415050611,1
"Dataset/(0008,0018)","(0008,0018)",SOP Instance UID,SOPInstanceUID,UI,False,1.2.643.5.1.13.13.12.2.77.8252.10031005061115110908060312000307,1
"Dataset/(0008,0018)","(0008,0018)",SOP Instance UID,SOPInstanceUID,UI,False,1.2.643.5.1.13.13.12.2.77.8252.11151304101402090112060913070605,1
"Dataset/(0008,0018)","(0008,0018)",SOP Instance UID,SOPInstanceUID,UI,False,1.2.643.5.1.13.13.12.2.77.8252.13130511100900071404010502130909,1
"Dataset/(0008,0018)","(0008,0018)",SOP Instance UID,SOPInstanceUID,UI,False,1.2.643.5.1.13.13.12.2.77.8252.10040807011312021210130513011200,1
"Dataset/(0008,0018)","(0008,0018)",SOP Instance UID,SOPInstanceUID,UI,False,1.2.643.5.1.13.13.12.2.77.8252.03120008051300001208141011101302,1
"Dataset/(0008,0018)","(0008,0018)",SOP Instance UID,SOPInstanceUID,UI,False,1.2.643.5.1.13.13.12.2.77.8252.01070801081413060013111012010201,1
"Dataset/(0008,0018)","(0008,0018)",SOP Instance UID,SOPInstanceUID,UI,False,1.2.643.5.1.13.13.12.2.77.8252.14080500031007021314121106040303,1
"Dataset/(0008,0018)","(0008,0018)",SOP Instance UID,SOPInstanceUID,UI,False,1.2.643.5.1.13.13.12.2.77.8252.03020502031409151006020306090105,1
"Dataset/(0008,0018)","(0008,0018)",SOP Instance UID,SOPInstanceUID,UI,False,1.2.643.5.1.13.13.12.2.77.8252.07111115111305011108141412010801,1
"Dataset/(0008,0018)","(0008,0018)",SOP Instance UID,SOPInstanceUID,UI,False,1.2.643.5.1.13.13.12.2.77.8252.02011409120209130807021302101100,1
"Dataset/(0008,0018)","(0008,0018)",SOP Instance UID,SOPInstanceUID,UI,False,1.2.643.5.1.13.13.12.2.77.8252.07050602130910101513020700010509,1
"Dataset/(0008,0018)","(0008,0018)",SOP Instance UID,SOPInstanceUID,UI,False,1.2.643.5.1.13.13.12.2.77.8252.02030508140000071310150302011113,1
"Dataset/(0008,0018)","(0008,0018)",SOP Instance UID,SOPInstanceUID,UI,False,1.2.643.5.1.13.13.12.2.77.8252.09070705131210061514041509120513,1
"Dataset/(0008,0018)","(0008,0018)",SOP Instance UID,SOPInstanceUID,UI,False,1.2.643.5.1.13.13.12.2.77.8252.09150805131402040209060509150410,1
"Dataset/(0008,0018)","(0008,0018)",SOP Instance UID,SOPInstanceUID,UI,False,1.2.643.5.1.13.13.12.2.77.8252.11000605051111050207041006140905,1
"Dataset/(0008,0018)","(0008,0018)",SOP Instance UID,SOPInstanceUID,UI,False,1.2.643.5.1.13.13.12.2.77.8252.09060004140611120111091509030603,1
"Dataset/(0008,0018)","(0008,0018)",SOP Instance UID,SOPInstanceUID,UI,False,1.2.643.5.1.13.13.12.2.77.8252.02111507100612121000021204080801,1
"Dataset/(0008,0018)","(0008,0018)",SOP Instance UID,SOPInstanceUID,UI,False,1.2.643.5.1.13.13.12.2.77.8252.04071014120313000711051010091409,1
"Dataset/(0008,0018)","(0008,0018)",SOP Instance UID,SOPInstanceUID,UI,False,1.2.643.5.1.13.13.12.2.77.8252.12120911020011140507050515090906,1
"Dataset/(0008,0018)","(0008,0018)",SOP Instance UID,SOPInstanceUID,UI,False,1.2.643.5.1.13.13.12.2.77.8252.00131503020212110600101502020700,1
"Dataset/(0008,0018)","(0008,0018)",SOP Instance UID,SOPInstanceUID,UI,False,1.2.643.5.1.13.13.12.2.77.8252.12051101030200021506031210090702,1
"Dataset/(0008,0018)","(0008,0018)",SOP Instance UID,SOPInstanceUID,UI,False,1.2.643.5.1.13.13.12.2.77.8252.05100110120015150515030506140402,1
"Dataset/(0008,0018)","(0008,0018)",SOP Instance UID,SOPInstanceUID,UI,False,1.2.643.5.1.13.13.12.2.77.8252.06081211090913150712130913130401,1
"Dataset/(0008,0018)","(0008,0018)",SOP Instance UID,SOPInstanceUID,UI,False,1.2.643.5.1.13.13.12.2.77.8252.13151303131009131214000609090104,1
"Dataset/(0008,0018)","(0008,0018)",SOP Instance UID,SOPInstanceUID,UI,False,1.2.643.5.1.13.13.12.2.77.8252.15080409060108110106110204020115,1
"Dataset/(0008,0018)","(0008,0018)",SOP Instance UID,SOPInstanceUID,UI,False,1.2.643.5.1.13.13.12.2.77.8252.06120903051105150112061201080014,1
"Dataset/(0008,0018)","(0008,0018)",SOP Instance UID,SOPInstanceUID,UI,False,1.2.643.5.1.13.13.12.2.77.8252.05020106091400040809110708040301,1
"Dataset/(0008,0018)","(0008,0018)",SOP Instance UID,SOPInstanceUID,UI,False,1.2.643.5.1.13.13.12.2.77.8252.15140601101305061400021505010802,1
"Dataset/(0008,0018)","(0008,0018)",SOP Instance UID,SOPInstanceUID,UI,False,1.2.643.5.1.13.13.12.2.77.8252.07151108041411120004040810151209,1
"Dataset/(0008,0018)","(0008,0018)",SOP Instance UID,SOPInstanceUID,UI,False,1.2.643.5.1.13.13.12.2.77.8252.02090003020511130407030106110206,1
"Dataset/(0008,0018)","(0008,0018)",SOP Instance UID,SOPInstanceUID,UI,False,1.2.643.5.1.13.13.12.2.77.8252.04080409110008071309041404000111,1
"Dataset/(0008,0018)","(0008,0018)",SOP Instance UID,SOPInstanceUID,UI,False,1.2.643.5.1.13.13.12.2.77.8252.11150104101400000200001411070008,1
"Dataset/(0008,0018)","(0008,0018)",SOP Instance UID,SOPInstanceUID,UI,False,1.2.643.5.1.13.13.12.2.77.8252.00090714091003060206031503010409,1
"Dataset/(0008,0018)","(0008,0018)",SOP Instance UID,SOPInstanceUID,UI,False,1.2.643.5.1.13.13.12.2.77.8252.13150808100913111314080101030008,1
"Dataset/(0008,0018)","(0008,0018)",SOP Instance UID,SOPInstanceUID,UI,False,1.2.643.5.1.13.13.12.2.77.8252.11020707081006150000011408140609,1
"Dataset/(0008,0018)","(0008,0018)",SOP Instance UID,SOPInstanceUID,UI,False,1.2.643.5.1.13.13.12.2.77.8252.10001304041304060303041004101403,1
"Dataset/(0008,0018)","(0008,0018)",SOP Instance UID,SOPInstanceUID,UI,False,1.2.643.5.1.13.13.12.2.77.8252.12151114030903000211100702060009,1
"Dataset/(0008,0018)","(0008,0018)",SOP Instance UID,SOPInstanceUID,UI,False,1.2.643.5.1.13.13.12.2.77.8252.02031303080313100507120501150506,1
"Dataset/(0008,0018)","(0008,0018)",SOP Instance UID,SOPInstanceUID,UI,False,1.2.643.5.1.13.13.12.2.77.8252.06150706081207041203070111090707,1
"Dataset/(0008,0018)","(0008,0018)",SOP Instance UID,SOPInstanceUID,UI,False,1.2.643.5.1.13.13.12.2.77.8252.06150108111302000413130014070915,1
"Dataset/(0008,0018)","(0008,0018)",SOP Instance UID,SOPInstanceUID,UI,False,1.2.643.5.1.13.13.12.2.77.8252.07031408150101110505001201030207,1
"Dataset/(0008,0018)","(0008,0018)",SOP Instance UID,SOPInstanceUID,UI,False,1.2.643.5.1.13.13.12.2.77.8252.14070208080209001506081402060503,1
"Dataset/(0008,0018)","(0008,0018)",SOP Instance UID,SOPInstanceUID,UI,False,1.2.643.5.1.13.13.12.2.77.8252.04040803080402061202041005000304,1
"Dataset/(0008,0018)","(0008,0018)",SOP Instance UID,SOPInstanceUID,UI,False,1.2.643.5.1.13.13.12.2.77.8252.13090607110001000310151006050113,1
"Dataset/(0008,0018)","(0008,0018)",SOP Instance UID,SOPInstanceUID,UI,False,1.2.643.5.1.13.13.12.2.77.8252.14121200111500000012151207021305,1
"Dataset/(0008,0018)","(0008,0018)",SOP Instance UID,SOPInstanceUID,UI,False,1.2.643.5.1.13.13.12.2.77.8252.04060811050000140014040410080212,1
"Dataset/(0008,0018)","(0008,0018)",SOP Instance UID,SOPInstanceUID,UI,False,1.2.643.5.1.13.13.12.2.77.8252.12060607091105150404131215110908,1
"Dataset/(0008,0018)","(0008,0018)",SOP Instance UID,SOPInstanceUID,UI,False,1.2.643.5.1.13.13.12.2.77.8252.09030712140506070904071003000708,1
"Dataset/(0008,0018)","(0008,0018)",SOP Instance UID,SOPInstanceUID,UI,False,1.2.643.5.1.13.13.12.2.77.8252.02050314081501100100131400110412,1
"Dataset/(0008,0018)","(0008,0018)",SOP Instance UID,SOPInstanceUID,UI,False,1.2.643.5.1.13.13.12.2.77.8252.14140312010015010504081306061203,1
"Dataset/(0008,0018)","(0008,0018)",SOP Instance UID,SOPInstanceUID,UI,False,1.2.643.5.1.13.13.12.2.77.8252.03131510081105080011060404010511,1
"Dataset/(0008,0018)","(0008,0018)",SOP Instance UID,SOPInstanceUID,UI,False,1.2.643.5.1.13.13.12.2.77.8252.05060902130204131205041207051405,1
"Dataset/(0008,0018)","(0008,0018)",SOP Instance UID,SOPInstanceUID,UI,False,1.2.643.5.1.13.13.12.2.77.8252.01100509051301061200120505020711,1
"Dataset/(0008,0018)","(0008,0018)",SOP Instance UID,SOPInstanceUID,UI,False,1.2.643.5.1.13.13.12.2.77.8252.02030711120805150008090200030710,1
"Dataset/(0008,0018)","(0008,0018)",SOP Instance UID,SOPInstanceUID,UI,False,1.2.643.5.1.13.13.12.2.77.8252.05100908130706051511060907050202,1
"Dataset/(0008,0018)","(0008,0018)",SOP Instance UID,SOPInstanceUID,UI,False,1.2.643.5.1.13.13.12.2.77.8252.07080813110202150000000512100700,1
"Dataset/(0008,0018)","(0008,0018)",SOP Instance UID,SOPInstanceUID,UI,False,1.2.643.5.1.13.13.12.2.77.8252.04081012050615111107130109120010,1
"Dataset/(0008,0018)","(0008,0018)",SOP Instance UID,SOPInstanceUID,UI,False,1.2.643.5.1.13.13.12.2.77.8252.02081511091502140105000012140914,1
"Dataset/(0008,0018)","(0008,0018)",SOP Instance UID,SOPInstanceUID,UI,False,1.2.643.5.1.13.13.12.2.77.8252.01100715050305071000110707040014,1
"Dataset/(0008,0018)","(0008,0018)",SOP Instance UID,SOPInstanceUID,UI,False,1.2.643.5.1.13.13.12.2.77.8252.05030004000114011306070703000900,1
"Dataset/(0008,0018)","(0008,0018)",SOP Instance UID,SOPInstanceUID,UI,False,1.2.643.5.1.13.13.12.2.77.8252.14070202101304120203120502100808,1
"Dataset/(0008,0018)","(0008,0018)",SOP Instance UID,SOPInstanceUID,UI,False,1.2.643.5.1.13.13.12.2.77.8252.03000804151513141409051310151514,1
"Dataset/(0008,0018)","(0008,0018)",SOP Instance UID,SOPInstanceUID,UI,False,1.2.643.5.1.13.13.12.2.77.8252.10050606131001041108060208080404,1
"Dataset/(0008,0018)","(0008,0018)",SOP Instance UID,SOPInstanceUID,UI,False,1.2.643.5.1.13.13.12.2.77.8252.13110302070015120304051003100511,1
"Dataset/(0008,0018)","(0008,0018)",SOP Instance UID,SOPInstanceUID,UI,False,1.2.643.5.1.13.13.12.2.77.8252.14021109030605071205090308080911,1
"Dataset/(0008,0018)","(0008,0018)",SOP Instance UID,SOPInstanceUID,UI,False,1.2.643.5.1.13.13.12.2.77.8252.02000707141211070603071400111001,1
"Dataset/(0008,0018)","(0008,0018)",SOP Instance UID,SOPInstanceUID,UI,False,1.2.643.5.1.13.13.12.2.77.8252.12001403040706100907100308030007,1
"Dataset/(0008,0018)","(0008,0018)",SOP Instance UID,SOPInstanceUID,UI,False,1.2.643.5.1.13.13.12.2.77.8252.03150209000513130305020013101408,1
"Dataset/(0008,0018)","(0008,0018)",SOP Instance UID,SOPInstanceUID,UI,False,1.2.643.5.1.13.13.12.2.77.8252.08060612000510000609001512070103,1
"Dataset/(0008,0018)","(0008,0018)",SOP Instance UID,SOPInstanceUID,UI,False,1.2.643.5.1.13.13.12.2.77.8252.06130104100900080002100912090901,1
"Dataset/(0008,0018)","(0008,0018)",SOP Instance UID,SOPInstanceUID,UI,False,1.2.643.5.1.13.13.12.2.77.8252.09091111090903031309150614110215,1
"Dataset/(0008,0018)","(0008,0018)",SOP Instance UID,SOPInstanceUID,UI,False,1.2.643.5.1.13.13.12.2.77.8252.07040802010906150312000007110303,1
"Dataset/(0008,0018)","(0008,0018)",SOP Instance UID,SOPInstanceUID,UI,False,1.2.643.5.1.13.13.12.2.77.8252.07051313070907070603030815070904,1
"Dataset/(0008,0018)","(0008,0018)",SOP Instance UID,SOPInstanceUID,UI,False,1.2.643.5.1.13.13.12.2.77.8252.06120514140811101106020900110711,1
"Dataset/(0008,0018)","(0008,0018)",SOP Instance UID,SOPInstanceUID,UI,False,1.2.643.5.1.13.13.12.2.77.8252.07071507091013150605060411110414,1
"Dataset/(0008,0018)","(0008,0018)",SOP Instance UID,SOPInstanceUID,UI,False,1.2.643.5.1.13.13.12.2.77.8252.09130714090405151215050914040809,1
"Dataset/(0008,0018)","(0008,0018)",SOP Instance UID,SOPInstanceUID,UI,False,1.2.643.5.1.13.13.12.2.77.8252.09091502110711081102050610090100,1
"Dataset/(0008,0018)","(0008,0018)",SOP Instance UID,SOPInstanceUID,UI,False,1.2.643.5.1.13.13.12.2.77.8252.02061505000012091414020201140711,1
"Dataset/(0008,0018)","(0008,0018)",SOP Instance UID,SOPInstanceUID,UI,False,1.2.643.5.1.13.13.12.2.77.8252.12020806150405080200131300151004,1
"Dataset/(0008,0018)","(0008,0018)",SOP Instance UID,SOPInstanceUID,UI,False,1.2.643.5.1.13.13.12.2.77.8252.04040506120312070613131201100500,1
"Dataset/(0008,0018)","(0008,0018)",SOP Instance UID,SOPInstanceUID,UI,False,1.2.643.5.1.13.13.12.2.77.8252.04130713101511140710050408091506,1
"Dataset/(0008,0018)","(0008,0018)",SOP Instance UID,SOPInstanceUID,UI,False,1.2.643.5.1.13.13.12.2.77.8252.11080103090607140209131008021505,1
"Dataset/(0008,0018)","(0008,0018)",SOP Instance UID,SOPInstanceUID,UI,False,1.2.643.5.1.13.13.12.2.77.8252.05041404051513101304111210060012,1
"Dataset/(0008,0018)","(0008,0018)",SOP Instance UID,SOPInstanceUID,UI,False,1.2.643.5.1.13.13.12.2.77.8252.10050703151214090610040504130101,1
"Dataset/(0008,0018)","(0008,0018)",SOP Instance UID,SOPInstanceUID,UI,False,1.2.643.5.1.13.13.12.2.77.8252.01020015070311140900060907010202,1
"Dataset/(0008,0018)","(0008,0018)",SOP Instance UID,SOPInstanceUID,UI,False,1.2.643.5.1.13.13.12.2.77.8252.11001008080504080903151311021305,1
"Dataset/(0008,0018)","(0008,0018)",SOP Instance UID,SOPInstanceUID,UI,False,1.2.643.5.1.13.13.12.2.77.8252.10070914150303091307080902000612,1
"Dataset/(0008,0018)","(0008,0018)",SOP Instance UID,SOPInstanceUID,UI,False,1.2.643.5.1.13.13.12.2.77.8252.04001402031200081204010009090110,1
"Dataset/(0008,0018)","(0008,0018)",SOP Instance UID,SOPInstanceUID,UI,False,1.2.643.5.1.13.13.12.2.77.8252.07090311111312140315080706100515,1
"Dataset/(0008,0018)","(0008,0018)",SOP Instance UID,SOPInstanceUID,UI,False,1.2.643.5.1.13.13.12.2.77.8252.14151108130201081305130506031009,1
"Dataset/(0008,0018)","(0008,0018)",SOP Instance UID,SOPInstanceUID,UI,False,1.2.643.5.1.13.13.12.2.77.8252.14051207080309081314081508110108,1
"Dataset/(0008,0018)","(0008,0018)",SOP Instance UID,SOPInstanceUID,UI,False,1.2.643.5.1.13.13.12.2.77.8252.00010208150107110206110212130810,1
"Dataset/(0008,0018)","(0008,0018)",SOP Instance UID,SOPInstanceUID,UI,False,1.2.643.5.1.13.13.12.2.77.8252.09011413060403000011030100010009,1
"Dataset/(0008,0018)","(0008,0018)",SOP Instance UID,SOPInstanceUID,UI,False,1.2.643.5.1.13.13.12.2.77.8252.08030713030704060311150311011102,1
"Dataset/(0008,0018)","(0008,0018)",SOP Instance UID,SOPInstanceUID,UI,False,1.2.643.5.1.13.13.12.2.77.8252.05051104100602100505120514140315,1
"Dataset/(0008,0018)","(0008,0018)",SOP Instance UID,SOPInstanceUID,UI,False,1.2.643.5.1.13.13.12.2.77.8252.02120313110611140813031405011300,1
"Dataset/(0008,0018)","(0008,0018)",SOP Instance UID,SOPInstanceUID,UI,False,1.2.643.5.1.13.13.12.2.77.8252.01081107130715100908030700130001,1
"Dataset/(0008,0018)","(0008,0018)",SOP Instance UID,SOPInstanceUID,UI,False,1.2.643.5.1.13.13.12.2.77.8252.02031105000207140511130815071303,1
"Dataset/(0008,0018)","(0008,0018)",SOP Instance UID,SOPInstanceUID,UI,False,1.2.643.5.1.13.13.12.2.77.8252.12101514000107101207120412120213,1
"Dataset/(0008,0018)","(0008,0018)",SOP Instance UID,SOPInstanceUID,UI,False,1.2.643.5.1.13.13.12.2.77.8252.05051100060005040907000403081502,1
"Dataset/(0008,0018)","(0008,0018)",SOP Instance UID,SOPInstanceUID,UI,False,1.2.643.5.1.13.13.12.2.77.8252.10040508121311001415130412050515,1
"Dataset/(0008,0018)","(0008,0018)",SOP Instance UID,SOPInstanceUID,UI,False,1.2.643.5.1.13.13.12.2.77.8252.12071112070710000412111310090807,1
"Dataset/(0008,0018)","(0008,0018)",SOP Instance UID,SOPInstanceUID,UI,False,1.2.643.5.1.13.13.12.2.77.8252.05071102020515091408100612011404,1
"Dataset/(0008,0018)","(0008,0018)",SOP Instance UID,SOPInstanceUID,UI,False,1.2.643.5.1.13.13.12.2.77.8252.06010215090214010805091400020206,1
"Dataset/(0008,0018)","(0008,0018)",SOP Instance UID,SOPInstanceUID,UI,False,1.2.643.5.1.13.13.12.2.77.8252.15011410150513090204040606151204,1
"Dataset/(0008,0018)","(0008,0018)",SOP Instance UID,SOPInstanceUID,UI,False,1.2.643.5.1.13.13.12.2.77.8252.14100604010411121207140303140506,1
"Dataset/(0008,0018)","(0008,0018)",SOP Instance UID,SOPInstanceUID,UI,False,1.2.643.5.1.13.13.12.2.77.8252.15141103121505150805131303080314,1
"Dataset/(0008,0018)","(0008,0018)",SOP Instance UID,SOPInstanceUID,UI,False,1.2.643.5.1.13.13.12.2.77.8252.01041213150709070704090905040703,1
"Dataset/(0008,0018)","(0008,0018)",SOP Instance UID,SOPInstanceUID,UI,False,1.2.643.5.1.13.13.12.2.77.8252.01050311070609101401120201090506,1
"Dataset/(0008,0018)","(0008,0018)",SOP Instance UID,SOPInstanceUID,UI,False,1.2.643.5.1.13.13.12.2.77.8252.04150901080711131310091006050208,1
"Dataset/(0008,0018)","(0008,0018)",SOP Instance UID,SOPInstanceUID,UI,False,1.2.643.5.1.13.13.12.2.77.8252.09040703010601060814101313081104,1
"Dataset/(0008,0018)","(0008,0018)",SOP Instance UID,SOPInstanceUID,UI,False,1.2.643.5.1.13.13.12.2.77.8252.11050703151212091005010115120315,1
"Dataset/(0008,0018)","(0008,0018)",SOP Instance UID,SOPInstanceUID,UI,False,1.2.643.5.1.13.13.12.2.77.8252.08140602091513140007031414030212,1
"Dataset/(0008,0018)","(0008,0018)",SOP Instance UID,SOPInstanceUID,UI,False,1.2.643.5.1.13.13.12.2.77.8252.09070206070204150105120502020002,1
"Dataset/(0008,0018)","(0008,0018)",SOP Instance UID,SOPInstanceUID,UI,False,1.2.643.5.1.13.13.12.2.77.8252.03110108081008000413081502071511,1
"Dataset/(0008,0018)","(0008,0018)",SOP Instance UID,SOPInstanceUID,UI,False,1.2.643.5.1.13.13.12.2.77.8252.12001515051514100814070205030801,1
"Dataset/(0008,0018)","(0008,0018)",SOP Instance UID,SOPInstanceUID,UI,False,1.2.643.5.1.13.13.12.2.77.8252.15131010101502051307000500101007,1
"Dataset/(0008,0018)","(0008,0018)",SOP Instance UID,SOPInstanceUID,UI,False,1.2.643.5.1.13.13.12.2.77.8252.04030712110411040711120105080700,1
"Dataset/(0008,0018)","(0008,0018)",SOP Instance UID,SOPInstanceUID,UI,False,1.2.643.5.1.13.13.12.2.77.8252.14150106081013050013050511140613,1
"Dataset/(0008,0018)","(0008,0018)",SOP Instance UID,SOPInstanceUID,UI,False,1.2.643.5.1.13.13.12.2.77.8252.01120709131111081211081313110800,1
"Dataset/(0008,0018)","(0008,0018)",SOP Instance UID,SOPInstanceUID,UI,False,1.2.643.5.1.13.13.12.2.77.8252.10080511020009041308131206080209,1
"Dataset/(0008,0018)","(0008,0018)",SOP Instance UID,SOPInstanceUID,UI,False,1.2.643.5.1.13.13.12.2.77.8252.13040700151412120600060201031309,1
"Dataset/(0008,0018)","(0008,0018)",SOP Instance UID,SOPInstanceUID,UI,False,1.2.643.5.1.13.13.12.2.77.8252.01101303110802020807060303150105,1
"Dataset/(0008,0018)","(0008,0018)",SOP Instance UID,SOPInstanceUID,UI,False,1.2.643.5.1.13.13.12.2.77.8252.07040712050005061000030214131300,1
"Dataset/(0008,0018)","(0008,0018)",SOP Instance UID,SOPInstanceUID,UI,False,1.2.643.5.1.13.13.12.2.77.8252.07100810031004120210110309111304,1
"Dataset/(0008,0018)","(0008,0018)",SOP Instance UID,SOPInstanceUID,UI,False,1.2.643.5.1.13.13.12.2.77.8252.07071202031002110807120405030608,1
"Dataset/(0008,0018)","(0008,0018)",SOP Instance UID,SOPInstanceUID,UI,False,1.2.643.5.1.13.13.12.2.77.8252.02070215040314000714060301121012,1
"Dataset/(0008,0018)","(0008,0018)",SOP Instance UID,SOPInstanceUID,UI,False,1.2.643.5.1.13.13.12.2.77.8252.14020109130502120101091201060702,1
"Dataset/(0008,0018)","(0008,0018)",SOP Instance UID,SOPInstanceUID,UI,False,1.2.643.5.1.13.13.12.2.77.8252.10080501080902141107071310080400,1
"Dataset/(0008,0018)","(0008,0018)",SOP Instance UID,SOPInstanceUID,UI,False,1.2.643.5.1.13.13.12.2.77.8252.05110305041311030310151512080811,1
"Dataset/(0008,0018)","(0008,0018)",SOP Instance UID,SOPInstanceUID,UI,False,1.2.643.5.1.13.13.12.2.77.8252.05050408000609040210110603090612,1
"Dataset/(0008,0018)","(0008,0018)",SOP Instance UID,SOPInstanceUID,UI,False,1.2.643.5.1.13.13.12.2.77.8252.09030907130311001200011206051201,1
"Dataset/(0008,0018)","(0008,0018)",SOP Instance UID,SOPInstanceUID,UI,False,1.2.643.5.1.13.13.12.2.77.8252.14070407100802110204090510100607,1
"Dataset/(0008,0018)","(0008,0018)",SOP Instance UID,SOPInstanceUID,UI,False,1.2.643.5.1.13.13.12.2.77.8252.02001101060409110302091107020305,1
"Dataset/(0008,0018)","(0008,0018)",SOP Instance UID,SOPInstanceUID,UI,False,1.2.643.5.1.13.13.12.2.77.8252.02081311121209090807151401120110,1
"Dataset/(0008,0018)","(0008,0018)",SOP Instance UID,SOPInstanceUID,UI,False,1.2.643.5.1.13.13.12.2.77.8252.04021100060501150502031503091205,1
"Dataset/(0008,0018)","(0008,0018)",SOP Instance UID,SOPInstanceUID,UI,False,1.2.643.5.1.13.13.12.2.77.8252.08031403081214020202010408050515,1
"Dataset/(0008,0018)","(0008,0018)",SOP Instance UID,SOPInstanceUID,UI,False,1.2.643.5.1.13.13.12.2.77.8252.12010614051405051206130410050708,1
"Dataset/(0008,0018)","(0008,0018)",SOP Instance UID,SOPInstanceUID,UI,False,1.2.643.5.1.13.13.12.2.77.8252.05131012021403090403150713091114,1
"Dataset/(0008,0018)","(0008,0018)",SOP Instance UID,SOPInstanceUID,UI,False,1.2.643.5.1.13.13.12.2.77.8252.11030505061512110108000404010908,1
"Dataset/(0008,0018)","(0008,0018)",SOP Instance UID,SOPInstanceUID,UI,False,1.2.643.5.1.13.13.12.2.77.8252.03050413050004110015050414021412,1
"Dataset/(0008,0018)","(0008,0018)",SOP Instance UID,SOPInstanceUID,UI,False,1.2.643.5.1.13.13.12.2.77.8252.05080909100510090906081209130901,1
"Dataset/(0008,0018)","(0008,0018)",SOP Instance UID,SOPInstanceUID,UI,False,1.2.643.5.1.13.13.12.2.77.8252.02030112081401101404040904010405,1
"Dataset/(0008,0018)","(0008,0018)",SOP Instance UID,SOPInstanceUID,UI,False,1.2.643.5.1.13.13.12.2.77.8252.00071210060602011311010906021407,1
"Dataset/(0008,0018)","(0008,0018)",SOP Instance UID,SOPInstanceUID,UI,False,1.2.643.5.1.13.13.12.2.77.8252.14100208080000030010140812001111,1
"Dataset/(0008,0018)","(0008,0018)",SOP Instance UID,SOPInstanceUID,UI,False,1.2.643.5.1.13.13.12.2.77.8252.12140710150813060013011403140807,1
"Dataset/(0008,0018)","(0008,0018)",SOP Instance UID,SOPInstanceUID,UI,False,1.2.643.5.1.13.13.12.2.77.8252.01120104060301100213100004141203,1
"Dataset/(0008,0018)","(0008,0018)",SOP Instance UID,SOPInstanceUID,UI,False,1.2.643.5.1.13.13.12.2.77.8252.03000107141315000207090502080502,1
"Dataset/(0008,0018)","(0008,0018)",SOP Instance UID,SOPInstanceUID,UI,False,1.2.643.5.1.13.13.12.2.77.8252.12050607100307101401110010080508,1
"Dataset/(0008,0018)","(0008,0018)",SOP Instance UID,SOPInstanceUID,UI,False,1.2.643.5.1.13.13.12.2.77.8252.02080910050503150405130310031107,1
"Dataset/(0008,0018)","(0008,0018)",SOP Instance UID,SOPInstanceUID,UI,False,1.2.643.5.1.13.13.12.2.77.8252.03030806061309020808141008071213,1
"Dataset/(0008,0018)","(0008,0018)",SOP Instance UID,SOPInstanceUID,UI,False,1.2.643.5.1.13.13.12.2.77.8252.05130006080703150808130311150104,1
"Dataset/(0008,0018)","(0008,0018)",SOP Instance UID,SOPInstanceUID,UI,False,1.2.643.5.1.13.13.12.2.77.8252.05050004021105041108010100020012,1
"Dataset/(0008,0018)","(0008,0018)",SOP Instance UID,SOPInstanceUID,UI,False,1.2.643.5.1.13.13.12.2.77.8252.03020203090713120707041512070302,1
"Dataset/(0008,0018)","(0008,0018)",SOP Instance UID,SOPInstanceUID,UI,False,1.2.643.5.1.13.13.12.2.77.8252.06020510071406141308051102110806,1
"Dataset/(0008,0018)","(0008,0018)",SOP Instance UID,SOPInstanceUID,UI,False,1.2.643.5.1.13.13.12.2.77.8252.03110714040901011514120512140506,1
"Dataset/(0008,0018)","(0008,0018)",SOP Instance UID,SOPInstanceUID,UI,False,1.2.643.5.1.13.13.12.2.77.8252.04140115150705031110051301090913,1
"Dataset/(0008,0018)","(0008,0018)",SOP Instance UID,SOPInstanceUID,UI,False,1.2.643.5.1.13.13.12.2.77.8252.10110808050405011511051303070302,1
"Dataset/(0008,0018)","(0008,0018)",SOP Instance UID,SOPInstanceUID,UI,False,1.2.643.5.1.13.13.12.2.77.8252.09031014151115011007041507060209,1
"Dataset/(0008,0018)","(0008,0018)",SOP Instance UID,SOPInstanceUID,UI,False,1.2.643.5.1.13.13.12.2.77.8252.15000110101510080415120006131402,1
"Dataset/(0008,0018)","(0008,0018)",SOP Instance UID,SOPInstanceUID,UI,False,1.2.643.5.1.13.13.12.2.77.8252.07111109140703130315001513000701,1
"Dataset/(0008,0018)","(0008,0018)",SOP Instance UID,SOPInstanceUID,UI,False,1.2.643.5.1.13.13.12.2.77.8252.15061506101401070412150108010615,1
"Dataset/(0008,0018)","(0008,0018)",SOP Instance UID,SOPInstanceUID,UI,False,1.2.643.5.1.13.13.12.2.77.8252.13040605040810031203041510031012,1
"Dataset/(0008,0018)","(0008,0018)",SOP Instance UID,SOPInstanceUID,UI,False,1.2.643.5.1.13.13.12.2.77.8252.02071412140202140114070213030205,1
"Dataset/(0008,0018)","(0008,0018)",SOP Instance UID,SOPInstanceUID,UI,False,1.2.643.5.1.13.13.12.2.77.8252.11120907150103150102101200080104,1
"Dataset/(0008,0018)","(0008,0018)",SOP Instance UID,SOPInstanceUID,UI,False,1.2.643.5.1.13.13.12.2.77.8252.00120605081302140615061408051413,1
"Dataset/(0008,0018)","(0008,0018)",SOP Instance UID,SOPInstanceUID,UI,False,1.2.643.5.1.13.13.12.2.77.8252.13060012130706071508131506061110,1
"Dataset/(0008,0018)","(0008,0018)",SOP Instance UID,SOPInstanceUID,UI,False,1.2.643.5.1.13.13.12.2.77.8252.09020303070910070711011409031209,1
"Dataset/(0008,0018)","(0008,0018)",SOP Instance UID,SOPInstanceUID,UI,False,1.2.643.5.1.13.13.12.2.77.8252.04101314021103041302071314011203,1
"Dataset/(0008,0018)","(0008,0018)",SOP Instance UID,SOPInstanceUID,UI,False,1.2.643.5.1.13.13.12.2.77.8252.03120113151010021310000801051000,1
"Dataset/(0008,0018)","(0008,0018)",SOP Instance UID,SOPInstanceUID,UI,False,1.2.643.5.1.13.13.12.2.77.8252.10050700041001040614050614130103,1
"Dataset/(0008,0018)","(0008,0018)",SOP Instance UID,SOPInstanceUID,UI,False,1.2.643.5.1.13.13.12.2.77.8252.04081410150705000907120005030306,1
"Dataset/(0008,0018)","(0008,0018)",SOP Instance UID,SOPInstanceUID,UI,False,1.2.643.5.1.13.13.12.2.77.8252.10010207001309070508110212031008,1
"Dataset/(0008,0018)","(0008,0018)",SOP Instance UID,SOPInstanceUID,UI,False,1.2.643.5.1.13.13.12.2.77.8252.08150001020008051511060800070004,1
"Dataset/(0008,0018)","(0008,0018)",SOP Instance UID,SOPInstanceUID,UI,False,1.2.643.5.1.13.13.12.2.77.8252.03110002011112060400010906040109,1
"Dataset/(0008,0018)","(0008,0018)",SOP Instance UID,SOPInstanceUID,UI,False,1.2.643.5.1.13.13.12.2.77.8252.01130115100005150714080303151110,1
"Dataset/(0008,0018)","(0008,0018)",SOP Instance UID,SOPInstanceUID,UI,False,1.2.643.5.1.13.13.12.2.77.8252.14030405080503070005090010011210,1
"Dataset/(0008,0018)","(0008,0018)",SOP Instance UID,SOPInstanceUID,UI,False,1.2.643.5.1.13.13.12.2.77.8252.02031311110004131100010706000003,1
"Dataset/(0008,0018)","(0008,0018)",SOP Instance UID,SOPInstanceUID,UI,False,1.2.643.5.1.13.13.12.2.77.8252.14040413080712030012001414011512,1
"Dataset/(0008,0018)","(0008,0018)",SOP Instance UID,SOPInstanceUID,UI,False,1.2.643.5.1.13.13.12.2.77.8252.09111007121406000411060915050407,1
"Dataset/(0008,0018)","(0008,0018)",SOP Instance UID,SOPInstanceUID,UI,False,1.2.643.5.1.13.13.12.2.77.8252.06080402070700011103140402140007,1
"Dataset/(0008,0018)","(0008,0018)",SOP Instance UID,SOPInstanceUID,UI,False,1.2.643.5.1.13.13.12.2.77.8252.05090510080809140209120604081002,1
"Dataset/(0008,0018)","(0008,0018)",SOP Instance UID,SOPInstanceUID,UI,False,1.2.643.5.1.13.13.12.2.77.8252.03020907090204060013031106111312,1
"Dataset/(0008,0018)","(0008,0018)",SOP Instance UID,SOPInstanceUID,UI,False,1.2.643.5.1.13.13.12.2.77.8252.08131412000401011215150704040610,1
"Dataset/(0008,0018)","(0008,0018)",SOP Instance UID,SOPInstanceUID,UI,False,1.2.643.5.1.13.13.12.2.77.8252.05030907080814020708000711150507,1
"Dataset/(0008,0018)","(0008,0018)",SOP Instance UID,SOPInstanceUID,UI,False,1.2.643.5.1.13.13.12.2.77.8252.15151313120000020410110702050700,1
"Dataset/(0008,0018)","(0008,0018)",SOP Instance UID,SOPInstanceUID,UI,False,1.2.643.5.1.13.13.12.2.77.8252.01091510011014070612050311031410,1
"Dataset/(0008,0018)","(0008,0018)",SOP Instance UID,SOPInstanceUID,UI,False,1.2.643.5.1.13.13.12.2.77.8252.04070212140009090002060410031413,1
"Dataset/(0008,0018)","(0008,0018)",SOP Instance UID,SOPInstanceUID,UI,False,1.2.643.5.1.13.13.12.2.77.8252.10100404000008120405081411021306,1
"Dataset/(0008,0018)","(0008,0018)",SOP Instance UID,SOPInstanceUID,UI,False,1.2.643.5.1.13.13.12.2.77.8252.04131502110204030305140811061103,1
"Dataset/(0008,0018)","(0008,0018)",SOP Instance UID,SOPInstanceUID,UI,False,1.2.643.5.1.13.13.12.2.77.8252.13001014110608151112110112061114,1
"Dataset/(0008,0018)","(0008,0018)",SOP Instance UID,SOPInstanceUID,UI,False,1.2.643.5.1.13.13.12.2.77.8252.04111300031205120703050100121209,1
"Dataset/(0008,0018)","(0008,0018)",SOP Instance UID,SOPInstanceUID,UI,False,1.2.643.5.1.13.13.12.2.77.8252.14060111140409011305070812141414,1
"Dataset/(0008,0018)","(0008,0018)",SOP Instance UID,SOPInstanceUID,UI,False,1.2.643.5.1.13.13.12.2.77.8252.15000310101315070007100105150401,1
"Dataset/(0008,0018)","(0008,0018)",SOP Instance UID,SOPInstanceUID,UI,False,1.2.643.5.1.13.13.12.2.77.8252.05130004120107120511100914090711,1
"Dataset/(0008,0018)","(0008,0018)",SOP Instance UID,SOPInstanceUID,UI,False,1.2.643.5.1.13.13.12.2.77.8252.14100508051012080011140911030615,1
"Dataset/(0008,0018)","(0008,0018)",SOP Instance UID,SOPInstanceUID,UI,False,1.2.643.5.1.13.13.12.2.77.8252.04041008080502040914000415071204,1
"Dataset/(0008,0018)","(0008,0018)",SOP Instance UID,SOPInstanceUID,UI,False,1.2.643.5.1.13.13.12.2.77.8252.03020200150014080308080615120500,1
"Dataset/(0008,0018)","(0008,0018)",SOP Instance UID,SOPInstanceUID,UI,False,1.2.643.5.1.13.13.12.2.77.8252.13141514150708151311080810050711,1
"Dataset/(0008,0018)","(0008,0018)",SOP Instance UID,SOPInstanceUID,UI,False,1.2.643.5.1.13.13.12.2.77.8252.06070803110509120507010310141201,1
"Dataset/(0008,0018)","(0008,0018)",SOP Instance UID,SOPInstanceUID,UI,False,1.2.643.5.1.13.13.12.2.77.8252.14060403060314010506081209070311,1
"Dataset/(0008,0018)","(0008,0018)",SOP Instance UID,SOPInstanceUID,UI,False,1.2.643.5.1.13.13.12.2.77.8252.10000603030913050503020611051415,1
"Dataset/(0008,0018)","(0008,0018)",SOP Instance UID,SOPInstanceUID,UI,False,1.2.643.5.1.13.13.12.2.77.8252.06110514030914051115040913030103,1
"Dataset/(0008,0018)","(0008,0018)",SOP Instance UID,SOPInstanceUID,UI,False,1.2.643.5.1.13.13.12.2.77.8252.12071204070300150506091512141413,1
"Dataset/(0008,0018)","(0008,0018)",SOP Instance UID,SOPInstanceUID,UI,False,1.2.643.5.1.13.13.12.2.77.8252.13151105000600070510031109011109,1
"Dataset/(0008,0018)","(0008,0018)",SOP Instance UID,SOPInstanceUID,UI,False,1.2.643.5.1.13.13.12.2.77.8252.15100208060002090813060606131404,1
"Dataset/(0008,0018)","(0008,0018)",SOP Instance UID,SOPInstanceUID,UI,False,1.2.643.5.1.13.13.12.2.77.8252.11051514070611150905020505061111,1
"Dataset/(0008,0018)","(0008,0018)",SOP Instance UID,SOPInstanceUID,UI,False,1.2.643.5.1.13.13.12.2.77.8252.03050114141207061001080502130215,1
"Dataset/(0008,0018)","(0008,0018)",SOP Instance UID,SOPInstanceUID,UI,False,1.2.643.5.1.13.13.12.2.77.8252.02140511090200100603110807051014,1
"Dataset/(0008,0018)","(0008,0018)",SOP Instance UID,SOPInstanceUID,UI,False,1.2.643.5.1.13.13.12.2.77.8252.08081313070715151208110603030015,1
"Dataset/(0008,0018)","(0008,0018)",SOP Instance UID,SOPInstanceUID,UI,False,1.2.643.5.1.13.13.12.2.77.8252.04041511061006011303010701020104,1
"Dataset/(0008,0018)","(0008,0018)",SOP Instance UID,SOPInstanceUID,UI,False,1.2.643.5.1.13.13.12.2.77.8252.14111104000112000401050109111415,1
"Dataset/(0008,0018)","(0008,0018)",SOP Instance UID,SOPInstanceUID,UI,False,1.2.643.5.1.13.13.12.2.77.8252.04150214121314031409051312111410,1
"Dataset/(0008,0018)","(0008,0018)",SOP Instance UID,SOPInstanceUID,UI,False,1.2.643.5.1.13.13.12.2.77.8252.03031110041309110901030612131412,1
"Dataset/(0008,0018)","(0008,0018)",SOP Instance UID,SOPInstanceUID,UI,False,1.2.643.5.1.13.13.12.2.77.8252.10151201011509101414030411060512,1
"Dataset/(0008,0018)","(0008,0018)",SOP Instance UID,SOPInstanceUID,UI,False,1.2.643.5.1.13.13.12.2.77.8252.00141000101506010405040508081209,1
"Dataset/(0008,0018)","(0008,0018)",SOP Instance UID,SOPInstanceUID,UI,False,1.2.643.5.1.13.13.12.2.77.8252.06130700140211110505051411010711,1
"Dataset/(0008,0018)","(0008,0018)",SOP Instance UID,SOPInstanceUID,UI,False,1.2.643.5.1.13.13.12.2.77.8252.01001108050505090405071008120805,1
"Dataset/(0008,0018)","(0008,0018)",SOP Instance UID,SOPInstanceUID,UI,False,1.2.643.5.1.13.13.12.2.77.8252.14110604050810020100071004090404,1
"Dataset/(0008,0018)","(0008,0018)",SOP Instance UID,SOPInstanceUID,UI,False,1.2.643.5.1.13.13.12.2.77.8252.14150808010700150501131415040808,1
"Dataset/(0008,0018)","(0008,0018)",SOP Instance UID,SOPInstanceUID,UI,False,1.2.643.5.1.13.13.12.2.77.8252.07040306041313130904140702020908,1
"Dataset/(0008,0018)","(0008,0018)",SOP Instance UID,SOPInstanceUID,UI,False,1.2.643.5.1.13.13.12.2.77.8252.08141015091400020302110912090508,1
"Dataset/(0008,0018)","(0008,0018)",SOP Instance UID,SOPInstanceUID,UI,False,1.2.643.5.1.13.13.12.2.77.8252.07130015011404020601141211131000,1
"Dataset/(0008,0018)","(0008,0018)",SOP Instance UID,SOPInstanceUID,UI,False,1.2.643.5.1.13.13.12.2.77.8252.07070209131108100009081313101204,1
"Dataset/(0008,0018)","(0008,0018)",SOP Instance UID,SOPInstanceUID,UI,False,1.2.643.5.1.13.13.12.2.77.8252.03001212011504090610110601060006,1
"Dataset/(0008,0018)","(0008,0018)",SOP Instance UID,SOPInstanceUID,UI,False,1.2.643.5.1.13.13.12.2.77.8252.11080509070315011108060003120408,1
"Dataset/(0008,0018)","(0008,0018)",SOP Instance UID,SOPInstanceUID,UI,False,1.2.643.5.1.13.13.12.2.77.8252.13100414021307020008020611130410,1
"Dataset/(0008,0018)","(0008,0018)",SOP Instance UID,SOPInstanceUID,UI,False,1.2.643.5.1.13.13.12.2.77.8252.00010603011503150401111314061209,1
"Dataset/(0008,0018)","(0008,0018)",SOP Instance UID,SOPInstanceUID,UI,False,1.2.643.5.1.13.13.12.2.77.8252.08041100070615121300141413020001,1
"Dataset/(0008,0018)","(0008,0018)",SOP Instance UID,SOPInstanceUID,UI,False,1.2.643.5.1.13.13.12.2.77.8252.08060613070108000200131403151214,1
"Dataset/(0008,0018)","(0008,0018)",SOP Instance UID,SOPInstanceUID,UI,False,1.2.643.5.1.13.13.12.2.77.8252.15131206051500011310060914011411,1
"Dataset/(0008,0018)","(0008,0018)",SOP Instance UID,SOPInstanceUID,UI,False,1.2.643.5.1.13.13.12.2.77.8252.00110402080602151505051001010810,1
"Dataset/(0008,0018)","(0008,0018)",SOP Instance UID,SOPInstanceUID,UI,False,1.2.643.5.1.13.13.12.2.77.8252.04151306060901060605121400081206,1
"Dataset/(0008,0018)","(0008,0018)",SOP Instance UID,SOPInstanceUID,UI,False,1.2.643.5.1.13.13.12.2.77.8252.11141409010404080202090702050104,1
"Dataset/(0008,0018)","(0008,0018)",SOP Instance UID,SOPInstanceUID,UI,False,1.2.643.5.1.13.13.12.2.77.8252.02150805140008141106110606070801,1
"Dataset/(0008,0018)","(0008,0018)",SOP Instance UID,SOPInstanceUID,UI,False,1.2.643.5.1.13.13.12.2.77.8252.01110601131107041511021510061211,1
"Dataset/(0008,0018)","(0008,0018)",SOP Instance UID,SOPInstanceUID,UI,False,1.2.643.5.1.13.13.12.2.77.8252.09061504020803021006021501021304,1
"Dataset/(0008,0018)","(0008,0018)",SOP Instance UID,SOPInstanceUID,UI,False,1.2.643.5.1.13.13.12.2.77.8252.00091315091215060415120908060402,1
"Dataset/(0008,0018)","(0008,0018)",SOP Instance UID,SOPInstanceUID,UI,False,1.2.643.5.1.13.13.12.2.77.8252.01141302020713050903060503061314,1
"Dataset/(0008,0018)","(0008,0018)",SOP Instance UID,SOPInstanceUID,UI,False,1.2.643.5.1.13.13.12.2.77.8252.13051209051006081503100907110310,1
"Dataset/(0008,0018)","(0008,0018)",SOP Instance UID,SOPInstanceUID,UI,False,1.2.643.5.1.13.13.12.2.77.8252.07131015031512050310021202060000,1
"Dataset/(0008,0018)","(0008,0018)",SOP Instance UID,SOPInstanceUID,UI,False,1.2.643.5.1.13.13.12.2.77.8252.01060001050009070514040213010802,1
"Dataset/(0008,0018)","(0008,0018)",SOP Instance UID,SOPInstanceUID,UI,False,1.2.643.5.1.13.13.12.2.77.8252.07140512060315100814061103061308,1
"Dataset/(0008,0018)","(0008,0018)",SOP Instance UID,SOPInstanceUID,UI,False,1.2.643.5.1.13.13.12.2.77.8252.05080405071204150306061400051307,1
"Dataset/(0008,0018)","(0008,0018)",SOP Instance UID,SOPInstanceUID,UI,False,1.2.643.5.1.13.13.12.2.77.8252.13020010101411130307011411150509,1
"Dataset/(0008,0018)","(0008,0018)",SOP Instance UID,SOPInstanceUID,UI,False,1.2.643.5.1.13.13.12.2.77.8252.07061504011201061005090406100203,1
"Dataset/(0008,0018)","(0008,0018)",SOP Instance UID,SOPInstanceUID,UI,False,1.2.643.5.1.13.13.12.2.77.8252.04100315041404021215101114140602,1
"Dataset/(0008,0018)","(0008,0018)",SOP Instance UID,SOPInstanceUID,UI,False,1.2.643.5.1.13.13.12.2.77.8252.11050911061500091304001000100608,1
"Dataset/(0008,0018)","(0008,0018)",SOP Instance UID,SOPInstanceUID,UI,False,1.2.643.5.1.13.13.12.2.77.8252.13070805121401080100090313021511,1
"Dataset/(0008,0018)","(0008,0018)",SOP Instance UID,SOPInstanceUID,UI,False,1.2.643.5.1.13.13.12.2.77.8252.06100709031109071008120605101311,1
"Dataset/(0008,0018)","(0008,0018)",SOP Instance UID,SOPInstanceUID,UI,False,1.2.643.5.1.13.13.12.2.77.8252.11100109131006120600020910050910,1
"Dataset/(0008,0018)","(0008,0018)",SOP Instance UID,SOPInstanceUID,UI,False,1.2.643.5.1.13.13.12.2.77.8252.03000010070307110614031003090302,1
"Dataset/(0008,0018)","(0008,0018)",SOP Instance UID,SOPInstanceUID,UI,False,1.2.643.5.1.13.13.12.2.77.8252.02040104021012120313090806030008,1
"Dataset/(0008,0018)","(0008,0018)",SOP Instance UID,SOPInstanceUID,UI,False,1.2.643.5.1.13.13.12.2.77.8252.03020007121211050710080207000313,1
"Dataset/(0008,0018)","(0008,0018)",SOP Instance UID,SOPInstanceUID,UI,False,1.2.643.5.1.13.13.12.2.77.8252.10061312041507151308110106051414,1
"Dataset/(0008,0018)","(0008,0018)",SOP Instance UID,SOPInstanceUID,UI,False,1.2.643.5.1.13.13.12.2.77.8252.06130501091009001200080400150413,1
"Dataset/(0008,0018)","(0008,0018)",SOP Instance UID,SOPInstanceUID,UI,False,1.2.643.5.1.13.13.12.2.77.8252.11100404131302060711141306031414,1
"Dataset/(0008,0018)","(0008,0018)",SOP Instance UID,SOPInstanceUID,UI,False,1.2.643.5.1.13.13.12.2.77.8252.09051315030213060214031014080701,1
"Dataset/(0008,0018)","(0008,0018)",SOP Instance UID,SOPInstanceUID,UI,False,1.2.643.5.1.13.13.12.2.77.8252.04000404020304020301120408100801,1
"Dataset/(0008,0018)","(0008,0018)",SOP Instance UID,SOPInstanceUID,UI,False,1.2.643.5.1.13.13.12.2.77.8252.10101410111513000809081215030802,1
"Dataset/(0008,0018)","(0008,0018)",SOP Instance UID,SOPInstanceUID,UI,False,1.2.643.5.1.13.13.12.2.77.8252.02120211101306000510080011031411,1
"Dataset/(0008,0018)","(0008,0018)",SOP Instance UID,SOPInstanceUID,UI,False,1.2.643.5.1.13.13.12.2.77.8252.05011012001311141515001115080104,1
"Dataset/(0008,0018)","(0008,0018)",SOP Instance UID,SOPInstanceUID,UI,False,1.2.643.5.1.13.13.12.2.77.8252.00070615051510041500030210150312,1
"Dataset/(0008,0018)","(0008,0018)",SOP Instance UID,SOPInstanceUID,UI,False,1.2.643.5.1.13.13.12.2.77.8252.02080006130815010800091303020804,1
"Dataset/(0008,0018)","(0008,0018)",SOP Instance UID,SOPInstanceUID,UI,False,1.2.643.5.1.13.13.12.2.77.8252.13140203110104081414101201001405,1
"Dataset/(0008,0018)","(0008,0018)",SOP Instance UID,SOPInstanceUID,UI,False,1.2.643.5.1.13.13.12.2.77.8252.02091115080411030312040600000701,1
"Dataset/(0008,0018)","(0008,0018)",SOP Instance UID,SOPInstanceUID,UI,False,1.2.643.5.1.13.13.12.2.77.8252.10000400041408060608031009090710,1
"Dataset/(0008,0018)","(0008,0018)",SOP Instance UID,SOPInstanceUID,UI,False,1.2.643.5.1.13.13.12.2.77.8252.04131001000110131311121304090609,1
"Dataset/(0008,0018)","(0008,0018)",SOP Instance UID,SOPInstanceUID,UI,False,1.2.643.5.1.13.13.12.2.77.8252.01120903030308120114061013030505,1
"Dataset/(0008,0018)","(0008,0018)",SOP Instance UID,SOPInstanceUID,UI,False,1.2.643.5.1.13.13.12.2.77.8252.03000813041512141007100304081206,1
"Dataset/(0008,0018)","(0008,0018)",SOP Instance UID,SOPInstanceUID,UI,False,1.2.643.5.1.13.13.12.2.77.8252.13021514070905140715121507140313,1
"Dataset/(0008,0018)","(0008,0018)",SOP Instance UID,SOPInstanceUID,UI,False,1.2.643.5.1.13.13.12.2.77.8252.08100408121001020706011402110914,1
"Dataset/(0008,0018)","(0008,0018)",SOP Instance UID,SOPInstanceUID,UI,False,1.2.643.5.1.13.13.12.2.77.8252.15101108070415081206070914081510,1
"Dataset/(0008,0018)","(0008,0018)",SOP Instance UID,SOPInstanceUID,UI,False,1.2.643.5.1.13.13.12.2.77.8252.14010614131006141014100714050813,1
"Dataset/(0008,0018)","(0008,0018)",SOP Instance UID,SOPInstanceUID,UI,False,1.2.643.5.1.13.13.12.2.77.8252.07081006110204030410140712110010,1
"Dataset/(0008,0018)","(0008,0018)",SOP Instance UID,SOPInstanceUID,UI,False,1.2.643.5.1.13.13.12.2.77.8252.03030902090804040112070613130312,1
"Dataset/(0008,0018)","(0008,0018)",SOP Instance UID,SOPInstanceUID,UI,False,1.2.643.5.1.13.13.12.2.77.8252.03010603150012061509030005111300,1
"Dataset/(0008,0018)","(0008,0018)",SOP Instance UID,SOPInstanceUID,UI,False,1.2.643.5.1.13.13.12.2.77.8252.02051208030605070510050510081213,1
"Dataset/(0008,0018)","(0008,0018)",SOP Instance UID,SOPInstanceUID,UI,False,1.2.643.5.1.13.13.12.2.77.8252.05090510140315010003130007000910,1
"Dataset/(0008,0018)","(0008,0018)",SOP Instance UID,SOPInstanceUID,UI,False,1.2.643.5.1.13.13.12.2.77.8252.09031307051100020212010511060414,1
"Dataset/(0008,0018)","(0008,0018)",SOP Instance UID,SOPInstanceUID,UI,False,1.2.643.5.1.13.13.12.2.77.8252.09140613011500120102030800080807,1
"Dataset/(0008,0018)","(0008,0018)",SOP Instance UID,SOPInstanceUID,UI,False,1.2.643.5.1.13.13.12.2.77.8252.09061112071413071402070608030006,1
"Dataset/(0008,0018)","(0008,0018)",SOP Instance UID,SOPInstanceUID,UI,False,1.2.643.5.1.13.13.12.2.77.8252.14111506040710041211031511080401,1
"Dataset/(0008,0018)","(0008,0018)",SOP Instance UID,SOPInstanceUID,UI,False,1.2.643.5.1.13.13.12.2.77.8252.10051211011505050506141504040101,1
"Dataset/(0008,0018)","(0008,0018)",SOP Instance UID,SOPInstanceUID,UI,False,1.2.643.5.1.13.13.12.2.77.8252.15100402090103120615100706141310,1
"Dataset/(0008,0018)","(0008,0018)",SOP Instance UID,SOPInstanceUID,UI,False,1.2.643.5.1.13.13.12.2.77.8252.10021305031009110615021114111114,1
"Dataset/(0008,0018)","(0008,0018)",SOP Instance UID,SOPInstanceUID,UI,False,1.2.643.5.1.13.13.12.2.77.8252.09110410141103030507060004110108,1
"Dataset/(0008,0018)","(0008,0018)",SOP Instance UID,SOPInstanceUID,UI,False,1.2.643.5.1.13.13.12.2.77.8252.15060200100906151411000112060511,1
"Dataset/(0008,0018)","(0008,0018)",SOP Instance UID,SOPInstanceUID,UI,False,1.2.643.5.1.13.13.12.2.77.8252.06051510010614000404080600020603,1
"Dataset/(0008,0018)","(0008,0018)",SOP Instance UID,SOPInstanceUID,UI,False,1.2.643.5.1.13.13.12.2.77.8252.13110800060502010303101404091303,1
"Dataset/(0008,0018)","(0008,0018)",SOP Instance UID,SOPInstanceUID,UI,False,1.2.643.5.1.13.13.12.2.77.8252.06030210110500061108030910090908,1
"Dataset/(0008,0018)","(0008,0018)",SOP Instance UID,SOPInstanceUID,UI,False,1.2.643.5.1.13.13.12.2.77.8252.12031014110715041000030602140501,1
"Dataset/(0008,0018)","(0008,0018)",SOP Instance UID,SOPInstanceUID,UI,False,1.2.643.5.1.13.13.12.2.77.8252.02001209000515050108060411111311,1
"Dataset/(0008,0018)","(0008,0018)",SOP Instance UID,SOPInstanceUID,UI,False,1.2.643.5.1.13.13.12.2.77.8252.12130902030702050210110604020115,1
"Dataset/(0008,0018)","(0008,0018)",SOP Instance UID,SOPInstanceUID,UI,False,1.2.643.5.1.13.13.12.2.77.8252.11081308031311040302130506061304,1
"Dataset/(0008,0018)","(0008,0018)",SOP Instance UID,SOPInstanceUID,UI,False,1.2.643.5.1.13.13.12.2.77.8252.01011201030601080312040805131303,1
"Dataset/(0008,0018)","(0008,0018)",SOP Instance UID,SOPInstanceUID,UI,False,1.2.643.5.1.13.13.12.2.77.8252.06030606140315081407041104141012,1
"Dataset/(0008,0018)","(0008,0018)",SOP Instance UID,SOPInstanceUID,UI,False,1.2.643.5.1.13.13.12.2.77.8252.15091411140404110408151008030010,1
"Dataset/(0008,0018)","(0008,0018)",SOP Instance UID,SOPInstanceUID,UI,False,1.2.643.5.1.13.13.12.2.77.8252.12111114061412150313141006121511,1
"Dataset/(0008,0018)","(0008,0018)",SOP Instance UID,SOPInstanceUID,UI,False,1.2.643.5.1.13.13.12.2.77.8252.11001315081502000300100815110411,1
"Dataset/(0008,0018)","(0008,0018)",SOP Instance UID,SOPInstanceUID,UI,False,1.2.643.5.1.13.13.12.2.77.8252.05061403001014150211070209121100,1
"Dataset/(0008,0018)","(0008,0018)",SOP Instance UID,SOPInstanceUID,UI,False,1.2.643.5.1.13.13.12.2.77.8252.07020101080211090714060800071015,1
"Dataset/(0008,0018)","(0008,0018)",SOP Instance UID,SOPInstanceUID,UI,False,1.2.643.5.1.13.13.12.2.77.8252.10090104061310110414150206150115,1
"Dataset/(0008,0018)","(0008,0018)",SOP Instance UID,SOPInstanceUID,UI,False,1.2.643.5.1.13.13.12.2.77.8252.03130108120702021004141402130400,1
"Dataset/(0008,0018)","(0008,0018)",SOP Instance UID,SOPInstanceUID,UI,False,1.2.643.5.1.13.13.12.2.77.8252.05090009071111050211130101070710,1
"Dataset/(0008,0018)","(0008,0018)",SOP Instance UID,SOPInstanceUID,UI,False,1.2.643.5.1.13.13.12.2.77.8252.06121304010102150202081301011406,1
"Dataset/(0008,0018)","(0008,0018)",SOP Instance UID,SOPInstanceUID,UI,False,1.2.643.5.1.13.13.12.2.77.8252.13000009090006001202001212051006,1
"Dataset/(0008,0018)","(0008,0018)",SOP Instance UID,SOPInstanceUID,UI,False,1.2.643.5.1.13.13.12.2.77.8252.00080112010710030607090609070409,1
"Dataset/(0008,0018)","(0008,0018)",SOP Instance UID,SOPInstanceUID,UI,False,1.2.643.5.1.13.13.12.2.77.8252.01080011050715071510151108031409,1
"Dataset/(0008,0018)","(0008,0018)",SOP Instance UID,SOPInstanceUID,UI,False,1.2.643.5.1.13.13.12.2.77.8252.12100615051100140712150704150801,1
"Dataset/(0008,0018)","(0008,0018)",SOP Instance UID,SOPInstanceUID,UI,False,1.2.643.5.1.13.13.12.2.77.8252.06120002061108140400041203121102,1
"Dataset/(0008,0018)","(0008,0018)",SOP Instance UID,SOPInstanceUID,UI,False,1.2.643.5.1.13.13.12.2.77.8252.15130815100101091501031008111015,1
"Dataset/(0008,0018)","(0008,0018)",SOP Instance UID,SOPInstanceUID,UI,False,1.2.643.5.1.13.13.12.2.77.8252.11140100091110050501140207060912,1
"Dataset/(0008,0018)","(0008,0018)",SOP Instance UID,SOPInstanceUID,UI,False,1.2.643.5.1.13.13.12.2.77.8252.05010011080903070300131415001403,1
"Dataset/(0008,0018)","(0008,0018)",SOP Instance UID,SOPInstanceUID,UI,False,1.2.643.5.1.13.13.12.2.77.8252.09010705011309010307011213150407,1
"Dataset/(0008,0018)","(0008,0018)",SOP Instance UID,SOPInstanceUID,UI,False,1.2.643.5.1.13.13.12.2.77.8252.05101415070003100803120514081507,1
"Dataset/(0008,0018)","(0008,0018)",SOP Instance UID,SOPInstanceUID,UI,False,1.2.643.5.1.13.13.12.2.77.8252.07090609050707040704081509101500,1
"Dataset/(0008,0018)","(0008,0018)",SOP Instance UID,SOPInstanceUID,UI,False,1.2.643.5.1.13.13.12.2.77.8252.15080302090100001214141305071301,1
"Dataset/(0008,0018)","(0008,0018)",SOP Instance UID,SOPInstanceUID,UI,False,1.2.643.5.1.13.13.12.2.77.8252.11091010090201121300090614051311,1
"Dataset/(0008,0018)","(0008,0018)",SOP Instance UID,SOPInstanceUID,UI,False,1.2.643.5.1.13.13.12.2.77.8252.02141512030209141106060309030501,1
"Dataset/(0008,0018)","(0008,0018)",SOP Instance UID,SOPInstanceUID,UI,False,1.2.643.5.1.13.13.12.2.77.8252.15080906090913051107110915140103,1
"Dataset/(0008,0018)","(0008,0018)",SOP Instance UID,SOPInstanceUID,UI,False,1.2.643.5.1.13.13.12.2.77.8252.02060612071110031306070811070605,1
"Dataset/(0008,0018)","(0008,0018)",SOP Instance UID,SOPInstanceUID,UI,False,1.2.643.5.1.13.13.12.2.77.8252.08001013010106001102020015031109,1
"Dataset/(0008,0018)","(0008,0018)",SOP Instance UID,SOPInstanceUID,UI,False,1.2.643.5.1.13.13.12.2.77.8252.11130511020109141404120604130811,1
"Dataset/(0008,0018)","(0008,0018)",SOP Instance UID,SOPInstanceUID,UI,False,1.2.643.5.1.13.13.12.2.77.8252.09040806151211060704090912150608,1
"Dataset/(0008,0018)","(0008,0018)",SOP Instance UID,SOPInstanceUID,UI,False,1.2.643.5.1.13.13.12.2.77.8252.12021011000615031102060001101203,1
"Dataset/(0008,0018)","(0008,0018)",SOP Instance UID,SOPInstanceUID,UI,False,1.2.643.5.1.13.13.12.2.77.8252.11100504100006050214040402081303,1
"Dataset/(0008,0018)","(0008,0018)",SOP Instance UID,SOPInstanceUID,UI,False,1.2.643.5.1.13.13.12.2.77.8252.12090901030412121214030908040015,1
"Dataset/(0008,0018)","(0008,0018)",SOP Instance UID,SOPInstanceUID,UI,False,1.2.643.5.1.13.13.12.2.77.8252.05140704131104071313121101000313,1
"Dataset/(0008,0018)","(0008,0018)",SOP Instance UID,SOPInstanceUID,UI,False,1.2.643.5.1.13.13.12.2.77.8252.10011315050807060809100706050011,1
"Dataset/(0008,0018)","(0008,0018)",SOP Instance UID,SOPInstanceUID,UI,False,1.2.643.5.1.13.13.12.2.77.8252.12090115120005000603040515131409,1
"Dataset/(0008,0018)","(0008,0018)",SOP Instance UID,SOPInstanceUID,UI,False,1.2.643.5.1.13.13.12.2.77.8252.04030803131507080109070101120910,1
"Dataset/(0008,0018)","(0008,0018)",SOP Instance UID,SOPInstanceUID,UI,False,1.2.643.5.1.13.13.12.2.77.8252.08080707141115140509110700030200,1
"Dataset/(0008,0018)","(0008,0018)",SOP Instance UID,SOPInstanceUID,UI,False,1.2.643.5.1.13.13.12.2.77.8252.09020610121102091006070609000414,1
"Dataset/(0008,0018)","(0008,0018)",SOP Instance UID,SOPInstanceUID,UI,False,1.2.643.5.1.13.13.12.2.77.8252.09141210051000000105030213061514,1
"Dataset/(0008,0018)","(0008,0018)",SOP Instance UID,SOPInstanceUID,UI,False,1.2.643.5.1.13.13.12.2.77.8252.10030011090613091008080403130712,1
"Dataset/(0008,0018)","(0008,0018)",SOP Instance UID,SOPInstanceUID,UI,False,1.2.643.5.1.13.13.12.2.77.8252.10091201060313121514040903111108,1
"Dataset/(0008,0018)","(0008,0018)",SOP Instance UID,SOPInstanceUID,UI,False,1.2.643.5.1.13.13.12.2.77.8252.08061203141300041506070501101310,1
"Dataset/(0008,0018)","(0008,0018)",SOP Instance UID,SOPInstanceUID,UI,False,1.2.643.5.1.13.13.12.2.77.8252.01080203060404010906011511140504,1
"Dataset/(0008,0018)","(0008,0018)",SOP Instance UID,SOPInstanceUID,UI,False,1.2.643.5.1.13.13.12.2.77.8252.02020610071014010106090300080911,1
"Dataset/(0008,0018)","(0008,0018)",SOP Instance UID,SOPInstanceUID,UI,False,1.2.643.5.1.13.13.12.2.77.8252.00041503151008120109091101041101,1
"Dataset/(0008,0018)","(0008,0018)",SOP Instance UID,SOPInstanceUID,UI,False,1.2.643.5.1.13.13.12.2.77.8252.03121103130007121510030803050514,1
"Dataset/(0008,0018)","(0008,0018)",SOP Instance UID,SOPInstanceUID,UI,False,1.2.643.5.1.13.13.12.2.77.8252.07070904150315000704031208001011,1
"Dataset/(0008,0018)","(0008,0018)",SOP Instance UID,SOPInstanceUID,UI,False,1.2.643.5.1.13.13.12.2.77.8252.09030700121011131209150303151015,1
"Dataset/(0008,0018)","(0008,0018)",SOP Instance UID,SOPInstanceUID,UI,False,1.2.643.5.1.13.13.12.2.77.8252.02000306061002040514101500000812,1
"Dataset/(0008,0018)","(0008,0018)",SOP Instance UID,SOPInstanceUID,UI,False,1.2.643.5.1.13.13.12.2.77.8252.01130904120915050401031210031001,1
"Dataset/(0008,0018)","(0008,0018)",SOP Instance UID,SOPInstanceUID,UI,False,1.2.643.5.1.13.13.12.2.77.8252.02120204101515130306021007150210,1
"Dataset/(0008,0018)","(0008,0018)",SOP Instance UID,SOPInstanceUID,UI,False,1.2.643.5.1.13.13.12.2.77.8252.06061007030610120805010913100711,1
"Dataset/(0008,0018)","(0008,0018)",SOP Instance UID,SOPInstanceUID,UI,False,1.2.643.5.1.13.13.12.2.77.8252.13110108131113110013070512051310,1
"Dataset/(0008,0018)","(0008,0018)",SOP Instance UID,SOPInstanceUID,UI,False,1.2.643.5.1.13.13.12.2.77.8252.05111003151314100612100700031506,1
"Dataset/(0008,0018)","(0008,0018)",SOP Instance UID,SOPInstanceUID,UI,False,1.2.643.5.1.13.13.12.2.77.8252.04091012040015061107090014081504,1
"Dataset/(0008,0018)","(0008,0018)",SOP Instance UID,SOPInstanceUID,UI,False,1.2.643.5.1.13.13.12.2.77.8252.11010912010413080807030107050600,1
"Dataset/(0008,0018)","(0008,0018)",SOP Instance UID,SOPInstanceUID,UI,False,1.2.643.5.1.13.13.12.2.77.8252.02060903061507111201080601150903,1
"Dataset/(0008,0018)","(0008,0018)",SOP Instance UID,SOPInstanceUID,UI,False,1.2.643.5.1.13.13.12.2.77.8252.09100506150509030310111310041309,1
"Dataset/(0008,0018)","(0008,0018)",SOP Instance UID,SOPInstanceUID,UI,False,1.2.643.5.1.13.13.12.2.77.8252.02080414020805070003121215081311,1
"Dataset/(0008,0018)","(0008,0018)",SOP Instance UID,SOPInstanceUID,UI,False,1.2.643.5.1.13.13.12.2.77.8252.14120712151005010200040708001308,1
"Dataset/(0008,0018)","(0008,0018)",SOP Instance UID,SOPInstanceUID,UI,False,1.2.643.5.1.13.13.12.2.77.8252.05030701101012140702110704000714,1
"Dataset/(0008,0018)","(0008,0018)",SOP Instance UID,SOPInstanceUID,UI,False,1.2.643.5.1.13.13.12.2.77.8252.12111312010203070900101115051015,1
"Dataset/(0008,0018)","(0008,0018)",SOP Instance UID,SOPInstanceUID,UI,False,1.2.643.5.1.13.13.12.2.77.8252.05001409080504151204111500000514,1
"Dataset/(0008,0018)","(0008,0018)",SOP Instance UID,SOPInstanceUID,UI,False,1.2.643.5.1.13.13.12.2.77.8252.12090208061115110101131315120813,1
"Dataset/(0008,0018)","(0008,0018)",SOP Instance UID,SOPInstanceUID,UI,False,1.2.643.5.1.13.13.12.2.77.8252.08110803070615141513021414111001,1
"Dataset/(0008,0018)","(0008,0018)",SOP Instance UID,SOPInstanceUID,UI,False,1.2.643.5.1.13.13.12.2.77.8252.00030605020706130003080307080701,1
"Dataset/(0008,0018)","(0008,0018)",SOP Instance UID,SOPInstanceUID,UI,False,1.2.643.5.1.13.13.12.2.77.8252.07150610130411050211021514011106,1
"Dataset/(0008,0018)","(0008,0018)",SOP Instance UID,SOPInstanceUID,UI,False,1.2.643.5.1.13.13.12.2.77.8252.15141302131508150312140605060212,1
"Dataset/(0008,0018)","(0008,0018)",SOP Instance UID,SOPInstanceUID,UI,False,1.2.643.5.1.13.13.12.2.77.8252.06080100090802110008000311010501,1
"Dataset/(0008,0018)","(0008,0018)",SOP Instance UID,SOPInstanceUID,UI,False,1.2.643.5.1.13.13.12.2.77.8252.03010404051000131408111209140108,1
"Dataset/(0008,0018)","(0008,0018)",SOP Instance UID,SOPInstanceUID,UI,False,1.2.643.5.1.13.13.12.2.77.8252.02031401091510001200041308031003,1
"Dataset/(0008,0018)","(0008,0018)",SOP Instance UID,SOPInstanceUID,UI,False,1.2.643.5.1.13.13.12.2.77.8252.07120809010109050202061111011110,1
"Dataset/(0008,0018)","(0008,0018)",SOP Instance UID,SOPInstanceUID,UI,False,1.2.643.5.1.13.13.12.2.77.8252.07081506021006111207090213090701,1
"Dataset/(0008,0018)","(0008,0018)",SOP Instance UID,SOPInstanceUID,UI,False,1.2.643.5.1.13.13.12.2.77.8252.06001210040802120801060507001509,1
"Dataset/(0008,0018)","(0008,0018)",SOP Instance UID,SOPInstanceUID,UI,False,1.2.643.5.1.13.13.12.2.77.8252.02030504060005060505040905021305,1
"Dataset/(0008,0018)","(0008,0018)",SOP Instance UID,SOPInstanceUID,UI,False,1.2.643.5.1.13.13.12.2.77.8252.15141212090108110812010201000904,1
"Dataset/(0008,0018)","(0008,0018)",SOP Instance UID,SOPInstanceUID,UI,False,1.2.643.5.1.13.13.12.2.77.8252.06130007090800051113070612071205,1
"Dataset/(0008,0018)","(0008,0018)",SOP Instance UID,SOPInstanceUID,UI,False,1.2.643.5.1.13.13.12.2.77.8252.13060812000809140915061004151307,1
"Dataset/(0008,0018)","(0008,0018)",SOP Instance UID,SOPInstanceUID,UI,False,1.2.643.5.1.13.13.12.2.77.8252.14150614130710030701101012031106,1
"Dataset/(0008,0018)","(0008,0018)",SOP Instance UID,SOPInstanceUID,UI,False,1.2.643.5.1.13.13.12.2.77.8252.10071506040807070913151311141504,1
"Dataset/(0008,0018)","(0008,0018)",SOP Instance UID,SOPInstanceUID,UI,False,1.2.643.5.1.13.13.12.2.77.8252.02060605151213121009151302130207,1
"Dataset/(0008,0018)","(0008,0018)",SOP Instance UID,SOPInstanceUID,UI,False,1.2.643.5.1.13.13.12.2.77.8252.07101010011513020401030213080905,1
"Dataset/(0008,0018)","(0008,0018)",SOP Instance UID,SOPInstanceUID,UI,False,1.2.643.5.1.13.13.12.2.77.8252.11130315030911081202140406010814,1
"Dataset/(0008,0018)","(0008,0018)",SOP Instance UID,SOPInstanceUID,UI,False,1.2.643.5.1.13.13.12.2.77.8252.10000615050107010300151404090301,1
"Dataset/(0008,0018)","(0008,0018)",SOP Instance UID,SOPInstanceUID,UI,False,1.2.643.5.1.13.13.12.2.77.8252.05111111030105140803060510040613,1
"Dataset/(0008,0018)","(0008,0018)",SOP Instance UID,SOPInstanceUID,UI,False,1.2.643.5.1.13.13.12.2.77.8252.02091011000006010704070004091411,1
"Dataset/(0008,0018)","(0008,0018)",SOP Instance UID,SOPInstanceUID,UI,False,1.2.643.5.1.13.13.12.2.77.8252.08151215001015040112061102060812,1
"Dataset/(0008,0018)","(0008,0018)",SOP Instance UID,SOPInstanceUID,UI,False,1.2.643.5.1.13.13.12.2.77.8252.03111115071204110106020413091215,1
"Dataset/(0008,0018)","(0008,0018)",SOP Instance UID,SOPInstanceUID,UI,False,1.2.643.5.1.13.13.12.2.77.8252.08021214010408050013070405100802,1
"Dataset/(0008,0018)","(0008,0018)",SOP Instance UID,SOPInstanceUID,UI,False,1.2.643.5.1.13.13.12.2.77.8252.01011407000709010910090115010000,1
"Dataset/(0008,0018)","(0008,0018)",SOP Instance UID,SOPInstanceUID,UI,False,1.2.643.5.1.13.13.12.2.77.8252.15121501030904011113060500050403,1
"Dataset/(0008,0018)","(0008,0018)",SOP Instance UID,SOPInstanceUID,UI,False,1.2.643.5.1.13.13.12.2.77.8252.10040310131315131311011115051512,1
"Dataset/(0008,0018)","(0008,0018)",SOP Instance UID,SOPInstanceUID,UI,False,1.2.643.5.1.13.13.12.2.77.8252.13130501101110040009090201091209,1
"Dataset/(0008,0018)","(0008,0018)",SOP Instance UID,SOPInstanceUID,UI,False,1.2.643.5.1.13.13.12.2.77.8252.15080405040711111211130015010914,1
"Dataset/(0008,0018)","(0008,0018)",SOP Instance UID,SOPInstanceUID,UI,False,1.2.643.5.1.13.13.12.2.77.8252.00121200081108110912041503010000,1
"Dataset/(0008,0018)","(0008,0018)",SOP Instance UID,SOPInstanceUID,UI,False,1.2.643.5.1.13.13.12.2.77.8252.10080308141508151114100414150301,1
"Dataset/(0008,0018)","(0008,0018)",SOP Instance UID,SOPInstanceUID,UI,False,1.2.643.5.1.13.13.12.2.77.8252.00031305050707070014000611130907,1
"Dataset/(0008,0018)","(0008,0018)",SOP Instance UID,SOPInstanceUID,UI,False,1.2.643.5.1.13.13.12.2.77.8252.09110310111109140609041514031010,1
"Dataset/(0008,0018)","(0008,0018)",SOP Instance UID,SOPInstanceUID,UI,False,1.2.643.5.1.13.13.12.2.77.8252.03041015000108071402071509131313,1
"Dataset/(0008,0018)","(0008,0018)",SOP Instance UID,SOPInstanceUID,UI,False,1.2.643.5.1.13.13.12.2.77.8252.07150604010711031305090702140107,1
"Dataset/(0008,0018)","(0008,0018)",SOP Instance UID,SOPInstanceUID,UI,False,1.2.643.5.1.13.13.12.2.77.8252.13090506040311041500070413151313,1
"Dataset/(0008,0018)","(0008,0018)",SOP Instance UID,SOPInstanceUID,UI,False,1.2.643.5.1.13.13.12.2.77.8252.12110509121413070408000802041201,1
"Dataset/(0008,0018)","(0008,0018)",SOP Instance UID,SOPInstanceUID,UI,False,1.2.643.5.1.13.13.12.2.77.8252.14130302090906050506100315000611,1
"Dataset/(0008,0018)","(0008,0018)",SOP Instance UID,SOPInstanceUID,UI,False,1.2.643.5.1.13.13.12.2.77.8252.06151311061015011100110511080701,1
"Dataset/(0008,0018)","(0008,0018)",SOP Instance UID,SOPInstanceUID,UI,False,1.2.643.5.1.13.13.12.2.77.8252.02050808061207030811150709091509,1
"Dataset/(0008,0018)","(0008,0018)",SOP Instance UID,SOPInstanceUID,UI,False,1.2.643.5.1.13.13.12.2.77.8252.05120913001500151408091003040415,1
"Dataset/(0008,0018)","(0008,0018)",SOP Instance UID,SOPInstanceUID,UI,False,1.2.643.5.1.13.13.12.2.77.8252.07150713040501120002001009141410,1
"Dataset/(0008,0018)","(0008,0018)",SOP Instance UID,SOPInstanceUID,UI,False,1.2.643.5.1.13.13.12.2.77.8252.11011500050713141305050211140308,1
"Dataset/(0008,0018)","(0008,0018)",SOP Instance UID,SOPInstanceUID,UI,False,1.2.643.5.1.13.13.12.2.77.8252.15121403061107000609060400100413,1
"Dataset/(0008,0018)","(0008,0018)",SOP Instance UID,SOPInstanceUID,UI,False,1.2.643.5.1.13.13.12.2.77.8252.14111212050609060202121515040103,1
"Dataset/(0008,0018)","(0008,0018)",SOP Instance UID,SOPInstanceUID,UI,False,1.2.643.5.1.13.13.12.2.77.8252.07130510130614040904060413131200,1
"Dataset/(0008,0018)","(0008,0018)",SOP Instance UID,SOPInstanceUID,UI,False,1.2.643.5.1.13.13.12.2.77.8252.06060810060308150905140912050013,1
"Dataset/(0008,0018)","(0008,0018)",SOP Instance UID,SOPInstanceUID,UI,False,1.2.643.5.1.13.13.12.2.77.8252.13130903011502030304101506090814,1
"Dataset/(0008,0018)","(0008,0018)",SOP Instance UID,SOPInstanceUID,UI,False,1.2.643.5.1.13.13.12.2.77.8252.15001111061311011106030303001309,1
"Dataset/(0008,0018)","(0008,0018)",SOP Instance UID,SOPInstanceUID,UI,False,1.2.643.5.1.13.13.12.2.77.8252.10041006131411151513070104110809,1
"Dataset/(0008,0018)","(0008,0018)",SOP Instance UID,SOPInstanceUID,UI,False,1.2.643.5.1.13.13.12.2.77.8252.06111209081313111015020309051508,1
"Dataset/(0008,0018)","(0008,0018)",SOP Instance UID,SOPInstanceUID,UI,False,1.2.643.5.1.13.13.12.2.77.8252.04050904100201141507070306131511,1
"Dataset/(0008,0018)","(0008,0018)",SOP Instance UID,SOPInstanceUID,UI,False,1.2.643.5.1.13.13.12.2.77.8252.15101115041306031303150405131115,1
"Dataset/(0008,0018)","(0008,0018)",SOP Instance UID,SOPInstanceUID,UI,False,1.2.643.5.1.13.13.12.2.77.8252.08061201060114131102110802141411,1
"Dataset/(0008,0018)","(0008,0018)",SOP Instance UID,SOPInstanceUID,UI,False,1.2.643.5.1.13.13.12.2.77.8252.04141409090807040100020211061514,1
"Dataset/(0008,0018)","(0008,0018)",SOP Instance UID,SOPInstanceUID,UI,False,1.2.643.5.1.13.13.12.2.77.8252.04000607141411061507120106050309,1
"Dataset/(0008,0018)","(0008,0018)",SOP Instance UID,SOPInstanceUID,UI,False,1.2.643.5.1.13.13.12.2.77.8252.03130309141409040708100214070815,1
"Dataset/(0008,0018)","(0008,0018)",SOP Instance UID,SOPInstanceUID,UI,False,1.2.643.5.1.13.13.12.2.77.8252.07021003040810040809000711080701,1
"Dataset/(0008,0018)","(0008,0018)",SOP Instance UID,SOPInstanceUID,UI,False,1.2.643.5.1.13.13.12.2.77.8252.04111101091200130111070203120509,1
"Dataset/(0008,0018)","(0008,0018)",SOP Instance UID,SOPInstanceUID,UI,False,1.2.643.5.1.13.13.12.2.77.8252.04141300131506141004121211120710,1
"Dataset/(0008,0018)","(0008,0018)",SOP Instance UID,SOPInstanceUID,UI,False,1.2.643.5.1.13.13.12.2.77.8252.09031306140406050914091115001515,1
"Dataset/(0008,0018)","(0008,0018)",SOP Instance UID,SOPInstanceUID,UI,False,1.2.643.5.1.13.13.12.2.77.8252.03070910041410130909021014090904,1
"Dataset/(0008,0018)","(0008,0018)",SOP Instance UID,SOPInstanceUID,UI,False,1.2.643.5.1.13.13.12.2.77.8252.01031400050508070812091015000904,1
"Dataset/(0008,0018)","(0008,0018)",SOP Instance UID,SOPInstanceUID,UI,False,1.2.643.5.1.13.13.12.2.77.8252.07120905081404061009060805020905,1
"Dataset/(0008,0018)","(0008,0018)",SOP Instance UID,SOPInstanceUID,UI,False,1.2.643.5.1.13.13.12.2.77.8252.07130502151014041012130400130108,1
"Dataset/(0008,0020)","(0008,0020)",Study Date,StudyDate,DA,False,Anonymized,499
"Dataset/(0008,0022)","(0008,0022)",Acquisition Date,AcquisitionDate,DA,False,Anonymized,499
"Dataset/(0008,0030)","(0008,0030)",Study Time,StudyTime,TM,False,Anonymized,499
"Dataset/(0008,0032)","(0008,0032)",Acquisition Time,AcquisitionTime,TM,False,Anonymized,499
"Dataset/(0008,0050)","(0008,0050)",Accession Number,AccessionNumber,SH,False,Anonymized,499
"Dataset/(0008,0060)","(0008,0060)",Modality,Modality,CS,False,CR,499
"Dataset/(0008,0070)","(0008,0070)",Manufacturer,Manufacturer,LO,False,GE Healthcare,499
"Dataset/(0008,0080)","(0008,0080)",Institution Name,InstitutionName,LO,False,Anonymized,499
"Dataset/(0008,0081)","(0008,0081)",Institution Address,InstitutionAddress,ST,False,Anonymized,475
"Dataset/(0008,0090)","(0008,0090)",Referring Physician's Name,ReferringPhysicianName,PN,False,Anonymized,499
"Dataset/(0008,1010)","(0008,1010)",Station Name,StationName,SH,False,Anonymized,499
"Dataset/(0008,1030)","(0008,1030)",Study Description,StudyDescription,LO,False,DXA Обследование,481
"Dataset/(0008,1030)","(0008,1030)",Study Description,StudyDescription,LO,False,DXA Exam,18
"Dataset/(0008,103E)","(0008,103E)",Series Description,SeriesDescription,LO,False,Изображения DXA,481
"Dataset/(0008,103E)","(0008,103E)",Series Description,SeriesDescription,LO,False,DXA Images,18
"Dataset/(0008,1090)","(0008,1090)",Manufacturer's Model Name,ManufacturerModelName,LO,False,Lunar Prodigy Advance,499
"Dataset/(0010,0010)","(0010,0010)",Patient's Name,PatientName,PN,False,Anonymized,499
"Dataset/(0010,0020)","(0010,0020)",Patient ID,PatientID,LO,False,Anonymized,499
"Dataset/(0010,0030)","(0010,0030)",Patient's Birth Date,PatientBirthDate,DA,False,Anonymized,499
"Dataset/(0010,0040)","(0010,0040)",Patient's Sex,PatientSex,CS,False,Anonymized,499
"Dataset/(0010,1010)","(0010,1010)",Patient's Age,PatientAge,AS,False,Anonymized,499
"Dataset/(0010,2160)","(0010,2160)",Ethnic Group,EthnicGroup,SH,False,Anonymized,499
"Dataset/(0012,0062)","(0012,0062)",Patient Identity Removed,PatientIdentityRemoved,CS,False,YES,499
"Dataset/(0012,0063)","(0012,0063)",De-identification Method,DeidentificationMethod,LO,False,De-identification is implemented according to DICOM PS3.15 2021b part E1.1 Table E.1-1 Basic Profile.,499
"Dataset/(0018,0015)","(0018,0015)",Body Part Examined,BodyPartExamined,CS,False,,499
"Dataset/(0018,1000)","(0018,1000)",Device Serial Number,DeviceSerialNumber,LO,False,Anonymized,499
"Dataset/(0018,1020)","(0018,1020)",Software Versions,SoftwareVersions,LO,False,18.41.005,399
"Dataset/(0018,1020)","(0018,1020)",Software Versions,SoftwareVersions,LO,False,18.50.082,100
"Dataset/(0018,1030)","(0018,1030)",Protocol Name,ProtocolName,LO,False,Anonymized,448
"Dataset/(0018,5101)","(0018,5101)",View Position,ViewPosition,CS,False,,499
"Dataset/(0020,000D)","(0020,000D)",Study Instance UID,StudyInstanceUID,UI,False,1.2.643.5.1.13.13.12.2.77.8252.10030514041010111403040803061004,29
"Dataset/(0020,000D)","(0020,000D)",Study Instance UID,StudyInstanceUID,UI,False,1.2.643.5.1.13.13.12.2.77.8252.01011312130808040910091102031113,13
"Dataset/(0020,000D)","(0020,000D)",Study Instance UID,StudyInstanceUID,UI,False,1.2.643.5.1.13.13.12.2.77.8252.04121102011402150303110508111305,13
"Dataset/(0020,000D)","(0020,000D)",Study Instance UID,StudyInstanceUID,UI,False,1.2.643.5.1.13.13.12.2.77.8252.07100203071411091300120005090303,12
"Dataset/(0020,000D)","(0020,000D)",Study Instance UID,StudyInstanceUID,UI,False,1.2.643.5.1.13.13.12.2.77.8252.09131109110213080611001502040813,12
"Dataset/(0020,000D)","(0020,000D)",Study Instance UID,StudyInstanceUID,UI,False,1.2.643.5.1.13.13.12.2.77.8252.11120509060313030005050308070506,12
"Dataset/(0020,000D)","(0020,000D)",Study Instance UID,StudyInstanceUID,UI,False,1.2.643.5.1.13.13.12.2.77.8252.04030111120106061513080209011000,12
"Dataset/(0020,000D)","(0020,000D)",Study Instance UID,StudyInstanceUID,UI,False,1.2.643.5.1.13.13.12.2.77.8252.04040806101100130101150009051415,12
"Dataset/(0020,000D)","(0020,000D)",Study Instance UID,StudyInstanceUID,UI,False,1.2.643.5.1.13.13.12.2.77.8252.07090507040208000106080811060202,12
"Dataset/(0020,000D)","(0020,000D)",Study Instance UID,StudyInstanceUID,UI,False,1.2.643.5.1.13.13.12.2.77.8252.12090510061110050103011205010113,11
"Dataset/(0020,000D)","(0020,000D)",Study Instance UID,StudyInstanceUID,UI,False,1.2.643.5.1.13.13.12.2.77.8252.06041008131200110706010301000604,11
"Dataset/(0020,000D)","(0020,000D)",Study Instance UID,StudyInstanceUID,UI,False,1.2.643.5.1.13.13.12.2.77.8252.03010905090814080711141406121501,11
"Dataset/(0020,000D)","(0020,000D)",Study Instance UID,StudyInstanceUID,UI,False,1.2.643.5.1.13.13.12.2.77.8252.09090912081008051408101503020807,11
"Dataset/(0020,000D)","(0020,000D)",Study Instance UID,StudyInstanceUID,UI,False,1.2.643.5.1.13.13.12.2.77.8252.08070600001410030512060707091212,11
"Dataset/(0020,000D)","(0020,000D)",Study Instance UID,StudyInstanceUID,UI,False,1.2.643.5.1.13.13.12.2.77.8252.15060506051311040306151405130812,11
"Dataset/(0020,000D)","(0020,000D)",Study Instance UID,StudyInstanceUID,UI,False,1.2.643.5.1.13.13.12.2.77.8252.11000715091405120315010100101510,11
"Dataset/(0020,000D)","(0020,000D)",Study Instance UID,StudyInstanceUID,UI,False,1.2.643.5.1.13.13.12.2.77.8252.15120712020613071211131414040509,11
"Dataset/(0020,000D)","(0020,000D)",Study Instance UID,StudyInstanceUID,UI,False,1.2.643.5.1.13.13.12.2.77.8252.00140708141309070509131215090805,11
"Dataset/(0020,000D)","(0020,000D)",Study Instance UID,StudyInstanceUID,UI,False,1.2.643.5.1.13.13.12.2.77.8252.14030804041506011403100115131006,8
"Dataset/(0020,000D)","(0020,000D)",Study Instance UID,StudyInstanceUID,UI,False,1.2.643.5.1.13.13.12.2.77.8252.08110703091310150605090907130304,6
"Dataset/(0020,000D)","(0020,000D)",Study Instance UID,StudyInstanceUID,UI,False,1.2.643.5.1.13.13.12.2.77.8252.06000805130607060714150602050114,6
"Dataset/(0020,000D)","(0020,000D)",Study Instance UID,StudyInstanceUID,UI,False,1.2.643.5.1.13.13.12.2.77.8252.02060902040212120608040605100100,6
"Dataset/(0020,000D)","(0020,000D)",Study Instance UID,StudyInstanceUID,UI,False,1.2.643.5.1.13.13.12.2.77.8252.05091110020805070808081311010412,6
"Dataset/(0020,000D)","(0020,000D)",Study Instance UID,StudyInstanceUID,UI,False,1.2.643.5.1.13.13.12.2.77.8252.07010502020008121005080211011503,6
"Dataset/(0020,000D)","(0020,000D)",Study Instance UID,StudyInstanceUID,UI,False,1.2.643.5.1.13.13.12.2.77.8252.01021511080002000006040601030906,6
"Dataset/(0020,000D)","(0020,000D)",Study Instance UID,StudyInstanceUID,UI,False,1.2.643.5.1.13.13.12.2.77.8252.00101409100812000205071213151011,6
"Dataset/(0020,000D)","(0020,000D)",Study Instance UID,StudyInstanceUID,UI,False,1.2.643.5.1.13.13.12.2.77.8252.01100712050309061210070903020211,6
"Dataset/(0020,000D)","(0020,000D)",Study Instance UID,StudyInstanceUID,UI,False,1.2.643.5.1.13.13.12.2.77.8252.10140103050104100015110907140800,6
"Dataset/(0020,000D)","(0020,000D)",Study Instance UID,StudyInstanceUID,UI,False,1.2.643.5.1.13.13.12.2.77.8252.04111012020210100809111310020901,6
"Dataset/(0020,000D)","(0020,000D)",Study Instance UID,StudyInstanceUID,UI,False,1.2.643.5.1.13.13.12.2.77.8252.14051001011001020103110813110612,6
"Dataset/(0020,000D)","(0020,000D)",Study Instance UID,StudyInstanceUID,UI,False,1.2.643.5.1.13.13.12.2.77.8252.04090607151301101110121009081500,6
"Dataset/(0020,000D)","(0020,000D)",Study Instance UID,StudyInstanceUID,UI,False,1.2.643.5.1.13.13.12.2.77.8252.07040007120602101304050600010708,6
"Dataset/(0020,000D)","(0020,000D)",Study Instance UID,StudyInstanceUID,UI,False,1.2.643.5.1.13.13.12.2.77.8252.11061310061408070513110011010800,6
"Dataset/(0020,000D)","(0020,000D)",Study Instance UID,StudyInstanceUID,UI,False,1.2.643.5.1.13.13.12.2.77.8252.15150900091406150103131401151205,6
"Dataset/(0020,000D)","(0020,000D)",Study Instance UID,StudyInstanceUID,UI,False,1.2.643.5.1.13.13.12.2.77.8252.11110412020614040803060513120911,6
"Dataset/(0020,000D)","(0020,000D)",Study Instance UID,StudyInstanceUID,UI,False,1.2.643.5.1.13.13.12.2.77.8252.06111506140814121408000710091014,6
"Dataset/(0020,000D)","(0020,000D)",Study Instance UID,StudyInstanceUID,UI,False,1.2.643.5.1.13.13.12.2.77.8252.01150001000900060703031302131108,6
"Dataset/(0020,000D)","(0020,000D)",Study Instance UID,StudyInstanceUID,UI,False,1.2.643.5.1.13.13.12.2.77.8252.06121310051313071012071011000214,6
"Dataset/(0020,000D)","(0020,000D)",Study Instance UID,StudyInstanceUID,UI,False,1.2.643.5.1.13.13.12.2.77.8252.00021509100701140314011205150113,6
"Dataset/(0020,000D)","(0020,000D)",Study Instance UID,StudyInstanceUID,UI,False,1.2.643.5.1.13.13.12.2.77.8252.04140410030403000101120807100701,6
"Dataset/(0020,000D)","(0020,000D)",Study Instance UID,StudyInstanceUID,UI,False,1.2.643.5.1.13.13.12.2.77.8252.07120201111314111500000602130205,6
"Dataset/(0020,000D)","(0020,000D)",Study Instance UID,StudyInstanceUID,UI,False,1.2.643.5.1.13.13.12.2.77.8252.13011101150906100811130003020808,5
"Dataset/(0020,000D)","(0020,000D)",Study Instance UID,StudyInstanceUID,UI,False,1.2.643.5.1.13.13.12.2.77.8252.01091501110815031100020500130014,4
"Dataset/(0020,000D)","(0020,000D)",Study Instance UID,StudyInstanceUID,UI,False,1.2.643.5.1.13.13.12.2.77.8252.09020304121009030507130509070701,4
"Dataset/(0020,000D)","(0020,000D)",Study Instance UID,StudyInstanceUID,UI,False,1.2.643.5.1.13.13.12.2.77.8252.13060115000811100715140205030915,3
"Dataset/(0020,000D)","(0020,000D)",Study Instance UID,StudyInstanceUID,UI,False,1.2.643.5.1.13.13.12.2.77.8252.02150001030902110114090106081007,3
"Dataset/(0020,000D)","(0020,000D)",Study Instance UID,StudyInstanceUID,UI,False,1.2.643.5.1.13.13.12.2.77.8252.01081208070113050704060608151002,3
"Dataset/(0020,000D)","(0020,000D)",Study Instance UID,StudyInstanceUID,UI,False,1.2.643.5.1.13.13.12.2.77.8252.09001101031503060803041311070312,3
"Dataset/(0020,000D)","(0020,000D)",Study Instance UID,StudyInstanceUID,UI,False,1.2.643.5.1.13.13.12.2.77.8252.04120502090713030002100002030500,3
"Dataset/(0020,000D)","(0020,000D)",Study Instance UID,StudyInstanceUID,UI,False,1.2.643.5.1.13.13.12.2.77.8252.06000203070703071315151100081515,3
"Dataset/(0020,000D)","(0020,000D)",Study Instance UID,StudyInstanceUID,UI,False,1.2.643.5.1.13.13.12.2.77.8252.09130409131001141403120204031509,3
"Dataset/(0020,000D)","(0020,000D)",Study Instance UID,StudyInstanceUID,UI,False,1.2.643.5.1.13.13.12.2.77.8252.01101508090608101115020806060015,3
"Dataset/(0020,000D)","(0020,000D)",Study Instance UID,StudyInstanceUID,UI,False,1.2.643.5.1.13.13.12.2.77.8252.00030206020209110205100406021412,3
"Dataset/(0020,000D)","(0020,000D)",Study Instance UID,StudyInstanceUID,UI,False,1.2.643.5.1.13.13.12.2.77.8252.07060700030806121503030014110206,3
"Dataset/(0020,000D)","(0020,000D)",Study Instance UID,StudyInstanceUID,UI,False,1.2.643.5.1.13.13.12.2.77.8252.14001106061015010402061009020003,3
"Dataset/(0020,000D)","(0020,000D)",Study Instance UID,StudyInstanceUID,UI,False,1.2.643.5.1.13.13.12.2.77.8252.07080911030405120513131308130103,3
"Dataset/(0020,000D)","(0020,000D)",Study Instance UID,StudyInstanceUID,UI,False,1.2.643.5.1.13.13.12.2.77.8252.00020104100613061304040514090111,3
"Dataset/(0020,000D)","(0020,000D)",Study Instance UID,StudyInstanceUID,UI,False,1.2.643.5.1.13.13.12.2.77.8252.02060202021413001406000512080208,3
"Dataset/(0020,000D)","(0020,000D)",Study Instance UID,StudyInstanceUID,UI,False,1.2.643.5.1.13.13.12.2.77.8252.11031305020803120210110303010607,3
"Dataset/(0020,000D)","(0020,000D)",Study Instance UID,StudyInstanceUID,UI,False,1.2.643.5.1.13.13.12.2.77.8252.07141114011403010702060406101512,3
"Dataset/(0020,000D)","(0020,000D)",Study Instance UID,StudyInstanceUID,UI,False,1.2.643.5.1.13.13.12.2.77.8252.08010308000211020503020307091312,3
"Dataset/(0020,000D)","(0020,000D)",Study Instance UID,StudyInstanceUID,UI,False,1.2.643.5.1.13.13.12.2.77.8252.04101108050208091310021407111214,3
"Dataset/(0020,000D)","(0020,000D)",Study Instance UID,StudyInstanceUID,UI,False,1.2.643.5.1.13.13.12.2.77.8252.01010712071105151008051412091100,3
"Dataset/(0020,000D)","(0020,000D)",Study Instance UID,StudyInstanceUID,UI,False,1.2.643.5.1.13.13.12.2.77.8252.13000111030510001210030508000815,3
"Dataset/(0020,000D)","(0020,000D)",Study Instance UID,StudyInstanceUID,UI,False,1.2.643.5.1.13.13.12.2.77.8252.06051105050701010502031403141206,3
"Dataset/(0020,000D)","(0020,000D)",Study Instance UID,StudyInstanceUID,UI,False,1.2.643.5.1.13.13.12.2.77.8252.10110305110802141404051200020210,3
"Dataset/(0020,000D)","(0020,000D)",Study Instance UID,StudyInstanceUID,UI,False,1.2.643.5.1.13.13.12.2.77.8252.02100613110404001511060101141303,3
"Dataset/(0020,000D)","(0020,000D)",Study Instance UID,StudyInstanceUID,UI,False,1.2.643.5.1.13.13.12.2.77.8252.08050709020911100006011108031308,3
"Dataset/(0020,000D)","(0020,000D)",Study Instance UID,StudyInstanceUID,UI,False,1.2.643.5.1.13.13.12.2.77.8252.14030514000710060800130100011214,3
"Dataset/(0020,000D)","(0020,000D)",Study Instance UID,StudyInstanceUID,UI,False,1.2.643.5.1.13.13.12.2.77.8252.06031007110009040706001109051004,3
"Dataset/(0020,000D)","(0020,000D)",Study Instance UID,StudyInstanceUID,UI,False,1.2.643.5.1.13.13.12.2.77.8252.09110800100012120800030006041405,3
"Dataset/(0020,000D)","(0020,000D)",Study Instance UID,StudyInstanceUID,UI,False,1.2.643.5.1.13.13.12.2.77.8252.02001413040700010813000013120308,3
"Dataset/(0020,000D)","(0020,000D)",Study Instance UID,StudyInstanceUID,UI,False,1.2.643.5.1.13.13.12.2.77.8252.11011102050904000102020212011404,3
"Dataset/(0020,000D)","(0020,000D)",Study Instance UID,StudyInstanceUID,UI,False,1.2.643.5.1.13.13.12.2.77.8252.09131504151204000006060612091203,3
"Dataset/(0020,000D)","(0020,000D)",Study Instance UID,StudyInstanceUID,UI,False,1.2.643.5.1.13.13.12.2.77.8252.02111204140006020215081404050209,2
"Dataset/(0020,000D)","(0020,000D)",Study Instance UID,StudyInstanceUID,UI,False,1.2.643.5.1.13.13.12.2.77.8252.12060501010302051215051203010600,2
"Dataset/(0020,000D)","(0020,000D)",Study Instance UID,StudyInstanceUID,UI,False,1.2.643.5.1.13.13.12.2.77.8252.02011400121411091003041007011307,2
"Dataset/(0020,000D)","(0020,000D)",Study Instance UID,StudyInstanceUID,UI,False,1.2.643.5.1.13.13.12.2.77.8252.13050309140908091510010214121510,2
"Dataset/(0020,000D)","(0020,000D)",Study Instance UID,StudyInstanceUID,UI,False,1.2.643.5.1.13.13.12.2.77.8252.00011402030913150507081413120310,1
"Dataset/(0020,000D)","(0020,000D)",Study Instance UID,StudyInstanceUID,UI,False,1.2.643.5.1.13.13.12.2.77.8252.14150011111304110807130802031100,1
"Dataset/(0020,000D)","(0020,000D)",Study Instance UID,StudyInstanceUID,UI,False,1.2.643.5.1.13.13.12.2.77.8252.11130601031507131510140912150209,1
"Dataset/(0020,000D)","(0020,000D)",Study Instance UID,StudyInstanceUID,UI,False,1.2.643.5.1.13.13.12.2.77.8252.04020303131005050903141411050509,1
"Dataset/(0020,000D)","(0020,000D)",Study Instance UID,StudyInstanceUID,UI,False,1.2.643.5.1.13.13.12.2.77.8252.12090514001006040904030606011401,1
"Dataset/(0020,000D)","(0020,000D)",Study Instance UID,StudyInstanceUID,UI,False,1.2.643.5.1.13.13.12.2.77.8252.02080810120709040103090703140106,1
"Dataset/(0020,000D)","(0020,000D)",Study Instance UID,StudyInstanceUID,UI,False,1.2.643.5.1.13.13.12.2.77.8252.08111201111203050510020404121406,1
"Dataset/(0020,000D)","(0020,000D)",Study Instance UID,StudyInstanceUID,UI,False,1.2.643.5.1.13.13.12.2.77.8252.02110607061101140709130908071405,1
"Dataset/(0020,000D)","(0020,000D)",Study Instance UID,StudyInstanceUID,UI,False,1.2.643.5.1.13.13.12.2.77.8252.00091501080806120506120114090107,1
"Dataset/(0020,000D)","(0020,000D)",Study Instance UID,StudyInstanceUID,UI,False,1.2.643.5.1.13.13.12.2.77.8252.08130702060402020111101401090509,1
"Dataset/(0020,000D)","(0020,000D)",Study Instance UID,StudyInstanceUID,UI,False,1.2.643.5.1.13.13.12.2.77.8252.05080007010908151412021401130712,1
"Dataset/(0020,000D)","(0020,000D)",Study Instance UID,StudyInstanceUID,UI,False,1.2.643.5.1.13.13.12.2.77.8252.11130805080112021004150213051005,1
"Dataset/(0020,000D)","(0020,000D)",Study Instance UID,StudyInstanceUID,UI,False,1.2.643.5.1.13.13.12.2.77.8252.05000609021402010711070801100904,1
"Dataset/(0020,000D)","(0020,000D)",Study Instance UID,StudyInstanceUID,UI,False,1.2.643.5.1.13.13.12.2.77.8252.04071115100300090601031200020808,1
"Dataset/(0020,000D)","(0020,000D)",Study Instance UID,StudyInstanceUID,UI,False,1.2.643.5.1.13.13.12.2.77.8252.05011409090000061404080803060404,1
"Dataset/(0020,000D)","(0020,000D)",Study Instance UID,StudyInstanceUID,UI,False,1.2.643.5.1.13.13.12.2.77.8252.13070707001109051012021502000705,1
"Dataset/(0020,000D)","(0020,000D)",Study Instance UID,StudyInstanceUID,UI,False,1.2.643.5.1.13.13.12.2.77.8252.10000214070110110712041100051105,1
"Dataset/(0020,000D)","(0020,000D)",Study Instance UID,StudyInstanceUID,UI,False,1.2.643.5.1.13.13.12.2.77.8252.09061205050201001102041514000912,1
"Dataset/(0020,000D)","(0020,000D)",Study Instance UID,StudyInstanceUID,UI,False,1.2.643.5.1.13.13.12.2.77.8252.12150004000513030900100606011509,1
"Dataset/(0020,000D)","(0020,000D)",Study Instance UID,StudyInstanceUID,UI,False,1.2.643.5.1.13.13.12.2.77.8252.15041203090015060404010507050405,1
"Dataset/(0020,000D)","(0020,000D)",Study Instance UID,StudyInstanceUID,UI,False,1.2.643.5.1.13.13.12.2.77.8252.13101512050003031109001004060403,1
"Dataset/(0020,000D)","(0020,000D)",Study Instance UID,StudyInstanceUID,UI,False,1.2.643.5.1.13.13.12.2.77.8252.07060506150205030514061006111408,1
"Dataset/(0020,000E)","(0020,000E)",Series Instance UID,SeriesInstanceUID,UI,False,1.2.643.5.1.13.13.12.2.77.8252.00061404140502100104070113110714,18
"Dataset/(0020,000E)","(0020,000E)",Series Instance UID,SeriesInstanceUID,UI,False,1.2.643.5.1.13.13.12.2.77.8252.02151214090809021309091201080709,13
"Dataset/(0020,000E)","(0020,000E)",Series Instance UID,SeriesInstanceUID,UI,False,1.2.643.5.1.13.13.12.2.77.8252.11020308140308080111011302120105,13
"Dataset/(0020,000E)","(0020,000E)",Series Instance UID,SeriesInstanceUID,UI,False,1.2.643.5.1.13.13.12.2.77.8252.14040700071514111407031412020703,12
"Dataset/(0020,000E)","(0020,000E)",Series Instance UID,SeriesInstanceUID,UI,False,1.2.643.5.1.13.13.12.2.77.8252.14131202151512000515141002040115,12
"Dataset/(0020,000E)","(0020,000E)",Series Instance UID,SeriesInstanceUID,UI,False,1.2.643.5.1.13.13.12.2.77.8252.01061004031115060909070403001204,12
"Dataset/(0020,000E)","(0020,000E)",Series Instance UID,SeriesInstanceUID,UI,False,1.2.643.5.1.13.13.12.2.77.8252.05140705011202140213150202150102,12
"Dataset/(0020,000E)","(0020,000E)",Series Instance UID,SeriesInstanceUID,UI,False,1.2.643.5.1.13.13.12.2.77.8252.15071204140404081015140705041306,12
"Dataset/(0020,000E)","(0020,000E)",Series Instance UID,SeriesInstanceUID,UI,False,1.2.643.5.1.13.13.12.2.77.8252.14060202051507031210120406080205,12
"Dataset/(0020,000E)","(0020,000E)",Series Instance UID,SeriesInstanceUID,UI,False,1.2.643.5.1.13.13.12.2.77.8252.02081303020303061507000314011215,11
"Dataset/(0020,000E)","(0020,000E)",Series Instance UID,SeriesInstanceUID,UI,False,1.2.643.5.1.13.13.12.2.77.8252.11070904131012020713131101020302,11
"Dataset/(0020,000E)","(0020,000E)",Series Instance UID,SeriesInstanceUID,UI,False,1.2.643.5.1.13.13.12.2.77.8252.06090615030507090305110605000508,11
"Dataset/(0020,000E)","(0020,000E)",Series Instance UID,SeriesInstanceUID,UI,False,1.2.643.5.1.13.13.12.2.77.8252.01101001081013100709141206141212,11
"Dataset/(0020,000E)","(0020,000E)",Series Instance UID,SeriesInstanceUID,UI,False,1.2.643.5.1.13.13.12.2.77.8252.03010814070205050511130211051307,11
"Dataset/(0020,000E)","(0020,000E)",Series Instance UID,SeriesInstanceUID,UI,False,1.2.643.5.1.13.13.12.2.77.8252.13080308120406131510011114140214,11
"Dataset/(0020,000E)","(0020,000E)",Series Instance UID,SeriesInstanceUID,UI,False,1.2.643.5.1.13.13.12.2.77.8252.04120000090305141313121412081209,11
"Dataset/(0020,000E)","(0020,000E)",Series Instance UID,SeriesInstanceUID,UI,False,1.2.643.5.1.13.13.12.2.77.8252.01150502051203071101150005011315,11
"Dataset/(0020,000E)","(0020,000E)",Series Instance UID,SeriesInstanceUID,UI,False,1.2.643.5.1.13.13.12.2.77.8252.08120315010100010409121104030313,11
"Dataset/(0020,000E)","(0020,000E)",Series Instance UID,SeriesInstanceUID,UI,False,1.2.643.5.1.13.13.12.2.77.8252.01040209090909150912030510060713,11
"Dataset/(0020,000E)","(0020,000E)",Series Instance UID,SeriesInstanceUID,UI,False,1.2.643.5.1.13.13.12.2.77.8252.03091114100414000409141111150705,8
"Dataset/(0020,000E)","(0020,000E)",Series Instance UID,SeriesInstanceUID,UI,False,1.2.643.5.1.13.13.12.2.77.8252.07020303111406071106010615130206,6
"Dataset/(0020,000E)","(0020,000E)",Series Instance UID,SeriesInstanceUID,UI,False,1.2.643.5.1.13.13.12.2.77.8252.05040708141011140110131207130812,6
"Dataset/(0020,000E)","(0020,000E)",Series Instance UID,SeriesInstanceUID,UI,False,1.2.643.5.1.13.13.12.2.77.8252.00150800070710000601130003010101,6
"Dataset/(0020,000E)","(0020,000E)",Series Instance UID,SeriesInstanceUID,UI,False,1.2.643.5.1.13.13.12.2.77.8252.02060214150705060904080407131009,6
"Dataset/(0020,000E)","(0020,000E)",Series Instance UID,SeriesInstanceUID,UI,False,1.2.643.5.1.13.13.12.2.77.8252.02090908130314030815090205060103,6
"Dataset/(0020,000E)","(0020,000E)",Series Instance UID,SeriesInstanceUID,UI,False,1.2.643.5.1.13.13.12.2.77.8252.06110201011504150103041213130110,6
"Dataset/(0020,000E)","(0020,000E)",Series Instance UID,SeriesInstanceUID,UI,False,1.2.643.5.1.13.13.12.2.77.8252.07091105080407061114081111060515,6
"Dataset/(0020,000E)","(0020,000E)",Series Instance UID,SeriesInstanceUID,UI,False,1.2.643.5.1.13.13.12.2.77.8252.11001009100713020715070907091012,6
"Dataset/(0020,000E)","(0020,000E)",Series Instance UID,SeriesInstanceUID,UI,False,1.2.643.5.1.13.13.12.2.77.8252.13001207060704010711000314111409,6
"Dataset/(0020,000E)","(0020,000E)",Series Instance UID,SeriesInstanceUID,UI,False,1.2.643.5.1.13.13.12.2.77.8252.15070309040300110003000703070201,6
"Dataset/(0020,000E)","(0020,000E)",Series Instance UID,SeriesInstanceUID,UI,False,1.2.643.5.1.13.13.12.2.77.8252.14081310151415041505041304031410,6
"Dataset/(0020,000E)","(0020,000E)",Series Instance UID,SeriesInstanceUID,UI,False,1.2.643.5.1.13.13.12.2.77.8252.06080700000403120414070715001409,6
"Dataset/(0020,000E)","(0020,000E)",Series Instance UID,SeriesInstanceUID,UI,False,1.2.643.5.1.13.13.12.2.77.8252.00101104101403131203151307080003,6
"Dataset/(0020,000E)","(0020,000E)",Series Instance UID,SeriesInstanceUID,UI,False,1.2.643.5.1.13.13.12.2.77.8252.13111000070401001208041400140709,6
"Dataset/(0020,000E)","(0020,000E)",Series Instance UID,SeriesInstanceUID,UI,False,1.2.643.5.1.13.13.12.2.77.8252.07080602091013101109020612001309,6
"Dataset/(0020,000E)","(0020,000E)",Series Instance UID,SeriesInstanceUID,UI,False,1.2.643.5.1.13.13.12.2.77.8252.09141406121204141006141407100209,6
"Dataset/(0020,000E)","(0020,000E)",Series Instance UID,SeriesInstanceUID,UI,False,1.2.643.5.1.13.13.12.2.77.8252.15050207150815021005011510050008,6
"Dataset/(0020,000E)","(0020,000E)",Series Instance UID,SeriesInstanceUID,UI,False,1.2.643.5.1.13.13.12.2.77.8252.14011210061013090708120005031309,6
"Dataset/(0020,000E)","(0020,000E)",Series Instance UID,SeriesInstanceUID,UI,False,1.2.643.5.1.13.13.12.2.77.8252.14130309100700021109000104041309,6
"Dataset/(0020,000E)","(0020,000E)",Series Instance UID,SeriesInstanceUID,UI,False,1.2.643.5.1.13.13.12.2.77.8252.15061002151310031205140602100908,6
"Dataset/(0020,000E)","(0020,000E)",Series Instance UID,SeriesInstanceUID,UI,False,1.2.643.5.1.13.13.12.2.77.8252.15150500050407071102141505020212,6
"Dataset/(0020,000E)","(0020,000E)",Series Instance UID,SeriesInstanceUID,UI,False,1.2.643.5.1.13.13.12.2.77.8252.00100612020405021008090413031313,6
"Dataset/(0020,000E)","(0020,000E)",Series Instance UID,SeriesInstanceUID,UI,False,1.2.643.5.1.13.13.12.2.77.8252.02010102061305140611020613010604,5
"Dataset/(0020,000E)","(0020,000E)",Series Instance UID,SeriesInstanceUID,UI,False,1.2.643.5.1.13.13.12.2.77.8252.11140901141007031208030207071507,4
"Dataset/(0020,000E)","(0020,000E)",Series Instance UID,SeriesInstanceUID,UI,False,1.2.643.5.1.13.13.12.2.77.8252.01080812060112021110060103101107,4
"Dataset/(0020,000E)","(0020,000E)",Series Instance UID,SeriesInstanceUID,UI,False,1.2.643.5.1.13.13.12.2.77.8252.11040905131208141412091115130905,3
"Dataset/(0020,000E)","(0020,000E)",Series Instance UID,SeriesInstanceUID,UI,False,1.2.643.5.1.13.13.12.2.77.8252.14031404130111051113020901140508,3
"Dataset/(0020,000E)","(0020,000E)",Series Instance UID,SeriesInstanceUID,UI,False,1.2.643.5.1.13.13.12.2.77.8252.12050900010703051402030614020613,3
"Dataset/(0020,000E)","(0020,000E)",Series Instance UID,SeriesInstanceUID,UI,False,1.2.643.5.1.13.13.12.2.77.8252.15051111130111110005031000130012,3
"Dataset/(0020,000E)","(0020,000E)",Series Instance UID,SeriesInstanceUID,UI,False,1.2.643.5.1.13.13.12.2.77.8252.01091403020812111514040306051201,3
"Dataset/(0020,000E)","(0020,000E)",Series Instance UID,SeriesInstanceUID,UI,False,1.2.643.5.1.13.13.12.2.77.8252.04050505111301121515051308151002,3
"Dataset/(0020,000E)","(0020,000E)",Series Instance UID,SeriesInstanceUID,UI,False,1.2.643.5.1.13.13.12.2.77.8252.14081015040803031104010909101002,3
"Dataset/(0020,000E)","(0020,000E)",Series Instance UID,SeriesInstanceUID,UI,False,1.2.643.5.1.13.13.12.2.77.8252.00071407120513051408041503071313,3
"Dataset/(0020,000E)","(0020,000E)",Series Instance UID,SeriesInstanceUID,UI,False,1.2.643.5.1.13.13.12.2.77.8252.04050802060906050904130603131503,3
"Dataset/(0020,000E)","(0020,000E)",Series Instance UID,SeriesInstanceUID,UI,False,1.2.643.5.1.13.13.12.2.77.8252.00100415070311100312040914100100,3
"Dataset/(0020,000E)","(0020,000E)",Series Instance UID,SeriesInstanceUID,UI,False,1.2.643.5.1.13.13.12.2.77.8252.11060306111211071015080504121210,3
"Dataset/(0020,000E)","(0020,000E)",Series Instance UID,SeriesInstanceUID,UI,False,1.2.643.5.1.13.13.12.2.77.8252.02011507020103070708100513000215,3
"Dataset/(0020,000E)","(0020,000E)",Series Instance UID,SeriesInstanceUID,UI,False,1.2.643.5.1.13.13.12.2.77.8252.14070808141011001105120011120007,3
"Dataset/(0020,000E)","(0020,000E)",Series Instance UID,SeriesInstanceUID,UI,False,1.2.643.5.1.13.13.12.2.77.8252.15060712090112130410001208090603,3
"Dataset/(0020,000E)","(0020,000E)",Series Instance UID,SeriesInstanceUID,UI,False,1.2.643.5.1.13.13.12.2.77.8252.15091501021210141510040001110809,3
"Dataset/(0020,000E)","(0020,000E)",Series Instance UID,SeriesInstanceUID,UI,False,1.2.643.5.1.13.13.12.2.77.8252.12100801091103050003041011100712,3
"Dataset/(0020,000E)","(0020,000E)",Series Instance UID,SeriesInstanceUID,UI,False,1.2.643.5.1.13.13.12.2.77.8252.13081212101011121109100110130513,3
"Dataset/(0020,000E)","(0020,000E)",Series Instance UID,SeriesInstanceUID,UI,False,1.2.643.5.1.13.13.12.2.77.8252.09090615000912121103081014020013,3
"Dataset/(0020,000E)","(0020,000E)",Series Instance UID,SeriesInstanceUID,UI,False,1.2.643.5.1.13.13.12.2.77.8252.06130909061410141208061013120615,3
"Dataset/(0020,000E)","(0020,000E)",Series Instance UID,SeriesInstanceUID,UI,False,1.2.643.5.1.13.13.12.2.77.8252.08110913110510141103120003011000,3
"Dataset/(0020,000E)","(0020,000E)",Series Instance UID,SeriesInstanceUID,UI,False,1.2.643.5.1.13.13.12.2.77.8252.14120701130808111501020800140103,3
"Dataset/(0020,000E)","(0020,000E)",Series Instance UID,SeriesInstanceUID,UI,False,1.2.643.5.1.13.13.12.2.77.8252.07011008140115080712051515030109,3
"Dataset/(0020,000E)","(0020,000E)",Series Instance UID,SeriesInstanceUID,UI,False,1.2.643.5.1.13.13.12.2.77.8252.09151511100403000109030912060414,3
"Dataset/(0020,000E)","(0020,000E)",Series Instance UID,SeriesInstanceUID,UI,False,1.2.643.5.1.13.13.12.2.77.8252.09081500150104070409071106080210,3
"Dataset/(0020,000E)","(0020,000E)",Series Instance UID,SeriesInstanceUID,UI,False,1.2.643.5.1.13.13.12.2.77.8252.11091003050804121202060901081407,3
"Dataset/(0020,000E)","(0020,000E)",Series Instance UID,SeriesInstanceUID,UI,False,1.2.643.5.1.13.13.12.2.77.8252.06150509041511060815120402071400,3
"Dataset/(0020,000E)","(0020,000E)",Series Instance UID,SeriesInstanceUID,UI,False,1.2.643.5.1.13.13.12.2.77.8252.08100111130501010601020704090413,3
"Dataset/(0020,000E)","(0020,000E)",Series Instance UID,SeriesInstanceUID,UI,False,1.2.643.5.1.13.13.12.2.77.8252.02100401020501070101020415010113,3
"Dataset/(0020,000E)","(0020,000E)",Series Instance UID,SeriesInstanceUID,UI,False,1.2.643.5.1.13.13.12.2.77.8252.09101403080614110910141101020904,3
"Dataset/(0020,000E)","(0020,000E)",Series Instance UID,SeriesInstanceUID,UI,False,1.2.643.5.1.13.13.12.2.77.8252.13030104140510150400010900100609,3
"Dataset/(0020,000E)","(0020,000E)",Series Instance UID,SeriesInstanceUID,UI,False,1.2.643.5.1.13.13.12.2.77.8252.09061313111512020211131004150400,2
"Dataset/(0020,000E)","(0020,000E)",Series Instance UID,SeriesInstanceUID,UI,False,1.2.643.5.1.13.13.12.2.77.8252.15001211151402100804050812061111,2
"Dataset/(0020,000E)","(0020,000E)",Series Instance UID,SeriesInstanceUID,UI,False,1.2.643.5.1.13.13.12.2.77.8252.11130606051313071008031004040615,2
"Dataset/(0020,000E)","(0020,000E)",Series Instance UID,SeriesInstanceUID,UI,False,1.2.643.5.1.13.13.12.2.77.8252.11021410060614050600151205091103,2
"Dataset/(0020,000E)","(0020,000E)",Series Instance UID,SeriesInstanceUID,UI,False,1.2.643.5.1.13.13.12.2.77.8252.14060700010215010604121013130202,1
"Dataset/(0020,000E)","(0020,000E)",Series Instance UID,SeriesInstanceUID,UI,False,1.2.643.5.1.13.13.12.2.77.8252.05110008101209050614020515000101,1
"Dataset/(0020,000E)","(0020,000E)",Series Instance UID,SeriesInstanceUID,UI,False,1.2.643.5.1.13.13.12.2.77.8252.07010103100307150507061113030803,1
"Dataset/(0020,000E)","(0020,000E)",Series Instance UID,SeriesInstanceUID,UI,False,1.2.643.5.1.13.13.12.2.77.8252.08140808151310041506080514150202,1
"Dataset/(0020,000E)","(0020,000E)",Series Instance UID,SeriesInstanceUID,UI,False,1.2.643.5.1.13.13.12.2.77.8252.07130405120111111507030310060806,1
"Dataset/(0020,000E)","(0020,000E)",Series Instance UID,SeriesInstanceUID,UI,False,1.2.643.5.1.13.13.12.2.77.8252.03151000130214010504070008111505,1
"Dataset/(0020,000E)","(0020,000E)",Series Instance UID,SeriesInstanceUID,UI,False,1.2.643.5.1.13.13.12.2.77.8252.11141107151507080610011102100811,1
"Dataset/(0020,000E)","(0020,000E)",Series Instance UID,SeriesInstanceUID,UI,False,1.2.643.5.1.13.13.12.2.77.8252.15111204051104061107070701150414,1
"Dataset/(0020,000E)","(0020,000E)",Series Instance UID,SeriesInstanceUID,UI,False,1.2.643.5.1.13.13.12.2.77.8252.12020303020401061308020605011214,1
"Dataset/(0020,000E)","(0020,000E)",Series Instance UID,SeriesInstanceUID,UI,False,1.2.643.5.1.13.13.12.2.77.8252.02020415030514090514120506090201,1
"Dataset/(0020,000E)","(0020,000E)",Series Instance UID,SeriesInstanceUID,UI,False,1.2.643.5.1.13.13.12.2.77.8252.11150310080213051304091401140312,1
"Dataset/(0020,000E)","(0020,000E)",Series Instance UID,SeriesInstanceUID,UI,False,1.2.643.5.1.13.13.12.2.77.8252.00111204020012000215120801151101,1
"Dataset/(0020,000E)","(0020,000E)",Series Instance UID,SeriesInstanceUID,UI,False,1.2.643.5.1.13.13.12.2.77.8252.14000502030613150203060804141514,1
"Dataset/(0020,000E)","(0020,000E)",Series Instance UID,SeriesInstanceUID,UI,False,1.2.643.5.1.13.13.12.2.77.8252.00101504150305151101041001111112,1
"Dataset/(0020,000E)","(0020,000E)",Series Instance UID,SeriesInstanceUID,UI,False,1.2.643.5.1.13.13.12.2.77.8252.05130512040712060505140403050714,1
"Dataset/(0020,000E)","(0020,000E)",Series Instance UID,SeriesInstanceUID,UI,False,1.2.643.5.1.13.13.12.2.77.8252.12051206141406090404101206130507,1
"Dataset/(0020,000E)","(0020,000E)",Series Instance UID,SeriesInstanceUID,UI,False,1.2.643.5.1.13.13.12.2.77.8252.03011300140915050213001401111214,1
"Dataset/(0020,000E)","(0020,000E)",Series Instance UID,SeriesInstanceUID,UI,False,1.2.643.5.1.13.13.12.2.77.8252.08020505090007041013141208140011,1
"Dataset/(0020,000E)","(0020,000E)",Series Instance UID,SeriesInstanceUID,UI,False,1.2.643.5.1.13.13.12.2.77.8252.03041508100907031415091515100302,1
"Dataset/(0020,000E)","(0020,000E)",Series Instance UID,SeriesInstanceUID,UI,False,1.2.643.5.1.13.13.12.2.77.8252.09130608040005130909061009090112,1
"Dataset/(0020,000E)","(0020,000E)",Series Instance UID,SeriesInstanceUID,UI,False,1.2.643.5.1.13.13.12.2.77.8252.06071414091308091103060512110104,1
"Dataset/(0020,000E)","(0020,000E)",Series Instance UID,SeriesInstanceUID,UI,False,1.2.643.5.1.13.13.12.2.77.8252.06100105150806011106150506020006,1
"Dataset/(0020,0010)","(0020,0010)",Study ID,StudyID,SH,False,Anonymized,499
"Dataset/(0020,0011)","(0020,0011)",Series Number,SeriesNumber,IS,False,2,438
"Dataset/(0020,0011)","(0020,0011)",Series Number,SeriesNumber,IS,False,3,50
"Dataset/(0020,0011)","(0020,0011)",Series Number,SeriesNumber,IS,False,6,11
"Dataset/(0020,0013)","(0020,0013)",Instance Number,InstanceNumber,IS,False,1,100
"Dataset/(0020,0013)","(0020,0013)",Instance Number,InstanceNumber,IS,False,3,74
"Dataset/(0020,0013)","(0020,0013)",Instance Number,InstanceNumber,IS,False,5,54
"Dataset/(0020,0013)","(0020,0013)",Instance Number,InstanceNumber,IS,False,4,42
"Dataset/(0020,0013)","(0020,0013)",Instance Number,InstanceNumber,IS,False,6,38
"Dataset/(0020,0013)","(0020,0013)",Instance Number,InstanceNumber,IS,False,2,34
"Dataset/(0020,0013)","(0020,0013)",Instance Number,InstanceNumber,IS,False,8,30
"Dataset/(0020,0013)","(0020,0013)",Instance Number,InstanceNumber,IS,False,9,23
"Dataset/(0020,0013)","(0020,0013)",Instance Number,InstanceNumber,IS,False,7,17
"Dataset/(0020,0013)","(0020,0013)",Instance Number,InstanceNumber,IS,False,13,16
"Dataset/(0020,0013)","(0020,0013)",Instance Number,InstanceNumber,IS,False,12,15
"Dataset/(0020,0013)","(0020,0013)",Instance Number,InstanceNumber,IS,False,10,15
"Dataset/(0020,0013)","(0020,0013)",Instance Number,InstanceNumber,IS,False,11,12
"Dataset/(0020,0013)","(0020,0013)",Instance Number,InstanceNumber,IS,False,14,7
"Dataset/(0020,0013)","(0020,0013)",Instance Number,InstanceNumber,IS,False,15,4
"Dataset/(0020,0013)","(0020,0013)",Instance Number,InstanceNumber,IS,False,16,4
"Dataset/(0020,0013)","(0020,0013)",Instance Number,InstanceNumber,IS,False,18,3
"Dataset/(0020,0013)","(0020,0013)",Instance Number,InstanceNumber,IS,False,17,2
"Dataset/(0020,0013)","(0020,0013)",Instance Number,InstanceNumber,IS,False,21,1
"Dataset/(0020,0013)","(0020,0013)",Instance Number,InstanceNumber,IS,False,28,1
"Dataset/(0020,0013)","(0020,0013)",Instance Number,InstanceNumber,IS,False,26,1
"Dataset/(0020,0013)","(0020,0013)",Instance Number,InstanceNumber,IS,False,24,1
"Dataset/(0020,0013)","(0020,0013)",Instance Number,InstanceNumber,IS,False,23,1
"Dataset/(0020,0013)","(0020,0013)",Instance Number,InstanceNumber,IS,False,25,1
"Dataset/(0020,0013)","(0020,0013)",Instance Number,InstanceNumber,IS,False,77,1
"Dataset/(0020,0013)","(0020,0013)",Instance Number,InstanceNumber,IS,False,78,1
"Dataset/(0020,0013)","(0020,0013)",Instance Number,InstanceNumber,IS,False,76,1
"Dataset/(0020,0020)","(0020,0020)",Patient Orientation,PatientOrientation,CS,False,"['L', 'F']",379
"Dataset/(0020,0060)","(0020,0060)",Laterality,Laterality,CS,False,,499
"Dataset/(0028,0002)","(0028,0002)",Samples per Pixel,SamplesPerPixel,US,False,1,499
"Dataset/(0028,0004)","(0028,0004)",Photometric Interpretation,PhotometricInterpretation,CS,False,MONOCHROME2,499
"Dataset/(0028,0010)","(0028,0010)",Rows,Rows,US,False,289,52
"Dataset/(0028,0010)","(0028,0010)",Rows,Rows,US,False,261,50
"Dataset/(0028,0010)","(0028,0010)",Rows,Rows,US,False,291,49
"Dataset/(0028,0010)","(0028,0010)",Rows,Rows,US,False,235,43
"Dataset/(0028,0010)","(0028,0010)",Rows,Rows,US,False,318,41
"Dataset/(0028,0010)","(0028,0010)",Rows,Rows,US,False,265,32
"Dataset/(0028,0010)","(0028,0010)",Rows,Rows,US,False,317,29
"Dataset/(0028,0010)","(0028,0010)",Rows,Rows,US,False,320,24
"Dataset/(0028,0010)","(0028,0010)",Rows,Rows,US,False,263,22
"Dataset/(0028,0010)","(0028,0010)",Rows,Rows,US,False,315,21
"Dataset/(0028,0010)","(0028,0010)",Rows,Rows,US,False,292,20
"Dataset/(0028,0010)","(0028,0010)",Rows,Rows,US,False,287,19
"Dataset/(0028,0010)","(0028,0010)",Rows,Rows,US,False,233,18
"Dataset/(0028,0010)","(0028,0010)",Rows,Rows,US,False,207,10
"Dataset/(0028,0010)","(0028,0010)",Rows,Rows,US,False,268,10
"Dataset/(0028,0010)","(0028,0010)",Rows,Rows,US,False,346,10
"Dataset/(0028,0010)","(0028,0010)",Rows,Rows,US,False,237,8
"Dataset/(0028,0010)","(0028,0010)",Rows,Rows,US,False,322,7
"Dataset/(0028,0010)","(0028,0010)",Rows,Rows,US,False,294,5
"Dataset/(0028,0010)","(0028,0010)",Rows,Rows,US,False,344,4
"Dataset/(0028,0010)","(0028,0010)",Rows,Rows,US,False,285,4
"Dataset/(0028,0010)","(0028,0010)",Rows,Rows,US,False,349,4
"Dataset/(0028,0010)","(0028,0010)",Rows,Rows,US,False,206,3
"Dataset/(0028,0010)","(0028,0010)",Rows,Rows,US,False,259,3
"Dataset/(0028,0010)","(0028,0010)",Rows,Rows,US,False,348,2
"Dataset/(0028,0010)","(0028,0010)",Rows,Rows,US,False,313,2
"Dataset/(0028,0010)","(0028,0010)",Rows,Rows,US,False,266,2
"Dataset/(0028,0010)","(0028,0010)",Rows,Rows,US,False,209,1
"Dataset/(0028,0010)","(0028,0010)",Rows,Rows,US,False,401,1
"Dataset/(0028,0010)","(0028,0010)",Rows,Rows,US,False,405,1
"Dataset/(0028,0010)","(0028,0010)",Rows,Rows,US,False,343,1
"Dataset/(0028,0010)","(0028,0010)",Rows,Rows,US,False,180,1
"Dataset/(0028,0011)","(0028,0011)",Columns,Columns,US,False,280,331
"Dataset/(0028,0011)","(0028,0011)",Columns,Columns,US,False,300,166
"Dataset/(0028,0011)","(0028,0011)",Columns,Columns,US,False,248,2
"Dataset/(0028,0100)","(0028,0100)",Bits Allocated,BitsAllocated,US,False,8,499
"Dataset/(0028,0101)","(0028,0101)",Bits Stored,BitsStored,US,False,8,499
"Dataset/(0028,0102)","(0028,0102)",High Bit,HighBit,US,False,7,499
"Dataset/(0028,0103)","(0028,0103)",Pixel Representation,PixelRepresentation,US,False,0,499
"Dataset/(0040,0244)","(0040,0244)",Performed Procedure Step Start Date,PerformedProcedureStepStartDate,DA,False,Anonymized,499
"Dataset/(0040,0245)","(0040,0245)",Performed Procedure Step Start Time,PerformedProcedureStepStartTime,TM,False,Anonymized,499
"Dataset/(0040,0254)","(0040,0254)",Performed Procedure Step Description,PerformedProcedureStepDescription,LO,False,Anonymized,448
"Dataset/(0040,0301)","(0040,0301)",Total Number of Exposures,TotalNumberOfExposures,US,False,1,215
"Dataset/(0040,0301)","(0040,0301)",Total Number of Exposures,TotalNumberOfExposures,US,False,2,143
"Dataset/(0040,0301)","(0040,0301)",Total Number of Exposures,TotalNumberOfExposures,US,False,4,58
"Dataset/(0040,0301)","(0040,0301)",Total Number of Exposures,TotalNumberOfExposures,US,False,3,50
"Dataset/(0040,0301)","(0040,0301)",Total Number of Exposures,TotalNumberOfExposures,US,False,6,18
"Dataset/(0040,0301)","(0040,0301)",Total Number of Exposures,TotalNumberOfExposures,US,False,5,12
"Dataset/(0040,0301)","(0040,0301)",Total Number of Exposures,TotalNumberOfExposures,US,False,7,3
"Dataset/(0040,0303)","(0040,0303)",Exposed Area,ExposedArea,US,False,0\0,51
"Dataset/(0040,0303)","(0040,0303)",Exposed Area,ExposedArea,US,False,180\193,46
"Dataset/(0040,0303)","(0040,0303)",Exposed Area,ExposedArea,US,False,180\192,39
"Dataset/(0040,0303)","(0040,0303)",Exposed Area,ExposedArea,US,False,180\191,21
"Dataset/(0040,0303)","(0040,0303)",Exposed Area,ExposedArea,US,False,180\177,19
"Dataset/(0040,0303)","(0040,0303)",Exposed Area,ExposedArea,US,False,180\174,18
"Dataset/(0040,0303)","(0040,0303)",Exposed Area,ExposedArea,US,False,520\526,18
"Dataset/(0040,0303)","(0040,0303)",Exposed Area,ExposedArea,US,False,170\143,16
"Dataset/(0040,0303)","(0040,0303)",Exposed Area,ExposedArea,US,False,170\159,16
"Dataset/(0040,0303)","(0040,0303)",Exposed Area,ExposedArea,US,False,180\175,14
"Dataset/(0040,0303)","(0040,0303)",Exposed Area,ExposedArea,US,False,170\177,12
"Dataset/(0040,0303)","(0040,0303)",Exposed Area,ExposedArea,US,False,170\175,11
"Dataset/(0040,0303)","(0040,0303)",Exposed Area,ExposedArea,US,False,170\160,10
"Dataset/(0040,0303)","(0040,0303)",Exposed Area,ExposedArea,US,False,170\161,9
"Dataset/(0040,0303)","(0040,0303)",Exposed Area,ExposedArea,US,False,180\194,9
"Dataset/(0040,0303)","(0040,0303)",Exposed Area,ExposedArea,US,False,180\195,8
"Dataset/(0040,0303)","(0040,0303)",Exposed Area,ExposedArea,US,False,181\175,8
"Dataset/(0040,0303)","(0040,0303)",Exposed Area,ExposedArea,US,False,170\178,7
"Dataset/(0040,0303)","(0040,0303)",Exposed Area,ExposedArea,US,False,181\158,7
"Dataset/(0040,0303)","(0040,0303)",Exposed Area,ExposedArea,US,False,180\173,7
"Dataset/(0040,0303)","(0040,0303)",Exposed Area,ExposedArea,US,False,520\496,6
"Dataset/(0040,0303)","(0040,0303)",Exposed Area,ExposedArea,US,False,520\497,6
"Dataset/(0040,0303)","(0040,0303)",Exposed Area,ExposedArea,US,False,170\194,6
"Dataset/(0040,0303)","(0040,0303)",Exposed Area,ExposedArea,US,False,520\509,6
"Dataset/(0040,0303)","(0040,0303)",Exposed Area,ExposedArea,US,False,170\142,6
"Dataset/(0040,0303)","(0040,0303)",Exposed Area,ExposedArea,US,False,520\595,6
"Dataset/(0040,0303)","(0040,0303)",Exposed Area,ExposedArea,US,False,520\532,6
"Dataset/(0040,0303)","(0040,0303)",Exposed Area,ExposedArea,US,False,520\613,6
"Dataset/(0040,0303)","(0040,0303)",Exposed Area,ExposedArea,US,False,180\178,4
"Dataset/(0040,0303)","(0040,0303)",Exposed Area,ExposedArea,US,False,520\478,3
"Dataset/(0040,0303)","(0040,0303)",Exposed Area,ExposedArea,US,False,520\498,3
"Dataset/(0040,0303)","(0040,0303)",Exposed Area,ExposedArea,US,False,520\579,3
"Dataset/(0040,0303)","(0040,0303)",Exposed Area,ExposedArea,US,False,520\583,3
"Dataset/(0040,0303)","(0040,0303)",Exposed Area,ExposedArea,US,False,520\462,3
"Dataset/(0040,0303)","(0040,0303)",Exposed Area,ExposedArea,US,False,170\126,3
"Dataset/(0040,0303)","(0040,0303)",Exposed Area,ExposedArea,US,False,170\163,3
"Dataset/(0040,0303)","(0040,0303)",Exposed Area,ExposedArea,US,False,520\615,3
"Dataset/(0040,0303)","(0040,0303)",Exposed Area,ExposedArea,US,False,520\521,3
"Dataset/(0040,0303)","(0040,0303)",Exposed Area,ExposedArea,US,False,180\209,3
"Dataset/(0040,0303)","(0040,0303)",Exposed Area,ExposedArea,US,False,520\545,3
"Dataset/(0040,0303)","(0040,0303)",Exposed Area,ExposedArea,US,False,520\531,3
"Dataset/(0040,0303)","(0040,0303)",Exposed Area,ExposedArea,US,False,520\461,3
"Dataset/(0040,0303)","(0040,0303)",Exposed Area,ExposedArea,US,False,520\463,3
"Dataset/(0040,0303)","(0040,0303)",Exposed Area,ExposedArea,US,False,520\476,3
"Dataset/(0040,0303)","(0040,0303)",Exposed Area,ExposedArea,US,False,170\193,3
"Dataset/(0040,0303)","(0040,0303)",Exposed Area,ExposedArea,US,False,520\479,3
"Dataset/(0040,0303)","(0040,0303)",Exposed Area,ExposedArea,US,False,520\548,3
"Dataset/(0040,0303)","(0040,0303)",Exposed Area,ExposedArea,US,False,520\444,3
"Dataset/(0040,0303)","(0040,0303)",Exposed Area,ExposedArea,US,False,520\610,3
"Dataset/(0040,0303)","(0040,0303)",Exposed Area,ExposedArea,US,False,520\602,3
"Dataset/(0040,0303)","(0040,0303)",Exposed Area,ExposedArea,US,False,520\513,3
"Dataset/(0040,0303)","(0040,0303)",Exposed Area,ExposedArea,US,False,520\561,3
"Dataset/(0040,0303)","(0040,0303)",Exposed Area,ExposedArea,US,False,520\530,3
"Dataset/(0040,0303)","(0040,0303)",Exposed Area,ExposedArea,US,False,520\458,3
"Dataset/(0040,0303)","(0040,0303)",Exposed Area,ExposedArea,US,False,520\515,3
"Dataset/(0040,0303)","(0040,0303)",Exposed Area,ExposedArea,US,False,170\144,2
"Dataset/(0040,0303)","(0040,0303)",Exposed Area,ExposedArea,US,False,170\125,2
"Dataset/(0040,0303)","(0040,0303)",Exposed Area,ExposedArea,US,False,180\190,2
"Dataset/(0040,0303)","(0040,0303)",Exposed Area,ExposedArea,US,False,170\192,2
"Dataset/(0040,0303)","(0040,0303)",Exposed Area,ExposedArea,US,False,181\191,1
"Dataset/(0040,0303)","(0040,0303)",Exposed Area,ExposedArea,US,False,170\195,1
"Dataset/(0040,0303)","(0040,0303)",Exposed Area,ExposedArea,US,False,170\211,1
"Dataset/(0040,0303)","(0040,0303)",Exposed Area,ExposedArea,US,False,180\160,1
"Dataset/(0040,0303)","(0040,0303)",Exposed Area,ExposedArea,US,False,170\127,1
"Dataset/(0040,0303)","(0040,0303)",Exposed Area,ExposedArea,US,False,170\191,1
"Dataset/(0040,0303)","(0040,0303)",Exposed Area,ExposedArea,US,False,150\244,1
"Dataset/(0040,0303)","(0040,0303)",Exposed Area,ExposedArea,US,False,150\246,1
"Dataset/(0040,0303)","(0040,0303)",Exposed Area,ExposedArea,US,False,170\162,1
"Dataset/(0040,0303)","(0040,0303)",Exposed Area,ExposedArea,US,False,181\208,1
"Dataset/(0040,0303)","(0040,0303)",Exposed Area,ExposedArea,US,False,170\109,1
"Dataset/(0040,0303)","(0040,0303)",Exposed Area,ExposedArea,US,False,180\210,1
"Dataset/(0040,0303)","(0040,0303)",Exposed Area,ExposedArea,US,False,181\173,1
"Dataset/(0040,0303)","(0040,0303)",Exposed Area,ExposedArea,US,False,170\212,1
"Dataset/(0040,0303)","(0040,0303)",Exposed Area,ExposedArea,US,False,170\179,1
"Dataset/(0040,030E)","(0040,030E)",Exposure Dose Sequence,ExposureDoseSequence,SQ,False,<Sequence items=1>,164
"Dataset/(0040,030E)","(0040,030E)",Exposure Dose Sequence,ExposureDoseSequence,SQ,False,<Sequence items=2>,143
"Dataset/(0040,030E)","(0040,030E)",Exposure Dose Sequence,ExposureDoseSequence,SQ,False,<Sequence items=4>,58
"Dataset/(0040,030E)","(0040,030E)",Exposure Dose Sequence,ExposureDoseSequence,SQ,False,<Sequence items=3>,50
"Dataset/(0040,030E)","(0040,030E)",Exposure Dose Sequence,ExposureDoseSequence,SQ,False,<Sequence items=6>,18
"Dataset/(0040,030E)","(0040,030E)",Exposure Dose Sequence,ExposureDoseSequence,SQ,False,<Sequence items=5>,12
"Dataset/(0040,030E)","(0040,030E)",Exposure Dose Sequence,ExposureDoseSequence,SQ,False,<Sequence items=7>,3
"Dataset/(0040,030E)/ITEM/(0018,0060)","(0018,0060)",KVP,KVP,DS,False,76.0,1021
"Dataset/(0040,030E)/ITEM/(0018,1150)","(0018,1150)",Exposure Time,ExposureTime,IS,False,15326,20
"Dataset/(0040,030E)/ITEM/(0018,1150)","(0018,1150)",Exposure Time,ExposureTime,IS,False,37624,20
"Dataset/(0040,030E)/ITEM/(0018,1150)","(0018,1150)",Exposure Time,ExposureTime,IS,False,7766,20
"Dataset/(0040,030E)/ITEM/(0018,1150)","(0018,1150)",Exposure Time,ExposureTime,IS,False,29687,20
"Dataset/(0040,030E)/ITEM/(0018,1150)","(0018,1150)",Exposure Time,ExposureTime,IS,False,16504,19
"Dataset/(0040,030E)/ITEM/(0018,1150)","(0018,1150)",Exposure Time,ExposureTime,IS,False,29363,19
"Dataset/(0040,030E)/ITEM/(0018,1150)","(0018,1150)",Exposure Time,ExposureTime,IS,False,42989,7
"Dataset/(0040,030E)/ITEM/(0018,1150)","(0018,1150)",Exposure Time,ExposureTime,IS,False,20595,7
"Dataset/(0040,030E)/ITEM/(0018,1150)","(0018,1150)",Exposure Time,ExposureTime,IS,False,42683,7
"Dataset/(0040,030E)/ITEM/(0018,1150)","(0018,1150)",Exposure Time,ExposureTime,IS,False,32879,7
"Dataset/(0040,030E)/ITEM/(0018,1150)","(0018,1150)",Exposure Time,ExposureTime,IS,False,89466,7
"Dataset/(0040,030E)/ITEM/(0018,1150)","(0018,1150)",Exposure Time,ExposureTime,IS,False,41395,7
"Dataset/(0040,030E)/ITEM/(0018,1150)","(0018,1150)",Exposure Time,ExposureTime,IS,False,42221,7
"Dataset/(0040,030E)/ITEM/(0018,1150)","(0018,1150)",Exposure Time,ExposureTime,IS,False,19060,7
"Dataset/(0040,030E)/ITEM/(0018,1150)","(0018,1150)",Exposure Time,ExposureTime,IS,False,37691,7
"Dataset/(0040,030E)/ITEM/(0018,1150)","(0018,1150)",Exposure Time,ExposureTime,IS,False,17111,7
"Dataset/(0040,030E)/ITEM/(0018,1150)","(0018,1150)",Exposure Time,ExposureTime,IS,False,34284,7
"Dataset/(0040,030E)/ITEM/(0018,1150)","(0018,1150)",Exposure Time,ExposureTime,IS,False,88343,7
"Dataset/(0040,030E)/ITEM/(0018,1150)","(0018,1150)",Exposure Time,ExposureTime,IS,False,84047,7
"Dataset/(0040,030E)/ITEM/(0018,1150)","(0018,1150)",Exposure Time,ExposureTime,IS,False,41772,7
"Dataset/(0040,030E)/ITEM/(0018,1150)","(0018,1150)",Exposure Time,ExposureTime,IS,False,12486,7
"Dataset/(0040,030E)/ITEM/(0018,1150)","(0018,1150)",Exposure Time,ExposureTime,IS,False,42067,7
"Dataset/(0040,030E)/ITEM/(0018,1150)","(0018,1150)",Exposure Time,ExposureTime,IS,False,42145,7
"Dataset/(0040,030E)/ITEM/(0018,1150)","(0018,1150)",Exposure Time,ExposureTime,IS,False,8141,7
"Dataset/(0040,030E)/ITEM/(0018,1150)","(0018,1150)",Exposure Time,ExposureTime,IS,False,8392,7
"Dataset/(0040,030E)/ITEM/(0018,1150)","(0018,1150)",Exposure Time,ExposureTime,IS,False,38848,7
"Dataset/(0040,030E)/ITEM/(0018,1150)","(0018,1150)",Exposure Time,ExposureTime,IS,False,16657,7
"Dataset/(0040,030E)/ITEM/(0018,1150)","(0018,1150)",Exposure Time,ExposureTime,IS,False,83307,7
"Dataset/(0040,030E)/ITEM/(0018,1150)","(0018,1150)",Exposure Time,ExposureTime,IS,False,8438,7
"Dataset/(0040,030E)/ITEM/(0018,1150)","(0018,1150)",Exposure Time,ExposureTime,IS,False,20564,7
"Dataset/(0040,030E)/ITEM/(0018,1150)","(0018,1150)",Exposure Time,ExposureTime,IS,False,41536,7
"Dataset/(0040,030E)/ITEM/(0018,1150)","(0018,1150)",Exposure Time,ExposureTime,IS,False,11517,7
"Dataset/(0040,030E)/ITEM/(0018,1150)","(0018,1150)",Exposure Time,ExposureTime,IS,False,42379,7
"Dataset/(0040,030E)/ITEM/(0018,1150)","(0018,1150)",Exposure Time,ExposureTime,IS,False,42317,7
"Dataset/(0040,030E)/ITEM/(0018,1150)","(0018,1150)",Exposure Time,ExposureTime,IS,False,33801,7
"Dataset/(0040,030E)/ITEM/(0018,1150)","(0018,1150)",Exposure Time,ExposureTime,IS,False,89072,7
"Dataset/(0040,030E)/ITEM/(0018,1150)","(0018,1150)",Exposure Time,ExposureTime,IS,False,46562,6
"Dataset/(0040,030E)/ITEM/(0018,1150)","(0018,1150)",Exposure Time,ExposureTime,IS,False,46558,6
"Dataset/(0040,030E)/ITEM/(0018,1150)","(0018,1150)",Exposure Time,ExposureTime,IS,False,46550,6
"Dataset/(0040,030E)/ITEM/(0018,1150)","(0018,1150)",Exposure Time,ExposureTime,IS,False,24440,5
"Dataset/(0040,030E)/ITEM/(0018,1150)","(0018,1150)",Exposure Time,ExposureTime,IS,False,41386,4
"Dataset/(0040,030E)/ITEM/(0018,1150)","(0018,1150)",Exposure Time,ExposureTime,IS,False,38745,4
"Dataset/(0040,030E)/ITEM/(0018,1150)","(0018,1150)",Exposure Time,ExposureTime,IS,False,24966,4
"Dataset/(0040,030E)/ITEM/(0018,1150)","(0018,1150)",Exposure Time,ExposureTime,IS,False,26937,4
"Dataset/(0040,030E)/ITEM/(0018,1150)","(0018,1150)",Exposure Time,ExposureTime,IS,False,41239,4
"Dataset/(0040,030E)/ITEM/(0018,1150)","(0018,1150)",Exposure Time,ExposureTime,IS,False,27168,4
"Dataset/(0040,030E)/ITEM/(0018,1150)","(0018,1150)",Exposure Time,ExposureTime,IS,False,23399,4
"Dataset/(0040,030E)/ITEM/(0018,1150)","(0018,1150)",Exposure Time,ExposureTime,IS,False,27180,4
"Dataset/(0040,030E)/ITEM/(0018,1150)","(0018,1150)",Exposure Time,ExposureTime,IS,False,27074,4
"Dataset/(0040,030E)/ITEM/(0018,1150)","(0018,1150)",Exposure Time,ExposureTime,IS,False,38906,4
"Dataset/(0040,030E)/ITEM/(0018,1150)","(0018,1150)",Exposure Time,ExposureTime,IS,False,36739,4
"Dataset/(0040,030E)/ITEM/(0018,1150)","(0018,1150)",Exposure Time,ExposureTime,IS,False,8439,4
"Dataset/(0040,030E)/ITEM/(0018,1150)","(0018,1150)",Exposure Time,ExposureTime,IS,False,42286,4
"Dataset/(0040,030E)/ITEM/(0018,1150)","(0018,1150)",Exposure Time,ExposureTime,IS,False,27378,4
"Dataset/(0040,030E)/ITEM/(0018,1150)","(0018,1150)",Exposure Time,ExposureTime,IS,False,23956,4
"Dataset/(0040,030E)/ITEM/(0018,1150)","(0018,1150)",Exposure Time,ExposureTime,IS,False,41723,4
"Dataset/(0040,030E)/ITEM/(0018,1150)","(0018,1150)",Exposure Time,ExposureTime,IS,False,30206,4
"Dataset/(0040,030E)/ITEM/(0018,1150)","(0018,1150)",Exposure Time,ExposureTime,IS,False,41083,4
"Dataset/(0040,030E)/ITEM/(0018,1150)","(0018,1150)",Exposure Time,ExposureTime,IS,False,32597,4
"Dataset/(0040,030E)/ITEM/(0018,1150)","(0018,1150)",Exposure Time,ExposureTime,IS,False,9407,4
"Dataset/(0040,030E)/ITEM/(0018,1150)","(0018,1150)",Exposure Time,ExposureTime,IS,False,12439,4
"Dataset/(0040,030E)/ITEM/(0018,1150)","(0018,1150)",Exposure Time,ExposureTime,IS,False,33191,4
"Dataset/(0040,030E)/ITEM/(0018,1150)","(0018,1150)",Exposure Time,ExposureTime,IS,False,8282,4
"Dataset/(0040,030E)/ITEM/(0018,1150)","(0018,1150)",Exposure Time,ExposureTime,IS,False,41342,4
"Dataset/(0040,030E)/ITEM/(0018,1150)","(0018,1150)",Exposure Time,ExposureTime,IS,False,25502,4
"Dataset/(0040,030E)/ITEM/(0018,1150)","(0018,1150)",Exposure Time,ExposureTime,IS,False,21439,4
"Dataset/(0040,030E)/ITEM/(0018,1150)","(0018,1150)",Exposure Time,ExposureTime,IS,False,8407,4
"Dataset/(0040,030E)/ITEM/(0018,1150)","(0018,1150)",Exposure Time,ExposureTime,IS,False,43380,4
"Dataset/(0040,030E)/ITEM/(0018,1150)","(0018,1150)",Exposure Time,ExposureTime,IS,False,31264,4
"Dataset/(0040,030E)/ITEM/(0018,1150)","(0018,1150)",Exposure Time,ExposureTime,IS,False,21018,4
"Dataset/(0040,030E)/ITEM/(0018,1150)","(0018,1150)",Exposure Time,ExposureTime,IS,False,25890,4
"Dataset/(0040,030E)/ITEM/(0018,1150)","(0018,1150)",Exposure Time,ExposureTime,IS,False,88356,4
"Dataset/(0040,030E)/ITEM/(0018,1150)","(0018,1150)",Exposure Time,ExposureTime,IS,False,12391,4
"Dataset/(0040,030E)/ITEM/(0018,1150)","(0018,1150)",Exposure Time,ExposureTime,IS,False,20010,4
"Dataset/(0040,030E)/ITEM/(0018,1150)","(0018,1150)",Exposure Time,ExposureTime,IS,False,37640,4
"Dataset/(0040,030E)/ITEM/(0018,1150)","(0018,1150)",Exposure Time,ExposureTime,IS,False,31339,4
"Dataset/(0040,030E)/ITEM/(0018,1150)","(0018,1150)",Exposure Time,ExposureTime,IS,False,29852,4
"Dataset/(0040,030E)/ITEM/(0018,1150)","(0018,1150)",Exposure Time,ExposureTime,IS,False,28687,4
"Dataset/(0040,030E)/ITEM/(0018,1150)","(0018,1150)",Exposure Time,ExposureTime,IS,False,28657,4
"Dataset/(0040,030E)/ITEM/(0018,1150)","(0018,1150)",Exposure Time,ExposureTime,IS,False,7389,4
"Dataset/(0040,030E)/ITEM/(0018,1150)","(0018,1150)",Exposure Time,ExposureTime,IS,False,31071,4
"Dataset/(0040,030E)/ITEM/(0018,1150)","(0018,1150)",Exposure Time,ExposureTime,IS,False,38022,4
"Dataset/(0040,030E)/ITEM/(0018,1150)","(0018,1150)",Exposure Time,ExposureTime,IS,False,31129,4
"Dataset/(0040,030E)/ITEM/(0018,1150)","(0018,1150)",Exposure Time,ExposureTime,IS,False,29235,4
"Dataset/(0040,030E)/ITEM/(0018,1150)","(0018,1150)",Exposure Time,ExposureTime,IS,False,15689,4
"Dataset/(0040,030E)/ITEM/(0018,1150)","(0018,1150)",Exposure Time,ExposureTime,IS,False,37623,4
"Dataset/(0040,030E)/ITEM/(0018,1150)","(0018,1150)",Exposure Time,ExposureTime,IS,False,24247,4
"Dataset/(0040,030E)/ITEM/(0018,1150)","(0018,1150)",Exposure Time,ExposureTime,IS,False,24159,4
"Dataset/(0040,030E)/ITEM/(0018,1150)","(0018,1150)",Exposure Time,ExposureTime,IS,False,12267,4
"Dataset/(0040,030E)/ITEM/(0018,1150)","(0018,1150)",Exposure Time,ExposureTime,IS,False,37411,4
"Dataset/(0040,030E)/ITEM/(0018,1150)","(0018,1150)",Exposure Time,ExposureTime,IS,False,37738,4
"Dataset/(0040,030E)/ITEM/(0018,1150)","(0018,1150)",Exposure Time,ExposureTime,IS,False,23065,4
"Dataset/(0040,030E)/ITEM/(0018,1150)","(0018,1150)",Exposure Time,ExposureTime,IS,False,19471,4
"Dataset/(0040,030E)/ITEM/(0018,1150)","(0018,1150)",Exposure Time,ExposureTime,IS,False,23291,4
"Dataset/(0040,030E)/ITEM/(0018,1150)","(0018,1150)",Exposure Time,ExposureTime,IS,False,23721,4
"Dataset/(0040,030E)/ITEM/(0018,1150)","(0018,1150)",Exposure Time,ExposureTime,IS,False,37891,4
"Dataset/(0040,030E)/ITEM/(0018,1150)","(0018,1150)",Exposure Time,ExposureTime,IS,False,42790,4
"Dataset/(0040,030E)/ITEM/(0018,1150)","(0018,1150)",Exposure Time,ExposureTime,IS,False,13700,4
"Dataset/(0040,030E)/ITEM/(0018,1150)","(0018,1150)",Exposure Time,ExposureTime,IS,False,27962,4
"Dataset/(0040,030E)/ITEM/(0018,1150)","(0018,1150)",Exposure Time,ExposureTime,IS,False,27791,4
"Dataset/(0040,030E)/ITEM/(0018,1150)","(0018,1150)",Exposure Time,ExposureTime,IS,False,6313,4
"Dataset/(0040,030E)/ITEM/(0018,1150)","(0018,1150)",Exposure Time,ExposureTime,IS,False,25394,4
"Dataset/(0040,030E)/ITEM/(0018,1150)","(0018,1150)",Exposure Time,ExposureTime,IS,False,23362,4
"Dataset/(0040,030E)/ITEM/(0018,1150)","(0018,1150)",Exposure Time,ExposureTime,IS,False,76540,4
"Dataset/(0040,030E)/ITEM/(0018,1150)","(0018,1150)",Exposure Time,ExposureTime,IS,False,31644,4
"Dataset/(0040,030E)/ITEM/(0018,1150)","(0018,1150)",Exposure Time,ExposureTime,IS,False,26319,4
"Dataset/(0040,030E)/ITEM/(0018,1150)","(0018,1150)",Exposure Time,ExposureTime,IS,False,23949,4
"Dataset/(0040,030E)/ITEM/(0018,1150)","(0018,1150)",Exposure Time,ExposureTime,IS,False,11861,4
"Dataset/(0040,030E)/ITEM/(0018,1150)","(0018,1150)",Exposure Time,ExposureTime,IS,False,21627,4
"Dataset/(0040,030E)/ITEM/(0018,1150)","(0018,1150)",Exposure Time,ExposureTime,IS,False,25612,4
"Dataset/(0040,030E)/ITEM/(0018,1150)","(0018,1150)",Exposure Time,ExposureTime,IS,False,33226,4
"Dataset/(0040,030E)/ITEM/(0018,1150)","(0018,1150)",Exposure Time,ExposureTime,IS,False,34504,4
"Dataset/(0040,030E)/ITEM/(0018,1150)","(0018,1150)",Exposure Time,ExposureTime,IS,False,37520,4
"Dataset/(0040,030E)/ITEM/(0018,1150)","(0018,1150)",Exposure Time,ExposureTime,IS,False,26300,4
"Dataset/(0040,030E)/ITEM/(0018,1150)","(0018,1150)",Exposure Time,ExposureTime,IS,False,28956,4
"Dataset/(0040,030E)/ITEM/(0018,1150)","(0018,1150)",Exposure Time,ExposureTime,IS,False,30175,4
"Dataset/(0040,030E)/ITEM/(0018,1150)","(0018,1150)",Exposure Time,ExposureTime,IS,False,38558,4
"Dataset/(0040,030E)/ITEM/(0018,1150)","(0018,1150)",Exposure Time,ExposureTime,IS,False,38668,4
"Dataset/(0040,030E)/ITEM/(0018,1150)","(0018,1150)",Exposure Time,ExposureTime,IS,False,32737,4
"Dataset/(0040,030E)/ITEM/(0018,1150)","(0018,1150)",Exposure Time,ExposureTime,IS,False,37977,4
"Dataset/(0040,030E)/ITEM/(0018,1150)","(0018,1150)",Exposure Time,ExposureTime,IS,False,31325,4
"Dataset/(0040,030E)/ITEM/(0018,1150)","(0018,1150)",Exposure Time,ExposureTime,IS,False,22818,4
"Dataset/(0040,030E)/ITEM/(0018,1150)","(0018,1150)",Exposure Time,ExposureTime,IS,False,41692,4
"Dataset/(0040,030E)/ITEM/(0018,1150)","(0018,1150)",Exposure Time,ExposureTime,IS,False,6298,4
"Dataset/(0040,030E)/ITEM/(0018,1150)","(0018,1150)",Exposure Time,ExposureTime,IS,False,10876,4
"Dataset/(0040,030E)/ITEM/(0018,1150)","(0018,1150)",Exposure Time,ExposureTime,IS,False,31519,4
"Dataset/(0040,030E)/ITEM/(0018,1150)","(0018,1150)",Exposure Time,ExposureTime,IS,False,35472,4
"Dataset/(0040,030E)/ITEM/(0018,1150)","(0018,1150)",Exposure Time,ExposureTime,IS,False,37035,4
"Dataset/(0040,030E)/ITEM/(0018,1150)","(0018,1150)",Exposure Time,ExposureTime,IS,False,24549,4
"Dataset/(0040,030E)/ITEM/(0018,1150)","(0018,1150)",Exposure Time,ExposureTime,IS,False,23690,4
"Dataset/(0040,030E)/ITEM/(0018,1150)","(0018,1150)",Exposure Time,ExposureTime,IS,False,25904,4
"Dataset/(0040,030E)/ITEM/(0018,1150)","(0018,1150)",Exposure Time,ExposureTime,IS,False,24754,4
"Dataset/(0040,030E)/ITEM/(0018,1150)","(0018,1150)",Exposure Time,ExposureTime,IS,False,79369,4
"Dataset/(0040,030E)/ITEM/(0018,1150)","(0018,1150)",Exposure Time,ExposureTime,IS,False,28030,4
"Dataset/(0040,030E)/ITEM/(0018,1150)","(0018,1150)",Exposure Time,ExposureTime,IS,False,16283,3
"Dataset/(0040,030E)/ITEM/(0018,1150)","(0018,1150)",Exposure Time,ExposureTime,IS,False,42349,3
"Dataset/(0040,030E)/ITEM/(0018,1150)","(0018,1150)",Exposure Time,ExposureTime,IS,False,37441,3
"Dataset/(0040,030E)/ITEM/(0018,1150)","(0018,1150)",Exposure Time,ExposureTime,IS,False,44939,3
"Dataset/(0040,030E)/ITEM/(0018,1150)","(0018,1150)",Exposure Time,ExposureTime,IS,False,40897,3
"Dataset/(0040,030E)/ITEM/(0018,1150)","(0018,1150)",Exposure Time,ExposureTime,IS,False,15730,3
"Dataset/(0040,030E)/ITEM/(0018,1150)","(0018,1150)",Exposure Time,ExposureTime,IS,False,46551,3
"Dataset/(0040,030E)/ITEM/(0018,1150)","(0018,1150)",Exposure Time,ExposureTime,IS,False,46553,3
"Dataset/(0040,030E)/ITEM/(0018,1150)","(0018,1150)",Exposure Time,ExposureTime,IS,False,46152,3
"Dataset/(0040,030E)/ITEM/(0018,1150)","(0018,1150)",Exposure Time,ExposureTime,IS,False,27744,3
"Dataset/(0040,030E)/ITEM/(0018,1150)","(0018,1150)",Exposure Time,ExposureTime,IS,False,16555,3
"Dataset/(0040,030E)/ITEM/(0018,1150)","(0018,1150)",Exposure Time,ExposureTime,IS,False,40902,3
"Dataset/(0040,030E)/ITEM/(0018,1150)","(0018,1150)",Exposure Time,ExposureTime,IS,False,46543,3
"Dataset/(0040,030E)/ITEM/(0018,1150)","(0018,1150)",Exposure Time,ExposureTime,IS,False,11990,3
"Dataset/(0040,030E)/ITEM/(0018,1150)","(0018,1150)",Exposure Time,ExposureTime,IS,False,41831,3
"Dataset/(0040,030E)/ITEM/(0018,1150)","(0018,1150)",Exposure Time,ExposureTime,IS,False,24052,3
"Dataset/(0040,030E)/ITEM/(0018,1150)","(0018,1150)",Exposure Time,ExposureTime,IS,False,23806,3
"Dataset/(0040,030E)/ITEM/(0018,1150)","(0018,1150)",Exposure Time,ExposureTime,IS,False,29112,3
"Dataset/(0040,030E)/ITEM/(0018,1150)","(0018,1150)",Exposure Time,ExposureTime,IS,False,44953,3
"Dataset/(0040,030E)/ITEM/(0018,1150)","(0018,1150)",Exposure Time,ExposureTime,IS,False,46560,3
"Dataset/(0040,030E)/ITEM/(0018,1150)","(0018,1150)",Exposure Time,ExposureTime,IS,False,11954,3
"Dataset/(0040,030E)/ITEM/(0018,1150)","(0018,1150)",Exposure Time,ExposureTime,IS,False,42547,3
"Dataset/(0040,030E)/ITEM/(0018,1150)","(0018,1150)",Exposure Time,ExposureTime,IS,False,41845,3
"Dataset/(0040,030E)/ITEM/(0018,1150)","(0018,1150)",Exposure Time,ExposureTime,IS,False,25883,3
"Dataset/(0040,030E)/ITEM/(0018,1150)","(0018,1150)",Exposure Time,ExposureTime,IS,False,25792,3
"Dataset/(0040,030E)/ITEM/(0018,1150)","(0018,1150)",Exposure Time,ExposureTime,IS,False,37755,3
"Dataset/(0040,030E)/ITEM/(0018,1150)","(0018,1150)",Exposure Time,ExposureTime,IS,False,42068,3
"Dataset/(0040,030E)/ITEM/(0018,1150)","(0018,1150)",Exposure Time,ExposureTime,IS,False,16543,3
"Dataset/(0040,030E)/ITEM/(0018,1150)","(0018,1150)",Exposure Time,ExposureTime,IS,False,44940,3
"Dataset/(0040,030E)/ITEM/(0018,1150)","(0018,1150)",Exposure Time,ExposureTime,IS,False,11876,3
"Dataset/(0040,030E)/ITEM/(0018,1150)","(0018,1150)",Exposure Time,ExposureTime,IS,False,37387,3
"Dataset/(0040,030E)/ITEM/(0018,1150)","(0018,1150)",Exposure Time,ExposureTime,IS,False,42162,3
"Dataset/(0040,030E)/ITEM/(0018,1150)","(0018,1150)",Exposure Time,ExposureTime,IS,False,12484,3
"Dataset/(0040,030E)/ITEM/(0018,1150)","(0018,1150)",Exposure Time,ExposureTime,IS,False,44957,3
"Dataset/(0040,030E)/ITEM/(0018,1150)","(0018,1150)",Exposure Time,ExposureTime,IS,False,46547,3
"Dataset/(0040,030E)/ITEM/(0018,1150)","(0018,1150)",Exposure Time,ExposureTime,IS,False,46545,3
"Dataset/(0040,030E)/ITEM/(0018,1150)","(0018,1150)",Exposure Time,ExposureTime,IS,False,42266,3
"Dataset/(0040,030E)/ITEM/(0018,1150)","(0018,1150)",Exposure Time,ExposureTime,IS,False,9107,3
"Dataset/(0040,030E)/ITEM/(0018,1150)","(0018,1150)",Exposure Time,ExposureTime,IS,False,29682,3
"Dataset/(0040,030E)/ITEM/(0018,1150)","(0018,1150)",Exposure Time,ExposureTime,IS,False,25358,3
"Dataset/(0040,030E)/ITEM/(0018,1150)","(0018,1150)",Exposure Time,ExposureTime,IS,False,25024,3
"Dataset/(0040,030E)/ITEM/(0018,1150)","(0018,1150)",Exposure Time,ExposureTime,IS,False,89304,3
"Dataset/(0040,030E)/ITEM/(0018,1150)","(0018,1150)",Exposure Time,ExposureTime,IS,False,14481,3
"Dataset/(0040,030E)/ITEM/(0018,1150)","(0018,1150)",Exposure Time,ExposureTime,IS,False,26901,3
"Dataset/(0040,030E)/ITEM/(0018,1150)","(0018,1150)",Exposure Time,ExposureTime,IS,False,26330,3
"Dataset/(0040,030E)/ITEM/(0018,1150)","(0018,1150)",Exposure Time,ExposureTime,IS,False,40833,3
"Dataset/(0040,030E)/ITEM/(0018,1150)","(0018,1150)",Exposure Time,ExposureTime,IS,False,8454,2
"Dataset/(0040,030E)/ITEM/(0018,1150)","(0018,1150)",Exposure Time,ExposureTime,IS,False,25346,1
"Dataset/(0040,030E)/ITEM/(0018,1150)","(0018,1150)",Exposure Time,ExposureTime,IS,False,28175,1
"Dataset/(0040,030E)/ITEM/(0018,1150)","(0018,1150)",Exposure Time,ExposureTime,IS,False,50975,1
"Dataset/(0040,030E)/ITEM/(0018,1150)","(0018,1150)",Exposure Time,ExposureTime,IS,False,15620,1
"Dataset/(0040,030E)/ITEM/(0018,1150)","(0018,1150)",Exposure Time,ExposureTime,IS,False,7344,1
"Dataset/(0040,030E)/ITEM/(0018,1150)","(0018,1150)",Exposure Time,ExposureTime,IS,False,17535,1
"Dataset/(0040,030E)/ITEM/(0018,1150)","(0018,1150)",Exposure Time,ExposureTime,IS,False,86494,1
"Dataset/(0040,030E)/ITEM/(0018,1150)","(0018,1150)",Exposure Time,ExposureTime,IS,False,27837,1
"Dataset/(0040,030E)/ITEM/(0018,1150)","(0018,1150)",Exposure Time,ExposureTime,IS,False,34144,1
"Dataset/(0040,030E)/ITEM/(0018,1150)","(0018,1150)",Exposure Time,ExposureTime,IS,False,8779,1
"Dataset/(0040,030E)/ITEM/(0018,1150)","(0018,1150)",Exposure Time,ExposureTime,IS,False,33466,1
"Dataset/(0040,030E)/ITEM/(0018,1150)","(0018,1150)",Exposure Time,ExposureTime,IS,False,24466,1
"Dataset/(0040,030E)/ITEM/(0018,1150)","(0018,1150)",Exposure Time,ExposureTime,IS,False,39296,1
"Dataset/(0040,030E)/ITEM/(0018,1150)","(0018,1150)",Exposure Time,ExposureTime,IS,False,7813,1
"Dataset/(0040,030E)/ITEM/(0018,1150)","(0018,1150)",Exposure Time,ExposureTime,IS,False,37522,1
"Dataset/(0040,030E)/ITEM/(0018,1150)","(0018,1150)",Exposure Time,ExposureTime,IS,False,27693,1
"Dataset/(0040,030E)/ITEM/(0018,1150)","(0018,1150)",Exposure Time,ExposureTime,IS,False,38998,1
"Dataset/(0040,030E)/ITEM/(0018,1150)","(0018,1150)",Exposure Time,ExposureTime,IS,False,22284,1
"Dataset/(0040,030E)/ITEM/(0018,1150)","(0018,1150)",Exposure Time,ExposureTime,IS,False,22065,1
"Dataset/(0040,030E)/ITEM/(0018,1150)","(0018,1150)",Exposure Time,ExposureTime,IS,False,38614,1
"Dataset/(0040,030E)/ITEM/(0018,1150)","(0018,1150)",Exposure Time,ExposureTime,IS,False,41973,1
"Dataset/(0040,030E)/ITEM/(0018,1150)","(0018,1150)",Exposure Time,ExposureTime,IS,False,38567,1
"Dataset/(0040,030E)/ITEM/(0018,1150)","(0018,1150)",Exposure Time,ExposureTime,IS,False,7848,1
"Dataset/(0040,030E)/ITEM/(0018,1150)","(0018,1150)",Exposure Time,ExposureTime,IS,False,33975,1
"Dataset/(0040,030E)/ITEM/(0018,1150)","(0018,1150)",Exposure Time,ExposureTime,IS,False,22556,1
"Dataset/(0040,030E)/ITEM/(0018,1150)","(0018,1150)",Exposure Time,ExposureTime,IS,False,19577,1
"Dataset/(0040,030E)/ITEM/(0018,1150)","(0018,1150)",Exposure Time,ExposureTime,IS,False,29696,1
"Dataset/(0040,030E)/ITEM/(0018,1150)","(0018,1150)",Exposure Time,ExposureTime,IS,False,12483,1
"Dataset/(0040,030E)/ITEM/(0018,1150)","(0018,1150)",Exposure Time,ExposureTime,IS,False,42117,1
"Dataset/(0040,030E)/ITEM/(0018,1150)","(0018,1150)",Exposure Time,ExposureTime,IS,False,19153,1
"Dataset/(0040,030E)/ITEM/(0018,1150)","(0018,1150)",Exposure Time,ExposureTime,IS,False,16548,1
"Dataset/(0040,030E)/ITEM/(0018,1150)","(0018,1150)",Exposure Time,ExposureTime,IS,False,87288,1
"Dataset/(0040,030E)/ITEM/(0018,1150)","(0018,1150)",Exposure Time,ExposureTime,IS,False,23768,1
"Dataset/(0040,030E)/ITEM/(0018,1150)","(0018,1150)",Exposure Time,ExposureTime,IS,False,39993,1
"Dataset/(0040,030E)/ITEM/(0018,1150)","(0018,1150)",Exposure Time,ExposureTime,IS,False,23196,1
"Dataset/(0040,030E)/ITEM/(0018,1150)","(0018,1150)",Exposure Time,ExposureTime,IS,False,41864,1
"Dataset/(0040,030E)/ITEM/(0018,1150)","(0018,1150)",Exposure Time,ExposureTime,IS,False,38060,1
"Dataset/(0040,030E)/ITEM/(0018,1150)","(0018,1150)",Exposure Time,ExposureTime,IS,False,41952,1
"Dataset/(0040,030E)/ITEM/(0018,1150)","(0018,1150)",Exposure Time,ExposureTime,IS,False,8044,1
"Dataset/(0040,030E)/ITEM/(0018,1150)","(0018,1150)",Exposure Time,ExposureTime,IS,False,41261,1
"Dataset/(0040,030E)/ITEM/(0018,1150)","(0018,1150)",Exposure Time,ExposureTime,IS,False,26829,1
"Dataset/(0040,030E)/ITEM/(0018,1150)","(0018,1150)",Exposure Time,ExposureTime,IS,False,24644,1
"Dataset/(0040,030E)/ITEM/(0018,1150)","(0018,1150)",Exposure Time,ExposureTime,IS,False,23143,1
"Dataset/(0040,030E)/ITEM/(0018,1150)","(0018,1150)",Exposure Time,ExposureTime,IS,False,46099,1
"Dataset/(0040,030E)/ITEM/(0018,1150)","(0018,1150)",Exposure Time,ExposureTime,IS,False,19259,1
"Dataset/(0040,030E)/ITEM/(0018,1150)","(0018,1150)",Exposure Time,ExposureTime,IS,False,27878,1
"Dataset/(0040,030E)/ITEM/(0018,1150)","(0018,1150)",Exposure Time,ExposureTime,IS,False,25206,1
"Dataset/(0040,030E)/ITEM/(0018,1150)","(0018,1150)",Exposure Time,ExposureTime,IS,False,19544,1
"Dataset/(0040,030E)/ITEM/(0018,1150)","(0018,1150)",Exposure Time,ExposureTime,IS,False,37526,1
"Dataset/(0040,030E)/ITEM/(0018,1150)","(0018,1150)",Exposure Time,ExposureTime,IS,False,25347,1
"Dataset/(0040,030E)/ITEM/(0018,1150)","(0018,1150)",Exposure Time,ExposureTime,IS,False,16658,1
"Dataset/(0040,030E)/ITEM/(0018,1150)","(0018,1150)",Exposure Time,ExposureTime,IS,False,26207,1
"Dataset/(0040,030E)/ITEM/(0018,1150)","(0018,1150)",Exposure Time,ExposureTime,IS,False,31753,1
"Dataset/(0040,030E)/ITEM/(0018,1150)","(0018,1150)",Exposure Time,ExposureTime,IS,False,40988,1
"Dataset/(0040,030E)/ITEM/(0018,1150)","(0018,1150)",Exposure Time,ExposureTime,IS,False,30784,1
"Dataset/(0040,030E)/ITEM/(0018,1150)","(0018,1150)",Exposure Time,ExposureTime,IS,False,16767,1
"Dataset/(0040,030E)/ITEM/(0018,1150)","(0018,1150)",Exposure Time,ExposureTime,IS,False,28216,1
"Dataset/(0040,030E)/ITEM/(0018,1150)","(0018,1150)",Exposure Time,ExposureTime,IS,False,25650,1
"Dataset/(0040,030E)/ITEM/(0018,1150)","(0018,1150)",Exposure Time,ExposureTime,IS,False,99402,1
"Dataset/(0040,030E)/ITEM/(0018,1150)","(0018,1150)",Exposure Time,ExposureTime,IS,False,32739,1
"Dataset/(0040,030E)/ITEM/(0018,1150)","(0018,1150)",Exposure Time,ExposureTime,IS,False,88784,1
"Dataset/(0040,030E)/ITEM/(0018,1150)","(0018,1150)",Exposure Time,ExposureTime,IS,False,15648,1
"Dataset/(0040,030E)/ITEM/(0018,1150)","(0018,1150)",Exposure Time,ExposureTime,IS,False,16074,1
"Dataset/(0040,030E)/ITEM/(0018,1150)","(0018,1150)",Exposure Time,ExposureTime,IS,False,41397,1
"Dataset/(0040,030E)/ITEM/(0018,1150)","(0018,1150)",Exposure Time,ExposureTime,IS,False,8697,1
"Dataset/(0040,030E)/ITEM/(0018,1150)","(0018,1150)",Exposure Time,ExposureTime,IS,False,28645,1
"Dataset/(0040,030E)/ITEM/(0018,1150)","(0018,1150)",Exposure Time,ExposureTime,IS,False,25344,1
"Dataset/(0040,030E)/ITEM/(0018,1150)","(0018,1150)",Exposure Time,ExposureTime,IS,False,8173,1
"Dataset/(0040,030E)/ITEM/(0018,1150)","(0018,1150)",Exposure Time,ExposureTime,IS,False,41426,1
"Dataset/(0040,030E)/ITEM/(0018,1150)","(0018,1150)",Exposure Time,ExposureTime,IS,False,14188,1
"Dataset/(0040,030E)/ITEM/(0018,1150)","(0018,1150)",Exposure Time,ExposureTime,IS,False,28472,1
"Dataset/(0040,030E)/ITEM/(0018,1150)","(0018,1150)",Exposure Time,ExposureTime,IS,False,28847,1
"Dataset/(0040,030E)/ITEM/(0018,1150)","(0018,1150)",Exposure Time,ExposureTime,IS,False,8313,1
"Dataset/(0040,030E)/ITEM/(0018,1150)","(0018,1150)",Exposure Time,ExposureTime,IS,False,37957,1
"Dataset/(0040,030E)/ITEM/(0018,1150)","(0018,1150)",Exposure Time,ExposureTime,IS,False,38286,1
"Dataset/(0040,030E)/ITEM/(0018,1150)","(0018,1150)",Exposure Time,ExposureTime,IS,False,25518,1
"Dataset/(0040,030E)/ITEM/(0018,1150)","(0018,1150)",Exposure Time,ExposureTime,IS,False,6317,1
"Dataset/(0040,030E)/ITEM/(0018,1150)","(0018,1150)",Exposure Time,ExposureTime,IS,False,28419,1
"Dataset/(0040,030E)/ITEM/(0018,1150)","(0018,1150)",Exposure Time,ExposureTime,IS,False,12216,1
"Dataset/(0040,030E)/ITEM/(0018,1150)","(0018,1150)",Exposure Time,ExposureTime,IS,False,41554,1
"Dataset/(0040,030E)/ITEM/(0018,1150)","(0018,1150)",Exposure Time,ExposureTime,IS,False,27249,1
"Dataset/(0040,030E)/ITEM/(0018,1150)","(0018,1150)",Exposure Time,ExposureTime,IS,False,26255,1
"Dataset/(0040,030E)/ITEM/(0018,1150)","(0018,1150)",Exposure Time,ExposureTime,IS,False,27722,1
"Dataset/(0040,030E)/ITEM/(0018,1150)","(0018,1150)",Exposure Time,ExposureTime,IS,False,28738,1
"Dataset/(0040,030E)/ITEM/(0018,1150)","(0018,1150)",Exposure Time,ExposureTime,IS,False,27581,1
"Dataset/(0040,030E)/ITEM/(0018,1150)","(0018,1150)",Exposure Time,ExposureTime,IS,False,5875,1
"Dataset/(0040,030E)/ITEM/(0018,1150)","(0018,1150)",Exposure Time,ExposureTime,IS,False,30816,1
"Dataset/(0040,030E)/ITEM/(0018,1150)","(0018,1150)",Exposure Time,ExposureTime,IS,False,12533,1
"Dataset/(0040,030E)/ITEM/(0018,1150)","(0018,1150)",Exposure Time,ExposureTime,IS,False,37654,1
"Dataset/(0040,030E)/ITEM/(0018,1150)","(0018,1150)",Exposure Time,ExposureTime,IS,False,15228,1
"Dataset/(0040,030E)/ITEM/(0018,1150)","(0018,1150)",Exposure Time,ExposureTime,IS,False,41320,1
"Dataset/(0040,030E)/ITEM/(0018,1150)","(0018,1150)",Exposure Time,ExposureTime,IS,False,25684,1
"Dataset/(0040,030E)/ITEM/(0018,1150)","(0018,1150)",Exposure Time,ExposureTime,IS,False,29573,1
"Dataset/(0040,030E)/ITEM/(0018,1150)","(0018,1150)",Exposure Time,ExposureTime,IS,False,4954,1
"Dataset/(0040,030E)/ITEM/(0018,1150)","(0018,1150)",Exposure Time,ExposureTime,IS,False,33094,1
"Dataset/(0040,030E)/ITEM/(0018,1150)","(0018,1150)",Exposure Time,ExposureTime,IS,False,5704,1
"Dataset/(0040,030E)/ITEM/(0018,1150)","(0018,1150)",Exposure Time,ExposureTime,IS,False,79509,1
"Dataset/(0040,030E)/ITEM/(0018,1150)","(0018,1150)",Exposure Time,ExposureTime,IS,False,25513,1
"Dataset/(0040,030E)/ITEM/(0018,1150)","(0018,1150)",Exposure Time,ExposureTime,IS,False,39610,1
"Dataset/(0040,030E)/ITEM/(0018,1150)","(0018,1150)",Exposure Time,ExposureTime,IS,False,41893,1
"Dataset/(0040,030E)/ITEM/(0018,1150)","(0018,1150)",Exposure Time,ExposureTime,IS,False,30041,1
"Dataset/(0040,030E)/ITEM/(0018,1150)","(0018,1150)",Exposure Time,ExposureTime,IS,False,30079,1
"Dataset/(0040,030E)/ITEM/(0018,1150)","(0018,1150)",Exposure Time,ExposureTime,IS,False,18370,1
"Dataset/(0040,030E)/ITEM/(0018,1150)","(0018,1150)",Exposure Time,ExposureTime,IS,False,27083,1
"Dataset/(0040,030E)/ITEM/(0018,1150)","(0018,1150)",Exposure Time,ExposureTime,IS,False,28436,1
"Dataset/(0040,030E)/ITEM/(0018,1150)","(0018,1150)",Exposure Time,ExposureTime,IS,False,6769,1
"Dataset/(0040,030E)/ITEM/(0018,1150)","(0018,1150)",Exposure Time,ExposureTime,IS,False,23576,1
"Dataset/(0040,030E)/ITEM/(0018,1150)","(0018,1150)",Exposure Time,ExposureTime,IS,False,13475,1
"Dataset/(0040,030E)/ITEM/(0018,1150)","(0018,1150)",Exposure Time,ExposureTime,IS,False,23893,1
"Dataset/(0040,030E)/ITEM/(0018,1150)","(0018,1150)",Exposure Time,ExposureTime,IS,False,11381,1
"Dataset/(0040,030E)/ITEM/(0018,1150)","(0018,1150)",Exposure Time,ExposureTime,IS,False,41318,1
"Dataset/(0040,030E)/ITEM/(0018,1150)","(0018,1150)",Exposure Time,ExposureTime,IS,False,36002,1
"Dataset/(0040,030E)/ITEM/(0018,1150)","(0018,1150)",Exposure Time,ExposureTime,IS,False,28999,1
"Dataset/(0040,030E)/ITEM/(0018,1150)","(0018,1150)",Exposure Time,ExposureTime,IS,False,23123,1
"Dataset/(0040,030E)/ITEM/(0018,1150)","(0018,1150)",Exposure Time,ExposureTime,IS,False,28205,1
"Dataset/(0040,030E)/ITEM/(0018,1150)","(0018,1150)",Exposure Time,ExposureTime,IS,False,79535,1
"Dataset/(0040,030E)/ITEM/(0018,1150)","(0018,1150)",Exposure Time,ExposureTime,IS,False,33597,1
"Dataset/(0040,030E)/ITEM/(0018,1150)","(0018,1150)",Exposure Time,ExposureTime,IS,False,33107,1
"Dataset/(0040,030E)/ITEM/(0018,1150)","(0018,1150)",Exposure Time,ExposureTime,IS,False,20100,1
"Dataset/(0040,030E)/ITEM/(0018,1150)","(0018,1150)",Exposure Time,ExposureTime,IS,False,41709,1
"Dataset/(0040,030E)/ITEM/(0018,1150)","(0018,1150)",Exposure Time,ExposureTime,IS,False,30959,1
"Dataset/(0040,030E)/ITEM/(0018,1150)","(0018,1150)",Exposure Time,ExposureTime,IS,False,39692,1
"Dataset/(0040,030E)/ITEM/(0018,1150)","(0018,1150)",Exposure Time,ExposureTime,IS,False,7,1
"Dataset/(0040,030E)/ITEM/(0018,1150)","(0018,1150)",Exposure Time,ExposureTime,IS,False,12477,1
"Dataset/(0040,030E)/ITEM/(0018,1150)","(0018,1150)",Exposure Time,ExposureTime,IS,False,40385,1
"Dataset/(0040,030E)/ITEM/(0018,1150)","(0018,1150)",Exposure Time,ExposureTime,IS,False,25899,1
"Dataset/(0040,030E)/ITEM/(0018,1150)","(0018,1150)",Exposure Time,ExposureTime,IS,False,26922,1
"Dataset/(0040,030E)/ITEM/(0018,1150)","(0018,1150)",Exposure Time,ExposureTime,IS,False,26737,1
"Dataset/(0040,030E)/ITEM/(0018,1150)","(0018,1150)",Exposure Time,ExposureTime,IS,False,28435,1
"Dataset/(0040,030E)/ITEM/(0018,1150)","(0018,1150)",Exposure Time,ExposureTime,IS,False,41880,1
"Dataset/(0040,030E)/ITEM/(0018,1150)","(0018,1150)",Exposure Time,ExposureTime,IS,False,19533,1
"Dataset/(0040,030E)/ITEM/(0018,1150)","(0018,1150)",Exposure Time,ExposureTime,IS,False,26206,1
"Dataset/(0040,030E)/ITEM/(0018,1150)","(0018,1150)",Exposure Time,ExposureTime,IS,False,20487,1
"Dataset/(0040,030E)/ITEM/(0018,1150)","(0018,1150)",Exposure Time,ExposureTime,IS,False,26487,1
"Dataset/(0040,030E)/ITEM/(0018,1150)","(0018,1150)",Exposure Time,ExposureTime,IS,False,12381,1
"Dataset/(0040,030E)/ITEM/(0018,1150)","(0018,1150)",Exposure Time,ExposureTime,IS,False,37848,1
"Dataset/(0040,030E)/ITEM/(0018,1150)","(0018,1150)",Exposure Time,ExposureTime,IS,False,42035,1
"Dataset/(0040,030E)/ITEM/(0018,1150)","(0018,1150)",Exposure Time,ExposureTime,IS,False,15948,1
"Dataset/(0040,030E)/ITEM/(0018,1150)","(0018,1150)",Exposure Time,ExposureTime,IS,False,41654,1
"Dataset/(0040,030E)/ITEM/(0018,1150)","(0018,1150)",Exposure Time,ExposureTime,IS,False,29515,1
"Dataset/(0040,030E)/ITEM/(0018,1150)","(0018,1150)",Exposure Time,ExposureTime,IS,False,8409,1
"Dataset/(0040,030E)/ITEM/(0018,1150)","(0018,1150)",Exposure Time,ExposureTime,IS,False,41072,1
"Dataset/(0040,030E)/ITEM/(0018,1150)","(0018,1150)",Exposure Time,ExposureTime,IS,False,28003,1
"Dataset/(0040,030E)/ITEM/(0018,1150)","(0018,1150)",Exposure Time,ExposureTime,IS,False,41824,1
"Dataset/(0040,030E)/ITEM/(0018,1150)","(0018,1150)",Exposure Time,ExposureTime,IS,False,29815,1
"Dataset/(0040,030E)/ITEM/(0018,1150)","(0018,1150)",Exposure Time,ExposureTime,IS,False,30661,1
"Dataset/(0040,030E)/ITEM/(0018,1150)","(0018,1150)",Exposure Time,ExposureTime,IS,False,8437,1
"Dataset/(0040,030E)/ITEM/(0018,1150)","(0018,1150)",Exposure Time,ExposureTime,IS,False,41531,1
"Dataset/(0040,030E)/ITEM/(0018,1150)","(0018,1150)",Exposure Time,ExposureTime,IS,False,16534,1
"Dataset/(0040,030E)/ITEM/(0018,1150)","(0018,1150)",Exposure Time,ExposureTime,IS,False,37557,1
"Dataset/(0040,030E)/ITEM/(0018,1150)","(0018,1150)",Exposure Time,ExposureTime,IS,False,23580,1
"Dataset/(0040,030E)/ITEM/(0018,1150)","(0018,1150)",Exposure Time,ExposureTime,IS,False,30144,1
"Dataset/(0040,030E)/ITEM/(0018,1150)","(0018,1150)",Exposure Time,ExposureTime,IS,False,17799,1
"Dataset/(0040,030E)/ITEM/(0018,1150)","(0018,1150)",Exposure Time,ExposureTime,IS,False,30160,1
"Dataset/(0040,030E)/ITEM/(0018,8151)","(0018,8151)",X-Ray Tube Current in uA,XRayTubeCurrentInuA,DS,False,3000,997
"Dataset/(0040,030E)/ITEM/(0018,8151)","(0018,8151)",X-Ray Tube Current in uA,XRayTubeCurrentInuA,DS,False,750,24
"Dataset/(0040,8302)","(0040,8302)",Entrance Dose in mGy,EntranceDoseInmGy,DS,False,0.037000,143
"Dataset/(0040,8302)","(0040,8302)",Entrance Dose in mGy,EntranceDoseInmGy,DS,False,0.074000,102
"Dataset/(0040,8302)","(0040,8302)",Entrance Dose in mGy,EntranceDoseInmGy,DS,False,0.000000,51
"Dataset/(0040,8302)","(0040,8302)",Entrance Dose in mGy,EntranceDoseInmGy,DS,False,0.111000,47
"Dataset/(0040,8302)","(0040,8302)",Entrance Dose in mGy,EntranceDoseInmGy,DS,False,0.148000,42
"Dataset/(0040,8302)","(0040,8302)",Entrance Dose in mGy,EntranceDoseInmGy,DS,False,0.166000,23
"Dataset/(0040,8302)","(0040,8302)",Entrance Dose in mGy,EntranceDoseInmGy,DS,False,0.049000,16
"Dataset/(0040,8302)","(0040,8302)",Entrance Dose in mGy,EntranceDoseInmGy,DS,False,0.222000,15
"Dataset/(0040,8302)","(0040,8302)",Entrance Dose in mGy,EntranceDoseInmGy,DS,False,0.083000,14
"Dataset/(0040,8302)","(0040,8302)",Entrance Dose in mGy,EntranceDoseInmGy,DS,False,0.185000,9
"Dataset/(0040,8302)","(0040,8302)",Entrance Dose in mGy,EntranceDoseInmGy,DS,False,0.240000,9
"Dataset/(0040,8302)","(0040,8302)",Entrance Dose in mGy,EntranceDoseInmGy,DS,False,0.009000,7
"Dataset/(0040,8302)","(0040,8302)",Entrance Dose in mGy,EntranceDoseInmGy,DS,False,0.092000,3
"Dataset/(0040,8302)","(0040,8302)",Entrance Dose in mGy,EntranceDoseInmGy,DS,False,0.194000,3
"Dataset/(0040,8302)","(0040,8302)",Entrance Dose in mGy,EntranceDoseInmGy,DS,False,0.157000,3
"Dataset/(0040,8302)","(0040,8302)",Entrance Dose in mGy,EntranceDoseInmGy,DS,False,0.138000,3
"Dataset/(0040,8302)","(0040,8302)",Entrance Dose in mGy,EntranceDoseInmGy,DS,False,0.259000,3
"Dataset/(0040,8302)","(0040,8302)",Entrance Dose in mGy,EntranceDoseInmGy,DS,False,0.277000,3
"Dataset/(0040,8302)","(0040,8302)",Entrance Dose in mGy,EntranceDoseInmGy,DS,False,0.144000,1
"Dataset/(0040,8302)","(0040,8302)",Entrance Dose in mGy,EntranceDoseInmGy,DS,False,0.095000,1
"Dataset/(0040,8302)","(0040,8302)",Entrance Dose in mGy,EntranceDoseInmGy,DS,False,0.018000,1
"Dataset/(0008,1050)","(0008,1050)",Performing Physician's Name,PerformingPhysicianName,PN,False,Anonymized,481
"Dataset/(0008,1070)","(0008,1070)",Operators' Name,OperatorsName,PN,False,Anonymized,481
"Dataset/(0008,1040)","(0008,1040)",Institutional Department Name,InstitutionalDepartmentName,LO,False,Anonymized,161
"Dataset/(0020,4000)","(0020,4000)",Image Comments,ImageComments,LT,False,Anonymized,23
"Dataset/(0010,4000)","(0010,4000)",Patient Comments,PatientComments,LT,False,Anonymized,1
